# Blender 4.1.1
# www.blender.org
mtllib hand2.mtl
o hand_low_hand.001_0
v -1.780461 0.791982 -0.883261
v -1.861274 0.853729 -0.865713
v -1.851822 0.849832 -0.884489
v -1.789915 0.802703 -0.911053
v -1.780461 0.791982 -0.883261
v -1.789915 0.802703 -0.911053
v -1.738409 0.765420 -0.952029
v -1.704385 0.741316 -0.925012
v -1.721598 0.751659 -0.854287
v -1.777532 0.775284 -0.812353
v -1.833887 0.820113 -0.829297
v -1.662596 0.730875 -0.889302
v -1.721598 0.751659 -0.854287
v -1.004887 0.334149 -0.728434
v -0.969005 0.302117 -0.671537
v -1.018399 0.290507 -0.617270
v -1.062844 0.323168 -0.655785
v -1.007243 0.349441 -0.804228
v -0.947984 0.331694 -0.839808
v -0.932683 0.314111 -0.776521
v -0.913786 0.302066 -0.726327
v -1.634164 0.990262 -1.204681
v -1.654294 0.976501 -1.259097
v -1.679944 0.957133 -1.223346
v -1.670007 0.957284 -1.184759
v -1.634164 0.990262 -1.204681
v -1.589399 1.014739 -1.182978
v -1.552358 1.014402 -1.251785
v -1.589342 0.995823 -1.273424
v -1.642295 0.984173 -1.148796
v -1.610083 1.012999 -1.136966
v -1.670007 0.957284 -1.184759
v -1.665860 0.954101 -1.155948
v -1.788884 0.596863 -0.407307
v -1.759711 0.558443 -0.447828
v -1.804251 0.551995 -0.423183
v -1.829839 0.579115 -0.392842
v -1.843160 0.590840 -0.335933
v -1.809208 0.616250 -0.330844
v -1.740417 0.603782 -0.451019
v -1.693176 0.569111 -0.480654
v -1.543340 0.705069 -1.323834
v -1.567781 0.704160 -1.283036
v -1.589493 0.702908 -1.303378
v -1.575519 0.709975 -1.338032
v -1.543340 0.705069 -1.323834
v -1.543182 0.731611 -1.353164
v -1.521929 0.728308 -1.354683
v -1.511343 0.702288 -1.342630
v -1.567471 0.733372 -1.360615
v -1.543182 0.731611 -1.353164
v -1.676090 0.816433 -0.361203
v -1.651359 0.829947 -0.342805
v -1.655108 0.863836 -0.372641
v -1.683242 0.827679 -0.382447
v -1.824857 0.486812 -1.871059
v -1.823076 0.467296 -1.876475
v -1.848634 0.460864 -1.868782
v -1.843251 0.486355 -1.865915
v -1.824857 0.486812 -1.871059
v -1.843251 0.486355 -1.865915
v -1.830545 0.513942 -1.859719
v -1.807582 0.502077 -1.865993
v -1.791005 0.485361 -1.872448
v -1.823076 0.467296 -1.876475
v 0.055705 0.007324 -0.157677
v 0.043648 -0.010482 -0.166939
v 0.066424 -0.000715 -0.190954
v 0.075435 0.020596 -0.170505
v 0.052838 0.012932 -0.136809
v 0.032210 -0.012074 -0.141240
v 0.079529 0.035105 -0.147413
v -2.348628 0.407632 -1.686148
v -2.343119 0.400944 -1.698093
v -2.351461 0.388891 -1.691557
v -2.358644 0.401461 -1.679039
v -2.348628 0.407632 -1.686148
v -2.347135 0.429168 -1.684196
v -2.335719 0.426269 -1.702204
v -2.343119 0.400944 -1.698093
v -2.358644 0.401461 -1.679039
v -2.356225 0.428392 -1.663795
v -2.612941 0.522211 -1.491453
v -2.591487 0.538961 -1.492271
v -2.573285 0.517981 -1.503219
v -2.609474 0.504387 -1.494974
v -2.628022 0.523994 -1.481609
v -2.608239 0.551601 -1.477714
v -2.612941 0.522211 -1.491453
v -2.609474 0.504387 -1.494974
v -2.631547 0.501434 -1.482590
v -2.628022 0.523994 -1.481609
v -2.801897 1.102135 -1.215280
v -2.768459 1.098102 -1.213143
v -2.766850 1.077067 -1.225580
v -2.809719 1.088317 -1.220394
v -2.801897 1.102135 -1.215280
v -2.809719 1.088317 -1.220394
v -2.828649 1.094492 -1.207853
v -2.814337 1.110615 -1.206378
v -2.814337 1.110615 -1.206378
v -2.772703 1.117837 -1.205263
v -2.859206 1.059666 -1.106169
v -2.839522 1.050080 -1.087720
v -2.841002 1.072286 -1.081006
v -2.864514 1.075982 -1.110371
v -2.859206 1.059666 -1.106169
v -2.864427 1.051399 -1.120766
v -2.838332 1.031147 -1.099437
v -2.839522 1.050080 -1.087720
v -2.859206 1.059666 -1.106169
v -2.864514 1.075982 -1.110371
v -2.870431 1.072816 -1.131278
v -2.864427 1.051399 -1.120766
v -1.820400 1.092501 -0.835462
v -1.822509 1.064887 -0.862790
v -1.851140 1.079373 -0.848934
v -1.848727 1.115605 -0.809475
v -1.782456 1.088533 -0.844963
v -1.797085 1.051784 -0.875593
v -1.808152 1.120575 -0.796205
v -2.599784 0.446650 -1.391712
v -2.617228 0.453632 -1.389728
v -2.619951 0.450656 -1.411740
v -2.597476 0.443398 -1.409070
v -2.599784 0.446650 -1.391712
v -2.577199 0.450271 -1.372441
v -2.598606 0.461736 -1.355945
v -2.617228 0.453632 -1.389728
v -2.599784 0.446650 -1.391712
v -2.597476 0.443398 -1.409070
v -2.561244 0.442032 -1.395552
v -2.577199 0.450271 -1.372441
v -1.658849 0.757627 -1.124878
v -1.622392 0.726456 -1.090656
v -1.667961 0.745346 -1.056286
v -1.695949 0.768188 -1.075584
v -1.715284 0.779478 -1.087061
v -1.701510 0.775866 -1.128797
v -1.669009 0.761524 -1.157042
v -1.619653 0.732447 -1.182473
v -1.605324 0.719651 -1.157409
v -1.702724 0.773116 -1.151486
v -1.391034 0.904236 -1.403016
v -1.345331 0.902101 -1.447500
v -1.385066 0.890003 -1.487616
v -1.418441 0.890698 -1.456478
v -1.391034 0.904236 -1.403016
v -1.409423 0.911791 -1.349996
v -1.367463 0.935983 -1.328534
v -1.335888 0.925233 -1.371104
v -1.437905 0.880994 -1.386897
v -1.448717 0.884425 -1.353768
v -1.295530 0.919334 -1.410308
v -1.345331 0.902101 -1.447500
v -1.448486 0.876839 -1.429330
v -1.437905 0.880994 -1.386897
v -1.671027 0.659481 -0.209498
v -1.591735 0.672799 -0.172080
v -1.582682 0.733088 -0.211779
v -1.645564 0.722829 -0.244150
v -1.649468 0.603895 -0.150832
v -1.584677 0.618836 -0.131345
v -1.733814 0.627403 -0.229337
v -1.706467 0.586296 -0.170878
v -1.732938 0.684947 -0.298628
v -1.772869 0.647688 -0.315864
v -1.698028 0.726436 -0.305581
v -2.815857 1.035932 -1.206875
v -2.787682 1.016922 -1.202865
v -2.801726 1.006524 -1.184141
v -2.831655 1.034522 -1.198269
v -2.815857 1.035932 -1.206875
v -2.831655 1.034522 -1.198269
v -2.837063 1.057337 -1.203958
v -2.817964 1.051366 -1.216369
v -2.817964 1.051366 -1.216369
v -2.777181 1.032968 -1.218011
v -2.467448 0.265204 -0.346987
v -2.475341 0.290455 -0.345648
v -2.492168 0.287682 -0.355094
v -2.474562 0.256254 -0.356522
v -2.443496 0.262135 -0.346093
v -2.449913 0.294894 -0.341337
v -2.444934 0.238882 -0.355102
v -1.440114 0.842153 -0.242684
v -1.454398 0.762542 -0.185226
v -1.400892 0.763098 -0.174899
v -1.379745 0.827491 -0.218652
v -1.338568 0.889504 -0.270803
v -1.381341 0.911176 -0.301093
v -1.512756 0.813842 -0.238908
v -1.518645 0.748958 -0.194411
v -1.417628 0.945604 -0.344003
v -1.466765 0.900284 -0.301106
v -1.519369 0.867823 -0.291003
v -1.910981 0.898610 -0.858437
v -1.886665 0.889508 -0.880844
v -1.910981 0.898610 -0.858437
v -1.922143 0.928479 -0.875396
v -1.898197 0.919775 -0.885237
v -1.886665 0.889508 -0.880844
v -1.890483 0.861996 -0.828372
v -1.925516 0.889940 -0.827352
v -1.709771 1.029930 -1.112445
v -1.710666 0.978371 -1.138115
v -1.742189 0.992383 -1.136689
v -1.758338 1.033990 -1.118891
v -1.742703 1.081370 -1.067473
v -1.695891 1.104933 -1.046906
v -1.664804 1.064590 -1.085987
v -1.632338 1.030610 -1.110080
v -1.667370 0.999333 -1.128428
v -1.785272 1.064347 -1.079064
v -1.683790 0.964090 -1.142829
v -2.321046 0.347881 -1.614922
v -2.310748 0.361494 -1.596479
v -2.329491 0.376147 -1.596581
v -2.334447 0.353263 -1.622832
v -2.321046 0.347881 -1.614922
v -2.334447 0.353263 -1.622832
v -2.327615 0.343581 -1.639345
v -2.314178 0.338612 -1.626011
v -2.314178 0.338612 -1.626011
v -2.293418 0.351101 -1.605232
v -2.274052 0.322106 -1.676968
v -2.280968 0.324986 -1.690720
v -2.244544 0.335037 -1.688705
v -2.247390 0.331095 -1.668638
v -2.274052 0.322106 -1.676968
v -2.247390 0.331095 -1.668638
v -2.253320 0.327948 -1.649258
v -2.284890 0.322517 -1.667124
v -2.274052 0.322106 -1.676968
v -2.284890 0.322517 -1.667124
v -2.299844 0.324389 -1.680108
v -2.280968 0.324986 -1.690720
v -1.636522 0.537469 -0.528568
v -1.571358 0.535042 -0.585713
v -1.582915 0.489651 -0.558743
v -1.635719 0.482878 -0.505686
v -1.607793 0.584765 -0.581397
v -1.557670 0.581057 -0.617233
v -1.636522 0.537469 -0.528568
v -1.655784 0.598341 -0.540101
v -1.607793 0.584765 -0.581397
v -2.846901 1.126048 -1.122952
v -2.826221 1.130118 -1.103991
v -2.814650 1.139183 -1.122818
v -2.845588 1.129601 -1.141599
v -2.846901 1.126048 -1.122952
v -2.845588 1.129601 -1.141599
v -2.858068 1.110920 -1.141349
v -2.854994 1.111146 -1.121072
v -2.854994 1.111146 -1.121072
v -2.833726 1.114003 -1.091872
v -0.953553 0.237480 -0.503315
v -0.957248 0.217686 -0.412931
v -1.005213 0.209219 -0.410461
v -1.011330 0.225859 -0.482046
v -1.025905 0.247585 -0.539542
v -0.984550 0.265001 -0.567805
v -0.889094 0.230706 -0.474967
v -0.903334 0.226658 -0.403128
v -0.936391 0.276753 -0.622859
v -0.899535 0.255977 -0.576681
v -2.634070 0.456316 -1.444152
v -2.636948 0.457355 -1.431298
v -2.647579 0.464715 -1.436263
v -2.639067 0.462193 -1.451367
v -2.619560 0.450155 -1.447332
v -2.619490 0.449640 -1.430481
v -2.621746 0.455433 -1.461716
v -2.666541 0.531299 -1.422348
v -2.660959 0.525271 -1.439560
v -2.665348 0.503705 -1.441008
v -2.671842 0.515629 -1.416531
v -2.467069 0.360871 -0.348413
v -2.486223 0.367521 -0.356153
v -2.487920 0.327445 -0.345529
v -2.460801 0.331322 -0.342242
v -2.434715 0.378468 -0.348498
v -2.448267 0.401793 -0.362737
v -2.326096 0.371423 -1.717613
v -2.313833 0.378665 -1.727103
v -2.304640 0.366183 -1.729331
v -2.324237 0.361861 -1.714307
v -2.334533 0.375095 -1.710199
v -2.323551 0.388119 -1.720073
v -2.335923 0.364304 -1.702853
v -2.481318 0.260469 -0.426372
v -2.458789 0.248080 -0.437239
v -2.456898 0.235743 -0.420945
v -2.487397 0.256945 -0.412440
v -2.499624 0.284026 -0.416795
v -2.484190 0.279743 -0.432401
v -2.460972 0.268336 -0.452463
v -1.482521 0.684557 -1.366641
v -1.487763 0.689616 -1.392585
v -1.445909 0.657638 -1.410236
v -1.429977 0.647288 -1.389757
v -1.509071 0.723782 -1.370904
v -1.508339 0.720693 -1.388386
v 0.249534 0.067647 -0.413575
v 0.268309 0.105039 -0.376602
v 0.218403 0.075160 -0.338462
v 0.200940 0.041636 -0.367943
v 0.141746 -0.071076 -0.474401
v 0.110132 -0.077054 -0.420804
v 0.093591 -0.114703 -0.465198
v 0.117805 -0.093827 -0.472368
v -1.486961 0.912242 -1.345679
v -1.492282 0.866493 -1.365623
v -1.513628 0.872801 -1.372301
v -1.522280 0.910543 -1.357869
v -1.550801 0.964240 -1.324811
v -1.517153 0.975451 -1.307782
v -1.470445 0.854622 -1.361560
v -0.133689 -0.024897 0.167320
v -0.140902 -0.042014 0.147715
v -0.115183 -0.019058 0.139461
v -0.118726 -0.004999 0.175363
v -0.149627 -0.030215 0.190476
v -0.164899 -0.056478 0.167623
v -0.130794 -0.000416 0.210086
v -1.147147 0.257930 -0.579520
v -1.123439 0.278197 -0.598330
v -1.085230 0.249719 -0.567650
v -1.134501 0.234655 -0.549703
v -1.186933 0.233355 -0.538157
v -1.187815 0.264071 -0.579755
v -1.174927 0.298344 -0.611917
v -1.743997 0.788917 -1.122051
v -1.748716 0.807716 -1.131721
v -1.740314 0.809057 -1.140504
v -1.730783 0.784394 -1.130187
v -1.758711 0.776529 -1.102221
v -1.764146 0.802196 -1.129370
v -1.733971 0.776783 -1.095703
v -1.839108 1.042218 -0.960862
v -1.863241 1.003925 -0.945853
v -1.849239 0.997043 -0.928507
v -1.824651 1.024254 -0.921490
v -1.839108 1.042218 -0.960862
v -1.877084 1.036644 -0.998616
v -1.887320 1.006984 -0.969061
v -1.863241 1.003925 -0.945853
v -1.789854 1.053645 -0.906066
v -1.789166 1.068767 -0.946906
v -1.809761 0.406719 -1.801266
v -1.786047 0.420567 -1.787651
v -1.802217 0.421578 -1.770063
v -1.827096 0.407351 -1.795220
v -1.809761 0.406719 -1.801266
v -1.810240 0.403417 -1.820492
v -1.772669 0.419309 -1.809175
v -1.786047 0.420567 -1.787651
v -1.809761 0.406719 -1.801266
v -1.827096 0.407351 -1.795220
v -1.836109 0.405046 -1.816544
v -1.810240 0.403417 -1.820492
v -1.882508 0.486724 -1.823897
v -1.871605 0.512846 -1.809276
v -1.861836 0.515813 -1.830398
v -1.875198 0.482691 -1.839532
v -1.891809 0.474125 -1.816853
v -1.876758 0.504088 -1.788191
v -1.882508 0.486724 -1.823897
v -1.875198 0.482691 -1.839532
v -1.881813 0.462840 -1.839015
v -1.891809 0.474125 -1.816853
v -1.867273 0.418189 -1.802948
v -1.853573 0.411493 -1.809292
v -1.843408 0.415753 -1.789412
v -1.861289 0.424146 -1.785039
v -1.876624 0.422078 -1.811612
v -1.861848 0.413396 -1.826547
v -1.875035 0.433366 -1.785830
v 0.080683 0.139543 0.067310
v 0.090931 0.138947 0.045390
v 0.117880 0.174806 0.064546
v 0.095432 0.165937 0.090543
v 0.070764 0.152148 0.111198
v 0.060996 0.124401 0.073207
v 0.064516 0.113313 0.042367
v -2.415740 0.347375 -0.488801
v -2.436841 0.363999 -0.478705
v -2.395419 0.388155 -0.493097
v -2.384281 0.358623 -0.499622
v -2.374194 0.320847 -0.503468
v -2.421074 0.319293 -0.489111
v -2.457013 0.327402 -0.474322
v -2.479751 0.339242 -0.458824
v -2.453272 0.381276 -0.467967
v -2.417512 0.287058 -0.478256
v -2.461066 0.294697 -0.464181
v -2.483274 0.306302 -0.444992
v -2.500735 0.314386 -0.428058
v -2.492370 0.351546 -0.440845
v -2.500735 0.361958 -0.422357
v -2.464244 0.405403 -0.435933
v -2.459171 0.392935 -0.452615
v -2.511137 0.320062 -0.409368
v -2.512045 0.323389 -0.390945
v -2.504326 0.368870 -0.402860
v -2.506001 0.284065 -0.400102
v -2.506478 0.284153 -0.383214
v -2.506478 0.284153 -0.383214
v -2.502975 0.285147 -0.367135
v -2.508651 0.325541 -0.373924
v -2.512045 0.323389 -0.390945
v -2.488670 0.252362 -0.397816
v -2.487719 0.249660 -0.382051
v -2.487719 0.249660 -0.382051
v -2.482818 0.250538 -0.367200
v -2.453983 0.223254 -0.387297
v -2.449547 0.227699 -0.370739
v -2.403900 0.214319 -0.395925
v -2.402350 0.219639 -0.377357
v -2.401337 0.237281 -0.361308
v -2.349805 0.223385 -0.383250
v -2.351968 0.240313 -0.363235
v -2.357717 0.268868 -0.347911
v -2.403579 0.264475 -0.347624
v -2.367027 0.305410 -0.338101
v -2.410947 0.299839 -0.339411
v -2.379848 0.352155 -0.337462
v -2.421237 0.341373 -0.340238
v -2.390363 0.394099 -0.345955
v -2.390363 0.394099 -0.345955
v -2.332637 0.360242 -0.331522
v -2.338922 0.402390 -0.341654
v -2.390363 0.394099 -0.345955
v -2.338922 0.402390 -0.341654
v -2.342512 0.435508 -0.356607
v -2.397570 0.421783 -0.364225
v -2.390363 0.394099 -0.345955
v -2.448267 0.401793 -0.362737
v -2.434715 0.378468 -0.348498
v -2.345542 0.455935 -0.379864
v -2.403569 0.441662 -0.381362
v -2.457943 0.413554 -0.378978
v -2.408169 0.451536 -0.403897
v -2.466359 0.420772 -0.396813
v -2.457943 0.413554 -0.378978
v -2.466359 0.420772 -0.396813
v -2.502707 0.372079 -0.384181
v -2.495453 0.371265 -0.367727
v -2.500949 0.326841 -0.358493
v -2.467083 0.415843 -0.416861
v -2.504326 0.368870 -0.402860
v -2.467083 0.415843 -0.416861
v -2.409996 0.449343 -0.427728
v -2.467083 0.415843 -0.416861
v -2.410537 0.442075 -0.451167
v -2.467083 0.415843 -0.416861
v -2.348497 0.466059 -0.431916
v -2.349157 0.461321 -0.459284
v -2.347925 0.448058 -0.481830
v -2.408054 0.429482 -0.470726
v -2.344897 0.428080 -0.498620
v -2.404514 0.413205 -0.486011
v -2.340126 0.404044 -0.509597
v -2.283479 0.444935 -0.503150
v -2.278087 0.418352 -0.516692
v -2.271349 0.384481 -0.523791
v -2.331616 0.371727 -0.516204
v -2.259704 0.338882 -0.516972
v -2.318177 0.327355 -0.513799
v -2.247132 0.295799 -0.500853
v -2.305788 0.286955 -0.497579
v -2.365356 0.283831 -0.492763
v -2.300666 0.262852 -0.482894
v -2.360368 0.258625 -0.480252
v -2.414468 0.260523 -0.467418
v -2.357025 0.241096 -0.463547
v -2.410982 0.241095 -0.451053
v -2.354247 0.227290 -0.444275
v -2.408071 0.228521 -0.432603
v -2.352315 0.217831 -0.424077
v -2.406191 0.218229 -0.414749
v -2.455891 0.227405 -0.404666
v -2.488670 0.252362 -0.397816
v -2.488670 0.252362 -0.397816
v -2.350578 0.217553 -0.403699
v -2.296311 0.221880 -0.428794
v -2.296286 0.218914 -0.407235
v -2.298035 0.228714 -0.385558
v -2.240813 0.226643 -0.402688
v -2.246095 0.236345 -0.380500
v -2.253390 0.254483 -0.358042
v -2.302453 0.248369 -0.364461
v -2.263379 0.282780 -0.337598
v -2.310386 0.274232 -0.343302
v -2.273994 0.321025 -0.326561
v -2.321621 0.313281 -0.332900
v -2.282890 0.364957 -0.324510
v -2.226302 0.328664 -0.314267
v -2.235797 0.370519 -0.311138
v -2.240475 0.410163 -0.320640
v -2.287909 0.406580 -0.333060
v -2.287909 0.406580 -0.333060
v -2.240475 0.410163 -0.320640
v -2.239769 0.443991 -0.341287
v -2.289117 0.439848 -0.351896
v -2.237377 0.471313 -0.367603
v -2.289464 0.464904 -0.376920
v -2.234667 0.490140 -0.397358
v -2.290341 0.478521 -0.404609
v -2.347733 0.466641 -0.405233
v -2.290905 0.482245 -0.432920
v -2.231977 0.496581 -0.427496
v -2.229697 0.496975 -0.457646
v -2.290448 0.478177 -0.460949
v -2.225554 0.482805 -0.482522
v -2.287924 0.465297 -0.484966
v -2.220391 0.460532 -0.502392
v -2.164953 0.494536 -0.472071
v -2.158868 0.471722 -0.494522
v -2.153010 0.441206 -0.510158
v -2.214923 0.432149 -0.518583
v -2.146768 0.405967 -0.519813
v -2.208849 0.395757 -0.524840
v -2.139373 0.364451 -0.512725
v -2.200052 0.352458 -0.519509
v -2.132669 0.321921 -0.493429
v -2.189446 0.307803 -0.502483
v -2.127715 0.289643 -0.469540
v -2.182639 0.278616 -0.480446
v -2.241258 0.269928 -0.483635
v -2.179605 0.259099 -0.458858
v -2.237801 0.249032 -0.467800
v -2.298035 0.243133 -0.469205
v -2.236493 0.233148 -0.448553
v -2.296690 0.227811 -0.450855
v -2.237617 0.225996 -0.425523
v -2.180393 0.245353 -0.435555
v -2.183088 0.235421 -0.412390
v -2.188868 0.237347 -0.388995
v -2.132189 0.245549 -0.394359
v -2.138687 0.244958 -0.369344
v -2.147459 0.253485 -0.344874
v -2.196054 0.246390 -0.366406
v -2.157609 0.271574 -0.321915
v -2.205497 0.263961 -0.343923
v -2.167911 0.299172 -0.302935
v -2.216144 0.291134 -0.324788
v -2.179656 0.336414 -0.290690
v -2.117642 0.306654 -0.282178
v -2.128799 0.345600 -0.268744
v -2.138443 0.388401 -0.265631
v -2.189803 0.377994 -0.288403
v -2.144781 0.427901 -0.271173
v -2.196036 0.417874 -0.295629
v -2.196036 0.417874 -0.295629
v -2.144781 0.427901 -0.271173
v -2.145780 0.460550 -0.291752
v -2.195429 0.452600 -0.315817
v -2.138563 0.484498 -0.322658
v -2.188826 0.479212 -0.346464
v -2.130651 0.506346 -0.355643
v -2.181743 0.499596 -0.378397
v -2.122297 0.512747 -0.392574
v -2.175414 0.507532 -0.411343
v -2.115795 0.510824 -0.425995
v -2.170212 0.505825 -0.444200
v -2.110018 0.499395 -0.455619
v -2.064116 0.521394 -0.415580
v -2.057784 0.508579 -0.448416
v -2.050809 0.483990 -0.471262
v -2.104435 0.476371 -0.478328
v -2.044164 0.454421 -0.486521
v -2.099076 0.446397 -0.491791
v -2.037585 0.418976 -0.491924
v -2.093071 0.412766 -0.497497
v -2.031921 0.379368 -0.485480
v -2.086721 0.374602 -0.493427
v -2.027348 0.338403 -0.469586
v -2.081846 0.334222 -0.475138
v -2.025288 0.305330 -0.448233
v -2.076885 0.301190 -0.453236
v -2.025176 0.285238 -0.422067
v -2.076316 0.276047 -0.429701
v -2.125982 0.266996 -0.444152
v -2.077929 0.259498 -0.404115
v -2.127960 0.252808 -0.419093
v -2.081897 0.251558 -0.377409
v -2.025518 0.272316 -0.395222
v -2.028141 0.263800 -0.366262
v -2.034450 0.263025 -0.337784
v -2.088450 0.251716 -0.350956
v -2.042732 0.270805 -0.311842
v -2.097047 0.260567 -0.325144
v -2.052949 0.290240 -0.289887
v -2.106928 0.279480 -0.302235
v -2.063848 0.316860 -0.270453
v -1.997865 0.300186 -0.277283
v -2.009035 0.325494 -0.257318
v -2.019314 0.361458 -0.244815
v -2.074420 0.354399 -0.257171
v -2.026648 0.403271 -0.242057
v -2.082840 0.397538 -0.252086
v -2.031147 0.441082 -0.244934
v -2.088253 0.436102 -0.257519
v -2.088253 0.436102 -0.257519
v -2.031147 0.441082 -0.244934
v -2.031657 0.471012 -0.260029
v -2.089440 0.467714 -0.274165
v -2.028481 0.495565 -0.285534
v -2.085003 0.492113 -0.301338
v -2.022332 0.512832 -0.326212
v -2.077222 0.510643 -0.338345
v -2.017291 0.527274 -0.370619
v -2.069799 0.521821 -0.378603
v -2.011815 0.525902 -0.409680
v -1.967507 0.531545 -0.363612
v -1.961358 0.534507 -0.404579
v -1.951063 0.520716 -0.437516
v -2.004771 0.513086 -0.441940
v -1.939608 0.497400 -0.461582
v -1.996228 0.489851 -0.466929
v -1.928964 0.466588 -0.474322
v -1.988305 0.460461 -0.482932
v -1.921281 0.430238 -0.475906
v -1.980855 0.425160 -0.487728
v -1.917259 0.387063 -0.465129
v -1.974300 0.384142 -0.478864
v -1.916493 0.345376 -0.448434
v -1.971625 0.342704 -0.460554
v -1.916983 0.318778 -0.430972
v -1.971274 0.313526 -0.440242
v -1.917277 0.299128 -0.414341
v -1.971526 0.295072 -0.418458
v -1.918722 0.290312 -0.389819
v -1.972363 0.282610 -0.393244
v -1.920900 0.284995 -0.357208
v -1.974770 0.275161 -0.361104
v -1.925418 0.285401 -0.321561
v -1.979656 0.274004 -0.328398
v -1.932762 0.292110 -0.289537
v -1.987483 0.281749 -0.299952
v -1.941858 0.309486 -0.264192
v -1.877189 0.295875 -0.277766
v -1.885545 0.314183 -0.248730
v -1.894946 0.341099 -0.226302
v -1.952318 0.334393 -0.242880
v -1.904255 0.374519 -0.211682
v -1.962525 0.368207 -0.229739
v -1.911540 0.412268 -0.207343
v -1.969295 0.407286 -0.228035
v -1.916547 0.448477 -0.211972
v -1.973555 0.443441 -0.231599
v -1.973555 0.443441 -0.231599
v -1.916547 0.448477 -0.211972
v -1.919301 0.479336 -0.226380
v -1.974836 0.472780 -0.245000
v -1.922239 0.507146 -0.255749
v -1.974054 0.497246 -0.272475
v -1.923901 0.529798 -0.303615
v -1.970898 0.514603 -0.316742
v -1.923277 0.546470 -0.353562
v -1.878899 0.550441 -0.287325
v -1.881901 0.568270 -0.342709
v -1.870642 0.566002 -0.391297
v -1.914678 0.548441 -0.396736
v -1.851017 0.544806 -0.422645
v -1.899401 0.533445 -0.430352
v -1.832697 0.513497 -0.441517
v -1.883840 0.507530 -0.451518
v -1.818605 0.472519 -0.451390
v -1.870926 0.471702 -0.463246
v -1.808513 0.427768 -0.455382
v -1.863114 0.429880 -0.465701
v -1.803487 0.383048 -0.445207
v -1.860482 0.384049 -0.454468
v -1.801224 0.346391 -0.430961
v -1.859665 0.345926 -0.438609
v -1.800448 0.316723 -0.415584
v -1.859664 0.317750 -0.423485
v -1.801054 0.298208 -0.395277
v -1.860546 0.301117 -0.405420
v -1.803200 0.286123 -0.370375
v -1.862142 0.291926 -0.382013
v -1.807328 0.283744 -0.337827
v -1.865101 0.283923 -0.350253
v -1.812724 0.285898 -0.300644
v -1.870123 0.286413 -0.312941
v -1.820108 0.294740 -0.263258
v -1.753006 0.280157 -0.284689
v -1.759868 0.290971 -0.245070
v -1.769835 0.310921 -0.210019
v -1.828648 0.313155 -0.230795
v -1.778955 0.341822 -0.184014
v -1.837249 0.343472 -0.206996
v -1.787243 0.378593 -0.164474
v -1.846555 0.377246 -0.187814
v -1.792676 0.421211 -0.158422
v -1.853114 0.417643 -0.181662
v -1.798222 0.464018 -0.162884
v -1.858300 0.455669 -0.188218
v -1.858300 0.455669 -0.188218
v -1.798222 0.464018 -0.162884
v -1.805115 0.503468 -0.180274
v -1.862639 0.489321 -0.204088
v -1.816199 0.540729 -0.215074
v -1.868877 0.521244 -0.236680
v -1.833630 0.573397 -0.270399
v -1.762400 0.564187 -0.192321
v -1.786345 0.599004 -0.250895
v -1.747725 0.521010 -0.155900
v -1.690821 0.535888 -0.135304
v -1.679533 0.481976 -0.113868
v -1.619127 0.490968 -0.095449
v -1.633299 0.549591 -0.115567
v -1.738888 0.473349 -0.137231
v -1.738888 0.473349 -0.137231
v -1.732611 0.424556 -0.131141
v -1.670100 0.428123 -0.108047
v -1.679533 0.481976 -0.113868
v -1.661658 0.379727 -0.117307
v -1.596370 0.379418 -0.101048
v -1.606557 0.432205 -0.089093
v -1.619127 0.490968 -0.095449
v -1.726106 0.378750 -0.138950
v -1.717533 0.340213 -0.159226
v -1.653471 0.338687 -0.139698
v -1.653471 0.338687 -0.139698
v -1.645366 0.309134 -0.175924
v -1.585261 0.301365 -0.169875
v -1.588823 0.334623 -0.129058
v -1.653471 0.338687 -0.139698
v -1.588823 0.334623 -0.129058
v -1.596370 0.379418 -0.101048
v -1.661658 0.379727 -0.117307
v -1.653471 0.338687 -0.139698
v -1.717533 0.340213 -0.159226
v -1.707822 0.310797 -0.189335
v -1.645366 0.309134 -0.175924
v -1.707822 0.310797 -0.189335
v -1.697888 0.290407 -0.228478
v -1.640016 0.285793 -0.218504
v -1.707822 0.310797 -0.189335
v -1.697888 0.290407 -0.228478
v -1.637240 0.272595 -0.264701
v -1.584728 0.260670 -0.261850
v -1.584152 0.276858 -0.214490
v -1.693041 0.276640 -0.271828
v -1.690991 0.274110 -0.313231
v -1.636009 0.267238 -0.308987
v -1.693041 0.276640 -0.271828
v -1.748869 0.278260 -0.322845
v -1.690991 0.274110 -0.313231
v -1.745421 0.283776 -0.356204
v -1.689141 0.280318 -0.348453
v -1.689141 0.280318 -0.348453
v -1.687058 0.294935 -0.379628
v -1.632921 0.287477 -0.385632
v -1.634685 0.271495 -0.349234
v -1.742512 0.297797 -0.383925
v -1.687058 0.294935 -0.379628
v -1.742119 0.319004 -0.407332
v -1.686520 0.319591 -0.405915
v -1.686520 0.319591 -0.405915
v -1.687436 0.352427 -0.427187
v -1.634579 0.350596 -0.445380
v -1.632961 0.315123 -0.417730
v -1.743893 0.348095 -0.427003
v -1.687436 0.352427 -0.427187
v -1.747884 0.384985 -0.442144
v -1.690747 0.389469 -0.444773
v -1.690747 0.389469 -0.444773
v -1.695257 0.430703 -0.454626
v -1.636184 0.436420 -0.486494
v -1.635900 0.391378 -0.468927
v -1.753935 0.427409 -0.452802
v -1.695257 0.430703 -0.454626
v -1.753935 0.427409 -0.452802
v -1.764879 0.470886 -0.456472
v -1.705083 0.472566 -0.459668
v -1.695257 0.430703 -0.454626
v -1.764879 0.470886 -0.456472
v -1.705083 0.472566 -0.459668
v -1.719019 0.516362 -0.460925
v -1.636522 0.537469 -0.528568
v -1.635719 0.482878 -0.505686
v -1.705083 0.472566 -0.459668
v -1.705083 0.472566 -0.459668
v -1.783927 0.514608 -0.445855
v -1.719019 0.516362 -0.460925
v -1.585059 0.439122 -0.531654
v -1.585434 0.389627 -0.504031
v -1.584904 0.344502 -0.473077
v -1.541771 0.384704 -0.533470
v -1.540805 0.337811 -0.497026
v -1.535398 0.300633 -0.452243
v -1.581930 0.308136 -0.435471
v -1.532459 0.266407 -0.407644
v -1.580355 0.278457 -0.395999
v -1.531896 0.244355 -0.360735
v -1.583173 0.256748 -0.354586
v -1.532083 0.236593 -0.312822
v -1.584662 0.253473 -0.309345
v -1.532396 0.243137 -0.263006
v -1.477397 0.221608 -0.320469
v -1.476014 0.229069 -0.269744
v -1.474165 0.243307 -0.220617
v -1.529672 0.260271 -0.215497
v -1.470426 0.276709 -0.176237
v -1.526531 0.290497 -0.171891
v -1.471498 0.317894 -0.129683
v -1.528525 0.326104 -0.127394
v -1.528525 0.326104 -0.127394
v -1.471498 0.317894 -0.129683
v -1.476207 0.372055 -0.092851
v -1.533532 0.376507 -0.094291
v -1.533532 0.376507 -0.094291
v -1.476207 0.372055 -0.092851
v -1.485487 0.436352 -0.072142
v -1.544338 0.436241 -0.078289
v -1.498118 0.503388 -0.068851
v -1.558982 0.499689 -0.078178
v -1.558982 0.499689 -0.078178
v -1.498118 0.503388 -0.068851
v -1.510245 0.569412 -0.083916
v -1.572434 0.561504 -0.098053
v -1.519549 0.630186 -0.115824
v -1.450139 0.571420 -0.075440
v -1.457664 0.636588 -0.103161
v -1.459910 0.698818 -0.139919
v -1.523530 0.687921 -0.153807
v -1.400241 0.638258 -0.091243
v -1.403188 0.701643 -0.128351
v -1.343281 0.635602 -0.080374
v -1.345753 0.699623 -0.114694
v -1.341724 0.757975 -0.158695
v -1.287173 0.694040 -0.102848
v -1.282739 0.752128 -0.141254
v -1.267090 0.805027 -0.185189
v -1.323183 0.814356 -0.201536
v -1.241437 0.859403 -0.231288
v -1.291353 0.871909 -0.249748
v -1.207256 0.907168 -0.282592
v -1.253217 0.922146 -0.305382
v -1.296203 0.938781 -0.331997
v -1.216193 0.963427 -0.359582
v -1.258373 0.981369 -0.386559
v -1.299416 1.002093 -0.416313
v -1.337167 0.959883 -0.362632
v -1.340846 1.023845 -0.448633
v -1.375807 0.988462 -0.395065
v -1.383218 1.046761 -0.482663
v -1.415132 1.017541 -0.430260
v -1.452780 0.981059 -0.385589
v -1.496473 0.945711 -0.350064
v -1.455500 1.043464 -0.466174
v -1.489639 1.010802 -0.425581
v -1.527599 0.981442 -0.393173
v -1.566083 0.951916 -0.381003
v -1.540219 0.913992 -0.342348
v -1.527285 1.038941 -0.460993
v -1.560892 1.012041 -0.428197
v -1.594853 0.983441 -0.408854
v -1.630124 0.953806 -0.399874
v -1.605665 0.926438 -0.377318
v -1.596339 1.038526 -0.461449
v -1.627623 1.009424 -0.439238
v -1.658046 0.977769 -0.426523
v -1.685433 0.941317 -0.424425
v -1.661879 0.922634 -0.401728
v -1.662033 1.033289 -0.469792
v -1.689983 0.999012 -0.454732
v -1.714025 0.958131 -0.448332
v -1.734018 0.914118 -0.449097
v -1.709337 0.901104 -0.426950
v -1.723894 1.017258 -0.483188
v -1.746259 0.974179 -0.472988
v -1.764634 0.928290 -0.471716
v -1.775464 0.878883 -0.484647
v -1.745373 0.863751 -0.463160
v -1.781885 0.989005 -0.496119
v -1.798375 0.941661 -0.494997
v -1.807557 0.894202 -0.506893
v -1.809884 0.848754 -0.530828
v -1.778086 0.832507 -0.508049
v -1.832701 0.953926 -0.520046
v -1.841755 0.907719 -0.530621
v -1.843560 0.863417 -0.552583
v -1.836788 0.825295 -0.586739
v -1.803340 0.810944 -0.563845
v -1.876089 0.920775 -0.554275
v -1.878771 0.878855 -0.574595
v -1.873949 0.842640 -0.608407
v -1.863723 0.810219 -0.649969
v -1.824477 0.793920 -0.629622
v -1.914684 0.899243 -0.596997
v -1.911901 0.866820 -0.629507
v -1.902385 0.842561 -0.670997
v -1.879573 0.817009 -0.717983
v -1.840507 0.788591 -0.698563
v -1.947202 0.893589 -0.650500
v -1.936212 0.873262 -0.688378
v -1.915657 0.855395 -0.732053
v -1.882276 0.835765 -0.780526
v -1.835257 0.794010 -0.767641
v -1.955968 0.890819 -0.700321
v -1.936740 0.876385 -0.741005
v -1.916688 0.869935 -0.786433
v -1.961967 0.883008 -0.749567
v -1.939666 0.882727 -0.791277
v -1.939666 0.882727 -0.791277
v -1.961967 0.883008 -0.749567
v -2.016742 0.886686 -0.767027
v -1.998201 0.889663 -0.806541
v -1.988056 0.900563 -0.839914
v -1.925516 0.889940 -0.827352
v -1.980142 0.915192 -0.865748
v -1.910981 0.898610 -0.858437
v -2.066287 0.892919 -0.827882
v -2.053948 0.905764 -0.859518
v -2.043196 0.922002 -0.885113
v -2.034163 0.945027 -0.902807
v -1.975201 0.937260 -0.882601
v -2.112019 0.916054 -0.882903
v -2.097987 0.934973 -0.906301
v -2.086009 0.956844 -0.924879
v -2.076619 0.985717 -0.933972
v -2.027292 0.974146 -0.912059
v -2.148530 0.952737 -0.929358
v -2.134794 0.973807 -0.948354
v -2.123938 1.002068 -0.957655
v -2.117277 1.035927 -0.957672
v -2.069347 1.021267 -0.935632
v -2.182306 0.991758 -0.967145
v -2.172946 1.019278 -0.977113
v -2.166045 1.051466 -0.980315
v -2.161871 1.089704 -0.975857
v -2.112558 1.076199 -0.952473
v -2.219618 1.025936 -0.997274
v -2.214746 1.057453 -1.002375
v -2.214973 1.094091 -0.999194
v -2.218949 1.130850 -0.987372
v -2.163327 1.128230 -0.964296
v -2.270516 1.053984 -1.021314
v -2.270216 1.090750 -1.018205
v -2.273075 1.127501 -1.006225
v -2.280054 1.155918 -0.986393
v -2.225639 1.162054 -0.969683
v -2.321552 1.091506 -1.035384
v -2.322656 1.128226 -1.025267
v -2.328613 1.157049 -1.007711
v -2.339550 1.175633 -0.981288
v -2.289732 1.177665 -0.961475
v -2.371738 1.132673 -1.045899
v -2.377618 1.160445 -1.029817
v -2.388610 1.179256 -1.005614
v -2.402559 1.190803 -0.978334
v -2.352032 1.189166 -0.952707
v -2.429097 1.163448 -1.053623
v -2.440058 1.182553 -1.032436
v -2.454422 1.193238 -1.005496
v -2.468473 1.194441 -0.976904
v -2.416743 1.195117 -0.950741
v -2.493839 1.181276 -1.058805
v -2.508131 1.193270 -1.032932
v -2.523597 1.193505 -1.002110
v -2.537297 1.185797 -0.969810
v -2.482683 1.187534 -0.946569
v -2.561660 1.182445 -1.057976
v -2.575931 1.182440 -1.026716
v -2.590120 1.175014 -0.995052
v -2.601528 1.159233 -0.968044
v -2.548602 1.170364 -0.941472
v -2.626524 1.170684 -1.049917
v -2.640206 1.165634 -1.019307
v -2.651253 1.149254 -0.993871
v -2.659810 1.127474 -0.974549
v -2.609430 1.138973 -0.947112
v -2.688147 1.155952 -1.043547
v -2.699190 1.141929 -1.019266
v -2.708326 1.121138 -1.000468
v -2.713260 1.092720 -0.990991
v -2.664585 1.100981 -0.962615
v -2.746582 1.139806 -1.042722
v -2.754442 1.118071 -1.027143
v -2.760851 1.090789 -1.016392
v -2.761727 1.058658 -1.017699
v -2.714487 1.061270 -0.988084
v -2.798638 1.117740 -1.055845
v -2.802129 1.092793 -1.049540
v -2.803993 1.064429 -1.048560
v -2.802121 1.037238 -1.056393
v -2.760090 1.029757 -1.024214
v -2.841277 1.095682 -1.081807
v -2.862287 1.095507 -1.114663
v -2.862287 1.095507 -1.114663
v -2.868205 1.093502 -1.137453
v -2.867562 1.090838 -1.155502
v -2.867829 1.067990 -1.148397
v -2.856759 1.110226 -1.158328
v -2.852755 1.108203 -1.172908
v -2.862885 1.087288 -1.170390
v -2.839692 1.130555 -1.157665
v -2.834392 1.130007 -1.172321
v -2.834392 1.130007 -1.172321
v -2.839692 1.130555 -1.157665
v -2.803812 1.142407 -1.142457
v -2.795305 1.141265 -1.159288
v -2.787043 1.135160 -1.175282
v -2.828212 1.125704 -1.186411
v -2.828212 1.125704 -1.186411
v -2.847188 1.104795 -1.186098
v -2.839419 1.099748 -1.197567
v -2.847780 1.080341 -1.196327
v -2.855742 1.083880 -1.183685
v -2.821839 1.118154 -1.197860
v -2.821839 1.118154 -1.197860
v -2.779316 1.128357 -1.191688
v -2.741605 1.140372 -1.162405
v -2.731595 1.130595 -1.180764
v -2.723243 1.112649 -1.194559
v -2.686461 1.127478 -1.160602
v -2.674615 1.110631 -1.179623
v -2.667553 1.086293 -1.189284
v -2.716426 1.090079 -1.208407
v -2.664522 1.060534 -1.192047
v -2.714691 1.066169 -1.214833
v -2.666553 1.032964 -1.187636
v -2.717026 1.040466 -1.214641
v -2.769610 1.054666 -1.227453
v -2.725379 1.015307 -1.205100
v -2.813638 1.068937 -1.221804
v -2.813638 1.068937 -1.221804
v -2.835642 1.076567 -1.208909
v -2.846097 1.059492 -1.190050
v -2.842069 1.032223 -1.183026
v -2.850232 1.033467 -1.167202
v -2.854291 1.061610 -1.176597
v -2.857512 1.036052 -1.151649
v -2.861490 1.064340 -1.162747
v -2.862994 1.042128 -1.136021
v -2.862994 1.042128 -1.136021
v -2.857512 1.036052 -1.151649
v -2.831471 1.011648 -1.129752
v -2.836249 1.017822 -1.113306
v -2.790020 0.987725 -1.101063
v -2.796784 0.998472 -1.083683
v -2.800111 1.014250 -1.068081
v -2.746313 0.989322 -1.048535
v -2.755984 1.004888 -1.033003
v -2.760090 1.029757 -1.024214
v -2.802121 1.037238 -1.056393
v -2.696585 0.991848 -1.017428
v -2.706582 1.008615 -1.001016
v -2.712107 1.031191 -0.991740
v -2.655923 1.015864 -0.971926
v -2.661461 1.040121 -0.962919
v -2.712107 1.031191 -0.991740
v -2.661461 1.040121 -0.962919
v -2.664701 1.069898 -0.959077
v -2.611195 1.049691 -0.934293
v -2.613829 1.080827 -0.930513
v -2.612665 1.111464 -0.935760
v -2.562343 1.085180 -0.905823
v -2.560041 1.117722 -0.909741
v -2.556334 1.147858 -0.920496
v -2.508477 1.115847 -0.885414
v -2.502651 1.146325 -0.898156
v -2.494301 1.170447 -0.919430
v -2.452406 1.144789 -0.874435
v -2.442423 1.168721 -0.896801
v -2.430583 1.185731 -0.922707
v -2.391398 1.168900 -0.871672
v -2.378694 1.185980 -0.896759
v -2.365119 1.193079 -0.924977
v -2.325779 1.186635 -0.870308
v -2.311875 1.192809 -0.900655
v -2.300169 1.192341 -0.932144
v -2.258574 1.195292 -0.878895
v -2.245935 1.196506 -0.914544
v -2.235308 1.184059 -0.944498
v -2.189603 1.195984 -0.892289
v -2.178290 1.182132 -0.921959
v -2.167674 1.162112 -0.948461
v -2.125770 1.170433 -0.896586
v -2.116901 1.148874 -0.921456
v -2.112504 1.116708 -0.939385
v -2.068147 1.136199 -0.898979
v -2.064333 1.104539 -0.918646
v -2.064530 1.063174 -0.932233
v -2.016153 1.093585 -0.899676
v -2.016745 1.052727 -0.913025
v -2.020687 1.010247 -0.917086
v -1.968316 1.040794 -0.896424
v -1.970414 0.999781 -0.899496
v -1.973689 0.965566 -0.893498
v -1.924792 0.989237 -0.889331
v -1.925594 0.956671 -0.886519
v -1.922143 0.928479 -0.875396
v -1.925594 0.956671 -0.886519
v -1.924792 0.989237 -0.889331
v -1.898057 0.981069 -0.888937
v -1.901089 0.949431 -0.890225
v -1.879188 0.973043 -0.895858
v -1.885444 0.943343 -0.898548
v -1.883807 0.913855 -0.896663
v -1.873384 0.885092 -0.894849
v -1.871331 0.938032 -0.906430
v -1.870797 0.909807 -0.905357
v -1.864508 0.881476 -0.904511
v -1.864508 0.881476 -0.904511
v -1.846575 0.845929 -0.908418
v -1.847284 0.847650 -0.898305
v -1.873384 0.885092 -0.894849
v -1.872889 0.907008 -0.916174
v -1.867519 0.877393 -0.913649
v -1.867519 0.877393 -0.913649
v -1.849251 0.843436 -0.916904
v -1.809947 0.807979 -0.940504
v -1.802026 0.809541 -0.931516
v -1.874374 0.873526 -0.921487
v -1.853706 0.839737 -0.925722
v -1.818121 0.805880 -0.949655
v -1.818121 0.805880 -0.949655
v -1.781117 0.784664 -0.991803
v -1.771002 0.788871 -0.983014
v -1.809947 0.807979 -0.940504
v -1.864900 0.833628 -0.937667
v -1.831468 0.803062 -0.963656
v -1.831468 0.803062 -0.963656
v -1.795057 0.777474 -1.002593
v -1.768299 0.771523 -1.053587
v -1.752217 0.779537 -1.045899
v -1.795057 0.777474 -1.002593
v -1.831468 0.803062 -0.963656
v -1.856525 0.793306 -0.983461
v -1.823785 0.769281 -1.021335
v -1.801513 0.761001 -1.065200
v -1.768299 0.771523 -1.053587
v -1.792506 0.769925 -1.103761
v -1.758711 0.776529 -1.102221
v -1.869177 0.763544 -1.047198
v -1.849295 0.757954 -1.085283
v -1.833108 0.767808 -1.119047
v -1.819276 0.793968 -1.145584
v -1.786843 0.798115 -1.132769
v -1.894870 0.758381 -1.109567
v -1.875177 0.766652 -1.142392
v -1.857987 0.788819 -1.168136
v -1.846428 0.823286 -1.184421
v -1.810382 0.831048 -1.162953
v -1.919321 0.764518 -1.167405
v -1.903156 0.784463 -1.193623
v -1.891879 0.815864 -1.211360
v -1.888147 0.854211 -1.220630
v -1.843465 0.864056 -1.194304
v -1.952226 0.781639 -1.218403
v -1.941009 0.811886 -1.238792
v -1.935843 0.848354 -1.248536
v -1.940805 0.889385 -1.248981
v -1.894455 0.897851 -1.222075
v -1.986839 0.811467 -1.264691
v -1.983353 0.846891 -1.275602
v -1.987640 0.884836 -1.277619
v -2.000143 0.924697 -1.269676
v -1.954567 0.929761 -1.242219
v -2.028962 0.845138 -1.302986
v -2.035538 0.882778 -1.304429
v -2.048059 0.921085 -1.297093
v -2.065472 0.957047 -1.281439
v -2.018136 0.957743 -1.251061
v -2.083223 0.873598 -1.327744
v -2.098291 0.910909 -1.323341
v -2.118670 0.944155 -1.307738
v -2.139794 0.967867 -1.284551
v -2.084165 0.985038 -1.258619
v -2.147521 0.888987 -1.340435
v -2.169866 0.918190 -1.325502
v -2.192229 0.940305 -1.305211
v -2.210500 0.950695 -1.278332
v -2.160442 0.982322 -1.256077
v -2.216810 0.890381 -1.342780
v -2.237272 0.907339 -1.320524
v -2.254425 0.917305 -1.297541
v -2.266968 0.916944 -1.269984
v -2.226048 0.951673 -1.247051
v -2.281811 0.879049 -1.338754
v -2.297709 0.888542 -1.317371
v -2.309106 0.887002 -1.291127
v -2.320978 0.883385 -1.262138
v -2.277677 0.909236 -1.238388
v -2.343641 0.862066 -1.337690
v -2.355004 0.859896 -1.311149
v -2.365229 0.855291 -1.282670
v -2.368981 0.838789 -1.252016
v -2.325485 0.865812 -1.230750
v -2.405584 0.835366 -1.333400
v -2.414150 0.828411 -1.303305
v -2.416124 0.812172 -1.272053
v -2.410833 0.789363 -1.244413
v -2.366267 0.816436 -1.224664
v -2.458921 0.790926 -1.320802
v -2.458967 0.776974 -1.289033
v -2.451152 0.755793 -1.259384
v -2.437718 0.732939 -1.239818
v -2.399557 0.763869 -1.224041
v -2.494205 0.730897 -1.298116
v -2.485686 0.712241 -1.269902
v -2.471320 0.691792 -1.249802
v -2.453226 0.670373 -1.239589
v -2.418906 0.708370 -1.234555
v -2.516965 0.667103 -1.279976
v -2.502913 0.646723 -1.262184
v -2.486001 0.626598 -1.252939
v -2.465408 0.607285 -1.253728
v -2.432154 0.648599 -1.240396
v -2.536799 0.606220 -1.276812
v -2.521265 0.585989 -1.267925
v -2.502386 0.566774 -1.269589
v -2.481130 0.548151 -1.278302
v -2.443990 0.590224 -1.264607
v -2.561881 0.549862 -1.285094
v -2.543569 0.531278 -1.289296
v -2.522807 0.512284 -1.298055
v -2.498617 0.498501 -1.322490
v -2.457697 0.535028 -1.301441
v -2.586171 0.499699 -1.312899
v -2.563825 0.483283 -1.325010
v -2.538917 0.467379 -1.345806
v -2.538917 0.467379 -1.345806
v -2.519742 0.461959 -1.375032
v -2.477149 0.490612 -1.352560
v -2.498617 0.498501 -1.322490
v -2.461640 0.486471 -1.378976
v -2.421786 0.524486 -1.360945
v -2.435104 0.525302 -1.329688
v -2.457697 0.535028 -1.301441
v -2.506560 0.459068 -1.401343
v -2.500657 0.465061 -1.426557
v -2.453490 0.492297 -1.405997
v -2.551677 0.439534 -1.420319
v -2.546514 0.443537 -1.445189
v -2.546464 0.455259 -1.468307
v -2.497990 0.476251 -1.452723
v -2.592221 0.441768 -1.429109
v -2.590179 0.442183 -1.449805
v -2.591246 0.450167 -1.469430
v -2.595333 0.464450 -1.485509
v -2.550931 0.473754 -1.487331
v -2.591246 0.450167 -1.469430
v -2.590179 0.442183 -1.449805
v -2.625185 0.466456 -1.473274
v -2.595333 0.464450 -1.485509
v -2.629247 0.481919 -1.480948
v -2.602041 0.483276 -1.494832
v -2.642611 0.470970 -1.459345
v -2.645343 0.483679 -1.466365
v -2.645605 0.501576 -1.469572
v -2.653138 0.474156 -1.443556
v -2.656384 0.485858 -1.451037
v -2.656806 0.501846 -1.456005
v -2.652752 0.525586 -1.453864
v -2.641470 0.526448 -1.468146
v -2.664947 0.490044 -1.432797
v -2.660629 0.478304 -1.423355
v -2.663369 0.488958 -1.392851
v -2.670063 0.502885 -1.403498
v -2.670063 0.502885 -1.403498
v -2.663369 0.488958 -1.392851
v -2.646537 0.511496 -1.354885
v -2.656829 0.529854 -1.363811
v -2.660224 0.547290 -1.379058
v -2.671842 0.515629 -1.416531
v -2.622585 0.558876 -1.331537
v -2.627576 0.576997 -1.348142
v -2.625471 0.589272 -1.374032
v -2.655730 0.557822 -1.399660
v -2.666541 0.531299 -1.422348
v -2.618424 0.595182 -1.403845
v -2.646455 0.562164 -1.422786
v -2.660959 0.525271 -1.439560
v -2.608492 0.595035 -1.430302
v -2.635086 0.561118 -1.443323
v -2.652752 0.525586 -1.453864
v -2.595565 0.591221 -1.452522
v -2.623445 0.558883 -1.461731
v -2.641470 0.526448 -1.468146
v -2.577267 0.581663 -1.470654
v -2.563264 0.622185 -1.440138
v -2.543488 0.611579 -1.458067
v -2.518504 0.593306 -1.468865
v -2.554758 0.566049 -1.485869
v -2.494548 0.572623 -1.478280
v -2.532354 0.543190 -1.490380
v -2.475264 0.548596 -1.472149
v -2.514840 0.519667 -1.487799
v -2.560050 0.495759 -1.498358
v -2.502584 0.495815 -1.475391
v -2.602041 0.483276 -1.494832
v -2.461155 0.525602 -1.458423
v -2.454286 0.506277 -1.433761
v -2.425735 0.560575 -1.444518
v -2.418165 0.543439 -1.419171
v -2.416249 0.530617 -1.390198
v -2.380420 0.580246 -1.412398
v -2.378751 0.569177 -1.382562
v -2.388093 0.567173 -1.350618
v -2.343313 0.606001 -1.375059
v -2.352860 0.601217 -1.340546
v -2.368303 0.603400 -1.306108
v -2.401379 0.567633 -1.317235
v -2.388212 0.612638 -1.274164
v -2.421510 0.575773 -1.285448
v -2.421510 0.575773 -1.285448
v -2.388212 0.612638 -1.274164
v -2.410063 0.629150 -1.253013
v -2.359235 0.647372 -1.268075
v -2.379467 0.663463 -1.248307
v -2.399138 0.684122 -1.237497
v -2.342831 0.682613 -1.227094
v -2.363172 0.707694 -1.217044
v -2.382639 0.735795 -1.215993
v -2.323366 0.728664 -1.197111
v -2.342041 0.758472 -1.195826
v -2.356511 0.788760 -1.205646
v -2.301930 0.780946 -1.173463
v -2.314931 0.812848 -1.184997
v -2.324464 0.843050 -1.203298
v -2.276366 0.839932 -1.162455
v -2.284976 0.871303 -1.181251
v -2.285437 0.894943 -1.206760
v -2.244281 0.900019 -1.158166
v -2.245055 0.925789 -1.182069
v -2.237671 0.942398 -1.212983
v -2.200567 0.950739 -1.156315
v -2.190062 0.967750 -1.187761
v -2.176995 0.980271 -1.222314
v -2.141076 0.983929 -1.160599
v -2.123883 0.995962 -1.194047
v -2.104733 0.996198 -1.227579
v -2.074122 0.999269 -1.165097
v -2.054823 0.998181 -1.198819
v -2.035839 0.984417 -1.228619
v -2.009039 1.001955 -1.175085
v -1.990474 0.988457 -1.204823
v -1.972269 0.964585 -1.227278
v -1.945446 0.999213 -1.185259
v -1.927073 0.975299 -1.204942
v -1.908960 0.939865 -1.217023
v -1.881990 0.985922 -1.180909
v -1.864290 0.950871 -1.193400
v -1.849625 0.908229 -1.198897
v -1.819167 0.958595 -1.173038
v -1.808104 0.916420 -1.177855
v -1.806617 0.871817 -1.174469
v -1.775517 0.916296 -1.164574
v -1.782006 0.875075 -1.162995
v -1.785962 0.835345 -1.152151
v -1.765303 0.874463 -1.156559
v -1.769084 0.837826 -1.146181
v -1.764146 0.802196 -1.129370
v -1.769084 0.837826 -1.146181
v -1.765303 0.874463 -1.156559
v -1.749463 0.871801 -1.151425
v -1.753724 0.838835 -1.143394
v -1.734307 0.866980 -1.150721
v -1.740964 0.837976 -1.147010
v -1.731461 0.865442 -1.165499
v -1.740665 0.836968 -1.161464
v -1.739937 0.808618 -1.156006
v -1.726778 0.786026 -1.151098
v -1.740347 0.836421 -1.176894
v -1.739101 0.808888 -1.171098
v -1.727297 0.786224 -1.168178
v -1.705699 0.770770 -1.169964
v -1.702724 0.773116 -1.151486
v -1.727297 0.786224 -1.168178
v -1.739101 0.808888 -1.171098
v -1.741128 0.808093 -1.187817
v -1.729063 0.785806 -1.186495
v -1.711861 0.766516 -1.189421
v -1.705699 0.770770 -1.169964
v -1.685919 0.748344 -1.199903
v -1.676805 0.755822 -1.179523
v -1.745937 0.777165 -1.211237
v -1.728737 0.754109 -1.214758
v -1.703201 0.733695 -1.225021
v -1.671553 0.714453 -1.248967
v -1.650110 0.729693 -1.225186
v -1.754616 0.740475 -1.248192
v -1.730984 0.718571 -1.262068
v -1.707428 0.698174 -1.284099
v -1.684477 0.686230 -1.315785
v -1.642323 0.697090 -1.285275
v -1.767949 0.708307 -1.297616
v -1.748287 0.692939 -1.319561
v -1.726178 0.683230 -1.349038
v -1.704022 0.687164 -1.380054
v -1.664157 0.689587 -1.349275
v -1.788788 0.684122 -1.353003
v -1.765201 0.680761 -1.382437
v -1.742366 0.684333 -1.412284
v -1.742366 0.684333 -1.412284
v -1.721826 0.696846 -1.439541
v -1.683247 0.698382 -1.408543
v -1.704022 0.687164 -1.380054
v -1.801539 0.677106 -1.415566
v -1.778641 0.680052 -1.444877
v -1.778641 0.680052 -1.444877
v -1.759322 0.693666 -1.471959
v -1.747428 0.718255 -1.493467
v -1.706655 0.721610 -1.460955
v -1.812996 0.675376 -1.475223
v -1.795469 0.687636 -1.502414
v -1.784193 0.707925 -1.528007
v -1.780244 0.733265 -1.547562
v -1.739035 0.744975 -1.512793
v -1.831558 0.678489 -1.525524
v -1.824481 0.693987 -1.551370
v -1.821800 0.713832 -1.573428
v -1.827790 0.740876 -1.589664
v -1.782278 0.762495 -1.561997
v -1.858771 0.666449 -1.571675
v -1.863159 0.685693 -1.590548
v -1.875480 0.711593 -1.603084
v -1.888583 0.740263 -1.616613
v -1.839057 0.773647 -1.599852
v -1.902037 0.655714 -1.608940
v -1.913344 0.678674 -1.621839
v -1.927203 0.704685 -1.633774
v -1.948049 0.735366 -1.637836
v -1.904366 0.771584 -1.620552
v -1.951123 0.647594 -1.644541
v -1.967419 0.671739 -1.649996
v -1.988952 0.700015 -1.653691
v -2.012293 0.728948 -1.654286
v -1.968695 0.763313 -1.637636
v -2.009739 0.642145 -1.674923
v -2.031582 0.670199 -1.678386
v -2.056199 0.697598 -1.675869
v -2.079835 0.718043 -1.664119
v -2.034045 0.750662 -1.644376
v -2.076761 0.636875 -1.700180
v -2.102736 0.662371 -1.700202
v -2.128728 0.683432 -1.686600
v -2.149488 0.697565 -1.663277
v -2.100554 0.731334 -1.642442
v -2.145020 0.614961 -1.704303
v -2.168991 0.631467 -1.688907
v -2.190367 0.645120 -1.670737
v -2.206578 0.651405 -1.647568
v -2.167355 0.704621 -1.637226
v -2.202338 0.581852 -1.691378
v -2.223064 0.594139 -1.674745
v -2.236683 0.598838 -1.651953
v -2.242806 0.596877 -1.624154
v -2.213805 0.650120 -1.619056
v -2.254315 0.549198 -1.680939
v -2.267169 0.553903 -1.657952
v -2.274321 0.552666 -1.629986
v -2.275492 0.546482 -1.601936
v -2.245504 0.592241 -1.595732
v -2.297224 0.511503 -1.665870
v -2.303070 0.509372 -1.637978
v -2.308699 0.505496 -1.610095
v -2.307562 0.496889 -1.587067
v -2.274524 0.538642 -1.576282
v -2.335694 0.469599 -1.650014
v -2.336936 0.461805 -1.623186
v -2.340308 0.455510 -1.603812
v -2.334508 0.444188 -1.589939
v -2.302248 0.486091 -1.570509
v -2.360683 0.423651 -1.643698
v -2.363355 0.414817 -1.627088
v -2.356686 0.403140 -1.613895
v -2.344369 0.390471 -1.603997
v -2.323367 0.429429 -1.578358
v -2.364726 0.384420 -1.652726
v -2.359567 0.373296 -1.640193
v -2.348421 0.363113 -1.630469
v -2.348421 0.363113 -1.630469
v -2.359567 0.373296 -1.640193
v -2.350636 0.358111 -1.660334
v -2.339756 0.350749 -1.650209
v -2.341321 0.348614 -1.675728
v -2.331295 0.341554 -1.665235
v -2.318847 0.335319 -1.653355
v -2.303313 0.330791 -1.638427
v -2.321967 0.334221 -1.679201
v -2.310051 0.328975 -1.666889
v -2.293284 0.325427 -1.652379
v -2.293284 0.325427 -1.652379
v -2.264505 0.333919 -1.633084
v -2.278306 0.342656 -1.618595
v -2.303313 0.330791 -1.638427
v -2.229817 0.354954 -1.611374
v -2.246871 0.364924 -1.594329
v -2.266220 0.377741 -1.579998
v -2.208975 0.400591 -1.570170
v -2.231437 0.416933 -1.558584
v -2.253842 0.432763 -1.547325
v -2.287588 0.393530 -1.570430
v -2.273566 0.451727 -1.548043
v -2.306903 0.411608 -1.571126
v -2.290120 0.470236 -1.557114
v -2.237223 0.492277 -1.530632
v -2.253701 0.510856 -1.542037
v -2.267732 0.527219 -1.556472
v -2.221580 0.554662 -1.531060
v -2.235688 0.571049 -1.546625
v -2.244056 0.583853 -1.567605
v -2.205367 0.619931 -1.535536
v -2.214978 0.634951 -1.559957
v -2.216636 0.644302 -1.589278
v -2.178064 0.679105 -1.546405
v -2.182623 0.696197 -1.575512
v -2.178679 0.704060 -1.606647
v -2.133739 0.729880 -1.556169
v -2.129775 0.740838 -1.586267
v -2.117161 0.739149 -1.615569
v -2.083048 0.772493 -1.567568
v -2.070745 0.772739 -1.597661
v -2.053257 0.763913 -1.623211
v -2.023391 0.804730 -1.579603
v -2.005749 0.797754 -1.606288
v -1.987472 0.783834 -1.626137
v -1.957897 0.832249 -1.584538
v -1.938148 0.817095 -1.603239
v -1.920684 0.798054 -1.617221
v -1.889630 0.851942 -1.579302
v -1.871353 0.830795 -1.591518
v -1.854296 0.805971 -1.600174
v -1.823287 0.858837 -1.560088
v -1.806963 0.831465 -1.565671
v -1.791378 0.797866 -1.568502
v -1.760247 0.847156 -1.529835
v -1.746917 0.811795 -1.531593
v -1.737396 0.776061 -1.527292
v -1.701583 0.821004 -1.497831
v -1.694818 0.784050 -1.493911
v -1.697760 0.750702 -1.479095
v -1.652313 0.789198 -1.461714
v -1.656281 0.755062 -1.448337
v -1.666891 0.723917 -1.431220
v -1.618581 0.759075 -1.419508
v -1.630653 0.727247 -1.402979
v -1.645957 0.701836 -1.379373
v -1.597653 0.730897 -1.378653
v -1.609177 0.705889 -1.355735
v -1.622876 0.693965 -1.323482
v -1.664157 0.689587 -1.349275
v -1.622876 0.693965 -1.323482
v -1.589493 0.702908 -1.303378
v -1.615478 0.712333 -1.262857
v -1.567781 0.704160 -1.283036
v -1.597323 0.717021 -1.241675
v -1.634358 0.736120 -1.205094
v -1.634358 0.736120 -1.205094
v -1.597323 0.717021 -1.241675
v -1.580763 0.708381 -1.218101
v -1.676805 0.755822 -1.179523
v -1.544777 0.692906 -1.252013
v -1.522454 0.668341 -1.216124
v -1.560821 0.689483 -1.187389
v -1.567781 0.704160 -1.283036
v -1.493267 0.639525 -1.173182
v -1.531949 0.661841 -1.145245
v -1.575214 0.692476 -1.119242
v -1.497935 0.638012 -1.102215
v -1.536401 0.664859 -1.073277
v -1.579742 0.695052 -1.048125
v -1.499885 0.647449 -1.033791
v -1.543722 0.670917 -1.006414
v -1.589037 0.699968 -0.983340
v -1.628462 0.719578 -1.022882
v -1.642319 0.720317 -0.955758
v -1.684016 0.740344 -0.991086
v -1.710405 0.759627 -1.011848
v -1.752572 0.779784 -0.965293
v -1.761792 0.786384 -0.974951
v -1.728081 0.773895 -1.024719
v -1.740533 0.781842 -1.035491
v -1.733971 0.776783 -1.095703
v -1.795854 0.807750 -0.921961
v -1.802026 0.809541 -0.931516
v -1.795854 0.807750 -0.921961
v -1.562204 0.696476 -0.952402
v -1.610878 0.718570 -0.922247
v -1.546489 0.687687 -0.926624
v -1.595230 0.710789 -0.898034
v -1.643505 0.728130 -0.863123
v -1.581193 0.694678 -0.870658
v -1.631920 0.710890 -0.838353
v -1.683668 0.726171 -0.803020
v -1.695071 0.742886 -0.825782
v -1.695071 0.742886 -0.825782
v -1.683668 0.726171 -0.803020
v -1.733509 0.738578 -0.763935
v -1.752596 0.758735 -0.792099
v -1.774949 0.754481 -0.722034
v -1.802639 0.775102 -0.747877
v -1.805678 0.770227 -0.675833
v -1.744034 0.734508 -0.687788
v -1.772512 0.751964 -0.645749
v -1.791191 0.778266 -0.603292
v -1.743041 0.735341 -0.611087
v -1.762230 0.761663 -0.572563
v -1.773025 0.794418 -0.537555
v -1.740976 0.743396 -0.539876
v -1.751168 0.775108 -0.508449
v -1.752131 0.814553 -0.482397
v -1.738533 0.753361 -0.475496
v -1.731299 0.796354 -0.455693
v -1.721848 0.850139 -0.440738
v -1.714886 0.781956 -0.431529
v -1.704126 0.838802 -0.419746
v -1.687710 0.888594 -0.407261
v -1.693954 0.831385 -0.401206
v -1.668954 0.877004 -0.389598
v -1.641738 0.902367 -0.381027
v -1.625924 0.877952 -0.356577
v -1.585649 0.893437 -0.345910
v -1.617197 0.835863 -0.316878
v -1.570591 0.847646 -0.298416
v -1.573328 0.794776 -0.252244
v -1.626596 0.782653 -0.275504
v -1.669677 0.775298 -0.317666
v -1.699345 0.773482 -0.358543
v -1.728868 0.726034 -0.359715
v -1.710439 0.773448 -0.391679
v -1.730674 0.722457 -0.399358
v -1.742367 0.676840 -0.411080
v -1.757664 0.683300 -0.370005
v -1.746819 0.639866 -0.428503
v -1.775753 0.642534 -0.387991
v -1.732091 0.683590 -0.438273
v -1.727318 0.652593 -0.469968
v -1.696881 0.622960 -0.500027
v -1.712616 0.675649 -0.507239
v -1.677812 0.653325 -0.545632
v -1.639874 0.635644 -0.580836
v -1.597678 0.624598 -0.613172
v -1.676725 0.680258 -0.576071
v -1.641815 0.662771 -0.611794
v -1.602741 0.647691 -0.648045
v -1.602741 0.647691 -0.648045
v -1.558790 0.633824 -0.686687
v -1.551499 0.613885 -0.648747
v -1.597678 0.624598 -0.613172
v -1.656555 0.683656 -0.648212
v -1.616388 0.669298 -0.685812
v -1.616388 0.669298 -0.685812
v -1.571331 0.655760 -0.724415
v -1.521332 0.642814 -0.762952
v -1.509799 0.620693 -0.727847
v -1.638082 0.686354 -0.724947
v -1.590172 0.672615 -0.761677
v -1.539218 0.656545 -0.795893
v -1.485593 0.640049 -0.829862
v -1.468961 0.626743 -0.801079
v -1.613764 0.689793 -0.802720
v -1.560778 0.675466 -0.833974
v -1.508543 0.651508 -0.862934
v -1.452198 0.623675 -0.889671
v -1.432189 0.617562 -0.864632
v -1.530019 0.671115 -0.897955
v -1.473934 0.637751 -0.919849
v -1.414897 0.601922 -0.940074
v -1.393486 0.598552 -0.917867
v -1.493450 0.654372 -0.948742
v -1.441412 0.615154 -0.970278
v -1.387028 0.578520 -0.991509
v -1.356318 0.571674 -0.965165
v -1.513325 0.670205 -0.977275
v -1.468919 0.639661 -1.004504
v -1.425730 0.604889 -1.031516
v -1.384714 0.574653 -1.059967
v -1.332441 0.551360 -1.018577
v -1.462006 0.626911 -1.067277
v -1.423013 0.608592 -1.097801
v -1.386842 0.592684 -1.126853
v -1.345675 0.555965 -1.089377
v -1.458999 0.620254 -1.131878
v -1.422687 0.603945 -1.160650
v -1.384474 0.592440 -1.187855
v -1.351198 0.580386 -1.156192
v -1.454960 0.624349 -1.200284
v -1.417811 0.609830 -1.226571
v -1.378449 0.596876 -1.251684
v -1.344862 0.581802 -1.213392
v -1.484463 0.654014 -1.242259
v -1.447241 0.641552 -1.266926
v -1.410052 0.624632 -1.291683
v -1.367332 0.609617 -1.316839
v -1.335452 0.587533 -1.276531
v -1.478331 0.672906 -1.306587
v -1.445172 0.652256 -1.329812
v -1.397686 0.629157 -1.354465
v -1.352080 0.612908 -1.377270
v -1.323537 0.601521 -1.340002
v -1.381671 0.629526 -1.410627
v -1.342908 0.632276 -1.430909
v -1.310632 0.616515 -1.398741
v -1.404390 0.644217 -1.434768
v -1.371122 0.645690 -1.457671
v -1.341756 0.655592 -1.479620
v -1.308627 0.642910 -1.453043
v -1.371122 0.645690 -1.457671
v -1.404390 0.644217 -1.434768
v -1.429572 0.637586 -1.458551
v -1.398756 0.636672 -1.486317
v -1.371122 0.645690 -1.457671
v -1.398756 0.636672 -1.486317
v -1.371442 0.647662 -1.511825
v -1.341756 0.655592 -1.479620
v -1.350548 0.672181 -1.531998
v -1.317653 0.677245 -1.498133
v -1.433670 0.636350 -1.517659
v -1.409518 0.648012 -1.542322
v -1.390890 0.671219 -1.562125
v -1.376852 0.701272 -1.577804
v -1.336475 0.703761 -1.545624
v -1.445576 0.649594 -1.573866
v -1.427326 0.671138 -1.593395
v -1.414314 0.701435 -1.609119
v -1.407952 0.739111 -1.618200
v -1.369868 0.738760 -1.584792
v -1.458702 0.668825 -1.627237
v -1.448837 0.699169 -1.642462
v -1.444195 0.736267 -1.654166
v -1.447375 0.775100 -1.660306
v -1.410341 0.780265 -1.618757
v -1.483021 0.690425 -1.671448
v -1.480389 0.722627 -1.687471
v -1.487872 0.756337 -1.698475
v -1.502405 0.787738 -1.703566
v -1.456556 0.810810 -1.662374
v -1.518171 0.695979 -1.717123
v -1.528214 0.725250 -1.729298
v -1.546393 0.752930 -1.731580
v -1.566938 0.776842 -1.728508
v -1.520104 0.812671 -1.699209
v -1.565847 0.693060 -1.757418
v -1.583853 0.719288 -1.761495
v -1.605076 0.741634 -1.758488
v -1.627179 0.757590 -1.748449
v -1.587060 0.795387 -1.719981
v -1.621328 0.687222 -1.795022
v -1.642544 0.708567 -1.793363
v -1.666258 0.723340 -1.782643
v -1.689730 0.732401 -1.764357
v -1.649897 0.767499 -1.731806
v -1.682653 0.667068 -1.826005
v -1.707903 0.682980 -1.816000
v -1.731294 0.692109 -1.796841
v -1.752129 0.693349 -1.772223
v -1.711332 0.735276 -1.741203
v -1.741832 0.627879 -1.828048
v -1.763613 0.637052 -1.810919
v -1.781129 0.640198 -1.787297
v -1.792891 0.637234 -1.759835
v -1.765597 0.689056 -1.743221
v -1.790294 0.588758 -1.819261
v -1.808276 0.593561 -1.799984
v -1.817212 0.589577 -1.774495
v -1.821557 0.581263 -1.748508
v -1.796842 0.627903 -1.732489
v -1.837441 0.555100 -1.815702
v -1.843962 0.549115 -1.791675
v -1.850352 0.541525 -1.765984
v -1.850872 0.529572 -1.744651
v -1.821010 0.569676 -1.724399
v -1.880229 0.493066 -1.770993
v -1.877372 0.478930 -1.758401
v -1.846229 0.515106 -1.727788
v -1.893650 0.464053 -1.805631
v -1.891393 0.453189 -1.796787
v -1.884722 0.442421 -1.789555
v -1.870529 0.464907 -1.751349
v -1.891393 0.453189 -1.796787
v -1.893650 0.464053 -1.805631
v -1.887197 0.450640 -1.835351
v -1.884741 0.439533 -1.827274
v -1.880707 0.430384 -1.819162
v -1.884722 0.442421 -1.789555
v -1.871204 0.431889 -1.848305
v -1.867534 0.421191 -1.838531
v -1.848185 0.429175 -1.862451
v -1.844764 0.417216 -1.850957
v -1.841088 0.407907 -1.835804
v -1.812002 0.419660 -1.858282
v -1.809467 0.407981 -1.841146
v -1.809467 0.407981 -1.841146
v -1.812002 0.419660 -1.858282
v -1.766415 0.437642 -1.850866
v -1.766300 0.425352 -1.831679
v -1.723243 0.466607 -1.831685
v -1.722826 0.451946 -1.811315
v -1.729847 0.443910 -1.787664
v -1.685461 0.490986 -1.788406
v -1.690724 0.481995 -1.765245
v -1.706758 0.481737 -1.741268
v -1.745049 0.444407 -1.763317
v -1.745049 0.444407 -1.763317
v -1.706758 0.481737 -1.741268
v -1.726262 0.485546 -1.718322
v -1.764880 0.449484 -1.742174
v -1.748190 0.497114 -1.702785
v -1.786359 0.458065 -1.725585
v -1.822653 0.428245 -1.758200
v -1.806141 0.470475 -1.716311
v -1.841525 0.439197 -1.752588
v -1.861289 0.424146 -1.785039
v -1.843408 0.415753 -1.789412
v -1.823256 0.484361 -1.713569
v -1.858363 0.451168 -1.748396
v -1.875035 0.433366 -1.785830
v -1.836516 0.499563 -1.717646
v -1.785153 0.523263 -1.690293
v -1.800771 0.538704 -1.694312
v -1.813762 0.555289 -1.706087
v -1.772092 0.582255 -1.674175
v -1.787580 0.599900 -1.687135
v -1.795395 0.615086 -1.707387
v -1.760669 0.644312 -1.669052
v -1.769451 0.662439 -1.689294
v -1.771034 0.677287 -1.713894
v -1.735127 0.701404 -1.663848
v -1.734485 0.718217 -1.687545
v -1.726813 0.730239 -1.714714
v -1.694932 0.754626 -1.656946
v -1.685675 0.766702 -1.683262
v -1.670604 0.771201 -1.709078
v -1.643568 0.804166 -1.652935
v -1.627503 0.809608 -1.679143
v -1.607171 0.805698 -1.702871
v -1.581114 0.842879 -1.643534
v -1.560323 0.840567 -1.668354
v -1.539266 0.831636 -1.688484
v -1.512990 0.864776 -1.624900
v -1.490557 0.856351 -1.644940
v -1.472416 0.836052 -1.655771
v -1.447144 0.865010 -1.594507
v -1.430272 0.844786 -1.607524
v -1.418475 0.815965 -1.615219
v -1.387287 0.848852 -1.568553
v -1.376474 0.818719 -1.578300
v -1.370631 0.780662 -1.583333
v -1.331989 0.820742 -1.543802
v -1.330138 0.780918 -1.547638
v -1.328986 0.739945 -1.551848
v -1.282830 0.781988 -1.515641
v -1.286150 0.739472 -1.519189
v -1.298085 0.704977 -1.512393
v -1.298085 0.704977 -1.512393
v -1.286150 0.739472 -1.519189
v -1.245940 0.735692 -1.485516
v -1.259009 0.698535 -1.481456
v -1.279999 0.667343 -1.470835
v -1.317653 0.677245 -1.498133
v -1.222581 0.690064 -1.450004
v -1.244364 0.655368 -1.439815
v -1.274556 0.628142 -1.422506
v -1.210334 0.647209 -1.406224
v -1.241353 0.618728 -1.387450
v -1.279787 0.603192 -1.363216
v -1.209693 0.609481 -1.355387
v -1.248875 0.590008 -1.328679
v -1.292449 0.586604 -1.301042
v -1.217944 0.584692 -1.296932
v -1.259264 0.576441 -1.267157
v -1.301823 0.576666 -1.239426
v -1.229684 0.563902 -1.242625
v -1.274906 0.563042 -1.214265
v -1.315305 0.569101 -1.185338
v -1.234776 0.544380 -1.182623
v -1.276773 0.539829 -1.152974
v -1.311846 0.546598 -1.120571
v -1.221742 0.516066 -1.117720
v -1.250388 0.515678 -1.084103
v -1.284088 0.527817 -1.049798
v -1.201597 0.496968 -1.054034
v -1.243338 0.516296 -1.020234
v -1.298449 0.543754 -0.991901
v -1.223407 0.508121 -0.999542
v -1.279247 0.538512 -0.973112
v -1.336680 0.568826 -0.946756
v -1.267319 0.522416 -0.954637
v -1.323326 0.558461 -0.928142
v -1.376954 0.592322 -0.897426
v -1.308734 0.540441 -0.902764
v -1.366274 0.574980 -0.875693
v -1.418051 0.603623 -0.840021
v -1.349989 0.560456 -0.840616
v -1.404557 0.586586 -0.807521
v -1.457983 0.606494 -0.769156
v -1.396910 0.563487 -0.762564
v -1.449536 0.583524 -0.727486
v -1.501706 0.599643 -0.688738
v -1.452281 0.552902 -0.685298
v -1.503024 0.572207 -0.651416
v -1.465654 0.516817 -0.644995
v -1.518569 0.529008 -0.620824
v -1.482068 0.473581 -0.616395
v -1.531805 0.483680 -0.592664
v -1.492723 0.425636 -0.588820
v -1.538644 0.434223 -0.564400
v -1.499257 0.376598 -0.557717
v -1.443512 0.413964 -0.609304
v -1.453838 0.366130 -0.579236
v -1.454840 0.322602 -0.537381
v -1.498204 0.330929 -0.517492
v -1.448492 0.285077 -0.488527
v -1.491566 0.293019 -0.469639
v -1.440418 0.245997 -0.439618
v -1.485780 0.255147 -0.421979
v -1.429414 0.217520 -0.389088
v -1.479551 0.232389 -0.371358
v -1.421455 0.208325 -0.335060
v -1.377452 0.215666 -0.412706
v -1.365412 0.205271 -0.353536
v -1.362371 0.204598 -0.292650
v -1.418305 0.215417 -0.280973
v -1.361958 0.224653 -0.236679
v -1.417313 0.229219 -0.227495
v -1.362758 0.255727 -0.181956
v -1.416046 0.264306 -0.179153
v -1.365417 0.302082 -0.132916
v -1.417719 0.309702 -0.131594
v -1.417719 0.309702 -0.131594
v -1.365417 0.302082 -0.132916
v -1.370302 0.361381 -0.094135
v -1.422323 0.366801 -0.093596
v -1.422323 0.366801 -0.093596
v -1.370302 0.361381 -0.094135
v -1.377026 0.428105 -0.067066
v -1.430247 0.432824 -0.069649
v -1.422323 0.366801 -0.093596
v -1.430247 0.432824 -0.069649
v -1.430247 0.432824 -0.069649
v -1.377026 0.428105 -0.067066
v -1.385041 0.498974 -0.057447
v -1.440388 0.502428 -0.062778
v -1.430247 0.432824 -0.069649
v -1.440388 0.502428 -0.062778
v -1.393097 0.569791 -0.068137
v -1.331521 0.494020 -0.051434
v -1.337856 0.565927 -0.060049
v -1.279005 0.487973 -0.044354
v -1.283462 0.560153 -0.051562
v -1.286736 0.629822 -0.071384
v -1.229694 0.553493 -0.042841
v -1.231263 0.622552 -0.063550
v -1.229860 0.686437 -0.093816
v -1.177404 0.615745 -0.055973
v -1.174660 0.679208 -0.085384
v -1.168010 0.737270 -0.120060
v -1.224644 0.744282 -0.130470
v -1.156453 0.792215 -0.155345
v -1.212373 0.799150 -0.168963
v -1.136048 0.841324 -0.195474
v -1.189691 0.850334 -0.212574
v -1.108189 0.881222 -0.242788
v -1.158960 0.893170 -0.262279
v -1.077501 0.917027 -0.292307
v -1.125710 0.931307 -0.313014
v -1.171794 0.946655 -0.335195
v -1.093745 0.957922 -0.368608
v -1.138804 0.972818 -0.392466
v -1.182381 0.989043 -0.417821
v -1.108524 0.989242 -0.451057
v -1.152449 1.004937 -0.476921
v -1.196534 1.020794 -0.504345
v -1.225099 1.006904 -0.444903
v -1.241350 1.037661 -0.533106
v -1.267872 1.026801 -0.474008
v -1.287405 1.053434 -0.564044
v -1.311436 1.047752 -0.505347
v -1.334317 1.067749 -0.597023
v -1.356315 1.066189 -0.539288
v -1.382268 1.080983 -0.631570
v -1.402620 1.082119 -0.575069
v -1.426814 1.067362 -0.518408
v -1.450726 1.090936 -0.611202
v -1.471214 1.084306 -0.553653
v -1.496697 1.065705 -0.501783
v -1.516390 1.098788 -0.588465
v -1.537859 1.084543 -0.537076
v -1.565367 1.064961 -0.494058
v -1.579291 1.105071 -0.570969
v -1.603886 1.086726 -0.529158
v -1.632177 1.061867 -0.494926
v -1.645336 1.109202 -0.563821
v -1.670557 1.084986 -0.528757
v -1.697403 1.054164 -0.502262
v -1.713313 1.107066 -0.559455
v -1.736823 1.073105 -0.530557
v -1.760447 1.033693 -0.508212
v -1.777852 1.084836 -0.559401
v -1.798605 1.044928 -0.534911
v -1.817728 1.000947 -0.520492
v -1.838338 1.053438 -0.560137
v -1.855317 1.010515 -0.545337
v -1.868126 0.965664 -0.544472
v -1.895076 1.019895 -0.570541
v -1.906232 0.977978 -0.568015
v -1.911996 0.936932 -0.577752
v -1.945335 0.990540 -0.595452
v -1.948812 0.954110 -0.603433
v -1.949673 0.920816 -0.621140
v -1.989729 0.964822 -0.624790
v -1.984805 0.932775 -0.640400
v -1.974071 0.907403 -0.665571
v -2.025710 0.939028 -0.660571
v -2.011216 0.911639 -0.681508
v -1.987654 0.892085 -0.711438
v -1.987654 0.892085 -0.711438
v -2.011216 0.911639 -0.681508
v -2.057740 0.916020 -0.705967
v -2.038669 0.895628 -0.732278
v -2.112274 0.919221 -0.729855
v -2.098726 0.899788 -0.758699
v -2.081887 0.891211 -0.791944
v -2.156313 0.911618 -0.783248
v -2.142044 0.905303 -0.817192
v -2.127402 0.904606 -0.851208
v -2.196345 0.920520 -0.838902
v -2.179919 0.923502 -0.873218
v -2.163817 0.933794 -0.904951
v -2.224885 0.943634 -0.891407
v -2.209189 0.952687 -0.923179
v -2.194540 0.969437 -0.948927
v -2.250918 0.962014 -0.941763
v -2.237099 0.977488 -0.966893
v -2.226686 0.998746 -0.985949
v -2.282824 0.972663 -0.990758
v -2.275020 0.994350 -1.008583
v -2.271772 1.021692 -1.018842
v -2.329241 0.992519 -1.028244
v -2.324740 1.018982 -1.037166
v -2.323265 1.053362 -1.036769
v -2.375132 1.024456 -1.057364
v -2.371906 1.058398 -1.056698
v -2.369312 1.096705 -1.055272
v -2.418818 1.067778 -1.079381
v -2.416916 1.104050 -1.078231
v -2.421426 1.136942 -1.068897
v -2.469397 1.109505 -1.101368
v -2.474324 1.139118 -1.093696
v -2.482454 1.162860 -1.079171
v -2.529398 1.133848 -1.114784
v -2.537344 1.156231 -1.103606
v -2.548399 1.173795 -1.084618
v -2.589655 1.144580 -1.125368
v -2.600855 1.159686 -1.105838
v -2.613402 1.170131 -1.080084
v -2.650193 1.151268 -1.125659
v -2.662611 1.160819 -1.100263
v -2.675685 1.162022 -1.071653
v -2.708898 1.152896 -1.121134
v -2.721738 1.156810 -1.094445
v -2.733728 1.148787 -1.066982
v -2.763679 1.149228 -1.119347
v -2.776576 1.144482 -1.094717
v -2.788168 1.133496 -1.073799
v -2.752071 1.147624 -1.142000
v -2.696696 1.144184 -1.144099
v -2.639067 1.133888 -1.144102
v -2.580629 1.123899 -1.138029
v -2.629006 1.113769 -1.158147
v -2.575591 1.097515 -1.141353
v -2.622461 1.089524 -1.165225
v -2.570532 1.070038 -1.145597
v -2.618476 1.062842 -1.167909
v -2.569219 1.040009 -1.142868
v -2.619294 1.033645 -1.163954
v -2.572549 1.012676 -1.132455
v -2.623611 1.004353 -1.155022
v -2.673672 1.004646 -1.180815
v -2.632197 0.983557 -1.136722
v -2.687153 0.983141 -1.163285
v -2.739521 0.998225 -1.184369
v -2.701371 0.967388 -1.140528
v -2.755239 0.987028 -1.161774
v -2.715295 0.959920 -1.114410
v -2.770112 0.981676 -1.140499
v -2.813252 1.006397 -1.164650
v -2.780936 0.983612 -1.120375
v -2.822629 1.008887 -1.146806
v -2.850232 1.033467 -1.167202
v -2.842069 1.032223 -1.183026
v -2.727186 0.964800 -1.089487
v -2.736834 0.976409 -1.067637
v -2.671579 0.962650 -1.060711
v -2.684920 0.976933 -1.037908
v -2.620036 0.968460 -1.034470
v -2.634251 0.981171 -1.010218
v -2.646896 0.996607 -0.987750
v -2.585343 0.986078 -0.986258
v -2.597461 1.002189 -0.962738
v -2.605900 1.023435 -0.945829
v -2.550890 1.000170 -0.939542
v -2.558879 1.023340 -0.920464
v -2.562974 1.052481 -0.908492
v -2.611195 1.049691 -0.934293
v -2.511953 1.015760 -0.894908
v -2.514646 1.046529 -0.882600
v -2.562974 1.052481 -0.908492
v -2.514646 1.046529 -0.882600
v -2.513193 1.080800 -0.879358
v -2.466646 1.038869 -0.856914
v -2.464030 1.074994 -0.855890
v -2.459420 1.112042 -0.860690
v -2.415154 1.071170 -0.832582
v -2.410602 1.109614 -0.837204
v -2.402855 1.143741 -0.850961
v -2.362444 1.109563 -0.810953
v -2.353283 1.143191 -0.824442
v -2.340944 1.169908 -0.843338
v -2.303048 1.144020 -0.792283
v -2.290101 1.171081 -0.813739
v -2.273589 1.187411 -0.844517
v -2.236100 1.166792 -0.788291
v -2.221384 1.187124 -0.820069
v -2.205503 1.195301 -0.857096
v -2.169007 1.176064 -0.800592
v -2.153456 1.186147 -0.834483
v -2.138695 1.183562 -0.866707
v -2.103340 1.174764 -0.812433
v -2.089661 1.170154 -0.843179
v -2.076870 1.158432 -0.873196
v -2.040826 1.162755 -0.822268
v -2.028966 1.150820 -0.852823
v -2.019698 1.127452 -0.880079
v -1.981232 1.143137 -0.834342
v -1.972442 1.118036 -0.862250
v -1.968287 1.082034 -0.883536
v -1.927013 1.106154 -0.849789
v -1.923461 1.068176 -0.872340
v -1.923429 1.027107 -0.884805
v -1.923429 1.027107 -0.884805
v -1.923461 1.068176 -0.872340
v -1.884993 1.051871 -0.868474
v -1.890724 1.014675 -0.881721
v -1.855041 1.036944 -0.871199
v -1.867536 1.003024 -0.886712
v -1.831713 1.022544 -0.880139
v -1.849463 0.992249 -0.895509
v -1.864140 0.965528 -0.903460
v -1.841050 0.989493 -0.912650
v -1.859764 0.963792 -0.918586
v -1.870071 0.936194 -0.918432
v -1.869298 0.968531 -0.930670
v -1.880960 0.937212 -0.928659
v -1.882642 0.905263 -0.924940
v -1.874374 0.873526 -0.921487
v -1.892508 0.937878 -0.938938
v -1.893665 0.903088 -0.933886
v -1.884109 0.868855 -0.930599
v -1.884109 0.868855 -0.930599
v -1.884109 0.868855 -0.930599
v -1.893665 0.903088 -0.933886
v -1.907853 0.899663 -0.944834
v -1.901859 0.861873 -0.944760
v -1.885027 0.824244 -0.957245
v -1.864900 0.833628 -0.937667
v -1.856525 0.793306 -0.983461
v -1.831468 0.803062 -0.963656
v -1.930134 0.852079 -0.964387
v -1.916137 0.815108 -0.979958
v -1.893691 0.784546 -1.008692
v -1.893691 0.784546 -1.008692
v -1.955601 0.807131 -1.003175
v -1.936107 0.781146 -1.033248
v -1.936107 0.781146 -1.033248
v -1.915258 0.761067 -1.070760
v -1.981314 0.774549 -1.057889
v -1.959277 0.756507 -1.094083
v -1.938149 0.754006 -1.133795
v -2.005391 0.751916 -1.120821
v -1.983817 0.748250 -1.158504
v -1.965676 0.758832 -1.192368
v -2.031086 0.746766 -1.185336
v -2.011850 0.756874 -1.219353
v -1.997809 0.781595 -1.244106
v -2.053429 0.759154 -1.243245
v -2.040259 0.782997 -1.268653
v -2.031066 0.811649 -1.289923
v -2.076651 0.782248 -1.284111
v -2.071979 0.806591 -1.308092
v -2.073482 0.837282 -1.323829
v -2.109687 0.791232 -1.324077
v -2.116564 0.820361 -1.339882
v -2.128953 0.853969 -1.345948
v -2.158796 0.795117 -1.354716
v -2.173709 0.827915 -1.361768
v -2.193921 0.861884 -1.357415
v -2.216192 0.801874 -1.379524
v -2.238052 0.835719 -1.376043
v -2.261773 0.863505 -1.361019
v -2.281536 0.810527 -1.395788
v -2.305304 0.836466 -1.382129
v -2.326444 0.853319 -1.361225
v -2.350731 0.810719 -1.407660
v -2.372166 0.826027 -1.386381
v -2.390752 0.834446 -1.361101
v -2.422320 0.793251 -1.412743
v -2.441058 0.800454 -1.384281
v -2.455874 0.800372 -1.353013
v -2.481145 0.753437 -1.396779
v -2.492188 0.752440 -1.363772
v -2.497612 0.745551 -1.330630
v -2.522794 0.706272 -1.372258
v -2.526409 0.698706 -1.339909
v -2.524259 0.684644 -1.307559
v -2.558875 0.658219 -1.349161
v -2.555706 0.644289 -1.318439
v -2.548212 0.626157 -1.293075
v -2.590879 0.608342 -1.330318
v -2.585508 0.590929 -1.306961
v -2.575493 0.570265 -1.292113
v -2.612651 0.538653 -1.321938
v -2.602946 0.518311 -1.313197
v -2.632494 0.494350 -1.351036
v -2.619137 0.476359 -1.348235
v -2.650313 0.474952 -1.386989
v -2.635154 0.463002 -1.385721
v -2.635154 0.463002 -1.385721
v -2.650313 0.474952 -1.386989
v -2.651773 0.467461 -1.415999
v -2.637235 0.458972 -1.412604
v -2.594558 0.624469 -1.358790
v -2.558763 0.668447 -1.381398
v -2.586979 0.628320 -1.390042
v -2.549506 0.668749 -1.411845
v -2.577939 0.628338 -1.418708
v -2.533496 0.662093 -1.436486
v -2.512730 0.706185 -1.402341
v -2.497390 0.698736 -1.427576
v -2.477310 0.684978 -1.445655
v -2.511678 0.647919 -1.453940
v -2.453440 0.665572 -1.454259
v -2.486284 0.627812 -1.461971
v -2.428069 0.642151 -1.454797
v -2.461165 0.604919 -1.463735
v -2.404638 0.618538 -1.450939
v -2.439749 0.581604 -1.460418
v -2.388762 0.597430 -1.436656
v -2.371014 0.660426 -1.446891
v -2.353964 0.639445 -1.429389
v -2.345030 0.620843 -1.404248
v -2.320549 0.675397 -1.419091
v -2.316405 0.655283 -1.392068
v -2.316775 0.640898 -1.363479
v -2.274216 0.674948 -1.379827
v -2.276042 0.659091 -1.349413
v -2.285347 0.652228 -1.314900
v -2.325401 0.635136 -1.330993
v -2.301706 0.654776 -1.278828
v -2.340497 0.637834 -1.297173
v -2.321887 0.665125 -1.248240
v -2.359235 0.647372 -1.268075
v -2.260317 0.673965 -1.259119
v -2.281832 0.686353 -1.228751
v -2.321887 0.665125 -1.248240
v -2.281832 0.686353 -1.228751
v -2.303140 0.703313 -1.207093
v -2.241788 0.709066 -1.205342
v -2.263590 0.726397 -1.183842
v -2.283235 0.750780 -1.174141
v -2.222737 0.752944 -1.157545
v -2.244580 0.777732 -1.147284
v -2.263677 0.808064 -1.149795
v -2.206331 0.805861 -1.127619
v -2.225725 0.836134 -1.126956
v -2.238626 0.869045 -1.138239
v -2.189734 0.855158 -1.109116
v -2.199870 0.890832 -1.115876
v -2.202039 0.922012 -1.133861
v -2.158947 0.901367 -1.091418
v -2.158578 0.934761 -1.107497
v -2.153006 0.962274 -1.130624
v -2.111650 0.941315 -1.080841
v -2.105974 0.968835 -1.102738
v -2.092329 0.987903 -1.132202
v -2.058392 0.974724 -1.074597
v -2.045174 0.992446 -1.104043
v -2.027676 1.003512 -1.139630
v -1.999360 1.001238 -1.079127
v -1.982879 1.013496 -1.117811
v -1.964357 1.010684 -1.155138
v -1.938403 1.024436 -1.097068
v -1.919229 1.024438 -1.135441
v -1.899964 1.012708 -1.164551
v -1.874049 1.040833 -1.115381
v -1.853547 1.025540 -1.144572
v -1.836115 0.995028 -1.159027
v -1.805373 1.033138 -1.128969
v -1.787560 0.999069 -1.143669
v -1.772349 0.959622 -1.159013
v -1.742189 0.992383 -1.136689
v -1.744323 0.951519 -1.152104
v -1.755171 0.912694 -1.157736
v -1.755171 0.912694 -1.157736
v -1.744323 0.951519 -1.152104
v -1.720977 0.941298 -1.148921
v -1.736724 0.905797 -1.152763
v -1.701867 0.930017 -1.148846
v -1.721219 0.897667 -1.150405
v -1.690377 0.922854 -1.162210
v -1.713381 0.893210 -1.165565
v -1.692130 0.924759 -1.183479
v -1.713799 0.893674 -1.184436
v -1.731553 0.864927 -1.182188
v -1.731553 0.864927 -1.182188
v -1.713799 0.893674 -1.184436
v -1.723241 0.896551 -1.206260
v -1.737601 0.865984 -1.200280
v -1.744158 0.835714 -1.193320
v -1.740347 0.836421 -1.176894
v -1.752965 0.866052 -1.222580
v -1.757962 0.832986 -1.215714
v -1.755698 0.803318 -1.211873
v -1.781826 0.827163 -1.244783
v -1.779278 0.795216 -1.240499
v -1.771316 0.765958 -1.241021
v -1.811020 0.785070 -1.270699
v -1.802488 0.755576 -1.271877
v -1.786829 0.729978 -1.281753
v -1.839326 0.745793 -1.305874
v -1.825451 0.721290 -1.315157
v -1.807913 0.700850 -1.331851
v -1.864136 0.713230 -1.348863
v -1.846588 0.693703 -1.365057
v -1.825194 0.679963 -1.387152
v -1.879921 0.688667 -1.397674
v -1.858189 0.674553 -1.419856
v -1.834779 0.670749 -1.446919
v -1.812996 0.675376 -1.475223
v -1.883167 0.669473 -1.444283
v -1.861401 0.663933 -1.470572
v -1.843762 0.667425 -1.498634
v -1.843762 0.667425 -1.498634
v -1.885669 0.635998 -1.489368
v -1.872316 0.642430 -1.519694
v -1.872316 0.642430 -1.519694
v -1.862187 0.651967 -1.547779
v -1.910021 0.615471 -1.542256
v -1.899880 0.622590 -1.569833
v -1.896936 0.636598 -1.592453
v -1.942222 0.598109 -1.590441
v -1.940322 0.609947 -1.613106
v -1.943199 0.626854 -1.630391
v -1.981739 0.582388 -1.632551
v -1.984674 0.597770 -1.652972
v -1.994583 0.618675 -1.666274
v -2.026299 0.567951 -1.668885
v -2.037292 0.587718 -1.683892
v -2.053335 0.610772 -1.695895
v -2.077230 0.551958 -1.692950
v -2.094684 0.572368 -1.703006
v -2.117890 0.593985 -1.706981
v -2.131745 0.527948 -1.707828
v -2.153655 0.547319 -1.710094
v -2.178745 0.566541 -1.706006
v -2.188308 0.504637 -1.712773
v -2.212052 0.523112 -1.708722
v -2.235639 0.539190 -1.699041
v -2.244893 0.483821 -1.715209
v -2.268107 0.499071 -1.706855
v -2.285172 0.507546 -1.689181
v -2.298603 0.457265 -1.716852
v -2.316474 0.466153 -1.699466
v -2.328713 0.470358 -1.676271
v -2.321079 0.419117 -1.716970
v -2.277040 0.444723 -1.727631
v -2.304577 0.408201 -1.728885
v -2.323551 0.388119 -1.720073
v -2.333548 0.395388 -1.709600
v -2.333548 0.395388 -1.709600
v -2.343262 0.381137 -1.701667
v -2.346170 0.369892 -1.692861
v -2.356012 0.378572 -1.681733
v -2.356827 0.367794 -1.671217
v -2.364726 0.384420 -1.652726
v -2.364107 0.394245 -1.666351
v -2.346122 0.358777 -1.685035
v -2.334036 0.353699 -1.696958
v -2.329819 0.342872 -1.689698
v -2.319833 0.351255 -1.710286
v -2.314862 0.340365 -1.703468
v -2.308758 0.330611 -1.693365
v -2.289238 0.343282 -1.716641
v -2.284270 0.334077 -1.704241
v -2.284270 0.334077 -1.704241
v -2.289238 0.343282 -1.716641
v -2.251030 0.353491 -1.723622
v -2.245197 0.341492 -1.708763
v -2.209508 0.380484 -1.714432
v -2.202218 0.366039 -1.698555
v -2.203705 0.358512 -1.676419
v -2.166134 0.403860 -1.682892
v -2.163841 0.393950 -1.661706
v -2.167927 0.388869 -1.638303
v -2.208284 0.353239 -1.654503
v -2.208284 0.353239 -1.654503
v -2.167927 0.388869 -1.638303
v -2.176878 0.387540 -1.614381
v -2.215827 0.349915 -1.632019
v -2.189910 0.390697 -1.591028
v -2.135453 0.424287 -1.598607
v -2.150286 0.430003 -1.573875
v -2.171256 0.441496 -1.552365
v -2.115261 0.472669 -1.564369
v -2.136735 0.484678 -1.541835
v -2.160658 0.500545 -1.525693
v -2.194674 0.457224 -1.538092
v -2.183244 0.518226 -1.518175
v -2.217494 0.473875 -1.529409
v -2.203957 0.536265 -1.519229
v -2.152807 0.558227 -1.510161
v -2.172991 0.578434 -1.510376
v -2.191079 0.600139 -1.518984
v -2.143429 0.610456 -1.492687
v -2.158556 0.635232 -1.502584
v -2.169960 0.658159 -1.520956
v -2.120829 0.662343 -1.477558
v -2.128724 0.688424 -1.497742
v -2.133724 0.712405 -1.524839
v -2.087209 0.714533 -1.473414
v -2.091374 0.741002 -1.502311
v -2.088857 0.760335 -1.535022
v -2.052089 0.768673 -1.481690
v -2.047678 0.788554 -1.514655
v -2.037374 0.801135 -1.548610
v -2.009642 0.820764 -1.492208
v -1.997244 0.834342 -1.525892
v -1.978975 0.838399 -1.558116
v -1.957505 0.871144 -1.498710
v -1.936435 0.873755 -1.530957
v -1.912400 0.867466 -1.558086
v -1.891447 0.901547 -1.497004
v -1.866541 0.893470 -1.524170
v -1.842843 0.878812 -1.545422
v -1.822768 0.912531 -1.483948
v -1.798983 0.897669 -1.504768
v -1.777741 0.875598 -1.520266
v -1.754933 0.913070 -1.467315
v -1.732871 0.889330 -1.484218
v -1.713560 0.857213 -1.495660
v -1.688836 0.898108 -1.449300
v -1.668833 0.864289 -1.463150
v -1.656073 0.826683 -1.467245
v -1.627188 0.868002 -1.431463
v -1.615224 0.830981 -1.435029
v -1.611917 0.794612 -1.429728
v -1.576629 0.836324 -1.407709
v -1.577519 0.798253 -1.404701
v -1.586152 0.762496 -1.395976
v -1.553481 0.799164 -1.388795
v -1.560946 0.764148 -1.378251
v -1.534959 0.797549 -1.376512
v -1.541651 0.762916 -1.367559
v -1.541651 0.762916 -1.367559
v -1.534959 0.797549 -1.376512
v -1.518723 0.792836 -1.367390
v -1.524491 0.759209 -1.361556
v -1.521929 0.728308 -1.354683
v -1.543182 0.731611 -1.353164
v -1.505441 0.786135 -1.375231
v -1.512318 0.754495 -1.373886
v -1.509071 0.723782 -1.370904
v -1.508274 0.785617 -1.394368
v -1.514874 0.752129 -1.391584
v -1.508339 0.720693 -1.388386
v -1.514874 0.752129 -1.391584
v -1.508274 0.785617 -1.394368
v -1.516721 0.783927 -1.414491
v -1.523707 0.749039 -1.409234
v -1.519586 0.714666 -1.406676
v -1.508339 0.720693 -1.388386
v -1.499841 0.682774 -1.412498
v -1.487763 0.689616 -1.392585
v -1.543154 0.743870 -1.438199
v -1.540497 0.708729 -1.438137
v -1.522359 0.677856 -1.447818
v -1.494283 0.650920 -1.465701
v -1.465830 0.652712 -1.430424
v -1.564389 0.706583 -1.474625
v -1.549170 0.675844 -1.486240
v -1.525002 0.650546 -1.504322
v -1.496259 0.637168 -1.527040
v -1.462296 0.635098 -1.490975
v -1.577083 0.674458 -1.524313
v -1.553543 0.652537 -1.542769
v -1.526726 0.638077 -1.563885
v -1.499885 0.636799 -1.585705
v -1.469142 0.637902 -1.550842
v -1.569364 0.659807 -1.571375
v -1.547316 0.645087 -1.591484
v -1.525052 0.640123 -1.613000
v -1.525052 0.640123 -1.613000
v -1.506160 0.647624 -1.634244
v -1.476403 0.647728 -1.607563
v -1.499885 0.636799 -1.585705
v -1.573106 0.630475 -1.614108
v -1.550797 0.626483 -1.638648
v -1.550797 0.626483 -1.638648
v -1.532807 0.632443 -1.661780
v -1.520495 0.646820 -1.682781
v -1.492199 0.665395 -1.653876
v -1.580407 0.608410 -1.664385
v -1.564503 0.613506 -1.688904
v -1.554388 0.624393 -1.710548
v -1.552990 0.643530 -1.728410
v -1.516740 0.669421 -1.700288
v -1.597911 0.589395 -1.712187
v -1.589458 0.599206 -1.736286
v -1.588347 0.616057 -1.756927
v -1.593203 0.637461 -1.775480
v -1.556843 0.667116 -1.744429
v -1.624322 0.572036 -1.755404
v -1.622564 0.586012 -1.778591
v -1.629077 0.604340 -1.798095
v -1.641421 0.625529 -1.815131
v -1.604887 0.662252 -1.788461
v -1.653776 0.547073 -1.794538
v -1.662064 0.563211 -1.813857
v -1.676798 0.581351 -1.828001
v -1.695361 0.597654 -1.835871
v -1.660117 0.647237 -1.824866
v -1.694661 0.520049 -1.828948
v -1.709047 0.536444 -1.840925
v -1.725828 0.551528 -1.847949
v -1.748303 0.567184 -1.844238
v -1.717755 0.613864 -1.836380
v -1.743147 0.499261 -1.857744
v -1.759308 0.514098 -1.858954
v -1.778643 0.527888 -1.853357
v -1.802518 0.543300 -1.850149
v -1.770977 0.580342 -1.835666
v -1.821964 0.552456 -1.835431
v -1.848439 0.517096 -1.848182
v -1.860175 0.483973 -1.853547
v -1.860175 0.483973 -1.853547
v -1.866998 0.461502 -1.855185
v -1.850948 0.443460 -1.870754
v -1.872099 0.445183 -1.855275
v -1.819575 0.449115 -1.878717
v -1.815423 0.433313 -1.870393
v -1.815423 0.433313 -1.870393
v -1.819575 0.449115 -1.878717
v -1.779900 0.469867 -1.872248
v -1.771658 0.453421 -1.864570
v -1.731793 0.483611 -1.846397
v -1.686194 0.504115 -1.811178
v -1.650775 0.532430 -1.771409
v -1.631985 0.563798 -1.731509
v -1.655581 0.521992 -1.745757
v -1.644078 0.560488 -1.706107
v -1.671700 0.521317 -1.720847
v -1.671700 0.521317 -1.720847
v -1.644078 0.560488 -1.706107
v -1.662299 0.563916 -1.681906
v -1.691139 0.524776 -1.697165
v -1.684816 0.573477 -1.664268
v -1.713595 0.533589 -1.678130
v -1.706151 0.587081 -1.655538
v -1.734508 0.547043 -1.668337
v -1.767887 0.508217 -1.691071
v -1.753133 0.564172 -1.669294
v -1.725988 0.603987 -1.653413
v -1.745115 0.623786 -1.657575
v -1.701430 0.634345 -1.625940
v -1.717468 0.657238 -1.632585
v -1.729221 0.679554 -1.644719
v -1.684732 0.686176 -1.601148
v -1.692727 0.711173 -1.614364
v -1.696748 0.734473 -1.632795
v -1.655399 0.741036 -1.584891
v -1.657420 0.767797 -1.603825
v -1.653688 0.789337 -1.627208
v -1.618652 0.794885 -1.569870
v -1.612153 0.820813 -1.591522
v -1.600569 0.838435 -1.616620
v -1.571010 0.838340 -1.549628
v -1.555651 0.858260 -1.574665
v -1.534952 0.864858 -1.600806
v -1.514284 0.867627 -1.529023
v -1.492130 0.877617 -1.552193
v -1.468765 0.874668 -1.575103
v -1.452691 0.885384 -1.504532
v -1.426334 0.879648 -1.529103
v -1.403934 0.869881 -1.551736
v -1.360321 0.875453 -1.513592
v -1.342651 0.851901 -1.531785
v -1.315918 0.884930 -1.476067
v -1.297956 0.859087 -1.495100
v -1.288764 0.822662 -1.505281
v -1.288764 0.822662 -1.505281
v -1.297956 0.859087 -1.495100
v -1.250994 0.867692 -1.459882
v -1.244105 0.826639 -1.470271
v -1.241683 0.780156 -1.480381
v -1.282830 0.781988 -1.515641
v -1.201252 0.824549 -1.439112
v -1.202348 0.777174 -1.451166
v -1.208015 0.730225 -1.455172
v -1.163905 0.769276 -1.424253
v -1.172662 0.725940 -1.426781
v -1.187532 0.685380 -1.419047
v -1.135154 0.717458 -1.397482
v -1.151952 0.679307 -1.391666
v -1.177640 0.640833 -1.376174
v -1.119088 0.668097 -1.360744
v -1.145974 0.632860 -1.346421
v -1.179501 0.603702 -1.324305
v -1.111156 0.616537 -1.320115
v -1.146309 0.587212 -1.300361
v -1.185922 0.569801 -1.273078
v -1.107360 0.569394 -1.272766
v -1.145873 0.553576 -1.245195
v -1.188978 0.547722 -1.213324
v -1.103009 0.532450 -1.216696
v -1.143916 0.524205 -1.184397
v -1.183754 0.520606 -1.150691
v -1.099567 0.497745 -1.155490
v -1.136151 0.493289 -1.121270
v -1.169428 0.489081 -1.088177
v -1.095342 0.465942 -1.091206
v -1.133003 0.470971 -1.058994
v -1.172898 0.484261 -1.028224
v -1.105463 0.443070 -1.027788
v -1.153989 0.459009 -1.003102
v -1.209649 0.487748 -0.978652
v -1.119021 0.434005 -0.960298
v -1.180269 0.466157 -0.941265
v -1.245243 0.503500 -0.924513
v -1.158540 0.449001 -0.893724
v -1.226026 0.489426 -0.881716
v -1.290981 0.527791 -0.863797
v -1.218693 0.479617 -0.831084
v -1.282568 0.512172 -0.816384
v -1.342035 0.539777 -0.792797
v -1.286955 0.493079 -0.760098
v -1.345870 0.513970 -0.739029
v -1.400881 0.532373 -0.714495
v -1.358475 0.480140 -0.690268
v -1.410818 0.500184 -0.666016
v -1.373826 0.443956 -0.654159
v -1.428670 0.459884 -0.635400
v -1.391147 0.399746 -0.628448
v -1.334972 0.384557 -0.642468
v -1.350685 0.339005 -0.612764
v -1.403996 0.353469 -0.597476
v -1.316747 0.427613 -0.668494
v -1.258043 0.408002 -0.678859
v -1.275990 0.368561 -0.648919
v -1.302363 0.460973 -0.710087
v -1.240487 0.438976 -0.723152
v -1.171888 0.413748 -0.726089
v -1.195660 0.383496 -0.681620
v -1.224344 0.465941 -0.773451
v -1.156570 0.431651 -0.781572
v -1.083081 0.390856 -0.788568
v -1.095724 0.378176 -0.725698
v -1.152086 0.440599 -0.840669
v -1.083894 0.400881 -0.850414
v -1.016828 0.365935 -0.868298
v -1.091444 0.410822 -0.904874
v -1.036469 0.387838 -0.928661
v -0.992400 0.376749 -0.961258
v -0.966284 0.353069 -0.903326
v -1.071156 0.414594 -0.983788
v -1.026172 0.404842 -1.012523
v -0.979429 0.403962 -1.041747
v -0.944542 0.373160 -0.993633
v -1.060709 0.436126 -1.055847
v -1.017813 0.435665 -1.084636
v -0.975138 0.444479 -1.111468
v -0.933398 0.417763 -1.066536
v -1.057671 0.464610 -1.123997
v -1.018335 0.473511 -1.151989
v -0.982773 0.487397 -1.177260
v -0.935990 0.459673 -1.137552
v -1.061203 0.506591 -1.186144
v -1.025090 0.518213 -1.212519
v -0.991108 0.543445 -1.230975
v -0.949151 0.513011 -1.195918
v -1.065542 0.545538 -1.244793
v -1.031803 0.571009 -1.263360
v -1.001376 0.604171 -1.276405
v -0.959238 0.575027 -1.246063
v -1.072798 0.595299 -1.293243
v -1.043408 0.628215 -1.305085
v -1.023453 0.660021 -1.309446
v -0.978809 0.637568 -1.281386
v -1.083180 0.650212 -1.332049
v -1.064251 0.680757 -1.335544
v -1.052718 0.712878 -1.329192
v -1.010795 0.693615 -1.305388
v -1.099614 0.701740 -1.366243
v -1.087934 0.734113 -1.359914
v -1.081822 0.772461 -1.345705
v -1.047359 0.752871 -1.313235
v -1.123394 0.754459 -1.395612
v -1.116543 0.794504 -1.382041
v -1.119619 0.834134 -1.356006
v -1.081832 0.817456 -1.325549
v -1.157248 0.813184 -1.412350
v -1.159198 0.854573 -1.389140
v -1.168557 0.893895 -1.363722
v -1.131396 0.876888 -1.326371
v -1.203251 0.867703 -1.423825
v -1.216165 0.901037 -1.402894
v -1.244599 0.925619 -1.373216
v -1.197910 0.924859 -1.333399
v -1.267584 0.896662 -1.438877
v -1.315918 0.884930 -1.476067
v -1.238722 0.945473 -1.298421
v -1.197940 0.940691 -1.259101
v -1.159487 0.914646 -1.293287
v -1.284925 0.942442 -1.335822
v -1.321646 0.953215 -1.294781
v -1.277223 0.963085 -1.258080
v -1.310186 0.997675 -1.219352
v -1.267565 0.994506 -1.180978
v -1.233603 0.966843 -1.221373
v -1.356025 0.988862 -1.257900
v -1.385643 1.029390 -1.224867
v -1.341035 1.032314 -1.179733
v -1.401026 0.969806 -1.290516
v -1.432877 1.012998 -1.254307
v -1.462623 1.046026 -1.211905
v -1.413910 1.053469 -1.185241
v -1.443227 0.942965 -1.318246
v -1.475574 0.996022 -1.283893
v -1.508963 1.031623 -1.234280
v -1.544036 1.032924 -1.168993
v -1.497053 1.048918 -1.152962
v -1.524987 1.046896 -1.100877
v -1.483073 1.057196 -1.077129
v -1.451468 1.062261 -1.131719
v -1.569305 1.033986 -1.120044
v -1.591911 1.056904 -1.089590
v -1.549354 1.074042 -1.065351
v -1.577151 1.113117 -1.022995
v -1.533161 1.123926 -0.986158
v -1.508536 1.084117 -1.033769
v -1.620558 1.094565 -1.057938
v -1.649300 1.127522 -1.018872
v -1.602870 1.145993 -0.980359
v -1.625152 1.147816 -0.939317
v -1.573032 1.147581 -0.904003
v -1.552907 1.148868 -0.941243
v -1.672824 1.130836 -0.971583
v -1.692920 1.116149 -0.917350
v -1.645720 1.126525 -0.891312
v -1.721928 1.111751 -0.992571
v -1.740302 1.094736 -0.935759
v -1.740302 1.094736 -0.935759
v -1.754498 1.078733 -0.889080
v -1.711285 1.095329 -0.866017
v -1.692920 1.116149 -0.917350
v -1.768461 1.088728 -1.008030
v -1.789166 1.068767 -0.946906
v -1.815261 1.071344 -1.023900
v -1.839108 1.042218 -0.960862
v -1.815261 1.071344 -1.023900
v -1.785272 1.064347 -1.079064
v -1.828667 1.051819 -1.094934
v -1.855332 1.055574 -1.048373
v -1.895515 1.039370 -1.073953
v -1.914097 1.025513 -1.029589
v -1.923139 1.001749 -0.996234
v -1.955280 1.012724 -1.055249
v -1.965591 0.991404 -1.023145
v -1.970794 0.962980 -1.001677
v -1.927879 0.971030 -0.977875
v -2.011508 0.982729 -1.047941
v -2.017293 0.955089 -1.026179
v -2.018136 0.918105 -1.014388
v -1.972528 0.926386 -0.989849
v -2.064662 0.947805 -1.053298
v -2.064730 0.911885 -1.041106
v -2.064574 0.869994 -1.034275
v -2.018018 0.875440 -1.008192
v -2.112387 0.906981 -1.066398
v -2.109488 0.867621 -1.061764
v -2.104022 0.827876 -1.067970
v -2.058718 0.828180 -1.041334
v -2.155513 0.864079 -1.084814
v -2.146457 0.825932 -1.091752
v -2.133239 0.793000 -1.110572
v -2.091887 0.792549 -1.085959
v -2.174324 0.822730 -1.114598
v -2.155896 0.795479 -1.130878
v -2.140383 0.771304 -1.153983
v -2.116900 0.765946 -1.136994
v -2.184119 0.779635 -1.139871
v -2.161479 0.759449 -1.161852
v -2.161479 0.759449 -1.161852
v -2.140385 0.747592 -1.195338
v -2.120703 0.760106 -1.187184
v -2.140383 0.771304 -1.153983
v -2.200514 0.733914 -1.180298
v -2.200514 0.733914 -1.180298
v -2.178288 0.722079 -1.213072
v -2.159995 0.720675 -1.251247
v -2.123900 0.743030 -1.233484
v -2.241788 0.709066 -1.205342
v -2.218567 0.696894 -1.236196
v -2.200131 0.695407 -1.272735
v -2.188519 0.702581 -1.308018
v -2.148094 0.727833 -1.288042
v -2.242891 0.671892 -1.295216
v -2.232410 0.679815 -1.329672
v -2.228978 0.695724 -1.358782
v -2.185493 0.719074 -1.336862
v -2.188299 0.740904 -1.360054
v -2.148265 0.766628 -1.341692
v -2.144958 0.744419 -1.318402
v -2.231813 0.717715 -1.380726
v -2.242616 0.746154 -1.393685
v -2.200304 0.769652 -1.371997
v -2.278238 0.698297 -1.403675
v -2.288535 0.725388 -1.417758
v -2.305702 0.756511 -1.423449
v -2.258865 0.778052 -1.399952
v -2.332123 0.699364 -1.437974
v -2.352319 0.727410 -1.445240
v -2.376283 0.753771 -1.443782
v -2.327692 0.786482 -1.420375
v -2.393642 0.684699 -1.451816
v -2.419100 0.709108 -1.451974
v -2.442318 0.729445 -1.443218
v -2.400373 0.778497 -1.435388
v -2.462360 0.743770 -1.423588
v -2.109202 0.768227 -1.300275
v -2.112741 0.750224 -1.270495
v -2.085616 0.765520 -1.255292
v -2.101356 0.756955 -1.221964
v -2.073221 0.752535 -1.208659
v -2.095629 0.752208 -1.172565
v -2.052632 0.748770 -1.147754
v -2.074050 0.765574 -1.112320
v -2.116900 0.765946 -1.136994
v -2.027674 0.766791 -1.084579
v -2.074050 0.765574 -1.112320
v -2.027674 0.766791 -1.084579
v -2.046122 0.793073 -1.057980
v -1.981314 0.774549 -1.057889
v -2.000696 0.798574 -1.028770
v -2.012656 0.833899 -1.013454
v -1.968290 0.842336 -0.987078
v -1.972986 0.884048 -0.983936
v -1.934743 0.893010 -0.962344
v -1.932592 0.933963 -0.966839
v -1.906325 0.937405 -0.949310
v -1.898161 0.973642 -0.956575
v -1.892508 0.937878 -0.938938
v -1.881174 0.972174 -0.942843
v -1.881174 0.972174 -0.942843
v -1.758338 1.033990 -1.118891
v -1.735943 1.101094 -0.818926
v -1.691938 1.113706 -0.785714
v -1.666596 1.102873 -0.838502
v -1.645720 1.126525 -0.891312
v -1.648471 1.121794 -0.750343
v -1.624611 1.111218 -0.807171
v -1.598885 1.129983 -0.861577
v -1.582136 1.112624 -0.772151
v -1.552385 1.123622 -0.826898
v -1.598885 1.129983 -0.861577
v -1.552385 1.123622 -0.826898
v -1.524673 1.136491 -0.870049
v -1.507350 1.113956 -0.789309
v -1.478301 1.126153 -0.834969
v -1.457049 1.127877 -0.872719
v -1.504422 1.140232 -0.904782
v -1.443474 1.111886 -0.911246
v -1.488910 1.121133 -0.947302
v -1.425261 1.085989 -0.961593
v -1.467778 1.090214 -0.999575
v -1.396833 1.065504 -1.015280
v -1.440830 1.063526 -1.050661
v -1.360219 1.060535 -1.062955
v -1.405685 1.061727 -1.102668
v -1.326112 1.051861 -1.101967
v -1.369383 1.058460 -1.145500
v -1.299316 1.025033 -1.138665
v -1.281149 1.043171 -1.066375
v -1.253787 1.018400 -1.104938
v -1.222856 0.990906 -1.146798
v -1.206219 1.011367 -1.074463
v -1.177841 0.982820 -1.115848
v -1.147086 0.954996 -1.156422
v -1.190996 0.963490 -1.186734
v -1.113735 0.923422 -1.196017
v -1.156430 0.933780 -1.224566
v -1.081198 0.889731 -1.234764
v -1.122399 0.901070 -1.261526
v -1.057944 0.848452 -1.267597
v -1.096802 0.861611 -1.295927
v -1.045085 0.801744 -1.295202
v -1.015081 0.836283 -1.242543
v -1.005862 0.785679 -1.267407
v -1.006562 0.734465 -1.286974
v -0.961806 0.770560 -1.242308
v -0.958921 0.717287 -1.264223
v -0.964913 0.673092 -1.277454
v -0.912295 0.697856 -1.233039
v -0.918453 0.649185 -1.246123
v -0.933935 0.609398 -1.251783
v -0.875746 0.623164 -1.209978
v -0.891230 0.578455 -1.216508
v -0.917805 0.542683 -1.210583
v -0.847019 0.548404 -1.179910
v -0.873265 0.510524 -1.171314
v -0.902150 0.480283 -1.159429
v -0.827255 0.482338 -1.128748
v -0.855624 0.449811 -1.117156
v -0.890480 0.432968 -1.093842
v -0.813846 0.418767 -1.070074
v -0.852045 0.401244 -1.045727
v -0.896714 0.386438 -1.019289
v -0.819415 0.374553 -0.989290
v -0.866447 0.357019 -0.964276
v -0.916592 0.346581 -0.937710
v -0.843762 0.337810 -0.902002
v -0.896014 0.326351 -0.875294
v -0.821870 0.322443 -0.845723
v -0.876726 0.308202 -0.814120
v -0.798175 0.310530 -0.797173
v -0.855546 0.299254 -0.762762
v -0.772151 0.300630 -0.752937
v -0.828976 0.289000 -0.716874
v -0.884920 0.284818 -0.676614
v -0.797238 0.277098 -0.674462
v -0.850000 0.268818 -0.630973
v -0.759991 0.267514 -0.635848
v -0.808587 0.256227 -0.592049
v -0.852042 0.243614 -0.539187
v -0.766381 0.259002 -0.557295
v -0.804396 0.246696 -0.507094
v -0.832736 0.237190 -0.449055
v -0.763550 0.254401 -0.480948
v -0.790283 0.246112 -0.429664
v -0.809835 0.242708 -0.375052
v -0.849706 0.234442 -0.387527
v -0.824206 0.251429 -0.318129
v -0.858014 0.242675 -0.323887
v -0.905461 0.232738 -0.331401
v -0.864636 0.260746 -0.263268
v -0.906266 0.248513 -0.264605
v -0.954935 0.237524 -0.264583
v -0.956358 0.222767 -0.335449
v -1.004408 0.226468 -0.262885
v -1.005900 0.215649 -0.335865
v -1.054635 0.217219 -0.260473
v -1.056534 0.206945 -0.334452
v -1.057583 0.200679 -0.406815
v -1.061260 0.210734 -0.470826
v -1.108190 0.197538 -0.331937
v -1.113590 0.191696 -0.404416
v -1.117621 0.195191 -0.466008
v -1.124336 0.210165 -0.511694
v -1.068144 0.225264 -0.522578
v -1.169732 0.196443 -0.401768
v -1.178377 0.198520 -0.463498
v -1.183022 0.208979 -0.505319
v -1.234185 0.207422 -0.459302
v -1.241692 0.216399 -0.505387
v -1.244296 0.240958 -0.540242
v -1.243623 0.272129 -0.582500
v -1.295853 0.227115 -0.501235
v -1.301862 0.251138 -0.541611
v -1.301976 0.283025 -0.583650
v -1.292380 0.324453 -0.620223
v -1.233309 0.311817 -0.619432
v -1.355825 0.263545 -0.529626
v -1.358694 0.296561 -0.574723
v -1.404580 0.276187 -0.508838
v -1.408343 0.311898 -0.556277
v -1.346855 0.236000 -0.486631
v -1.395181 0.240627 -0.461431
v -1.329168 0.215078 -0.434967
v -1.283726 0.211978 -0.450211
v -1.269380 0.202071 -0.384115
v -1.314820 0.204369 -0.370537
v -1.259515 0.197914 -0.312532
v -1.309492 0.201101 -0.302988
v -1.256542 0.215395 -0.247066
v -1.308866 0.219305 -0.242498
v -1.258085 0.247644 -0.186911
v -1.310312 0.252832 -0.186133
v -1.263752 0.290600 -0.131921
v -1.314397 0.295709 -0.132809
v -1.314397 0.295709 -0.132809
v -1.263752 0.290600 -0.131921
v -1.269668 0.350202 -0.089918
v -1.319512 0.355375 -0.092225
v -1.319512 0.355375 -0.092225
v -1.269668 0.350202 -0.089918
v -1.274712 0.416451 -0.057177
v -1.325306 0.422544 -0.062962
v -1.370302 0.361381 -0.094135
v -1.219750 0.346654 -0.088661
v -1.224187 0.410420 -0.052637
v -1.226560 0.480950 -0.037427
v -1.172597 0.403950 -0.048844
v -1.174270 0.474775 -0.035139
v -1.176890 0.547059 -0.036935
v -1.123123 0.470463 -0.035198
v -1.125003 0.541691 -0.034289
v -1.124873 0.609486 -0.051027
v -1.073778 0.537955 -0.032596
v -1.072546 0.604853 -0.045817
v -1.068378 0.667986 -0.066635
v -1.121151 0.672955 -0.076667
v -1.059569 0.725858 -0.093560
v -1.113306 0.731390 -0.108023
v -1.045494 0.777294 -0.124648
v -1.100824 0.784935 -0.140819
v -1.026504 0.821723 -0.161062
v -1.081272 0.830721 -0.179128
v -1.003082 0.858917 -0.204358
v -1.055857 0.869243 -0.223956
v -0.976737 0.891783 -0.251504
v -1.027609 0.903750 -0.272265
v -0.949177 0.920721 -0.300900
v -0.998531 0.932944 -0.323429
v -1.046905 0.944626 -0.345810
v -0.970181 0.954277 -0.377397
v -1.017566 0.964659 -0.401508
v -1.063730 0.975536 -0.426000
v -0.989739 0.971872 -0.458670
v -1.035229 0.982951 -0.483584
v -1.080010 0.997304 -0.508734
v -1.007895 0.983882 -0.539697
v -1.053510 0.995955 -0.564317
v -1.098401 1.012938 -0.588923
v -1.125372 1.010465 -0.534790
v -1.144612 1.027694 -0.614820
v -1.171154 1.024193 -0.561629
v -1.191640 1.041535 -0.641784
v -1.217836 1.037749 -0.589709
v -1.239070 1.057186 -0.669838
v -1.264380 1.053992 -0.619046
v -1.286498 1.074115 -0.699432
v -1.311674 1.069021 -0.650475
v -1.335044 1.089250 -0.731161
v -1.360182 1.081775 -0.683647
v -1.383352 1.101648 -0.765184
v -1.409710 1.093987 -0.718271
v -1.431542 1.091902 -0.667052
v -1.458974 1.104275 -0.753296
v -1.481863 1.103462 -0.702063
v -1.499939 1.101071 -0.646488
v -1.533536 1.107883 -0.737039
v -1.550427 1.113523 -0.680483
v -1.561508 1.118037 -0.622420
v -1.601310 1.121561 -0.714624
v -1.610652 1.131715 -0.655638
v -1.623066 1.127162 -0.604161
v -1.662708 1.142634 -0.691303
v -1.672999 1.150358 -0.636901
v -1.691249 1.132104 -0.596455
v -1.727100 1.157286 -0.672428
v -1.741748 1.147207 -0.628668
v -1.758716 1.121447 -0.590213
v -1.791328 1.147909 -0.659248
v -1.803736 1.124775 -0.620075
v -1.818971 1.092033 -0.586977
v -1.847423 1.124190 -0.647487
v -1.861506 1.095196 -0.614885
v -1.879293 1.059780 -0.586039
v -1.904660 1.101937 -0.638202
v -1.921690 1.067338 -0.611875
v -1.936661 1.029612 -0.597515
v -1.965428 1.078597 -0.637843
v -1.979627 1.039533 -0.625294
v -1.988301 1.001098 -0.619780
v -2.022337 1.048519 -0.651246
v -2.030095 1.008044 -0.645958
v -2.031444 0.971319 -0.648164
v -2.031444 0.971319 -0.648164
v -2.030095 1.008044 -0.645958
v -2.075132 1.014366 -0.666927
v -2.076412 0.976476 -0.670844
v -2.031444 0.971319 -0.648164
v -2.076412 0.976476 -0.670844
v -2.070648 0.942936 -0.684475
v -2.025710 0.939028 -0.660571
v -2.123238 0.982768 -0.693054
v -2.120127 0.948781 -0.707526
v -2.171100 0.994948 -0.713518
v -2.169999 0.960939 -0.730281
v -2.165498 0.931539 -0.753304
v -2.220362 0.977696 -0.749068
v -2.216836 0.950318 -0.773728
v -2.208120 0.931694 -0.804815
v -2.264868 0.967082 -0.792549
v -2.253042 0.951329 -0.823938
v -2.240899 0.941410 -0.857383
v -2.297178 0.959857 -0.844009
v -2.282789 0.950287 -0.876924
v -2.266254 0.951534 -0.911214
v -2.328135 0.948714 -0.899917
v -2.310644 0.949805 -0.934808
v -2.295097 0.957283 -0.965920
v -2.360973 0.948664 -0.959712
v -2.346995 0.957114 -0.989601
v -2.336585 0.972041 -1.012113
v -2.401162 0.963713 -1.012883
v -2.390274 0.977614 -1.034833
v -2.381099 0.997210 -1.050616
v -2.441488 0.988564 -1.056798
v -2.431607 1.008761 -1.073168
v -2.422950 1.035681 -1.080231
v -2.479158 1.020775 -1.090840
v -2.471950 1.046619 -1.100728
v -2.468509 1.076692 -1.104198
v -2.519912 1.046911 -1.121260
v -2.519305 1.077269 -1.124557
v -2.523709 1.106601 -1.119569
v -2.524394 1.020540 -1.110132
v -2.489106 0.999274 -1.073637
v -2.532656 0.999324 -1.091550
v -2.580017 0.990940 -1.114007
v -2.543648 0.984185 -1.067949
v -2.591093 0.975719 -1.089330
v -2.643710 0.967871 -1.113090
v -2.604623 0.967348 -1.062092
v -2.656862 0.960242 -1.086836
v -2.557291 0.976121 -1.040976
v -2.571682 0.975627 -1.012455
v -2.512871 0.974164 -1.023336
v -2.526941 0.973691 -0.992484
v -2.539761 0.983385 -0.964260
v -2.479688 0.964705 -0.971235
v -2.493361 0.972997 -0.940770
v -2.504351 0.990798 -0.915171
v -2.444067 0.962127 -0.917591
v -2.454813 0.981942 -0.891265
v -2.462255 1.008255 -0.871641
v -2.405343 0.977571 -0.867049
v -2.413603 1.003598 -0.846705
v -2.417800 1.034750 -0.833903
v -2.466646 1.038869 -0.856914
v -2.366319 1.001514 -0.818040
v -2.369540 1.034155 -0.807002
v -2.417800 1.034750 -0.833903
v -2.369540 1.034155 -0.807002
v -2.368097 1.070218 -0.804479
v -2.319814 1.033802 -0.778858
v -2.318620 1.070714 -0.774778
v -2.312643 1.109747 -0.780029
v -2.266119 1.063437 -0.750829
v -2.258128 1.102522 -0.754196
v -2.248855 1.139192 -0.764351
v -2.205744 1.089369 -0.732332
v -2.195034 1.126789 -0.745484
v -2.182976 1.156858 -0.768695
v -2.144527 1.115462 -0.728751
v -2.131999 1.146115 -0.751557
v -2.118234 1.165343 -0.780913
v -2.083272 1.138467 -0.731744
v -2.068469 1.158371 -0.760050
v -2.053700 1.167635 -0.791433
v -2.020434 1.150822 -0.738478
v -2.005277 1.161177 -0.771180
v -1.992174 1.158904 -0.803152
v -1.959112 1.151775 -0.751257
v -1.945868 1.151950 -0.785145
v -1.934787 1.134135 -0.819227
v -1.934787 1.134135 -0.819227
v -1.945868 1.151950 -0.785145
v -1.902350 1.145328 -0.769690
v -1.891505 1.125470 -0.810811
v -1.886135 1.092723 -0.844822
v -1.927013 1.106154 -0.849789
v -1.861073 1.141833 -0.756211
v -1.875234 1.141538 -0.710661
v -1.834715 1.143752 -0.686858
v -1.820344 1.142644 -0.737029
v -1.916168 1.146052 -0.731087
v -1.931373 1.133404 -0.693993
v -1.889458 1.126619 -0.672148
v -1.959112 1.151775 -0.751257
v -1.974615 1.140884 -0.716757
v -1.991965 1.121934 -0.685539
v -1.947821 1.111200 -0.661190
v -1.974615 1.140884 -0.716757
v -2.036397 1.130573 -0.709873
v -1.991965 1.121934 -0.685539
v -2.052570 1.098872 -0.687532
v -2.008964 1.089851 -0.663295
v -2.097538 1.107202 -0.709380
v -2.109819 1.065602 -0.695816
v -2.065815 1.057296 -0.674226
v -2.156027 1.075793 -0.715005
v -2.166199 1.033112 -0.709097
v -2.119817 1.022011 -0.688389
v -2.215242 1.048126 -0.727623
v -2.220753 1.010039 -0.732209
v -2.171100 0.994948 -0.713518
v -2.271846 1.025591 -0.753368
v -2.271846 1.025591 -0.753368
v -2.270672 0.993424 -0.768914
v -2.220753 1.010039 -0.732209
v -2.319814 1.033802 -0.778858
v -2.316721 1.002121 -0.793700
v -2.309232 0.977131 -0.815186
v -2.357306 0.975338 -0.838911
v -2.344466 0.957840 -0.866678
v -2.393115 0.957939 -0.893100
v -2.377299 0.948691 -0.924974
v -2.429873 0.954497 -0.949312
v -2.414539 0.955607 -0.983390
v -2.464892 0.965645 -1.004258
v -2.452059 0.973727 -1.033785
v -2.499954 0.983603 -1.050954
v -2.123238 0.982768 -0.693054
v -2.022337 1.048519 -0.651246
v -2.008964 1.089851 -0.663295
v -1.774417 1.148719 -0.707527
v -1.757907 1.133455 -0.765591
v -1.711646 1.141106 -0.728382
v -1.507350 1.113956 -0.789309
v -1.430746 1.115446 -0.799745
v -1.458974 1.104275 -0.753296
v -1.430746 1.115446 -0.799745
v -1.430746 1.115446 -0.799745
v -1.383352 1.101648 -0.765184
v -1.357277 1.103743 -0.809720
v -1.405695 1.118431 -0.841786
v -1.430746 1.115446 -0.799745
v -1.339808 1.094333 -0.853059
v -1.392329 1.106084 -0.881779
v -1.322066 1.073857 -0.899952
v -1.377054 1.081772 -0.929640
v -1.298570 1.057908 -0.946573
v -1.349197 1.063188 -0.979717
v -1.266281 1.049733 -0.991689
v -1.314572 1.055125 -1.025305
v -1.234033 1.035424 -1.034160
v -1.215592 1.040948 -0.961325
v -1.184371 1.026719 -1.005124
v -1.158464 0.999523 -1.046498
v -1.135518 1.011586 -0.978096
v -1.109932 0.985315 -1.021766
v -1.082253 0.960529 -1.065926
v -1.131236 0.971196 -1.088683
v -1.052267 0.932217 -1.109217
v -1.099864 0.943331 -1.131182
v -1.018594 0.905219 -1.152929
v -1.067199 0.915114 -1.173226
v -0.991534 0.863484 -1.188018
v -1.036056 0.879507 -1.211858
v -0.970471 0.821940 -1.219437
v -0.946752 0.844774 -1.165808
v -0.924225 0.806746 -1.197011
v -0.914122 0.756195 -1.215587
v -0.880035 0.792717 -1.167764
v -0.870241 0.739562 -1.181905
v -0.866282 0.677611 -1.201005
v -0.825710 0.721849 -1.153916
v -0.823791 0.658095 -1.169877
v -0.832493 0.600458 -1.175896
v -0.775783 0.639676 -1.142248
v -0.783249 0.580663 -1.146670
v -0.800520 0.526421 -1.140602
v -0.736687 0.559117 -1.109110
v -0.756217 0.503182 -1.101126
v -0.783542 0.456060 -1.085145
v -0.713108 0.478619 -1.057849
v -0.742568 0.435034 -1.035920
v -0.777577 0.399524 -1.013474
v -0.707014 0.424258 -0.980983
v -0.745678 0.385499 -0.955721
v -0.792406 0.357743 -0.928689
v -0.718000 0.372000 -0.907280
v -0.768131 0.344189 -0.876511
v -0.692511 0.361146 -0.861735
v -0.743440 0.331519 -0.830333
v -0.667188 0.353461 -0.817239
v -0.717419 0.322312 -0.786563
v -0.640420 0.348239 -0.774626
v -0.689132 0.314983 -0.745892
v -0.742386 0.291748 -0.712029
v -0.658600 0.312024 -0.707008
v -0.708957 0.285953 -0.674047
v -0.629326 0.317460 -0.669766
v -0.676038 0.290889 -0.637175
v -0.722774 0.272394 -0.600341
v -0.647621 0.299059 -0.606162
v -0.690218 0.279761 -0.569723
v -0.729617 0.264939 -0.528376
v -0.665211 0.280162 -0.548269
v -0.701662 0.265372 -0.508602
v -0.732915 0.256468 -0.463789
v -0.674178 0.253890 -0.493610
v -0.704363 0.246461 -0.449637
v -0.731880 0.240997 -0.403616
v -0.759562 0.251390 -0.415601
v -0.755639 0.237488 -0.355861
v -0.782180 0.247695 -0.365742
v -0.767003 0.247826 -0.304099
v -0.796118 0.256574 -0.312851
v -0.773662 0.262548 -0.249003
v -0.802257 0.272210 -0.257054
v -0.831478 0.270965 -0.261843
v -0.807900 0.294244 -0.202628
v -0.838343 0.296584 -0.207468
v -0.871128 0.287386 -0.206495
v -0.842964 0.327055 -0.155653
v -0.876304 0.321383 -0.153543
v -0.916247 0.312495 -0.149126
v -0.910200 0.276434 -0.204148
v -0.961882 0.304036 -0.144684
v -0.957149 0.266204 -0.201433
v -1.010125 0.297265 -0.140561
v -1.006133 0.256163 -0.197722
v -1.059702 0.292504 -0.136830
v -1.056161 0.249093 -0.194371
v -1.110159 0.288215 -0.132254
v -1.106520 0.246489 -0.192047
v -1.105311 0.212548 -0.257934
v -1.156535 0.246220 -0.190093
v -1.155338 0.212313 -0.255482
v -1.160470 0.193975 -0.327690
v -1.205305 0.213447 -0.251487
v -1.210340 0.195779 -0.320864
v -1.221802 0.199861 -0.394946
v -1.207000 0.246350 -0.188298
v -1.161574 0.285585 -0.128826
v -1.213090 0.287215 -0.129937
v -1.213090 0.287215 -0.129937
v -1.161574 0.285585 -0.128826
v -1.168179 0.342239 -0.085190
v -1.219750 0.346654 -0.088661
v -1.110159 0.288215 -0.132254
v -1.115736 0.340392 -0.084275
v -1.168179 0.342239 -0.085190
v -1.115736 0.340392 -0.084275
v -1.120165 0.400515 -0.048704
v -1.064155 0.342808 -0.087736
v -1.068703 0.401677 -0.052549
v -1.072497 0.468508 -0.035043
v -1.018864 0.404532 -0.056060
v -1.022160 0.468659 -0.035382
v -1.022764 0.535592 -0.032932
v -0.972981 0.469146 -0.037837
v -0.972441 0.533348 -0.032025
v -0.969284 0.597338 -0.032100
v -1.020780 0.601306 -0.040448
v -0.962401 0.658380 -0.039894
v -1.015982 0.663887 -0.054110
v -0.950323 0.712599 -0.060232
v -1.005564 0.720184 -0.076693
v -0.933541 0.758414 -0.091609
v -0.989612 0.767766 -0.108912
v -0.914636 0.801637 -0.124809
v -0.970865 0.811356 -0.143676
v -0.893376 0.839640 -0.162657
v -0.949179 0.849259 -0.184171
v -0.870070 0.871384 -0.204926
v -0.924808 0.881009 -0.229341
v -0.845621 0.896586 -0.251245
v -0.898636 0.908363 -0.277038
v -0.820338 0.916207 -0.300616
v -0.871716 0.930208 -0.327294
v -0.921429 0.943512 -0.352807
v -0.845142 0.942901 -0.380101
v -0.894374 0.956844 -0.407039
v -0.942736 0.965729 -0.433236
v -0.866998 0.961956 -0.461057
v -0.915100 0.968751 -0.488821
v -0.961965 0.974213 -0.514614
v -0.961965 0.974213 -0.514614
v -0.915100 0.968751 -0.488821
v -0.886829 0.970088 -0.542050
v -0.933604 0.975319 -0.568717
v -0.979569 0.985581 -0.593851
v -1.007895 0.983882 -0.539697
v -0.904911 0.975892 -0.621330
v -0.951076 0.985730 -0.646562
v -0.997183 0.998515 -0.670371
v -1.025442 0.997326 -0.618030
v -1.053510 0.995955 -0.564317
v -1.044207 1.010813 -0.694104
v -1.071091 1.013628 -0.641932
v -1.098401 1.012938 -0.588923
v -1.092191 1.022523 -0.718165
v -1.117613 1.029084 -0.666502
v -1.144612 1.027694 -0.614820
v -1.140321 1.036464 -0.742956
v -1.164910 1.043816 -0.692220
v -1.191640 1.041535 -0.641784
v -1.189109 1.051464 -0.768814
v -1.212379 1.060114 -0.718988
v -1.239070 1.057186 -0.669838
v -1.238501 1.066306 -0.796041
v -1.260689 1.076377 -0.747251
v -1.286498 1.074115 -0.699432
v -1.288821 1.079378 -0.824198
v -1.308853 1.092435 -0.777434
v -1.335044 1.089250 -0.731161
v -1.217489 1.050827 -0.843195
v -1.270301 1.061686 -0.870995
v -1.192898 1.040823 -0.888992
v -1.246593 1.047944 -0.916672
v -1.162950 1.033273 -0.934040
v -1.140228 1.030187 -0.863421
v -1.114126 1.013375 -0.907865
v -1.086417 0.994272 -0.954301
v -1.062966 0.998578 -0.885274
v -1.035737 0.981230 -0.932696
v -1.008345 0.960853 -0.979449
v -1.059458 0.973130 -1.000096
v -0.981169 0.934715 -1.024989
v -1.031957 0.949136 -1.045131
v -0.950510 0.909036 -1.072831
v -1.001669 0.922567 -1.090471
v -0.922547 0.869439 -1.112940
v -0.971292 0.888385 -1.132439
v -0.898315 0.830389 -1.145708
v -0.869822 0.855505 -1.093899
v -0.846800 0.823056 -1.124075
v -0.834204 0.778278 -1.137659
v -0.796826 0.803532 -1.093851
v -0.785391 0.757140 -1.111301
v -0.776962 0.700780 -1.129468
v -0.734368 0.736133 -1.085155
v -0.727012 0.681134 -1.101645
v -0.728204 0.620269 -1.109118
v -0.682617 0.660816 -1.065653
v -0.687779 0.600409 -1.068042
v -0.695715 0.537198 -1.066688
v -0.650139 0.583714 -1.026994
v -0.657587 0.521456 -1.022649
v -0.673531 0.466008 -1.008037
v -0.617700 0.512615 -0.975582
v -0.638823 0.459983 -0.957459
v -0.676327 0.414754 -0.932252
v -0.609322 0.450289 -0.911264
v -0.649756 0.404760 -0.887034
v -0.583860 0.440707 -0.864601
v -0.624037 0.395891 -0.842420
v -0.559783 0.435074 -0.816992
v -0.597590 0.389275 -0.798095
v -0.533471 0.434780 -0.779981
v -0.570070 0.388232 -0.756897
v -0.612268 0.346882 -0.733902
v -0.547524 0.389799 -0.729353
v -0.586682 0.350914 -0.699552
v -0.532950 0.395227 -0.710671
v -0.565672 0.354089 -0.676746
v -0.604953 0.322958 -0.641466
v -0.547218 0.353089 -0.661646
v -0.583995 0.322144 -0.623574
v -0.624060 0.298029 -0.586044
v -0.563705 0.314640 -0.611166
v -0.601907 0.289102 -0.572489
v -0.639538 0.269137 -0.533327
v -0.576035 0.268877 -0.564416
v -0.610422 0.248306 -0.522650
v -0.642647 0.232872 -0.480304
v -0.576582 0.220562 -0.513080
v -0.606420 0.205894 -0.467068
v -0.634724 0.195803 -0.420454
v -0.672349 0.223807 -0.435635
v -0.662609 0.186699 -0.374593
v -0.700557 0.217784 -0.390480
v -0.686119 0.183666 -0.327341
v -0.724283 0.215754 -0.343288
v -0.698014 0.195538 -0.275716
v -0.734986 0.226882 -0.291646
v -0.704727 0.213286 -0.222266
v -0.740950 0.241834 -0.237305
v -0.706042 0.237510 -0.169271
v -0.742696 0.262926 -0.182924
v -0.777309 0.282715 -0.194353
v -0.743530 0.288646 -0.130687
v -0.778536 0.308708 -0.142234
v -0.811327 0.322445 -0.151244
v -0.776975 0.340210 -0.094221
v -0.810206 0.357187 -0.104316
v -0.843617 0.364547 -0.108529
v -0.805203 0.397882 -0.063576
v -0.841622 0.408355 -0.068695
v -0.881952 0.410099 -0.066763
v -0.880082 0.362328 -0.106090
v -0.925670 0.409302 -0.063716
v -0.922408 0.357834 -0.102222
v -0.971161 0.407298 -0.060236
v -0.967379 0.351986 -0.097283
v -1.018864 0.404532 -0.056060
v -1.014720 0.346608 -0.091858
v -1.014720 0.346608 -0.091858
v -1.018864 0.404532 -0.056060
v -1.068703 0.401677 -0.052549
v -1.064155 0.342808 -0.087736
v -1.064155 0.342808 -0.087736
v -0.971161 0.407298 -0.060236
v -0.925670 0.409302 -0.063716
v -0.925867 0.468024 -0.039529
v -0.881952 0.410099 -0.066763
v -0.880454 0.464315 -0.039277
v -0.875506 0.522097 -0.023226
v -0.923229 0.529320 -0.028254
v -0.867234 0.581061 -0.015983
v -0.917904 0.591051 -0.022877
v -0.854440 0.636538 -0.018696
v -0.908056 0.649401 -0.029013
v -0.837883 0.686803 -0.033814
v -0.894053 0.701235 -0.048336
v -0.819187 0.732702 -0.055878
v -0.876995 0.748136 -0.072664
v -0.799224 0.774566 -0.084135
v -0.857444 0.789535 -0.104916
v -0.777331 0.809665 -0.118958
v -0.836002 0.827278 -0.140280
v -0.754578 0.837184 -0.159919
v -0.812972 0.856977 -0.181531
v -0.812972 0.856977 -0.181531
v -0.812972 0.856977 -0.181531
v -0.754578 0.837184 -0.159919
v -0.731548 0.864586 -0.201527
v -0.789752 0.883614 -0.225220
v -0.812972 0.856977 -0.181531
v -0.845621 0.896586 -0.251245
v -0.870070 0.871384 -0.204926
v -0.709170 0.884812 -0.247796
v -0.766364 0.902045 -0.273647
v -0.820338 0.916207 -0.300616
v -0.686981 0.897023 -0.297585
v -0.742041 0.914155 -0.324537
v -0.794572 0.928058 -0.352590
v -0.716144 0.922861 -0.375522
v -0.767940 0.936720 -0.404027
v -0.794572 0.928058 -0.352590
v -0.767940 0.936720 -0.404027
v -0.818466 0.949984 -0.432491
v -0.818466 0.949984 -0.432491
v -0.740501 0.945202 -0.454506
v -0.790795 0.953819 -0.484227
v -0.839138 0.962294 -0.513516
v -0.866998 0.961956 -0.461057
v -0.763306 0.953431 -0.536151
v -0.811292 0.961472 -0.565861
v -0.858266 0.969644 -0.594435
v -0.783232 0.952375 -0.616379
v -0.829568 0.961061 -0.645431
v -0.876080 0.969622 -0.672699
v -0.800754 0.945035 -0.694280
v -0.847325 0.954637 -0.721813
v -0.894429 0.964872 -0.747449
v -0.922631 0.979127 -0.697969
v -0.942596 0.974151 -0.770783
v -0.970221 0.988568 -0.721610
v -0.990977 0.985652 -0.793539
v -1.018067 1.000073 -0.744646
v -1.039711 0.999880 -0.816115
v -1.066400 1.012745 -0.767941
v -1.089510 1.015236 -0.839150
v -1.115995 1.026044 -0.792046
v -1.166077 1.039786 -0.817047
v -1.012062 0.985507 -0.864087
v -0.962454 0.971225 -0.842207
v -0.934525 0.953377 -0.890141
v -0.984594 0.968210 -0.911825
v -0.907107 0.931927 -0.936890
v -0.957600 0.946322 -0.958457
v -0.877608 0.908075 -0.984619
v -0.930085 0.919368 -1.004825
v -0.843588 0.878616 -1.032498
v -0.896217 0.893531 -1.055891
v -0.814075 0.842651 -1.070530
v -0.793730 0.866266 -1.005135
v -0.765141 0.827513 -1.040888
v -0.748941 0.783104 -1.063030
v -0.720311 0.815209 -1.006396
v -0.703079 0.767669 -1.029725
v -0.689279 0.715800 -1.050376
v -0.661373 0.753746 -0.993614
v -0.652621 0.695829 -1.010348
v -0.643312 0.640705 -1.027338
v -0.613680 0.682967 -0.974306
v -0.603941 0.626907 -0.986426
v -0.609952 0.571849 -0.983063
v -0.566864 0.622437 -0.942148
v -0.571215 0.563949 -0.936952
v -0.581374 0.503788 -0.928244
v -0.542284 0.559517 -0.891831
v -0.555248 0.495973 -0.879318
v -0.519329 0.556560 -0.853053
v -0.532724 0.492884 -0.836517
v -0.493659 0.552999 -0.827529
v -0.512208 0.493364 -0.805545
v -0.468382 0.547286 -0.807700
v -0.495766 0.494407 -0.789563
v -0.519177 0.438680 -0.760864
v -0.473513 0.491604 -0.774495
v -0.502776 0.440724 -0.746629
v -0.446394 0.480337 -0.760229
v -0.481841 0.436957 -0.734304
v -0.514788 0.392619 -0.698668
v -0.454692 0.423447 -0.722088
v -0.491315 0.383178 -0.688577
v -0.526553 0.346109 -0.649519
v -0.463793 0.363455 -0.680799
v -0.501207 0.328492 -0.642495
v -0.539487 0.294657 -0.605337
v -0.469690 0.300596 -0.637518
v -0.508420 0.268597 -0.598953
v -0.543494 0.242771 -0.556168
v -0.471067 0.236828 -0.589654
v -0.506516 0.210869 -0.547228
v -0.540033 0.189503 -0.502379
v -0.469528 0.181033 -0.534262
v -0.503452 0.159388 -0.489795
v -0.533334 0.144597 -0.441592
v -0.569359 0.176051 -0.454175
v -0.560624 0.134396 -0.392238
v -0.597100 0.165747 -0.406010
v -0.587363 0.125603 -0.343488
v -0.624475 0.156173 -0.358770
v -0.611477 0.120917 -0.296188
v -0.648349 0.152080 -0.311111
v -0.623232 0.133456 -0.245133
v -0.660105 0.164677 -0.259822
v -0.633615 0.150171 -0.191110
v -0.669135 0.181957 -0.206419
v -0.638025 0.173970 -0.137827
v -0.671628 0.206649 -0.153675
v -0.641964 0.198966 -0.084892
v -0.674765 0.231859 -0.101015
v -0.709251 0.261707 -0.116345
v -0.676710 0.259505 -0.050627
v -0.710343 0.289739 -0.066254
v -0.743652 0.317195 -0.081151
v -0.702978 0.327083 -0.024783
v -0.736486 0.354900 -0.040009
v -0.770155 0.379292 -0.053756
v -0.723837 0.398545 -0.007184
v -0.759029 0.424111 -0.021310
v -0.796835 0.443980 -0.031736
v -0.743657 0.472592 0.000711
v -0.784834 0.494940 -0.010320
v -0.829009 0.511541 -0.018316
v -0.836887 0.457218 -0.037902
v -0.796835 0.443980 -0.031736
v -0.836887 0.457218 -0.037902
v -0.841622 0.408355 -0.068695
v -0.805203 0.397882 -0.063576
v -0.836887 0.457218 -0.037902
v -0.829009 0.511541 -0.018316
v -0.875506 0.522097 -0.023226
v -0.880454 0.464315 -0.039277
v -0.836887 0.457218 -0.037902
v -0.841622 0.408355 -0.068695
v -0.770072 0.546190 0.002930
v -0.817788 0.566052 -0.007453
v -0.867234 0.581061 -0.015983
v -0.875506 0.522097 -0.023226
v -0.751403 0.596800 0.003519
v -0.801832 0.618893 -0.008178
v -0.854440 0.636538 -0.018696
v -0.730696 0.645165 -0.002805
v -0.783269 0.668105 -0.018677
v -0.837883 0.686803 -0.033814
v -0.707698 0.686960 -0.024065
v -0.762534 0.711864 -0.040364
v -0.819187 0.732702 -0.055878
v -0.684054 0.725106 -0.050984
v -0.740627 0.752420 -0.066912
v -0.799224 0.774566 -0.084135
v -0.660232 0.760951 -0.080364
v -0.718081 0.788592 -0.098164
v -0.777331 0.809665 -0.118958
v -0.637236 0.789051 -0.118014
v -0.695748 0.814917 -0.138442
v -0.754578 0.837184 -0.159919
v -0.695748 0.814917 -0.138442
v -0.637236 0.789051 -0.118014
v -0.614793 0.813050 -0.159304
v -0.673138 0.840281 -0.180035
v -0.592586 0.834378 -0.202268
v -0.651008 0.861470 -0.224460
v -0.571201 0.849267 -0.248027
v -0.629480 0.875364 -0.271855
v -0.549538 0.859038 -0.294185
v -0.606025 0.886810 -0.318597
v -0.662347 0.907323 -0.346538
v -0.581474 0.891381 -0.366479
v -0.636589 0.911390 -0.395376
v -0.688780 0.931404 -0.424944
v -0.611134 0.910233 -0.444159
v -0.662715 0.930467 -0.474480
v -0.713677 0.944094 -0.505467
v -0.636815 0.924202 -0.523776
v -0.686680 0.937350 -0.555364
v -0.736050 0.944665 -0.586138
v -0.659300 0.918966 -0.603271
v -0.707479 0.926359 -0.634388
v -0.754387 0.934856 -0.664590
v -0.677397 0.907663 -0.680664
v -0.724195 0.917750 -0.711619
v -0.770981 0.928460 -0.741789
v -0.694267 0.898741 -0.756706
v -0.741879 0.909456 -0.787593
v -0.789748 0.919009 -0.816314
v -0.818058 0.938088 -0.769854
v -0.837430 0.929282 -0.842924
v -0.865832 0.948147 -0.795753
v -0.885170 0.940875 -0.867563
v -0.913710 0.959677 -0.819631
v -0.808644 0.908617 -0.889443
v -0.856615 0.920832 -0.914871
v -0.777874 0.887102 -0.934523
v -0.825742 0.898983 -0.961493
v -0.746262 0.855383 -0.975021
v -0.731142 0.877707 -0.904633
v -0.701437 0.845968 -0.941067
v -0.677529 0.804531 -0.970795
v -0.658023 0.837558 -0.905620
v -0.638527 0.793667 -0.933898
v -0.625654 0.742041 -0.955867
v -0.599255 0.784432 -0.898141
v -0.588094 0.735469 -0.921576
v -0.575342 0.679528 -0.938789
v -0.548656 0.730225 -0.883628
v -0.542311 0.679035 -0.896168
v -0.539272 0.621491 -0.897883
v -0.506268 0.674102 -0.860323
v -0.509884 0.617180 -0.862520
v -0.470270 0.664721 -0.830065
v -0.478720 0.610425 -0.835596
v -0.434029 0.652230 -0.802829
v -0.447262 0.600281 -0.812351
v -0.397737 0.634418 -0.779165
v -0.416375 0.586646 -0.790451
v -0.442400 0.538338 -0.788119
v -0.382962 0.566377 -0.770587
v -0.412547 0.522798 -0.770426
v -0.348436 0.540282 -0.752210
v -0.380119 0.499018 -0.754250
v -0.416396 0.460466 -0.746147
v -0.347374 0.468119 -0.737392
v -0.384964 0.431750 -0.733150
v -0.424799 0.397819 -0.711707
v -0.351967 0.395905 -0.718156
v -0.391442 0.364795 -0.699947
v -0.431291 0.332186 -0.674238
v -0.353765 0.327910 -0.682027
v -0.394046 0.294631 -0.663759
v -0.433739 0.264710 -0.630430
v -0.356910 0.257724 -0.648950
v -0.395973 0.232446 -0.615346
v -0.433607 0.206307 -0.576191
v -0.360338 0.197337 -0.600789
v -0.397680 0.173370 -0.561939
v -0.434351 0.148579 -0.521634
v -0.363421 0.137972 -0.548485
v -0.399971 0.114693 -0.508885
v -0.432881 0.095022 -0.464093
v -0.467949 0.127754 -0.477050
v -0.463253 0.078187 -0.416938
v -0.497922 0.112204 -0.428907
v -0.489714 0.067330 -0.366230
v -0.524909 0.101461 -0.378860
v -0.516152 0.058596 -0.315063
v -0.551592 0.092786 -0.329002
v -0.542061 0.052564 -0.268314
v -0.577014 0.087348 -0.282795
v -0.554452 0.064960 -0.217753
v -0.587522 0.101044 -0.231543
v -0.565153 0.082321 -0.162384
v -0.598841 0.117337 -0.176522
v -0.571044 0.104793 -0.107892
v -0.605294 0.139377 -0.122118
v -0.572964 0.131010 -0.054812
v -0.607898 0.165162 -0.069345
v -0.573403 0.159092 -0.003165
v -0.608557 0.193496 -0.018528
v -0.642359 0.227687 -0.034901
v -0.601206 0.229407 0.025242
v -0.634706 0.264036 0.007577
v -0.669134 0.296495 -0.008629
v -0.620763 0.305731 0.042125
v -0.655739 0.338568 0.025509
v -0.689934 0.369874 0.008710
v -0.636180 0.383675 0.050517
v -0.670733 0.416103 0.032525
v -0.705994 0.445923 0.015496
v -0.645895 0.462388 0.044020
v -0.684519 0.493715 0.027848
v -0.725734 0.521787 0.014616
v -0.659913 0.540152 0.030070
v -0.704161 0.570643 0.016567
v -0.633633 0.584670 0.023856
v -0.680337 0.617230 0.011161
v -0.606570 0.626270 0.007656
v -0.655248 0.658191 -0.007707
v -0.579532 0.663205 -0.017357
v -0.629988 0.694701 -0.034890
v -0.552825 0.695854 -0.048365
v -0.604825 0.728870 -0.064879
v -0.526627 0.725564 -0.082814
v -0.580344 0.758979 -0.099707
v -0.580344 0.758979 -0.099707
v -0.526627 0.725564 -0.082814
v -0.502279 0.749663 -0.122605
v -0.557655 0.781996 -0.140783
v -0.478383 0.771954 -0.163077
v -0.535178 0.802807 -0.182974
v -0.455850 0.787639 -0.206491
v -0.513126 0.819486 -0.226544
v -0.432784 0.800553 -0.249838
v -0.491721 0.828680 -0.272148
v -0.409051 0.809359 -0.293591
v -0.467610 0.838694 -0.315929
v -0.525293 0.867925 -0.339325
v -0.442758 0.842784 -0.360353
v -0.500417 0.868150 -0.385927
v -0.556547 0.889753 -0.414540
v -0.474259 0.864011 -0.431489
v -0.530479 0.885993 -0.460614
v -0.585455 0.905808 -0.491831
v -0.503263 0.878316 -0.504659
v -0.558852 0.893179 -0.536544
v -0.610359 0.908890 -0.570572
v -0.529311 0.878908 -0.580665
v -0.580183 0.891494 -0.615017
v -0.629572 0.898826 -0.648332
v -0.548855 0.873975 -0.658298
v -0.599064 0.878788 -0.691907
v -0.647199 0.886891 -0.724736
v -0.567526 0.862082 -0.733314
v -0.616150 0.869673 -0.766944
v -0.664633 0.881229 -0.799456
v -0.588942 0.851270 -0.803811
v -0.637484 0.861651 -0.837162
v -0.684931 0.870224 -0.871591
v -0.713557 0.890452 -0.831110
v -0.761483 0.898726 -0.861375
v -0.615583 0.827108 -0.869459
v -0.571884 0.814901 -0.832657
v -0.556356 0.776065 -0.861956
v -0.524928 0.802295 -0.795039
v -0.512160 0.764456 -0.824951
v -0.506687 0.722637 -0.847883
v -0.469043 0.749615 -0.792746
v -0.466121 0.710714 -0.816897
v -0.426404 0.734232 -0.765659
v -0.425705 0.696320 -0.788524
v -0.383027 0.716364 -0.739913
v -0.385509 0.677702 -0.761978
v -0.341999 0.693272 -0.713354
v -0.346468 0.653880 -0.737812
v -0.361314 0.611382 -0.757856
v -0.307087 0.626306 -0.717681
v -0.323877 0.584018 -0.739946
v -0.269434 0.595965 -0.698756
v -0.286329 0.553689 -0.724096
v -0.313537 0.509591 -0.734659
v -0.248984 0.521602 -0.708948
v -0.279572 0.476982 -0.717481
v -0.314385 0.433084 -0.721721
v -0.245691 0.443189 -0.701979
v -0.280268 0.398069 -0.707829
v -0.316002 0.359122 -0.701689
v -0.242413 0.363100 -0.694938
v -0.277498 0.323277 -0.685637
v -0.316213 0.289654 -0.667965
v -0.238896 0.288102 -0.668062
v -0.278845 0.252717 -0.651650
v -0.320405 0.220349 -0.634079
v -0.242791 0.218325 -0.630839
v -0.285429 0.184579 -0.614332
v -0.326001 0.159417 -0.586299
v -0.250649 0.149865 -0.594723
v -0.291464 0.121990 -0.569858
v -0.329777 0.100531 -0.534465
v -0.256338 0.085831 -0.552873
v -0.296294 0.062997 -0.519556
v -0.333650 0.040664 -0.483911
v -0.366755 0.078330 -0.496670
v -0.365257 0.021835 -0.442741
v -0.399226 0.059327 -0.453077
v -0.392934 0.006735 -0.395300
v -0.427956 0.043753 -0.405261
v -0.418410 -0.004567 -0.344722
v -0.454341 0.032033 -0.354776
v -0.444726 -0.014029 -0.293223
v -0.480838 0.022563 -0.303278
v -0.469635 -0.018340 -0.242044
v -0.506666 0.016809 -0.254888
v -0.485018 -0.007761 -0.188842
v -0.520328 0.028176 -0.203582
v -0.496778 0.009907 -0.133267
v -0.531256 0.046130 -0.148228
v -0.502138 0.034009 -0.078986
v -0.536180 0.069914 -0.093946
v -0.504060 0.061056 -0.025721
v -0.537240 0.097112 -0.040883
v -0.501256 0.091451 0.025399
v -0.536834 0.125690 0.010964
v -0.493266 0.125893 0.072412
v -0.529139 0.160465 0.057056
v -0.566113 0.194508 0.042087
v -0.514162 0.200661 0.094405
v -0.550886 0.235662 0.077689
v -0.586434 0.270966 0.060156
v -0.530427 0.279621 0.104665
v -0.566103 0.315115 0.086230
v -0.601419 0.350115 0.068408
v -0.539814 0.360352 0.102185
v -0.574826 0.395526 0.082831
v -0.609950 0.429568 0.063201
v -0.543570 0.440150 0.083532
v -0.580271 0.474158 0.063363
v -0.618815 0.507536 0.045533
v -0.549869 0.517239 0.055377
v -0.590528 0.551530 0.039047
v -0.518855 0.556635 0.037607
v -0.561122 0.592228 0.022539
v -0.488128 0.595181 0.016651
v -0.532152 0.630322 0.000709
v -0.458424 0.628976 -0.011909
v -0.504171 0.662594 -0.030583
v -0.429813 0.657523 -0.046573
v -0.476931 0.691361 -0.065660
v -0.476931 0.691361 -0.065660
v -0.429813 0.657523 -0.046573
v -0.402002 0.682736 -0.083981
v -0.450408 0.716640 -0.103815
v -0.375278 0.703207 -0.124434
v -0.425055 0.737564 -0.144364
v -0.349655 0.718960 -0.166983
v -0.400864 0.754188 -0.186953
v -0.324291 0.731595 -0.209128
v -0.377256 0.766367 -0.230067
v -0.298693 0.741073 -0.251468
v -0.353069 0.775293 -0.273037
v -0.273441 0.746626 -0.293737
v -0.328144 0.781477 -0.315659
v -0.384683 0.814174 -0.337254
v -0.303939 0.779526 -0.359553
v -0.360393 0.810481 -0.382249
v -0.417173 0.839691 -0.405578
v -0.335305 0.801726 -0.426689
v -0.390789 0.831684 -0.450304
v -0.446447 0.858304 -0.476065
v -0.364144 0.820639 -0.494195
v -0.418215 0.848869 -0.519736
v -0.474446 0.867768 -0.548681
v -0.395237 0.826946 -0.562207
v -0.447464 0.848286 -0.590329
v -0.497973 0.865784 -0.623736
v -0.424412 0.821985 -0.629891
v -0.471054 0.842698 -0.661207
v -0.518085 0.857865 -0.697468
v -0.450240 0.811360 -0.696732
v -0.496187 0.826558 -0.728571
v -0.542100 0.838810 -0.766197
v -0.480950 0.786108 -0.759819
v -0.437736 0.769817 -0.731086
v -0.404463 0.792348 -0.669599
v -0.392080 0.753958 -0.706429
v -0.356679 0.771114 -0.645351
v -0.347689 0.732731 -0.681562
v -0.308145 0.745529 -0.622484
v -0.302514 0.706846 -0.657452
v -0.299464 0.668019 -0.690682
v -0.255528 0.678486 -0.637153
v -0.258033 0.638489 -0.670204
v -0.212399 0.644127 -0.616380
v -0.217829 0.605052 -0.651343
v -0.230729 0.563406 -0.681671
v -0.177096 0.569180 -0.634868
v -0.192299 0.528779 -0.666400
v -0.213170 0.487524 -0.693181
v -0.153687 0.491520 -0.652636
v -0.176617 0.451682 -0.679865
v -0.209748 0.408083 -0.689485
v -0.139650 0.413190 -0.666120
v -0.171171 0.371381 -0.676801
v -0.202513 0.328223 -0.679741
v -0.129906 0.333476 -0.661625
v -0.162484 0.291951 -0.662629
v -0.201418 0.253654 -0.648703
v -0.124870 0.255785 -0.641376
v -0.165905 0.219036 -0.629497
v -0.208328 0.184284 -0.612179
v -0.132168 0.182739 -0.613259
v -0.173642 0.148329 -0.597243
v -0.215125 0.114531 -0.578392
v -0.138353 0.112269 -0.584623
v -0.178946 0.080655 -0.562079
v -0.220641 0.052198 -0.534212
v -0.142487 0.049246 -0.543745
v -0.184601 0.020922 -0.515555
v -0.227349 -0.007619 -0.486677
v -0.262191 0.027209 -0.502510
v -0.264327 -0.035305 -0.459155
v -0.300074 0.002440 -0.471001
v -0.290232 -0.054069 -0.421308
v -0.329406 -0.016573 -0.432428
v -0.315372 -0.067353 -0.372928
v -0.355545 -0.030744 -0.384926
v -0.341452 -0.077238 -0.322284
v -0.380733 -0.041273 -0.334367
v -0.368496 -0.084225 -0.269547
v -0.406710 -0.049513 -0.282003
v -0.395183 -0.087269 -0.215266
v -0.432062 -0.052419 -0.228868
v -0.415179 -0.079389 -0.158935
v -0.449805 -0.043332 -0.173930
v -0.427063 -0.061282 -0.101563
v -0.461641 -0.025641 -0.117577
v -0.435055 -0.038848 -0.045877
v -0.469442 -0.003016 -0.062587
v -0.440267 -0.013517 0.008126
v -0.472624 0.023592 -0.009217
v -0.435346 0.019330 0.058264
v -0.467322 0.055944 0.040963
v -0.425242 0.055863 0.105492
v -0.458829 0.090833 0.088679
v -0.406431 0.098210 0.143769
v -0.440905 0.132353 0.126411
v -0.476916 0.166465 0.110002
v -0.418904 0.177022 0.156715
v -0.455369 0.210657 0.139187
v -0.493072 0.244797 0.122183
v -0.430505 0.257755 0.158463
v -0.468222 0.290862 0.139887
v -0.504212 0.325119 0.120536
v -0.435868 0.337967 0.141821
v -0.471538 0.371382 0.121858
v -0.507663 0.405804 0.103628
v -0.437485 0.416169 0.115784
v -0.474128 0.449796 0.095287
v -0.511256 0.483326 0.074613
v -0.440377 0.490836 0.080034
v -0.478881 0.523747 0.058201
v -0.406736 0.526675 0.055672
v -0.446613 0.560256 0.034498
v -0.373678 0.560687 0.028326
v -0.415072 0.594821 0.007636
v -0.446613 0.560256 0.034498
v -0.415072 0.594821 0.007636
v -0.458424 0.628976 -0.011909
v -0.488128 0.595181 0.016651
v -0.415072 0.594821 0.007636
v -0.373678 0.560687 0.028326
v -0.342248 0.589596 -0.004751
v -0.385057 0.623722 -0.026020
v -0.415072 0.594821 0.007636
v -0.385057 0.623722 -0.026020
v -0.429813 0.657523 -0.046573
v -0.458424 0.628976 -0.011909
v -0.385057 0.623722 -0.026020
v -0.342248 0.589596 -0.004751
v -0.312429 0.612788 -0.042528
v -0.356277 0.647906 -0.063768
v -0.283136 0.633904 -0.080908
v -0.328379 0.668399 -0.103392
v -0.254730 0.650446 -0.121468
v -0.301149 0.684511 -0.144870
v -0.227394 0.661067 -0.163923
v -0.274415 0.696477 -0.186999
v -0.201248 0.665878 -0.207144
v -0.248727 0.703168 -0.229868
v -0.174427 0.669462 -0.250078
v -0.222206 0.708997 -0.271890
v -0.148656 0.670113 -0.292947
v -0.197423 0.708855 -0.314893
v -0.249202 0.745756 -0.337049
v -0.177177 0.697162 -0.359879
v -0.227535 0.734659 -0.381829
v -0.280289 0.769802 -0.404101
v -0.206615 0.718706 -0.426786
v -0.257462 0.755176 -0.448883
v -0.310365 0.789002 -0.471198
v -0.236617 0.736392 -0.493460
v -0.288622 0.770056 -0.515632
v -0.342203 0.799887 -0.537938
v -0.270338 0.746859 -0.559300
v -0.322545 0.776090 -0.581258
v -0.374404 0.800612 -0.603955
v -0.259187 0.715844 -0.600451
v -0.221016 0.711563 -0.537261
v -0.213503 0.679952 -0.578219
v -0.175028 0.672535 -0.516134
v -0.167762 0.642539 -0.559519
v -0.168266 0.607893 -0.599333
v -0.123496 0.604434 -0.542271
v -0.126041 0.569543 -0.583313
v -0.137082 0.530838 -0.619574
v -0.087120 0.529693 -0.566439
v -0.098221 0.492114 -0.605380
v -0.115336 0.453000 -0.639452
v -0.060964 0.453480 -0.590379
v -0.078219 0.415171 -0.624739
v -0.101367 0.374628 -0.649922
v -0.040814 0.378871 -0.607659
v -0.061391 0.338898 -0.630606
v -0.089315 0.296722 -0.640362
v -0.022025 0.304660 -0.609232
v -0.053834 0.262332 -0.614977
v -0.091583 0.220692 -0.618173
v -0.021055 0.225465 -0.594713
v -0.059045 0.184371 -0.598861
v -0.098264 0.146547 -0.597812
v -0.025548 0.145215 -0.585743
v -0.064051 0.109759 -0.582666
v -0.102113 0.077947 -0.568571
v -0.029927 0.072075 -0.567221
v -0.066236 0.044169 -0.551257
v -0.105794 0.017396 -0.526877
v -0.032499 0.008187 -0.537987
v -0.069675 -0.016537 -0.513519
v -0.111456 -0.046238 -0.490084
v -0.148165 -0.011707 -0.500659
v -0.153434 -0.078728 -0.468120
v -0.191077 -0.043165 -0.476011
v -0.186611 -0.106352 -0.442910
v -0.224691 -0.070134 -0.449458
v -0.208652 -0.121574 -0.399903
v -0.246542 -0.085874 -0.408709
v -0.234772 -0.135658 -0.348029
v -0.274154 -0.101521 -0.360141
v -0.266691 -0.149958 -0.297700
v -0.303257 -0.114170 -0.309821
v -0.295273 -0.155490 -0.243360
v -0.330954 -0.119892 -0.256641
v -0.323819 -0.155898 -0.186937
v -0.358610 -0.121882 -0.200926
v -0.349403 -0.151425 -0.128506
v -0.381843 -0.116305 -0.143508
v -0.359420 -0.132091 -0.069367
v -0.392773 -0.096910 -0.085472
v -0.366365 -0.108191 -0.013105
v -0.399493 -0.073221 -0.029559
v -0.374072 -0.083188 0.041953
v -0.406765 -0.049255 0.025344
v -0.374252 -0.050754 0.093339
v -0.403595 -0.016713 0.075992
v -0.362381 -0.010712 0.138826
v -0.392366 0.021544 0.122358
v -0.342334 0.032933 0.177259
v -0.372711 0.064754 0.160441
v -0.317713 0.078242 0.209435
v -0.348847 0.110286 0.191821
v -0.382816 0.143560 0.173833
v -0.320232 0.158021 0.213606
v -0.355983 0.191338 0.195291
v -0.393044 0.224758 0.177161
v -0.325567 0.238905 0.204170
v -0.362576 0.272090 0.183464
v -0.399362 0.304762 0.161578
v -0.327535 0.315822 0.177254
v -0.364487 0.349189 0.156421
v -0.401063 0.382502 0.135887
v -0.328108 0.389204 0.141375
v -0.365401 0.423099 0.121236
v -0.402741 0.457005 0.100893
v -0.329899 0.459056 0.097826
v -0.368096 0.492698 0.076607
v -0.294972 0.493133 0.071662
v -0.333980 0.526800 0.049882
v -0.260931 0.522235 0.040280
v -0.301043 0.555732 0.017494
v -0.342248 0.589596 -0.004751
v -0.301043 0.555732 0.017494
v -0.260931 0.522235 0.040280
v -0.228877 0.543882 0.002662
v -0.270008 0.578304 -0.020095
v -0.197258 0.564169 -0.035092
v -0.239600 0.598962 -0.058254
v -0.166824 0.580728 -0.074307
v -0.210072 0.615711 -0.097917
v -0.138169 0.590392 -0.116379
v -0.182250 0.625285 -0.140332
v -0.110462 0.595006 -0.159984
v -0.155183 0.630209 -0.183575
v -0.082969 0.597116 -0.203928
v -0.128138 0.632629 -0.227193
v -0.058144 0.594086 -0.249336
v -0.102951 0.631067 -0.271291
v -0.039065 0.582846 -0.296596
v -0.083403 0.620251 -0.317391
v -0.128774 0.659072 -0.338368
v -0.068787 0.601897 -0.364496
v -0.112247 0.641378 -0.384552
v -0.158324 0.680276 -0.405268
v -0.098514 0.619395 -0.431517
v -0.142343 0.658773 -0.451040
v -0.188521 0.697858 -0.471615
v -0.130274 0.633575 -0.497047
v -0.087594 0.594361 -0.478700
v -0.081721 0.565491 -0.524738
v -0.045408 0.555967 -0.460746
v -0.042587 0.525950 -0.507093
v -0.049301 0.490392 -0.549921
v -0.003989 0.486592 -0.489257
v -0.011660 0.451380 -0.533194
v -0.023866 0.415400 -0.574940
v 0.025955 0.411433 -0.515387
v 0.014127 0.375767 -0.557838
v -0.001223 0.342116 -0.589855
v 0.052912 0.335000 -0.540323
v 0.037845 0.301508 -0.572412
v 0.014095 0.266309 -0.589944
v 0.074166 0.257939 -0.556357
v 0.047024 0.221990 -0.575334
v 0.012026 0.183875 -0.581366
v 0.079895 0.176966 -0.560801
v 0.044932 0.138610 -0.567733
v 0.007613 0.102864 -0.572974
v 0.074481 0.094579 -0.547270
v 0.036666 0.059050 -0.553869
v 0.000052 0.031669 -0.552295
v 0.061014 0.020182 -0.537840
v 0.026509 -0.007555 -0.542296
v -0.003843 -0.027908 -0.530919
v 0.060967 -0.049539 -0.533043
v 0.030356 -0.070518 -0.523268
v -0.001298 -0.090194 -0.498618
v -0.037160 -0.050579 -0.505273
v -0.040598 -0.117342 -0.478374
v -0.077609 -0.079559 -0.483468
v -0.081195 -0.147416 -0.459824
v -0.120226 -0.111116 -0.464597
v -0.117569 -0.174311 -0.428244
v -0.154283 -0.137966 -0.436543
v -0.147590 -0.192749 -0.383717
v -0.178670 -0.153674 -0.392342
v -0.176470 -0.206097 -0.329843
v -0.205241 -0.168455 -0.339305
v -0.210162 -0.216750 -0.276538
v -0.237067 -0.181309 -0.287258
v -0.240839 -0.220403 -0.220227
v -0.267276 -0.186390 -0.232301
v -0.270308 -0.219208 -0.163079
v -0.296088 -0.186668 -0.175290
v -0.294931 -0.210955 -0.103187
v -0.321436 -0.181362 -0.115520
v -0.307760 -0.194056 -0.041962
v -0.332216 -0.162382 -0.055419
v -0.313141 -0.171252 0.016702
v -0.338971 -0.138573 0.001268
v -0.319198 -0.143503 0.071718
v -0.346128 -0.112244 0.056196
v -0.321043 -0.109118 0.123574
v -0.348830 -0.078830 0.107824
v -0.308852 -0.068995 0.169512
v -0.337400 -0.038105 0.153354
v -0.288212 -0.027328 0.209709
v -0.316868 0.004736 0.192894
v -0.262539 0.015929 0.243397
v -0.291314 0.049398 0.225712
v -0.231450 0.061683 0.268780
v -0.261505 0.096096 0.250204
v -0.287831 0.125248 0.232367
v -0.226649 0.143333 0.264141
v -0.254721 0.172329 0.245130
v -0.289234 0.205546 0.225329
v -0.218163 0.216678 0.243997
v -0.253543 0.249190 0.221125
v -0.290391 0.282571 0.198862
v -0.216352 0.289033 0.207565
v -0.253473 0.322177 0.184329
v -0.290805 0.355609 0.162327
v -0.216261 0.359183 0.164503
v -0.254045 0.392854 0.142257
v -0.291920 0.425988 0.119873
v -0.217724 0.427052 0.117754
v -0.256304 0.459838 0.094139
v -0.182136 0.456221 0.087766
v -0.221536 0.488528 0.063179
v -0.221536 0.488528 0.063179
v -0.182136 0.456221 0.087766
v -0.148696 0.476192 0.050149
v -0.188730 0.509289 0.025564
v -0.115464 0.495343 0.012613
v -0.156153 0.529355 -0.011705
v -0.083022 0.512553 -0.025485
v -0.124400 0.546667 -0.049930
v -0.054171 0.519871 -0.068956
v -0.095442 0.555396 -0.092566
v -0.025511 0.524100 -0.113203
v -0.067290 0.559565 -0.136583
v 0.001574 0.523872 -0.158921
v -0.038946 0.561875 -0.180875
v 0.026863 0.519862 -0.206113
v -0.014934 0.556939 -0.227627
v 0.046008 0.508467 -0.255353
v 0.003985 0.545641 -0.275959
v 0.059420 0.490558 -0.305371
v 0.017334 0.527381 -0.325130
v -0.025735 0.563894 -0.344763
v 0.028690 0.505834 -0.374744
v -0.013595 0.542537 -0.393705
v -0.055957 0.580272 -0.412512
v -0.003399 0.518633 -0.442986
v -0.003399 0.518633 -0.442986
v 0.036135 0.479905 -0.424137
v -0.003399 0.518633 -0.442986
v 0.036135 0.479905 -0.424137
v 0.033630 0.446705 -0.470495
v -0.003399 0.518633 -0.442986
v 0.074260 0.440643 -0.404846
v 0.071532 0.407370 -0.452092
v 0.063835 0.371323 -0.497300
v 0.110005 0.369171 -0.434620
v 0.101945 0.332198 -0.480142
v 0.090848 0.294356 -0.523097
v 0.138606 0.294148 -0.463680
v 0.127194 0.256063 -0.506899
v 0.107407 0.216574 -0.540063
v 0.161728 0.219400 -0.491537
v 0.142005 0.179022 -0.525070
v 0.112114 0.136151 -0.542467
v 0.171825 0.146286 -0.511867
v 0.138143 0.101632 -0.525686
v 0.098949 0.057035 -0.529004
v 0.170110 0.060625 -0.513356
v 0.133460 0.015110 -0.518548
v 0.095733 -0.021527 -0.527021
v -0.120314 -0.226089 -0.375256
v -0.153326 -0.238503 -0.321319
v -0.268924 -0.240922 -0.022701
v -0.277733 -0.218755 0.039077
v -0.292681 -0.199063 0.029827
v -0.285965 -0.221445 -0.030749
v -0.189046 -0.247221 -0.267053
v -0.248185 -0.245748 -0.151868
v -0.220144 -0.249628 -0.209876
v -0.271527 -0.236261 -0.092420
v -0.297119 -0.170456 0.085877
v -0.294973 -0.136250 0.138187
v -0.282383 -0.097464 0.184367
v -0.261522 -0.057402 0.224307
v -0.236414 -0.015230 0.258811
v -0.205675 0.030234 0.285158
v -0.168221 0.076419 0.301691
v -0.194971 0.108412 0.284202
v -0.126667 0.122586 0.307927
v -0.154059 0.153095 0.287535
v 0.205064 0.104644 -0.498797
v 0.232701 0.070201 -0.488531
v 0.199712 0.027673 -0.507609
v 0.165145 -0.017626 -0.516131
v 0.184348 -0.037106 -0.516562
v 0.149017 -0.075682 -0.523140
v 0.128485 -0.054902 -0.523544
v -0.187140 0.187116 0.264389
v -0.111858 0.193143 0.278673
v -0.147436 0.226585 0.252833
v -0.179987 0.256352 0.231148
v -0.108494 0.263950 0.235285
v -0.141919 0.293331 0.212107
v -0.178773 0.325803 0.187780
v -0.103957 0.328292 0.189477
v -0.141326 0.360208 0.164486
v -0.179346 0.393531 0.140709
v -0.104592 0.388986 0.135312
v -0.143120 0.422778 0.111603
v -0.143120 0.422778 0.111603
v -0.104592 0.388986 0.135312
v -0.069498 0.410176 0.099147
v -0.109216 0.442191 0.073943
v -0.035462 0.427558 0.060789
v -0.075266 0.461550 0.036927
v -0.001752 0.444219 0.022570
v -0.042391 0.477716 -0.001831
v 0.029301 0.453806 -0.019812
v -0.012347 0.486517 -0.044464
v 0.058253 0.457831 -0.065138
v 0.016500 0.490679 -0.089188
v 0.084413 0.455570 -0.113013
v 0.043606 0.489825 -0.135794
v 0.107926 0.448322 -0.162957
v 0.067779 0.483626 -0.184437
v 0.127001 0.435490 -0.214377
v 0.086951 0.471608 -0.234831
v 0.141065 0.417591 -0.266464
v 0.100914 0.454062 -0.285891
v 0.150132 0.394578 -0.318695
v 0.111326 0.432298 -0.337302
v 0.069993 0.468864 -0.355741
v 0.115578 0.404569 -0.387883
v 0.074260 0.440643 -0.404846
v 0.153296 0.366309 -0.370128
v 0.115578 0.404569 -0.387883
v 0.153296 0.366309 -0.370128
v 0.146987 0.331004 -0.417498
v 0.189624 0.329006 -0.353015
v 0.182940 0.294133 -0.401646
v 0.173995 0.257420 -0.448273
v 0.215741 0.260217 -0.387538
v 0.205800 0.223034 -0.434245
v 0.192661 0.185691 -0.478155
v 0.243747 0.183141 -0.419573
v 0.228077 0.144993 -0.463979
v 0.051630 -0.150037 -0.491266
v 0.015185 -0.175922 -0.472033
v -0.006184 -0.153645 -0.474328
v 0.030622 -0.126474 -0.493975
v -0.063709 -0.227652 -0.413294
v -0.101136 -0.248172 -0.368918
v -0.084706 -0.206688 -0.419684
v -0.137253 -0.260687 -0.315445
v -0.173150 -0.267732 -0.260323
v -0.204332 -0.269354 -0.202132
v -0.231095 -0.264727 -0.143271
v -0.253121 -0.255088 -0.084119
v 0.292776 0.227653 -0.310551
v 0.286678 0.190562 -0.361364
v 0.254376 0.221014 -0.372284
v 0.261043 0.258366 -0.322696
v 0.061919 -0.106423 -0.515682
v 0.093443 -0.084184 -0.525402
v -0.280997 -0.189430 0.096392
v -0.276612 -0.154919 0.148661
v -0.264190 -0.116884 0.194433
v -0.264190 -0.116884 0.194433
v -0.242678 -0.078200 0.233536
v -0.218272 -0.037321 0.269298
v -0.188080 0.008380 0.296107
v -0.151153 0.054967 0.312787
v -0.109343 0.102320 0.321898
v -0.045799 -0.182022 -0.453361
v -0.040402 0.203141 0.284348
v -0.070996 0.230402 0.261745
v -0.083132 0.164725 0.300869
v 0.276095 0.091649 -0.447394
v 0.250632 0.049532 -0.482037
v 0.257543 0.112086 -0.453719
v -0.000065 0.239195 0.261243
v -0.030703 0.266110 0.240417
v -0.064878 0.145988 0.315573
v 0.314064 0.238415 -0.248867
v 0.293348 0.258290 -0.256343
v 0.289130 0.282727 -0.200601
v 0.310156 0.263603 -0.192821
v 0.019211 0.222441 0.274183
v -0.021222 0.185949 0.298549
v 0.219025 0.007118 -0.504028
v 0.242267 0.325404 -0.031996
v 0.263032 0.316166 -0.087329
v 0.226689 0.346332 -0.103361
v 0.205239 0.354937 -0.049231
v -0.024678 -0.203778 -0.448020
v 0.041812 0.266065 0.233260
v 0.010132 0.293873 0.211863
v 0.312694 0.208874 -0.303438
v 0.306089 0.172313 -0.354847
v 0.186337 0.327682 0.070056
v 0.154838 0.319513 0.117471
v 0.176712 0.302335 0.129475
v 0.208866 0.310029 0.081687
v 0.238315 0.312322 0.031467
v 0.215907 0.330121 0.020900
v -0.069665 0.299879 0.213959
v -0.031174 0.328865 0.184559
v -0.066887 0.356413 0.159158
v -0.066887 0.356413 0.159158
v -0.031174 0.328865 0.184559
v 0.005484 0.347727 0.147197
v -0.031502 0.376350 0.122226
v 0.041496 0.364868 0.109629
v 0.004201 0.395708 0.085878
v 0.076576 0.381129 0.071119
v 0.038634 0.411705 0.047439
v 0.108002 0.390662 0.027072
v 0.069909 0.420614 0.004363
v 0.136412 0.393717 -0.020271
v 0.098818 0.424840 -0.041695
v 0.161629 0.391035 -0.070873
v 0.124346 0.422268 -0.090960
v 0.182955 0.381700 -0.123663
v 0.146691 0.413589 -0.142182
v 0.201830 0.368788 -0.177139
v 0.166008 0.400513 -0.194607
v 0.214730 0.349765 -0.231174
v 0.179655 0.381831 -0.247627
v 0.221687 0.325806 -0.285434
v 0.187716 0.357875 -0.300780
v 0.222464 0.296200 -0.338451
v 0.189624 0.329006 -0.353015
v 0.260349 0.289466 -0.269092
v 0.261043 0.258366 -0.322696
v 0.222464 0.296200 -0.338451
v 0.150837 0.355931 0.051231
v 0.120048 0.347173 0.097614
v 0.179394 0.358909 0.002715
v 0.083760 0.285404 0.200403
v 0.049373 0.313469 0.177041
v 0.217207 -0.000080 -0.491774
v 0.185412 -0.042733 -0.506322
v 0.152996 -0.080279 -0.513447
v 0.149017 -0.075682 -0.523140
v 0.152996 -0.080279 -0.513447
v 0.120865 -0.110027 -0.511640
v 0.113858 -0.105207 -0.521681
v 0.113858 -0.105207 -0.521681
v 0.120865 -0.110027 -0.511640
v 0.091674 -0.134413 -0.502001
v 0.082150 -0.128593 -0.511016
v 0.061262 -0.157576 -0.485648
v 0.024576 -0.182489 -0.467849
v -0.013545 -0.207714 -0.439329
v -0.052771 -0.230758 -0.405368
v -0.090978 -0.248071 -0.361520
v -0.129091 -0.260349 -0.310401
v -0.164195 -0.267655 -0.255763
v -0.194614 -0.268707 -0.198131
v -0.219490 -0.264405 -0.139079
v -0.240833 -0.256156 -0.080590
v -0.256711 -0.242715 -0.020211
v -0.266275 -0.222243 0.041254
v -0.269043 -0.195254 0.099404
v -0.262706 -0.161807 0.151332
v -0.247205 -0.124321 0.194664
v -0.264190 -0.116884 0.194433
v -0.264190 -0.116884 0.194433
v -0.247205 -0.124321 0.194664
v -0.231728 -0.085447 0.234318
v -0.242678 -0.078200 0.233536
v -0.231728 -0.085447 0.234318
v -0.207008 -0.046713 0.270588
v -0.178735 -0.001895 0.299674
v -0.143093 0.045549 0.317297
v -0.101864 0.093549 0.327242
v -0.056979 0.137617 0.321720
v 0.275190 0.151168 -0.408934
v 0.120834 0.303953 0.161381
v 0.085567 0.331096 0.138948
v 0.049373 0.313469 0.177041
v 0.083760 0.285404 0.200403
v 0.279231 0.302341 -0.143750
v 0.254463 0.313898 -0.214083
v 0.243699 0.333093 -0.158548
v 0.049373 0.313469 0.177041
v 0.049373 0.313469 0.177041
v 0.005484 0.347727 0.147197
v -0.031174 0.328865 0.184559
v 0.010132 0.293873 0.211863
v 0.292776 0.227653 -0.310551
v 0.141371 0.288168 0.173767
v 0.060049 0.248843 0.245864
v 0.102850 0.269379 0.213753
v 0.300392 0.283808 -0.135264
v 0.284122 0.298225 -0.078215
v 0.102850 0.269379 0.213753
v 0.294145 0.132493 -0.403141
v 0.276095 0.091649 -0.447394
v 0.297111 0.123495 -0.397902
v 0.277117 0.081727 -0.439536
v 0.276095 0.091649 -0.447394
v 0.277117 0.081727 -0.439536
v 0.249373 0.040111 -0.470239
v 0.249373 0.040111 -0.470239
v 0.277117 0.081727 -0.439536
v 0.268105 0.076990 -0.431216
v 0.241069 0.036572 -0.460535
v 0.209180 -0.002638 -0.481648
v 0.217207 -0.000080 -0.491774
v 0.223572 0.029098 -0.440866
v 0.179156 -0.043115 -0.494429
v 0.185412 -0.042733 -0.506322
v -0.238993 -0.172190 0.085142
v -0.232772 -0.141846 0.131442
v -0.254304 -0.155957 0.145850
v -0.258760 -0.187559 0.094545
v 0.149513 -0.077501 -0.501188
v 0.152996 -0.080279 -0.513447
v -0.108635 -0.231818 -0.293698
v -0.141361 -0.238784 -0.243165
v -0.156609 -0.257821 -0.251469
v -0.122520 -0.250881 -0.304665
v 0.119766 -0.104425 -0.498935
v 0.120865 -0.110027 -0.511640
v 0.092475 -0.128237 -0.490759
v 0.091674 -0.134413 -0.502001
v -0.169639 -0.240113 -0.189382
v -0.193384 -0.236183 -0.133975
v -0.210996 -0.255362 -0.137573
v -0.186304 -0.259366 -0.195228
v 0.063478 -0.150354 -0.475200
v 0.061262 -0.157576 -0.485648
v -0.212995 -0.228561 -0.078783
v -0.231382 -0.247433 -0.079841
v 0.029198 -0.174327 -0.455659
v 0.024576 -0.182489 -0.467849
v -0.228890 -0.216517 -0.022994
v -0.247613 -0.234516 -0.020993
v -0.009205 -0.199314 -0.430368
v -0.013545 -0.207714 -0.439329
v -0.127001 0.039302 0.279730
v -0.090443 0.080177 0.288947
v -0.096545 0.087165 0.317708
v -0.137844 0.042742 0.306527
v -0.047620 -0.221429 -0.396779
v -0.052771 -0.230758 -0.405368
v -0.237816 -0.197566 0.033254
v -0.257129 -0.214507 0.038521
v -0.085242 -0.238836 -0.354463
v -0.090978 -0.248071 -0.361520
v 0.166524 -0.043959 -0.470476
v -0.129091 -0.260349 -0.310401
v -0.232772 -0.141846 0.131442
v -0.220661 -0.108989 0.171976
v -0.240361 -0.120469 0.188823
v -0.254304 -0.155957 0.145850
v -0.164195 -0.267655 -0.255763
v -0.220661 -0.108989 0.171976
v -0.203963 -0.074660 0.206919
v -0.223240 -0.082171 0.225694
v -0.240361 -0.120469 0.188823
v -0.194614 -0.268707 -0.198131
v -0.183245 -0.038808 0.236897
v -0.199482 -0.044246 0.259773
v -0.219490 -0.264405 -0.139079
v -0.156891 -0.001459 0.262138
v -0.170685 -0.002786 0.287509
v -0.240833 -0.256156 -0.080590
v -0.256711 -0.242715 -0.020211
v -0.000300 -0.180723 -0.411284
v -0.037333 -0.202955 -0.379767
v -0.266275 -0.222243 0.041254
v -0.269043 -0.195254 0.099404
v -0.050418 0.119099 0.288914
v -0.008858 0.155292 0.276644
v -0.006967 0.169132 0.301035
v -0.052306 0.130091 0.316011
v -0.262706 -0.161807 0.151332
v -0.247205 -0.124321 0.194664
v -0.262706 -0.161807 0.151332
v 0.193213 -0.008271 -0.459442
v 0.151777 -0.026888 -0.405678
v 0.127505 -0.055643 -0.413079
v -0.231728 -0.085447 0.234318
v -0.247205 -0.124321 0.194664
v -0.207008 -0.046713 0.270588
v -0.178735 -0.001895 0.299674
v 0.280867 0.140663 -0.332588
v 0.287913 0.117432 -0.390994
v 0.301651 0.154981 -0.343895
v -0.143093 0.045549 0.317297
v 0.054921 -0.119154 -0.397195
v 0.036753 -0.157080 -0.435261
v 0.068001 -0.134419 -0.452984
v 0.086934 -0.094759 -0.410429
v -0.101864 0.093549 0.327242
v -0.056979 0.137617 0.321720
v 0.177895 0.007153 -0.390355
v -0.012088 0.177688 0.304621
v 0.036111 0.200704 0.276979
v 0.028788 0.214857 0.280258
v -0.012088 0.177688 0.304621
v 0.028788 0.214857 0.280258
v 0.068484 0.239897 0.252312
v 0.312694 0.208874 -0.303438
v 0.093443 -0.084184 -0.525402
v 0.263922 0.308549 -0.022216
v 0.093443 -0.084184 -0.525402
v 0.128485 -0.054902 -0.523544
v 0.093443 -0.084184 -0.525402
v 0.321705 0.227626 -0.244924
v 0.319699 0.197773 -0.298613
v 0.319699 0.197773 -0.298613
v 0.310862 0.162262 -0.349729
v 0.310862 0.162262 -0.349729
v 0.319699 0.197773 -0.298613
v 0.309945 0.188255 -0.293150
v 0.297111 0.123495 -0.397902
v 0.288947 0.171493 -0.283866
v -0.173191 -0.187485 -0.075891
v -0.156794 -0.196130 -0.126440
v 0.107754 0.232132 0.199190
v 0.116450 0.250099 0.218950
v 0.073751 0.227519 0.250425
v 0.069226 0.210844 0.229693
v 0.031626 0.185103 0.255675
v 0.288947 0.171493 -0.283866
v 0.292161 0.199254 -0.233727
v 0.246378 0.161684 -0.218201
v 0.241158 0.135319 -0.261942
v -0.011528 0.126371 0.223764
v -0.045308 0.095928 0.230933
v -0.185602 -0.174476 -0.026242
v -0.192458 -0.156606 0.021238
v -0.178864 -0.082411 0.139361
v 0.176851 0.228800 0.056043
v 0.205879 0.268664 0.076149
v 0.176551 0.260894 0.120947
v 0.151357 0.222920 0.095330
v 0.252715 0.265947 -0.022725
v 0.217911 0.227471 -0.032045
v 0.232752 0.218685 -0.078166
v 0.270619 0.258160 -0.075415
v -0.073879 -0.220387 -0.340581
v -0.014804 -0.162896 -0.345345
v -0.048263 -0.179615 -0.310415
v 0.291523 0.224356 -0.182218
v 0.292161 0.199254 -0.233727
v 0.313580 0.217821 -0.241057
v 0.312304 0.244042 -0.186382
v -0.136379 -0.199998 -0.176546
v 0.112278 0.261365 0.220195
v 0.068484 0.239897 0.252312
v 0.155097 0.267762 0.178287
v 0.151111 0.280634 0.179414
v 0.112278 0.261365 0.220195
v 0.151111 0.280634 0.179414
v 0.112278 0.261365 0.220195
v 0.186858 0.294396 0.135358
v 0.276095 0.091649 -0.447394
v 0.293573 0.291069 -0.073904
v 0.309552 0.275874 -0.131579
v 0.318926 0.254132 -0.189139
v 0.318926 0.254132 -0.189139
v 0.309552 0.275874 -0.131579
v 0.304600 0.265034 -0.129744
v 0.318926 0.254132 -0.189139
v 0.312304 0.244042 -0.186382
v 0.313580 0.217821 -0.241057
v 0.321705 0.227626 -0.244924
v -0.080737 -0.192200 -0.269999
v 0.313580 0.217821 -0.241057
v 0.321705 0.227626 -0.244924
v 0.313580 0.217821 -0.241057
v 0.309945 0.188255 -0.293150
v 0.125506 -0.041127 -0.380395
v 0.102983 -0.070893 -0.395056
v 0.070734 -0.093723 -0.377089
v 0.241158 0.135319 -0.261942
v 0.232153 0.106650 -0.303098
v 0.221312 0.289543 0.087215
v 0.189948 0.281073 0.134830
v -0.193147 -0.135098 0.064993
v -0.188043 -0.109232 0.104602
v -0.178864 -0.082411 0.139361
v -0.188043 -0.109232 0.104602
v 0.091317 0.201051 0.164967
v 0.058306 0.180970 0.191465
v 0.143847 0.248672 0.162403
v 0.019134 -0.143599 -0.374976
v 0.231202 0.269908 0.027904
v 0.247518 0.290898 0.035799
v 0.283935 0.244438 -0.128444
v -0.111429 -0.200108 -0.225186
v 0.242623 0.203827 -0.125418
v 0.123241 0.213903 0.132337
v 0.246967 0.184234 -0.172421
v -0.077602 0.063787 0.230397
v 0.198980 0.230232 0.013517
v 0.289941 0.279068 -0.072967
v 0.270512 0.286400 -0.017532
v 0.219439 0.301779 0.087223
v 0.186858 0.294396 0.135358
v 0.248384 0.304001 0.036303
v 0.219439 0.301779 0.087223
v 0.248384 0.304001 0.036303
v 0.273830 0.300614 -0.017648
v 0.273830 0.300614 -0.017648
v 0.293573 0.291069 -0.073904
v 0.023200 0.155621 0.211037
v 0.213675 0.114823 -0.247967
v 0.203510 0.085553 -0.283798
v 0.189226 0.055331 -0.315499
v 0.167337 0.060791 -0.260599
v 0.152787 0.032159 -0.288878
v 0.135320 0.002266 -0.313120
v 0.171799 0.024322 -0.342722
v 0.114444 -0.029173 -0.334218
v 0.150025 -0.008155 -0.363808
v 0.091417 -0.062324 -0.355279
v 0.077643 -0.051708 -0.306584
v 0.055457 -0.085395 -0.330169
v 0.034782 -0.117674 -0.354188
v 0.021595 -0.105057 -0.302146
v 0.000843 -0.137930 -0.325545
v -0.010946 -0.121368 -0.270990
v -0.032485 -0.154463 -0.292681
v -0.040560 -0.132850 -0.235569
v -0.064204 -0.167577 -0.255356
v -0.066247 -0.139302 -0.197156
v -0.092891 -0.175039 -0.213197
v -0.087763 -0.141049 -0.155906
v -0.117159 -0.175811 -0.168148
v -0.104960 -0.137951 -0.113866
v -0.136314 -0.172756 -0.121551
v -0.118198 -0.130288 -0.071629
v -0.150474 -0.164006 -0.074513
v -0.126631 -0.117963 -0.030027
v -0.160126 -0.149817 -0.028397
v -0.130372 -0.101531 0.009740
v -0.165324 -0.132517 0.015233
v -0.130300 -0.082890 0.046907
v -0.165717 -0.112015 0.055602
v -0.126581 -0.062296 0.080455
v -0.161178 -0.090099 0.092592
v -0.119848 -0.039558 0.110605
v -0.152445 -0.065365 0.123751
v -0.161178 -0.090099 0.092592
v -0.152445 -0.065365 0.123751
v -0.178864 -0.082411 0.139361
v -0.188043 -0.109232 0.104602
v -0.152445 -0.065365 0.123751
v -0.140902 -0.042014 0.147715
v -0.164899 -0.056478 0.167623
v -0.178864 -0.082411 0.139361
v -0.093154 -0.032131 0.074047
v -0.090340 -0.011732 0.106256
v -0.090329 0.007654 0.142133
v -0.063801 0.015051 0.106976
v -0.066537 0.035064 0.148293
v -0.071899 0.052326 0.195139
v -0.097808 0.022961 0.187590
v -0.106153 0.030472 0.223248
v -0.039633 0.061416 0.150152
v -0.043341 0.082381 0.196711
v -0.012150 0.087995 0.147328
v -0.012165 0.110009 0.192198
v 0.016379 0.112515 0.139600
v 0.019668 0.137014 0.180945
v 0.043816 0.134899 0.127085
v 0.050652 0.162349 0.164164
v 0.081198 0.182085 0.142543
v 0.111212 0.193980 0.114662
v 0.246378 0.161684 -0.218201
v 0.218453 0.181348 -0.122557
v 0.221996 0.162636 -0.166198
v 0.220514 0.140608 -0.208277
v 0.188250 0.135592 -0.157264
v 0.185202 0.113445 -0.194533
v 0.220514 0.140608 -0.208277
v 0.185202 0.113445 -0.194533
v 0.178199 0.088414 -0.229632
v 0.213675 0.114823 -0.247967
v 0.178199 0.088414 -0.229632
v 0.185202 0.113445 -0.194533
v 0.147852 0.084177 -0.177644
v 0.141135 0.061094 -0.208690
v 0.178199 0.088414 -0.229632
v 0.141135 0.061094 -0.208690
v 0.130338 0.036252 -0.236780
v 0.106098 0.038414 -0.188446
v 0.095848 0.015132 -0.213348
v 0.081912 -0.010945 -0.235716
v 0.116096 0.008989 -0.261982
v 0.064465 -0.039913 -0.257019
v 0.098418 -0.020387 -0.284449
v 0.043530 -0.071443 -0.279077
v 0.034212 -0.054751 -0.228480
v 0.012628 -0.087056 -0.248761
v 0.008980 -0.063763 -0.197869
v -0.014532 -0.097382 -0.215848
v -0.011665 -0.069294 -0.165087
v -0.037558 -0.102948 -0.180375
v -0.027946 -0.069782 -0.131904
v -0.056513 -0.104306 -0.143529
v -0.040578 -0.066068 -0.098226
v -0.071514 -0.100975 -0.105645
v -0.051010 -0.059414 -0.063763
v -0.083350 -0.093681 -0.067588
v -0.057945 -0.048705 -0.030043
v -0.091208 -0.082817 -0.030377
v -0.062242 -0.035804 0.003658
v -0.095011 -0.068303 0.005852
v -0.063505 -0.020716 0.037142
v -0.095519 -0.051092 0.040853
v -0.063496 -0.003928 0.070844
v -0.034273 0.008259 0.033987
v -0.035855 0.023183 0.068481
v -0.037277 0.041118 0.107136
v -0.009460 0.048521 0.064916
v -0.010690 0.065603 0.103629
v 0.016672 0.072025 0.058875
v 0.015593 0.088745 0.096970
v 0.040615 0.093553 0.050359
v 0.039191 0.109716 0.086114
v 0.046960 0.085065 0.019880
v 0.074314 0.110720 0.016221
v 0.019639 0.061089 0.025149
v 0.025188 0.051239 -0.005649
v 0.054620 0.077744 -0.009877
v -0.007696 0.036138 0.029886
v -0.003247 0.023897 -0.001751
v 0.002322 0.013683 -0.031780
v 0.031812 0.042788 -0.034697
v -0.031667 -0.005223 0.001378
v -0.027020 -0.016889 -0.030177
v -0.020784 -0.026082 -0.061497
v 0.008674 0.004615 -0.060559
v 0.015889 -0.003288 -0.088211
v 0.045303 0.026358 -0.089256
v 0.039305 0.034051 -0.062251
v -0.012130 -0.033512 -0.091924
v -0.001605 -0.038013 -0.121831
v 0.023460 -0.009190 -0.115243
v 0.049776 0.019773 -0.114623
v 0.011799 -0.038602 -0.151851
v 0.028388 -0.035621 -0.181735
v 0.052367 -0.026022 -0.209857
v 0.080348 0.046173 -0.120878
v 0.076702 0.055366 -0.094272
v 0.070836 0.063763 -0.066297
v 0.112528 0.075049 -0.131984
v 0.110340 0.087086 -0.102372
v 0.104622 0.096082 -0.071841
v 0.096667 0.102631 -0.041413
v 0.063530 0.070841 -0.037791
v 0.147419 0.120268 -0.111733
v 0.141709 0.130574 -0.076743
v 0.131713 0.138494 -0.043086
v 0.121055 0.141998 -0.010496
v 0.085606 0.107962 -0.012574
v 0.179546 0.165452 -0.079032
v 0.167675 0.174476 -0.040203
v 0.155415 0.178827 -0.002629
v 0.137627 0.178404 0.032974
v 0.106540 0.142011 0.020271
v 0.196794 0.204633 -0.035921
v 0.180754 0.208023 0.006217
v 0.160066 0.206647 0.045366
v 0.137124 0.202182 0.081681
v 0.209405 0.194786 -0.078806
v 0.186791 0.152589 -0.118059
v 0.150039 0.104062 -0.145295
v 0.111440 0.058152 -0.161309
v 0.147852 0.084177 -0.177644
v -1.064155 0.342808 -0.087736
v -1.059702 0.292504 -0.136830
v -1.215529 0.351701 -0.647457
v -1.154479 0.332517 -0.636761
v -1.094632 0.308636 -0.618688
v -1.129935 0.354353 -0.674189
v -1.050454 0.278305 -0.585166
v -1.478125 0.872905 -1.480624
v -1.501258 0.849704 -1.459952
v -1.479496 0.852338 -1.417995
v -1.532507 0.845336 -1.505905
v -1.548517 0.813449 -1.488179
v -1.520817 0.817230 -1.447997
v -1.582334 0.808545 -1.529632
v -1.590446 0.772780 -1.516014
v -1.560389 0.776447 -1.476654
v -1.619574 0.762080 -1.554090
v -1.613333 0.730915 -1.550170
v -1.594507 0.737420 -1.510066
v -1.649575 0.712537 -1.572306
v -1.637630 0.685182 -1.568518
v -1.605297 0.703277 -1.550069
v -1.670847 0.661407 -1.595921
v -1.651170 0.640410 -1.601177
v -1.619681 0.661495 -1.575088
v -1.680038 0.615075 -1.629286
v -1.656398 0.601086 -1.641829
v -1.627085 0.623252 -1.616075
v -1.602823 0.613852 -1.639317
v -1.597117 0.641590 -1.591074
v -1.633248 0.592346 -1.662774
v -1.612592 0.586721 -1.686868
v -1.580407 0.608410 -1.664385
v -1.612592 0.586721 -1.686868
v -1.590169 0.680017 -1.556904
v -1.590245 0.704965 -1.512921
v -1.568454 0.740252 -1.470780
v -1.534590 0.780131 -1.441831
v -1.500691 0.818825 -1.415874
v -1.490976 0.819169 -1.392015
v -1.468120 0.851955 -1.386924
v -1.468120 0.851955 -1.386924
v -1.490976 0.819169 -1.392015
v -1.489245 0.819099 -1.370251
v -1.505430 0.828858 -1.367843
v -1.523143 0.834944 -1.377069
v -1.523143 0.834944 -1.377069
v -1.545629 0.836832 -1.390020
v -1.545754 0.875060 -1.386095
v -1.513628 0.872801 -1.372301
v -1.562981 0.910002 -1.370126
v -1.522280 0.910543 -1.357869
v -1.585885 0.871404 -1.406099
v -1.604772 0.906266 -1.389871
v -1.627921 0.944632 -1.369837
v -1.587972 0.954188 -1.345533
v -1.646901 0.901929 -1.415974
v -1.668990 0.936230 -1.398498
v -1.693101 0.951312 -1.372584
v -1.655111 0.964149 -1.338960
v -1.710396 0.928039 -1.432655
v -1.733787 0.943226 -1.409187
v -1.754665 0.948245 -1.383309
v -1.716610 0.955277 -1.343694
v -1.777847 0.928485 -1.445447
v -1.798064 0.935892 -1.420786
v -1.814891 0.929646 -1.394023
v -1.773505 0.938214 -1.355594
v -1.844697 0.920207 -1.458374
v -1.861645 0.916719 -1.430410
v -1.875482 0.903997 -1.401712
v -1.828900 0.911575 -1.367555
v -1.910790 0.898179 -1.466070
v -1.924632 0.887250 -1.434968
v -1.929698 0.863403 -1.409063
v -1.883172 0.877966 -1.375942
v -1.970675 0.857536 -1.466124
v -1.976482 0.838575 -1.436336
v -1.971919 0.811520 -1.413177
v -1.930980 0.833689 -1.386958
v -2.014790 0.801828 -1.460668
v -2.009375 0.778010 -1.435178
v -1.998574 0.752346 -1.417099
v -1.960665 0.780115 -1.401449
v -2.046800 0.743155 -1.454270
v -2.036400 0.718580 -1.434981
v -2.023541 0.693771 -1.421309
v -1.985407 0.726664 -1.405267
v -2.077510 0.688112 -1.455138
v -2.065538 0.663623 -1.443581
v -2.049985 0.641393 -1.442417
v -2.007925 0.671652 -1.420342
v -2.107460 0.636470 -1.468049
v -2.089649 0.613644 -1.467979
v -2.068078 0.593667 -1.476813
v -2.030178 0.622422 -1.453777
v -2.123885 0.587207 -1.491994
v -2.101148 0.568169 -1.501802
v -2.075926 0.551612 -1.519195
v -2.042615 0.578166 -1.497535
v -2.130434 0.540061 -1.518253
v -2.105932 0.523679 -1.533678
v -2.084591 0.512357 -1.557535
v -2.051651 0.539108 -1.543939
v -2.034512 0.533834 -1.572050
v -1.997706 0.560965 -1.555327
v -2.016255 0.564671 -1.523963
v -2.069569 0.506593 -1.584277
v -2.058491 0.504894 -1.609658
v -2.023196 0.534149 -1.599303
v -2.100466 0.466597 -1.590548
v -2.092264 0.465718 -1.616400
v -2.092264 0.465718 -1.616400
v -2.089595 0.470036 -1.641891
v -2.054940 0.509416 -1.634764
v -2.058491 0.504894 -1.609658
v -2.128102 0.425120 -1.624614
v -2.128102 0.425120 -1.624614
v -2.125412 0.430515 -1.649764
v -2.129150 0.441112 -1.671763
v -2.094121 0.480681 -1.664075
v -2.101858 0.493693 -1.683813
v -2.064654 0.533891 -1.678348
v -2.056294 0.518749 -1.658544
v -2.136858 0.454002 -1.690669
v -2.149291 0.469205 -1.705569
v -2.114318 0.509718 -1.699365
v -2.172500 0.416191 -1.700608
v -2.183955 0.431418 -1.714601
v -2.199751 0.447673 -1.721136
v -2.166446 0.485958 -1.712947
v -2.220878 0.396336 -1.725341
v -2.235492 0.411329 -1.726028
v -2.254640 0.429120 -1.731637
v -2.221516 0.466046 -1.720523
v -2.261013 0.368158 -1.732801
v -2.273096 0.382239 -1.732709
v -2.287779 0.395172 -1.733749
v -2.304640 0.366183 -1.729331
v -2.313833 0.378665 -1.727103
v -2.296419 0.353724 -1.726405
v -2.296419 0.353724 -1.726405
v -2.020246 0.551956 -1.648847
v -2.019582 0.540942 -1.624899
v -1.982653 0.570745 -1.608968
v -1.985824 0.561543 -1.583419
v -2.023196 0.534149 -1.599303
v -1.948616 0.589908 -1.564278
v -1.985824 0.561543 -1.583419
v -1.948616 0.589908 -1.564278
v -1.961450 0.588178 -1.535425
v -1.910021 0.615471 -1.542256
v -1.922959 0.611724 -1.512670
v -1.943695 0.616307 -1.478982
v -1.981428 0.591711 -1.502188
v -1.967697 0.632121 -1.450222
v -2.007180 0.606668 -1.474804
v -1.989133 0.651248 -1.431202
v -1.929788 0.659262 -1.431072
v -1.950417 0.679974 -1.412786
v -1.968528 0.702728 -1.404278
v -1.921509 0.703989 -1.406378
v -1.935516 0.726254 -1.397913
v -1.947921 0.751390 -1.397443
v -1.911296 0.731710 -1.370114
v -1.920097 0.762033 -1.368162
v -1.927236 0.796973 -1.372518
v -1.884935 0.768921 -1.337853
v -1.888645 0.804302 -1.342756
v -1.887883 0.843441 -1.355211
v -1.850716 0.810171 -1.308902
v -1.847573 0.848653 -1.322876
v -1.840835 0.886052 -1.342292
v -1.810209 0.856116 -1.287869
v -1.802806 0.892112 -1.305585
v -1.790521 0.920504 -1.328802
v -1.768480 0.897265 -1.265900
v -1.756360 0.925553 -1.287831
v -1.737940 0.945011 -1.314515
v -1.724254 0.928650 -1.246106
v -1.705091 0.952256 -1.271174
v -1.682798 0.965406 -1.303795
v -1.620033 0.979097 -1.306206
v -1.589342 0.995823 -1.273424
v -1.550801 0.964240 -1.324811
v -1.702300 0.928388 -1.210033
v -1.692130 0.924759 -1.183479
v -1.741465 0.898082 -1.231697
v -1.778669 0.862894 -1.253262
v -1.813811 0.818937 -1.275710
v -1.847534 0.775556 -1.304312
v -1.877040 0.737142 -1.339628
v -1.898437 0.707234 -1.380185
v -1.904593 0.683646 -1.422449
v -1.907449 0.643013 -1.457927
v -1.469142 0.637902 -1.550842
v -1.433670 0.636350 -1.517659
v -1.445909 0.657638 -1.410236
v -2.364107 0.394245 -1.666351
v -1.815485 1.015078 -0.899435
v -1.511511 0.683448 -1.281886
v -1.663380 0.704512 -0.766248
v -1.663380 0.704512 -0.766248
v -1.638082 0.686354 -0.724947
v -1.679594 0.701393 -0.686923
v -1.707183 0.719727 -0.726975
v -1.715260 0.715915 -0.649373
v -1.691822 0.698966 -0.611251
v -1.720447 0.718491 -0.575140
v -1.708342 0.700166 -0.541421
v -1.730374 0.724485 -0.507689
v -1.734334 0.699283 -0.469524
v -1.730475 0.734508 -0.444173
v -1.723908 0.723547 -0.421564
v -1.705497 0.773525 -0.412698
v -1.705699 0.770770 -1.169964
v -1.701510 0.775866 -1.128797
v -2.592221 0.441768 -1.429109
v -1.758711 0.776529 -1.102221
v -2.488670 0.252362 -0.397816
v -1.715284 0.779478 -1.087061
vn -0.5677 -0.8157 -0.1109
vn -0.6404 -0.7120 -0.2878
vn -0.6835 -0.6952 -0.2225
vn -0.6148 -0.7845 -0.0811
vn -0.5677 -0.8157 -0.1108
vn -0.5516 -0.8268 -0.1099
vn -0.4324 -0.9013 -0.0271
vn -0.4159 -0.9086 -0.0370
vn -0.4792 -0.8592 -0.1794
vn -0.5759 -0.7708 -0.2722
vn -0.3057 -0.9514 0.0370
vn -0.3579 -0.8900 -0.2827
vn -0.2439 -0.9186 -0.3111
vn -0.1759 -0.8862 -0.4286
vn -0.2564 -0.8424 -0.4738
vn -0.4238 -0.8886 -0.1757
vn -0.3106 -0.9297 -0.1980
vn -0.2753 -0.9446 -0.1787
vn -0.2142 -0.9541 -0.2095
vn -0.5229 0.8503 -0.0604
vn -0.3934 0.9187 -0.0333
vn -0.6202 0.7628 0.1830
vn -0.7297 0.6715 0.1292
vn -0.4002 0.9030 -0.1562
vn -0.2098 0.8972 -0.3885
vn -0.1909 0.9172 -0.3498
vn -0.5162 0.7376 -0.4353
vn -0.3454 0.8345 -0.4293
vn -0.6648 0.6312 -0.3997
vn -0.6254 0.5059 -0.5941
vn -0.4797 0.1762 -0.8596
vn -0.2967 0.4617 -0.8359
vn -0.3947 0.7672 -0.5055
vn -0.5188 0.8547 0.0205
vn -0.6624 0.7484 0.0325
vn -0.7025 0.1044 -0.7040
vn -0.6375 -0.1411 -0.7574
vn -0.1899 -0.8985 -0.3959
vn -0.2192 -0.9755 -0.0213
vn 0.0971 -0.9942 0.0453
vn 0.2230 -0.8869 -0.4045
vn 0.0531 -0.5671 -0.8219
vn -0.4945 -0.4609 -0.7369
vn -0.5368 -0.7373 -0.4102
vn 0.3486 -0.6187 -0.7041
vn 0.0532 -0.5671 -0.8219
vn -0.7521 0.4407 0.4901
vn -0.6472 0.4847 0.5884
vn -0.6394 0.3959 0.6592
vn -0.8090 0.3681 0.4583
vn -0.1516 0.2929 -0.9440
vn -0.1300 0.1654 -0.9776
vn -0.4458 0.1723 -0.8784
vn -0.4113 0.2866 -0.8653
vn -0.1515 0.2930 -0.9440
vn -0.2714 0.4283 -0.8619
vn -0.0246 0.3540 -0.9349
vn 0.0936 0.2397 -0.9663
vn -0.1299 0.1654 -0.9776
vn 0.6873 -0.6546 0.3149
vn 0.6942 -0.6397 0.3299
vn 0.6582 -0.6523 0.3759
vn 0.6503 -0.6729 0.3526
vn 0.6902 -0.6630 0.2898
vn 0.7032 -0.6448 0.2995
vn 0.6586 -0.6844 0.3128
vn -0.8052 0.2243 -0.5490
vn -0.7523 0.1633 -0.6382
vn -0.8148 0.0326 -0.5788
vn -0.8840 0.1621 -0.4386
vn -0.8052 0.2243 -0.5489
vn -0.8266 0.3289 -0.4567
vn -0.7285 0.2620 -0.6330
vn -0.7524 0.1633 -0.6382
vn -0.8840 0.1622 -0.4385
vn -0.9008 0.3699 -0.2277
vn -0.4005 0.2608 -0.8784
vn -0.2312 0.3788 -0.8961
vn -0.0106 0.0931 -0.9956
vn -0.3396 -0.0120 -0.9405
vn -0.5594 0.2895 -0.7767
vn -0.4151 0.5040 -0.7574
vn -0.4006 0.2608 -0.8784
vn -0.3397 -0.0120 -0.9405
vn -0.5933 -0.0156 -0.8049
vn -0.5594 0.2894 -0.7767
vn -0.0824 0.4799 -0.8735
vn 0.1217 0.4618 -0.8786
vn 0.0973 0.2314 -0.9680
vn -0.2414 0.2985 -0.9234
vn -0.0825 0.4798 -0.8735
vn -0.2415 0.2985 -0.9233
vn -0.4941 0.3374 -0.8013
vn -0.2528 0.5692 -0.7824
vn 0.0782 0.6334 -0.7699
vn -0.8105 -0.2547 0.5275
vn -0.7107 -0.3148 0.6291
vn -0.7247 -0.0679 0.6857
vn -0.8938 -0.0001 0.4484
vn -0.8105 -0.2548 0.5275
vn -0.8911 -0.3486 0.2904
vn -0.7088 -0.5018 0.4958
vn -0.8105 -0.2547 0.5274
vn -0.8939 -0.0001 0.4483
vn -0.9935 -0.0422 0.1053
vn -0.8912 -0.3486 0.2904
vn -0.0117 0.7509 -0.6603
vn -0.1384 0.5913 -0.7945
vn 0.0470 0.6143 -0.7877
vn 0.1172 0.8336 -0.5398
vn -0.1405 0.8500 -0.5076
vn -0.5065 0.7019 -0.5008
vn 0.0484 0.8877 -0.4578
vn -0.2197 -0.9391 0.2642
vn -0.3576 -0.8896 0.2842
vn -0.3720 -0.9230 0.0984
vn -0.2012 -0.9731 0.1126
vn -0.2197 -0.9391 0.2643
vn -0.0288 -0.9131 0.4067
vn -0.2114 -0.8181 0.5348
vn -0.3576 -0.8895 0.2843
vn -0.2011 -0.9731 0.1126
vn 0.1020 -0.9672 0.2325
vn -0.4990 -0.8634 -0.0741
vn -0.5506 -0.8277 -0.1083
vn -0.4911 -0.8497 -0.1918
vn -0.4648 -0.8685 -0.1723
vn -0.2214 -0.9733 -0.0606
vn -0.3288 -0.9440 -0.0265
vn -0.4066 -0.9051 0.1248
vn -0.4986 -0.8659 0.0399
vn -0.5916 -0.8033 -0.0687
vn -0.3964 -0.9121 0.1044
vn -0.2993 0.9319 -0.2049
vn -0.0197 0.9424 -0.3339
vn 0.0273 0.9632 -0.2673
vn -0.2313 0.9715 -0.0513
vn -0.2361 0.8012 -0.5499
vn -0.0702 0.8651 -0.4967
vn -0.1392 0.9441 -0.2990
vn -0.5787 0.8078 -0.1126
vn -0.3011 0.6511 -0.6967
vn 0.0444 0.9228 -0.3828
vn -0.4920 0.8620 0.1222
vn -0.5787 0.8078 -0.1125
vn -0.4959 0.5766 0.6493
vn -0.3729 0.5472 0.7493
vn -0.3915 0.5454 0.7411
vn -0.5328 0.5454 0.6470
vn -0.4006 0.5004 0.7675
vn -0.3283 0.4874 0.8091
vn -0.5548 0.6180 0.5570
vn -0.4556 0.5177 0.7242
vn -0.6902 0.5905 0.4183
vn -0.7370 0.6363 0.2280
vn -0.6845 0.5384 0.4915
vn -0.3671 -0.5575 -0.7446
vn -0.1878 -0.7132 -0.6754
vn -0.3164 -0.8229 -0.4719
vn -0.5855 -0.5437 -0.6013
vn -0.3672 -0.5575 -0.7446
vn -0.6859 -0.2463 -0.6847
vn -0.3985 -0.3369 -0.8530
vn -0.3985 -0.3369 -0.8531
vn -0.0963 -0.5070 -0.8566
vn -0.2834 -0.2896 0.9142
vn -0.3419 -0.1451 0.9285
vn -0.6548 -0.2199 0.7231
vn -0.4560 -0.4735 0.7536
vn -0.0480 -0.3056 0.9510
vn -0.0687 -0.0825 0.9942
vn -0.1256 -0.5996 0.7904
vn -0.1711 0.6459 0.7440
vn -0.1992 0.5832 0.7875
vn -0.1586 0.5971 0.7863
vn -0.1263 0.6412 0.7569
vn -0.0732 0.7322 0.6771
vn -0.0665 0.7421 0.6670
vn -0.2794 0.6030 0.7472
vn -0.2858 0.5617 0.7764
vn -0.0296 0.7455 0.6658
vn -0.1677 0.6806 0.7132
vn -0.2978 0.6340 0.7137
vn -0.4581 -0.6839 -0.5679
vn -0.6974 -0.5093 -0.5042
vn -0.2127 -0.4373 -0.8738
vn -0.5759 -0.3156 -0.7541
vn -0.6003 -0.7310 -0.3245
vn -0.3497 -0.8672 -0.3544
vn 0.0423 0.5644 -0.8244
vn 0.0785 0.3488 -0.9339
vn 0.1855 0.4003 -0.8974
vn 0.1028 0.6345 -0.7660
vn -0.1584 0.8372 -0.5235
vn -0.1702 0.8413 -0.5131
vn 0.0019 0.6423 -0.7665
vn -0.0846 0.6511 -0.7543
vn -0.1316 0.5307 -0.8373
vn -0.1152 0.8930 -0.4350
vn -0.2028 0.4028 -0.8926
vn -0.3904 -0.7392 0.5489
vn -0.2729 -0.6070 0.7464
vn -0.5474 -0.4115 0.7287
vn -0.6131 -0.6703 0.4182
vn -0.3904 -0.7392 0.5488
vn -0.6131 -0.6703 0.4181
vn -0.5518 -0.8101 0.1981
vn -0.2991 -0.8632 0.4066
vn -0.2991 -0.8633 0.4066
vn -0.0291 -0.7573 0.6524
vn 0.1711 -0.9796 -0.1052
vn 0.0524 -0.9435 -0.3273
vn 0.3992 -0.8798 -0.2582
vn 0.3970 -0.9156 -0.0638
vn 0.1711 -0.9796 -0.1051
vn 0.2686 -0.9401 0.2100
vn -0.0354 -0.9963 0.0784
vn -0.0354 -0.9963 0.0783
vn -0.2358 -0.9612 -0.1432
vn 0.0523 -0.9435 -0.3273
vn -0.6315 -0.2899 -0.7191
vn -0.5814 -0.3378 -0.7402
vn -0.6018 -0.3198 -0.7318
vn -0.5793 -0.2922 -0.7609
vn -0.6212 -0.3922 -0.6785
vn -0.5650 -0.4417 -0.6969
vn -0.6316 -0.2899 -0.7191
vn -0.7004 -0.3464 -0.6241
vn -0.6489 0.7124 0.2674
vn -0.4762 0.7981 0.3692
vn -0.2937 0.9479 0.1231
vn -0.6145 0.7889 -0.0043
vn -0.6489 0.7123 0.2674
vn -0.6146 0.7888 -0.0043
vn -0.8489 0.5284 -0.0125
vn -0.7923 0.5365 0.2904
vn -0.6298 0.5681 0.5297
vn 0.0261 -0.9620 -0.2718
vn 0.1299 -0.9896 -0.0620
vn 0.1654 -0.9839 -0.0675
vn 0.1663 -0.9422 -0.2910
vn 0.1347 -0.8765 -0.4622
vn -0.0773 -0.9165 -0.3924
vn 0.0751 -0.9885 -0.1314
vn 0.1289 -0.9917 0.0046
vn -0.1579 -0.9359 -0.3148
vn -0.0814 -0.9555 -0.2834
vn -0.4857 -0.8614 -0.1486
vn -0.4908 -0.8712 -0.0117
vn -0.6699 -0.7303 -0.1338
vn -0.5969 -0.7339 -0.3242
vn -0.3459 -0.9217 -0.1756
vn -0.3455 -0.9384 0.0043
vn -0.3921 -0.8068 -0.4419
vn -0.8980 0.3817 -0.2188
vn -0.8471 0.3365 -0.4114
vn -0.9304 -0.0221 -0.3659
vn -0.9938 0.0850 -0.0717
vn -0.1823 0.2782 0.9431
vn -0.4675 0.3823 0.7971
vn -0.4465 0.0607 0.8927
vn -0.1256 0.0895 0.9880
vn -0.1581 0.3216 0.9336
vn -0.2940 0.5494 0.7821
vn -0.6209 -0.2070 -0.7560
vn -0.4102 -0.0891 -0.9077
vn -0.2937 -0.2624 -0.9192
vn -0.5907 -0.4090 -0.6956
vn -0.7110 -0.1546 -0.6860
vn -0.5748 0.0574 -0.8163
vn -0.7125 -0.3814 -0.5890
vn -0.6730 -0.5024 -0.5429
vn -0.4594 -0.6572 -0.5975
vn -0.4285 -0.7884 -0.4414
vn -0.7298 -0.5659 -0.3835
vn -0.8286 -0.3219 -0.4580
vn -0.7150 -0.3325 -0.6150
vn -0.5138 -0.4413 -0.7357
vn -0.6595 -0.7460 -0.0925
vn -0.6558 -0.6936 0.2982
vn -0.3946 -0.9006 0.1825
vn -0.4797 -0.8724 -0.0933
vn -0.8844 -0.3900 -0.2562
vn -0.8811 -0.3548 0.3128
vn 0.6640 -0.6690 0.3341
vn 0.6640 -0.6649 0.3421
vn 0.6763 -0.6585 0.3303
vn 0.6739 -0.6620 0.3281
vn 0.6679 -0.6666 0.3309
vn 0.6675 -0.6671 0.3308
vn 0.6707 -0.6677 0.3231
vn 0.6662 -0.6721 0.3232
vn 0.1565 0.4862 -0.8597
vn 0.2331 0.1990 -0.9519
vn 0.3647 0.2283 -0.9027
vn 0.2754 0.5032 -0.8191
vn 0.1230 0.7320 -0.6701
vn 0.0691 0.7048 -0.7060
vn -0.4127 0.5247 -0.7445
vn 0.6842 -0.6544 0.3219
vn 0.6723 -0.6638 0.3276
vn 0.6759 -0.6549 0.3380
vn 0.6833 -0.6550 0.3227
vn 0.6697 -0.6642 0.3323
vn 0.6611 -0.6744 0.3288
vn 0.6753 -0.6608 0.3276
vn -0.0523 -0.7373 -0.6736
vn 0.0306 -0.6524 -0.7573
vn 0.1414 -0.7571 -0.6377
vn -0.0100 -0.8124 -0.5831
vn -0.0904 -0.8117 -0.5771
vn -0.0829 -0.7376 -0.6701
vn -0.0389 -0.6167 -0.7863
vn -0.2771 -0.7402 -0.6126
vn -0.2918 -0.4801 -0.8272
vn -0.8087 -0.3674 -0.4594
vn -0.4467 -0.8591 -0.2499
vn 0.1155 -0.9265 -0.3583
vn 0.0966 -0.5686 -0.8169
vn 0.0110 -0.9967 -0.0802
vn -0.5417 0.7482 0.3829
vn -0.6016 0.5077 0.6167
vn -0.6615 0.4584 0.5936
vn -0.6912 0.5828 0.4273
vn -0.5417 0.7483 0.3829
vn -0.4830 0.8090 0.3351
vn -0.5620 0.5729 0.5965
vn -0.6687 0.7352 0.1105
vn -0.5262 0.8196 0.2268
vn 0.1973 -0.9471 0.2530
vn 0.3141 -0.8944 0.3184
vn 0.1358 -0.8641 0.4847
vn -0.0716 -0.9401 0.3333
vn 0.1723 -0.9849 -0.0185
vn 0.4307 -0.9011 0.0505
vn 0.1972 -0.9472 0.2530
vn -0.0717 -0.9401 0.3333
vn -0.1771 -0.9829 0.0499
vn 0.1722 -0.9849 -0.0185
vn -0.8473 0.4239 -0.3201
vn -0.8248 0.5453 -0.1499
vn -0.7392 0.5295 -0.4162
vn -0.7574 0.3407 -0.5571
vn -0.9332 0.2837 -0.2204
vn -0.8738 0.4821 0.0639
vn -0.8473 0.4239 -0.3202
vn -0.7574 0.3406 -0.5571
vn -0.8089 0.1967 -0.5540
vn -0.9332 0.2836 -0.2205
vn -0.4512 -0.8452 0.2865
vn -0.3327 -0.9258 0.1795
vn -0.2495 -0.8707 0.4239
vn -0.3997 -0.7873 0.4694
vn -0.6806 -0.7269 0.0918
vn -0.4713 -0.8678 -0.1576
vn -0.6505 -0.6241 0.4329
vn 0.6492 -0.6839 0.3330
vn 0.6499 -0.6875 0.3241
vn 0.6590 -0.6726 0.3367
vn 0.6537 -0.6698 0.3522
vn 0.6523 -0.6667 0.3607
vn 0.6493 -0.6844 0.3317
vn 0.6538 -0.6855 0.3204
vn -0.3468 0.0688 -0.9354
vn -0.4115 0.1143 -0.9042
vn -0.3480 0.1470 -0.9259
vn -0.3060 0.0444 -0.9510
vn -0.2292 -0.1820 -0.9562
vn -0.3387 -0.1363 -0.9310
vn -0.4926 -0.0728 -0.8672
vn -0.6842 0.0452 -0.7279
vn -0.5688 0.3045 -0.7640
vn -0.3082 -0.3597 -0.8807
vn -0.5347 -0.2930 -0.7926
vn -0.7219 -0.2107 -0.6591
vn -0.8370 -0.1254 -0.5326
vn -0.7931 0.1888 -0.5791
vn -0.8664 0.3053 -0.3950
vn -0.6712 0.5873 -0.4524
vn -0.6523 0.4736 -0.5917
vn -0.9644 -0.0290 -0.2627
vn -0.9990 0.0236 0.0370
vn -0.9164 0.3798 -0.1260
vn -0.9309 -0.3232 -0.1703
vn -0.9459 -0.3046 0.1122
vn -0.9459 -0.3045 0.1123
vn -0.8568 -0.2670 0.4412
vn -0.9422 0.0520 0.3310
vn -0.7586 -0.6284 -0.1720
vn -0.7483 -0.6538 0.1126
vn -0.7482 -0.6538 0.1127
vn -0.6343 -0.6089 0.4763
vn -0.3890 -0.9182 0.0743
vn -0.2713 -0.8322 0.4835
vn -0.0560 -0.9964 0.0633
vn 0.0215 -0.8742 0.4851
vn 0.0654 -0.5978 0.7989
vn 0.1017 -0.8590 0.5018
vn 0.0824 -0.6242 0.7769
vn 0.0133 -0.3849 0.9229
vn 0.0438 -0.3266 0.9441
vn -0.0511 -0.1467 0.9879
vn -0.0175 -0.1069 0.9941
vn -0.1016 0.0796 0.9916
vn -0.0776 0.0887 0.9930
vn -0.1594 0.3311 0.9300
vn -0.1358 0.0707 0.9882
vn -0.1607 0.3236 0.9325
vn -0.1594 0.3312 0.9300
vn -0.1753 0.5786 0.7966
vn -0.2191 0.5650 0.7955
vn -0.1914 0.8041 0.5628
vn -0.2772 0.7666 0.5792
vn -0.4504 0.6883 0.5686
vn -0.3518 0.9191 0.1777
vn -0.6146 0.7696 0.1732
vn -0.6147 0.7695 0.1732
vn -0.8746 0.4276 0.2285
vn -0.7094 0.4359 0.5538
vn -0.7780 0.0572 0.6257
vn -0.6732 0.7035 -0.2277
vn -0.6731 0.7036 -0.2277
vn -0.4075 0.8950 -0.1816
vn -0.4537 0.7902 -0.4119
vn -0.2662 0.9600 -0.0872
vn -0.2930 0.8892 -0.3513
vn -0.2833 0.7167 -0.6372
vn -0.4583 0.6401 -0.6166
vn -0.2586 0.4695 -0.8442
vn -0.4151 0.3984 -0.8179
vn -0.2417 0.2318 -0.9423
vn -0.1682 0.5309 -0.8306
vn -0.1287 0.3016 -0.9447
vn -0.0711 0.0235 -0.9972
vn -0.1937 0.0268 -0.9807
vn -0.0033 -0.2422 -0.9702
vn -0.0932 -0.2256 -0.9697
vn 0.0524 -0.4521 -0.8904
vn -0.0134 -0.4352 -0.9002
vn -0.1572 -0.4023 -0.9019
vn 0.0170 -0.5606 -0.8279
vn -0.1162 -0.5633 -0.8180
vn -0.2729 -0.5362 -0.7988
vn -0.0954 -0.7350 -0.6713
vn -0.2228 -0.7378 -0.6372
vn -0.0696 -0.8667 -0.4939
vn -0.1836 -0.8467 -0.4994
vn -0.0128 -0.9676 -0.2522
vn -0.1371 -0.9433 -0.3023
vn -0.4301 -0.8622 -0.2675
vn -0.7586 -0.6285 -0.1720
vn 0.0573 -0.9927 0.1058
vn 0.0604 -0.9794 -0.1926
vn 0.0817 -0.9847 0.1539
vn 0.0801 -0.8471 0.5253
vn 0.1137 -0.9711 0.2096
vn 0.0462 -0.8510 0.5231
vn -0.0270 -0.6975 0.7161
vn 0.0474 -0.6683 0.7424
vn -0.0967 -0.4652 0.8799
vn -0.0228 -0.4391 0.8981
vn -0.1601 -0.1968 0.9673
vn -0.0940 -0.1694 0.9811
vn -0.2049 0.0484 0.9776
vn -0.3061 -0.2417 0.9208
vn -0.3611 0.0053 0.9325
vn -0.3834 0.3170 0.8675
vn -0.2094 0.3319 0.9198
vn -0.2093 0.3320 0.9198
vn -0.3834 0.3171 0.8674
vn -0.3477 0.5951 0.7245
vn -0.1848 0.5935 0.7834
vn -0.2944 0.7749 0.5593
vn -0.1871 0.7995 0.5708
vn -0.2552 0.9136 0.3165
vn -0.2202 0.9350 0.2779
vn -0.2270 0.9497 0.2155
vn -0.2536 0.9673 -0.0043
vn -0.2219 0.9737 0.0513
vn -0.1795 0.9439 -0.2774
vn -0.2593 0.9135 -0.3135
vn -0.1161 0.7763 -0.6196
vn -0.2158 0.7410 -0.6359
vn -0.0611 0.5695 -0.8197
vn 0.0241 0.8208 -0.5707
vn 0.1002 0.5905 -0.8008
vn 0.1654 0.3605 -0.9180
vn -0.0165 0.3399 -0.9403
vn 0.2198 0.0770 -0.9725
vn 0.0314 0.0377 -0.9988
vn 0.2714 -0.2169 -0.9377
vn 0.0885 -0.2360 -0.9677
vn 0.3095 -0.4301 -0.8481
vn 0.1551 -0.4509 -0.8790
vn 0.3192 -0.6027 -0.7314
vn 0.2111 -0.6162 -0.7588
vn 0.1010 -0.5824 -0.8066
vn 0.2486 -0.7509 -0.6118
vn 0.1519 -0.7042 -0.6936
vn 0.0238 -0.6976 -0.7161
vn 0.1775 -0.8704 -0.4593
vn 0.0349 -0.8766 -0.4799
vn 0.1581 -0.9761 -0.1490
vn 0.2593 -0.8725 -0.4142
vn 0.2112 -0.9697 -0.1225
vn 0.0998 -0.9694 0.2245
vn 0.1822 -0.9766 -0.1141
vn 0.0667 -0.9787 0.1940
vn -0.0640 -0.8815 0.4679
vn -0.0205 -0.8729 0.4875
vn -0.1775 -0.7148 0.6764
vn -0.1282 -0.7137 0.6886
vn -0.2798 -0.5005 0.8193
vn -0.2272 -0.4851 0.8445
vn -0.3647 -0.2654 0.8925
vn -0.1797 -0.4977 0.8485
vn -0.2560 -0.2575 0.9317
vn -0.3163 -0.0257 0.9483
vn -0.4288 -0.0293 0.9029
vn -0.3639 0.2819 0.8878
vn -0.4739 0.2794 0.8351
vn -0.3639 0.2820 0.8877
vn -0.3627 0.6219 0.6941
vn -0.4398 0.5995 0.6687
vn -0.3096 0.8042 0.5073
vn -0.3555 0.7777 0.5184
vn -0.2350 0.9172 0.3217
vn -0.2640 0.9096 0.3209
vn -0.1525 0.9866 0.0577
vn -0.1596 0.9855 0.0574
vn -0.0843 0.9727 -0.2163
vn -0.0657 0.9698 -0.2350
vn 0.0115 0.8368 -0.5474
vn -0.1040 0.9721 -0.2102
vn -0.0403 0.8313 -0.5543
vn 0.0106 0.5860 -0.8102
vn 0.1023 0.5863 -0.8036
vn 0.0444 0.3152 -0.9480
vn 0.1694 0.3381 -0.9257
vn 0.0927 0.0109 -0.9956
vn 0.2303 0.0662 -0.9709
vn 0.1357 -0.2573 -0.9568
vn 0.2640 -0.2227 -0.9385
vn 0.1536 -0.4542 -0.8775
vn 0.2646 -0.4368 -0.8598
vn 0.1730 -0.6489 -0.7409
vn 0.2558 -0.6130 -0.7475
vn 0.2054 -0.8129 -0.5450
vn 0.2628 -0.7768 -0.5723
vn 0.2915 -0.7652 -0.5740
vn 0.2494 -0.8997 -0.3582
vn 0.2499 -0.8915 -0.3779
vn 0.1984 -0.9746 -0.1038
vn 0.2311 -0.9111 -0.3412
vn 0.2219 -0.9694 -0.1052
vn 0.1612 -0.9710 0.1766
vn 0.1087 -0.9761 0.1880
vn 0.0576 -0.8669 0.4951
vn -0.0038 -0.8724 0.4887
vn -0.0358 -0.6920 0.7210
vn -0.0985 -0.7008 0.7065
vn -0.1093 -0.4938 0.8627
vn -0.0356 -0.7135 0.6997
vn -0.1260 -0.5136 0.8487
vn -0.1924 -0.2449 0.9503
vn -0.1705 -0.2473 0.9538
vn -0.2146 -0.0202 0.9765
vn -0.2097 -0.0183 0.9776
vn -0.2295 0.2554 0.9392
vn -0.2499 0.2806 0.9267
vn -0.2499 0.2807 0.9267
vn -0.2206 0.5910 0.7760
vn -0.2669 0.6136 0.7431
vn -0.1660 0.8352 0.5244
vn -0.2317 0.8231 0.5185
vn -0.1199 0.9337 0.3374
vn -0.1753 0.9284 0.3277
vn -0.1124 0.9838 0.1398
vn -0.1399 0.9856 0.0949
vn -0.0908 0.9744 -0.2057
vn -0.2293 0.9611 0.1541
vn -0.1806 0.9584 -0.2212
vn -0.0852 0.8058 -0.5860
vn -0.0448 0.8311 -0.5543
vn 0.0298 0.5582 -0.8292
vn 0.0075 0.5921 -0.8058
vn 0.1300 0.2600 -0.9568
vn 0.0696 0.3007 -0.9512
vn 0.1841 -0.0502 -0.9816
vn 0.1368 -0.0219 -0.9904
vn 0.1940 -0.2897 -0.9372
vn 0.1807 -0.2755 -0.9442
vn 0.1782 -0.4519 -0.8741
vn 0.1941 -0.4580 -0.8675
vn 0.1464 -0.6145 -0.7752
vn 0.1839 -0.6441 -0.7425
vn 0.1186 -0.8248 -0.5528
vn 0.1662 -0.8257 -0.5391
vn 0.1031 -0.9539 -0.2818
vn 0.1748 -0.9349 -0.3088
vn 0.0964 -0.9918 -0.0842
vn 0.1943 -0.9761 -0.0973
vn 0.0821 -0.9869 0.1392
vn 0.1689 -0.9739 0.1513
vn 0.0233 -0.9087 0.4167
vn 0.0740 -0.8819 0.4656
vn -0.0685 -0.7474 0.6609
vn -0.0734 -0.9251 0.3726
vn -0.1491 -0.7672 0.6238
vn -0.2195 -0.5648 0.7955
vn -0.1557 -0.5398 0.8273
vn -0.2996 -0.3124 0.9015
vn -0.2375 -0.2620 0.9354
vn -0.3553 -0.0426 0.9338
vn -0.2791 -0.0261 0.9599
vn -0.3694 0.2208 0.9027
vn -0.2889 0.2304 0.9292
vn -0.3694 0.2209 0.9026
vn -0.3663 0.5203 0.7714
vn -0.2758 0.5626 0.7794
vn -0.3765 0.7480 0.5465
vn -0.2449 0.8171 0.5219
vn -0.4103 0.8421 0.3500
vn -0.2309 0.9123 0.3382
vn -0.3971 0.9094 0.1235
vn -0.4904 0.7791 0.3905
vn -0.4643 0.8825 0.0746
vn -0.3033 0.8721 -0.3839
vn -0.2737 0.9210 -0.2773
vn -0.1013 0.6647 -0.7402
vn -0.0858 0.7541 -0.6511
vn 0.0110 0.4118 -0.9112
vn 0.0793 0.4984 -0.8633
vn 0.0617 0.1630 -0.9847
vn 0.1710 0.2276 -0.9586
vn 0.0949 -0.0886 -0.9915
vn 0.1809 -0.0582 -0.9818
vn 0.1038 -0.2957 -0.9496
vn 0.1559 -0.2954 -0.9426
vn 0.1058 -0.4262 -0.8984
vn 0.1330 -0.4282 -0.8938
vn 0.1065 -0.6204 -0.7770
vn 0.1083 -0.6043 -0.7894
vn 0.0714 -0.8318 -0.5505
vn 0.0710 -0.8345 -0.5464
vn 0.0093 -0.9579 -0.2871
vn 0.0254 -0.9586 -0.2835
vn -0.0435 -0.9980 -0.0466
vn -0.0030 -0.9976 -0.0690
vn -0.0839 -0.9870 0.1374
vn -0.0237 -0.9898 0.1402
vn -0.1390 -0.9282 0.3452
vn -0.1044 -0.9836 0.1472
vn -0.1415 -0.9266 0.3483
vn -0.2195 -0.7901 0.5723
vn -0.2168 -0.7745 0.5942
vn -0.2990 -0.5954 0.7457
vn -0.2796 -0.5813 0.7641
vn -0.3521 -0.3529 0.8669
vn -0.3361 -0.3493 0.8747
vn -0.3850 -0.0638 0.9207
vn -0.3782 -0.0531 0.9242
vn -0.4127 0.1815 0.8926
vn -0.4007 0.2098 0.8918
vn -0.4008 0.2098 0.8918
vn -0.4127 0.1816 0.8926
vn -0.4529 0.4113 0.7910
vn -0.4213 0.4691 0.7762
vn -0.5004 0.5897 0.6339
vn -0.4517 0.6644 0.5954
vn -0.5397 0.7260 0.4261
vn -0.4992 0.5423 0.6758
vn -0.5723 0.6680 0.4756
vn -0.4376 0.3741 0.8177
vn -0.3932 0.3540 0.8486
vn -0.3473 0.1567 0.9246
vn -0.2932 0.1359 0.9464
vn -0.3467 0.3400 0.8742
vn -0.3991 0.1644 0.9020
vn -0.3712 -0.0771 0.9253
vn -0.3070 -0.0914 0.9473
vn -0.3473 0.1566 0.9246
vn -0.2585 -0.3731 0.8911
vn -0.1702 -0.3949 0.9028
vn -0.2265 -0.1165 0.9670
vn -0.2931 0.1358 0.9464
vn -0.3304 -0.3561 0.8741
vn -0.2628 -0.6193 0.7398
vn -0.2013 -0.6443 0.7378
vn -0.2013 -0.6444 0.7377
vn -0.1598 -0.8242 0.5434
vn -0.1572 -0.8151 0.5576
vn -0.1444 -0.6598 0.7374
vn -0.1701 -0.3950 0.9028
vn -0.2584 -0.3732 0.8910
vn -0.2628 -0.6194 0.7398
vn -0.1798 -0.8125 0.5545
vn -0.1598 -0.8241 0.5434
vn -0.1798 -0.8126 0.5544
vn -0.1221 -0.9231 0.3647
vn -0.1543 -0.9139 0.3755
vn -0.1799 -0.8125 0.5545
vn -0.1669 -0.9655 0.1998
vn -0.2576 -0.9401 0.2233
vn -0.2083 -0.8890 0.4078
vn -0.0994 -0.9795 0.1755
vn -0.0908 -0.9950 -0.0414
vn -0.1908 -0.9816 -0.0017
vn -0.0652 -0.9966 -0.0498
vn -0.0907 -0.9950 -0.0414
vn -0.0034 -0.9567 -0.2912
vn -0.0867 -0.9531 -0.2901
vn -0.0867 -0.9531 -0.2900
vn -0.0868 -0.8303 -0.5506
vn -0.2261 -0.8181 -0.5287
vn -0.2117 -0.9388 -0.2718
vn 0.0526 -0.8277 -0.5587
vn -0.0867 -0.8303 -0.5506
vn 0.0715 -0.6406 -0.7646
vn -0.1007 -0.6580 -0.7463
vn -0.1008 -0.6580 -0.7462
vn -0.1393 -0.5046 -0.8520
vn -0.3675 -0.5398 -0.7574
vn -0.2791 -0.6777 -0.6803
vn 0.0551 -0.4602 -0.8861
vn 0.0273 -0.3117 -0.9498
vn -0.1925 -0.3602 -0.9128
vn -0.1926 -0.3602 -0.9128
vn -0.2494 -0.2432 -0.9374
vn -0.5255 -0.3141 -0.7906
vn -0.4557 -0.3977 -0.7964
vn -0.0058 -0.1511 -0.9885
vn -0.2493 -0.2432 -0.9374
vn -0.0768 0.0274 -0.9967
vn -0.3130 -0.1699 -0.9344
vn -0.2493 -0.2431 -0.9374
vn -0.0768 0.0275 -0.9967
vn -0.3131 -0.1699 -0.9344
vn -0.4166 -0.0487 -0.9078
vn -0.3130 -0.1698 -0.9344
vn -0.1874 0.2094 -0.9597
vn -0.5830 -0.3616 -0.7276
vn -0.5318 -0.4388 -0.7243
vn -0.4414 -0.5891 -0.6769
vn -0.5019 -0.4835 -0.7172
vn -0.4291 -0.6402 -0.6372
vn -0.3570 -0.7420 -0.5674
vn -0.3443 -0.7155 -0.6079
vn -0.3182 -0.8163 -0.4821
vn -0.2905 -0.8110 -0.5078
vn -0.2865 -0.9174 -0.2763
vn -0.2793 -0.9209 -0.2720
vn -0.2726 -0.9621 -0.0017
vn -0.2765 -0.9609 0.0148
vn -0.2621 -0.9373 0.2295
vn -0.2492 -0.9684 -0.0057
vn -0.2110 -0.9537 0.2143
vn -0.1815 -0.8763 0.4463
vn -0.2172 -0.8690 0.4446
vn -0.1323 -0.7703 0.6238
vn -0.1474 -0.7919 0.5925
vn -0.0819 -0.6598 0.7469
vn -0.0991 -0.6675 0.7380
vn -0.0819 -0.6598 0.7470
vn -0.0546 -0.4395 0.8966
vn -0.0922 -0.4186 0.9035
vn -0.0922 -0.4185 0.9035
vn -0.0546 -0.4394 0.8966
vn -0.0802 -0.1895 0.9786
vn -0.1389 -0.1517 0.9786
vn -0.1334 0.0689 0.9887
vn -0.2167 0.1053 0.9705
vn -0.2167 0.1054 0.9705
vn -0.1334 0.0690 0.9887
vn -0.1954 0.3121 0.9297
vn -0.2806 0.3323 0.9005
vn -0.2518 0.4675 0.8474
vn -0.1424 0.2697 0.9523
vn -0.1956 0.4369 0.8780
vn -0.2169 0.5389 0.8140
vn -0.2857 0.5359 0.7945
vn -0.1656 0.4020 0.9006
vn -0.1752 0.5428 0.8214
vn -0.1368 0.3732 0.9176
vn -0.1487 0.5294 0.8353
vn -0.1443 0.6076 0.7810
vn -0.1016 0.5039 0.8577
vn -0.1171 0.5984 0.7926
vn -0.1228 0.6535 0.7469
vn -0.1113 0.6463 0.7549
vn -0.0955 0.7186 0.6889
vn -0.0707 0.7175 0.6930
vn -0.0451 0.7833 0.6200
vn -0.0430 0.7857 0.6171
vn -0.0394 0.7936 0.6072
vn 0.0243 0.8521 0.5228
vn 0.0302 0.8499 0.5262
vn 0.0566 0.8490 0.5254
vn -0.0104 0.7907 0.6122
vn 0.0821 0.8623 0.4997
vn 0.0230 0.7928 0.6090
vn 0.0920 0.8908 0.4450
vn 0.0254 0.8175 0.5754
vn -0.0330 0.7616 0.6472
vn -0.1662 0.6873 0.7071
vn 0.0274 0.8490 0.5277
vn -0.0281 0.7805 0.6246
vn -0.1264 0.6963 0.7066
vn -0.2451 0.5775 0.7787
vn -0.3025 0.6096 0.7327
vn 0.0025 0.8034 0.5954
vn -0.0800 0.7166 0.6929
vn -0.2010 0.5953 0.7780
vn -0.3324 0.4688 0.8184
vn -0.3297 0.4952 0.8038
vn -0.0843 0.7499 0.6562
vn -0.2114 0.6376 0.7408
vn -0.3626 0.4866 0.7948
vn -0.4971 0.3318 0.8017
vn -0.4804 0.3428 0.8073
vn -0.2270 0.6587 0.7173
vn -0.3727 0.4958 0.7844
vn -0.4884 0.3191 0.8121
vn -0.5981 0.0935 0.7960
vn -0.6315 0.1324 0.7640
vn -0.3501 0.5027 0.7904
vn -0.4571 0.3112 0.8332
vn -0.5570 0.0696 0.8276
vn -0.6423 -0.1803 0.7450
vn -0.6968 -0.1105 0.7087
vn -0.4541 0.3100 0.8353
vn -0.5543 0.0603 0.8302
vn -0.6181 -0.2038 0.7592
vn -0.6453 -0.4458 0.6204
vn -0.7190 -0.3701 0.5883
vn -0.5595 0.0533 0.8271
vn -0.6070 -0.2032 0.7683
vn -0.6150 -0.4644 0.6372
vn -0.5899 -0.6589 0.4667
vn -0.6485 -0.6178 0.4446
vn -0.5986 -0.2058 0.7742
vn -0.6256 -0.4587 0.6311
vn -0.6189 -0.6491 0.4423
vn -0.5958 -0.7667 0.2392
vn -0.5581 -0.7777 0.2893
vn -0.6582 -0.4455 0.6069
vn -0.6785 -0.6297 0.3783
vn -0.6828 -0.7157 0.1466
vn -0.6350 -0.7700 -0.0625
vn -0.5339 -0.8455 0.0136
vn -0.6467 -0.6807 0.3442
vn -0.6753 -0.7327 0.0844
vn -0.6794 -0.7270 -0.0987
vn -0.6203 -0.7424 -0.2531
vn -0.5338 -0.8177 -0.2155
vn -0.4435 -0.8801 0.1693
vn -0.4997 -0.8652 -0.0408
vn -0.5560 -0.8024 -0.2170
vn -0.1837 -0.9820 0.0444
vn -0.2718 -0.9443 -0.1853
vn -0.2717 -0.9444 -0.1852
vn -0.1836 -0.9820 0.0444
vn -0.0923 -0.9945 0.0487
vn -0.0364 -0.9815 -0.1882
vn -0.0227 -0.9243 -0.3810
vn -0.3496 -0.8673 -0.3544
vn 0.0228 -0.7633 -0.6456
vn -0.4580 -0.6839 -0.5679
vn -0.0480 -0.9755 -0.2148
vn 0.0332 -0.8980 -0.4387
vn 0.1086 -0.7591 -0.6418
vn 0.2188 -0.5155 -0.8285
vn 0.1186 -0.4837 -0.8671
vn -0.0340 -0.8723 -0.4878
vn 0.0730 -0.7457 -0.6623
vn 0.2094 -0.5396 -0.8154
vn 0.3370 -0.2585 -0.9053
vn 0.3001 -0.2687 -0.9153
vn 0.0235 -0.7381 -0.6743
vn 0.1698 -0.5418 -0.8232
vn 0.3217 -0.2514 -0.9129
vn 0.4040 -0.0294 -0.9143
vn 0.3855 -0.0430 -0.9217
vn 0.1936 -0.5453 -0.8156
vn 0.3197 -0.2751 -0.9067
vn 0.4013 -0.0387 -0.9151
vn 0.4324 0.1815 -0.8832
vn 0.4433 0.1655 -0.8810
vn 0.3613 -0.2838 -0.8882
vn 0.3691 -0.0390 -0.9286
vn 0.3562 0.1982 -0.9132
vn 0.3089 0.4180 -0.8543
vn 0.4241 0.3792 -0.8224
vn 0.3214 -0.0164 -0.9468
vn 0.3120 0.1830 -0.9323
vn 0.2930 0.4358 -0.8510
vn 0.2191 0.6846 -0.6952
vn 0.2229 0.6634 -0.7143
vn 0.3539 0.1498 -0.9232
vn 0.3587 0.4137 -0.8368
vn 0.3073 0.6949 -0.6501
vn 0.2083 0.8738 -0.4394
vn 0.1204 0.8583 -0.4989
vn 0.4025 0.4039 -0.8215
vn 0.3448 0.6855 -0.6413
vn 0.2517 0.8797 -0.4034
vn 0.1380 0.9711 -0.1946
vn 0.1025 0.9693 -0.2234
vn 0.3327 0.6795 -0.6539
vn 0.2310 0.8746 -0.4263
vn 0.1022 0.9791 -0.1760
vn -0.0359 0.9964 0.0772
vn -0.0144 0.9973 0.0722
vn 0.1520 0.8702 -0.4687
vn -0.0002 0.9798 -0.2000
vn -0.1324 0.9900 0.0481
vn -0.2287 0.9344 0.2732
vn -0.1457 0.9327 0.3298
vn -0.1055 0.9670 -0.2320
vn -0.2137 0.9769 0.0063
vn -0.3039 0.9237 0.2333
vn -0.3957 0.7918 0.4653
vn -0.3111 0.8018 0.5103
vn -0.2000 0.9798 -0.0043
vn -0.2959 0.9264 0.2328
vn -0.3933 0.7861 0.4768
vn -0.4697 0.5559 0.6859
vn -0.4627 0.5579 0.6889
vn -0.2598 0.9370 0.2337
vn -0.3532 0.7986 0.4873
vn -0.4452 0.5406 0.7138
vn -0.5005 0.2268 0.8355
vn -0.5034 0.2579 0.8246
vn -0.3497 0.8193 0.4544
vn -0.4666 0.5352 0.7042
vn -0.5383 0.1970 0.8194
vn -0.5668 -0.0935 0.8185
vn -0.5080 -0.0533 0.8597
vn -0.5381 0.5586 0.6313
vn -0.6130 0.2096 0.7618
vn -0.6375 -0.1069 0.7630
vn -0.6425 -0.3178 0.6973
vn -0.5647 -0.3018 0.7681
vn -0.7158 0.2779 0.6407
vn -0.8641 0.3384 0.3727
vn -0.8641 0.3384 0.3726
vn -0.9537 0.2975 0.0444
vn -0.9537 0.2027 -0.2223
vn -0.9707 -0.1525 -0.1856
vn -0.8191 0.5274 -0.2256
vn -0.7801 0.4876 -0.3921
vn -0.9102 0.1006 -0.4018
vn -0.5320 0.8293 -0.1712
vn -0.4586 0.8217 -0.3384
vn -0.5319 0.8293 -0.1711
vn -0.2052 0.9769 -0.0599
vn -0.1153 0.9606 -0.2527
vn -0.0484 0.9105 -0.4106
vn -0.3808 0.7677 -0.5154
vn -0.7190 0.4305 -0.5456
vn -0.6218 0.3783 -0.6857
vn -0.7864 0.0343 -0.6168
vn -0.8596 0.0458 -0.5090
vn -0.3284 0.6738 -0.6620
vn -0.3283 0.6738 -0.6619
vn -0.0001 0.8245 -0.5658
vn 0.0715 0.9130 -0.4017
vn 0.1770 0.8066 -0.5639
vn 0.2412 0.6181 -0.7482
vn 0.2054 0.7609 -0.6155
vn 0.2983 0.5910 -0.7495
vn 0.3957 0.3079 -0.8652
vn 0.2820 0.3976 -0.8731
vn 0.4405 0.0153 -0.8976
vn 0.3231 0.1164 -0.9392
vn 0.4222 -0.2435 -0.8732
vn 0.2879 -0.2293 -0.9298
vn 0.0182 -0.1565 -0.9875
vn 0.1416 -0.5740 -0.8065
vn -0.3317 -0.0405 -0.9425
vn -0.3318 -0.0405 -0.9425
vn -0.6307 0.0384 -0.7751
vn -0.8258 -0.2324 -0.5138
vn -0.7166 -0.5655 -0.4083
vn -0.7645 -0.5616 -0.3166
vn -0.8698 -0.2323 -0.4352
vn -0.8112 -0.5486 -0.2026
vn -0.9104 -0.2149 -0.3536
vn -0.8803 -0.4740 0.0211
vn -0.8802 -0.4741 0.0212
vn -0.5939 -0.8045 0.0039
vn -0.6773 -0.6842 0.2705
vn -0.4603 -0.8708 0.1729
vn -0.5397 -0.7474 0.3873
vn -0.6162 -0.5356 0.5774
vn -0.3703 -0.7964 0.4782
vn -0.4928 -0.5808 0.6479
vn -0.5647 -0.3019 0.7681
vn -0.6425 -0.3179 0.6973
vn -0.2647 -0.7981 0.5412
vn -0.3830 -0.5845 0.7153
vn -0.4775 -0.2923 0.8286
vn -0.3384 -0.5627 0.7542
vn -0.4328 -0.2879 0.8543
vn -0.4775 -0.2922 0.8286
vn -0.4328 -0.2878 0.8543
vn -0.4897 -0.0212 0.8716
vn -0.4338 -0.2707 0.8594
vn -0.4657 0.0122 0.8849
vn -0.4759 0.2695 0.8372
vn -0.4535 0.0472 0.8900
vn -0.4270 0.2764 0.8610
vn -0.3827 0.5575 0.7367
vn -0.4014 0.2967 0.8665
vn -0.3256 0.5617 0.7605
vn -0.2314 0.7938 0.5625
vn -0.3399 0.5695 0.7484
vn -0.2509 0.7871 0.5634
vn -0.1542 0.9235 0.3511
vn -0.2886 0.7815 0.5531
vn -0.1685 0.9285 0.3309
vn -0.0259 0.9977 0.0621
vn -0.1678 0.9407 0.2947
vn -0.0639 0.9956 0.0684
vn 0.0233 0.9747 -0.2223
vn -0.0616 0.9938 0.0922
vn 0.0357 0.9808 -0.1918
vn 0.1338 0.8608 -0.4911
vn 0.1746 0.9746 -0.1406
vn 0.2901 0.8615 -0.4167
vn 0.3772 0.6469 -0.6627
vn 0.3885 0.8440 -0.3697
vn 0.4589 0.6310 -0.6255
vn 0.4674 0.3767 -0.7998
vn 0.4152 0.6389 -0.6476
vn 0.4291 0.3919 -0.8138
vn 0.4111 0.1618 -0.8971
vn 0.3951 0.3944 -0.8297
vn 0.3751 0.1674 -0.9117
vn 0.3397 -0.0610 -0.9386
vn 0.3234 0.1770 -0.9296
vn 0.2630 -0.0476 -0.9636
vn 0.1969 -0.2619 -0.9448
vn 0.1176 0.0182 -0.9929
vn -0.0352 -0.2052 -0.9781
vn -0.2126 -0.4372 -0.8739
vn -0.0353 -0.2052 -0.9781
vn -0.1071 0.1363 -0.9849
vn -0.3463 -0.0868 -0.9341
vn -0.2843 0.2445 -0.9270
vn -0.4803 0.0218 -0.8768
vn -0.6323 -0.1979 -0.7490
vn -0.7491 -0.4114 -0.5192
vn -0.8150 0.1302 -0.5647
vn -0.9214 -0.1267 -0.3673
vn -0.9232 -0.3797 -0.0602
vn -0.9231 -0.3797 -0.0602
vn -0.6981 -0.6838 0.2124
vn -0.7215 -0.6775 -0.1430
vn -0.8704 -0.0271 0.4915
vn -0.7825 -0.3009 0.5450
vn -0.7825 -0.3010 0.5450
vn -0.5725 -0.6329 0.5212
vn -0.2953 -0.8705 0.3939
vn -0.4591 -0.8649 0.2028
vn -0.6327 -0.2669 0.7269
vn -0.4706 -0.6239 0.6239
vn -0.2092 -0.8514 0.4809
vn -0.2092 -0.8515 0.4809
vn 0.0712 -0.9445 0.3208
vn -0.1672 -0.9690 0.1819
vn -0.2952 -0.8705 0.3938
vn -0.3941 -0.6146 0.6833
vn -0.1706 -0.8279 0.5342
vn 0.0946 -0.9270 0.3630
vn 0.2350 -0.9661 0.1065
vn 0.1801 -0.9736 0.1400
vn -0.1706 -0.8279 0.5343
vn -0.1594 -0.8227 0.5457
vn 0.0061 -0.9409 0.3387
vn 0.1521 -0.9878 0.0328
vn 0.2350 -0.9662 0.1065
vn 0.2331 -0.8925 -0.3861
vn 0.1155 -0.9265 -0.3582
vn -0.0716 -0.9583 0.2766
vn 0.0585 -0.9978 -0.0302
vn 0.2294 -0.8941 -0.3846
vn 0.3956 -0.6275 -0.6707
vn 0.2938 -0.5951 -0.7481
vn 0.0796 -0.9957 -0.0474
vn 0.2449 -0.9063 -0.3446
vn 0.4221 -0.6690 -0.6118
vn 0.5122 -0.3808 -0.7699
vn 0.4659 -0.3687 -0.8044
vn 0.2633 -0.9054 -0.3330
vn 0.3895 -0.7008 -0.5976
vn 0.4855 -0.4130 -0.7705
vn 0.5077 -0.1182 -0.8534
vn 0.5027 -0.1336 -0.8541
vn 0.3669 -0.7047 -0.6073
vn 0.4508 -0.4500 -0.7709
vn 0.5013 -0.1264 -0.8560
vn 0.4809 0.1624 -0.8616
vn 0.4571 0.1430 -0.8778
vn 0.4394 -0.4704 -0.7653
vn 0.4990 -0.1404 -0.8551
vn 0.4883 0.1692 -0.8561
vn 0.4249 0.4372 -0.7927
vn 0.3981 0.4036 -0.8238
vn 0.4703 -0.1534 -0.8691
vn 0.4466 0.1692 -0.8786
vn 0.3904 0.4271 -0.8156
vn 0.3026 0.6419 -0.7045
vn 0.3448 0.6502 -0.6770
vn 0.3587 0.1427 -0.9225
vn 0.2520 0.3920 -0.8848
vn 0.1097 0.6050 -0.7887
vn -0.0562 0.7907 -0.6097
vn 0.1555 0.8483 -0.5061
vn 0.1382 0.3697 -0.9188
vn -0.0270 0.5717 -0.8200
vn -0.2065 0.7269 -0.6550
vn -0.3953 0.8297 -0.3941
vn -0.2433 0.9162 -0.3184
vn -0.0586 0.5939 -0.8024
vn -0.2396 0.7320 -0.6378
vn -0.4180 0.8175 -0.3962
vn -0.5499 0.8253 -0.1284
vn -0.5355 0.8388 -0.0986
vn -0.1995 0.7728 -0.6024
vn -0.3728 0.8570 -0.3558
vn -0.4953 0.8619 -0.1087
vn -0.5762 0.8094 0.1137
vn -0.6267 0.7733 0.0960
vn -0.3427 0.8804 -0.3279
vn -0.4566 0.8853 -0.0878
vn -0.5453 0.8233 0.1577
vn -0.6011 0.6667 0.4406
vn -0.6420 0.6545 0.3994
vn -0.4984 0.8631 -0.0818
vn -0.5916 0.7839 0.1885
vn -0.6260 0.6435 0.4405
vn -0.5940 0.4587 0.6609
vn -0.5896 0.4625 0.6622
vn -0.7224 0.6678 0.1794
vn -0.7153 0.5645 0.4118
vn -0.6461 0.4124 0.6423
vn -0.4865 0.1814 0.8546
vn -0.4984 0.1836 0.8473
vn -0.7831 0.4788 0.3970
vn -0.6900 0.3602 0.6279
vn -0.4980 0.1753 0.8493
vn -0.2322 -0.0348 0.9721
vn -0.2641 -0.0815 0.9610
vn -0.6991 0.3372 0.6305
vn -0.5332 0.1475 0.8330
vn -0.2982 -0.0817 0.9510
vn -0.0166 -0.3112 0.9502
vn 0.0477 -0.2495 0.9672
vn -0.5148 0.1569 0.8428
vn -0.2958 -0.1145 0.9484
vn -0.0647 -0.3509 0.9342
vn 0.1766 -0.5463 0.8188
vn 0.2365 -0.4874 0.8405
vn -0.3682 -0.1658 0.9148
vn -0.1375 -0.4279 0.8933
vn 0.0801 -0.6287 0.7735
vn 0.2938 -0.7646 0.5736
vn 0.3893 -0.6746 0.6271
vn -0.2848 -0.5206 0.8049
vn -0.0368 -0.7196 0.6934
vn 0.1780 -0.8375 0.5167
vn 0.3179 -0.8838 0.3432
vn 0.4176 -0.8141 0.4036
vn 0.2939 -0.7646 0.5736
vn 0.5470 -0.8213 0.1622
vn 0.6759 -0.7114 0.1927
vn 0.5433 -0.7161 0.4381
vn 0.3894 -0.6746 0.6271
vn 0.4258 -0.8984 0.1071
vn 0.5203 -0.8297 -0.2019
vn 0.6555 -0.7371 -0.1643
vn 0.1884 -0.9817 0.0280
vn 0.2736 -0.9289 -0.2495
vn 0.3003 -0.7806 -0.5482
vn 0.5515 -0.6806 -0.4824
vn -0.1499 -0.9886 -0.0129
vn -0.0993 -0.9669 -0.2350
vn -0.0783 -0.8416 -0.5343
vn -0.1162 -0.6182 -0.7774
vn 0.2571 -0.5265 -0.8104
vn -0.0784 -0.8416 -0.5343
vn -0.0994 -0.9669 -0.2350
vn -0.4608 -0.6115 -0.6433
vn -0.5385 -0.3276 -0.7763
vn -0.2140 -0.3280 -0.9201
vn -0.6724 -0.5606 -0.4834
vn -0.7235 -0.3129 -0.6153
vn -0.7374 0.0056 -0.6754
vn -0.7857 -0.5460 -0.2909
vn -0.8354 -0.3285 -0.4406
vn -0.8372 -0.0035 -0.5469
vn -0.7801 0.3426 -0.5236
vn -0.6899 0.3344 -0.6421
vn -0.9271 -0.3196 -0.1960
vn -0.8519 -0.5223 -0.0375
vn -0.8528 -0.4052 0.3294
vn -0.9711 -0.1694 0.1680
vn -0.9711 -0.1694 0.1681
vn -0.8528 -0.4051 0.3294
vn -0.7451 -0.2019 0.6357
vn -0.8543 0.0511 0.5172
vn -0.8952 0.3545 0.2700
vn -0.9938 0.0851 -0.0716
vn -0.7179 0.2139 0.6625
vn -0.7614 0.4859 0.4291
vn -0.7489 0.6541 0.1061
vn -0.8273 0.5604 -0.0382
vn -0.6940 0.6999 -0.1688
vn -0.7380 0.6107 -0.2871
vn -0.8470 0.3366 -0.4114
vn -0.6174 0.6909 -0.3760
vn -0.6837 0.5874 -0.4329
vn -0.7800 0.3426 -0.5236
vn -0.4746 0.6489 -0.5947
vn -0.5781 0.5578 -0.5956
vn -0.6898 0.3345 -0.6420
vn -0.2742 0.5700 -0.7745
vn -0.4861 0.5850 -0.6492
vn -0.2494 0.4789 -0.8417
vn -0.0285 0.3657 -0.9303
vn -0.0595 0.4410 -0.8955
vn 0.1825 0.1928 -0.9641
vn 0.1671 0.1951 -0.9664
vn 0.4112 -0.0826 -0.9078
vn 0.3571 -0.1108 -0.9275
vn 0.1559 -0.2233 -0.9622
vn 0.4947 -0.4207 -0.7604
vn -0.2139 -0.3279 -0.9202
vn 0.5958 -0.3721 -0.7117
vn 0.6728 -0.5938 -0.4412
vn 0.5940 -0.3852 -0.7063
vn 0.7007 -0.5673 -0.4327
vn 0.7346 -0.6677 -0.1210
vn 0.6931 -0.5686 -0.4430
vn 0.7307 -0.6750 -0.1019
vn 0.6958 -0.6885 0.2047
vn 0.7640 -0.6372 -0.1012
vn 0.6972 -0.6822 0.2202
vn 0.6151 -0.6589 0.4331
vn 0.6089 -0.6685 0.4271
vn 0.4740 -0.5744 0.6673
vn 0.4472 -0.6094 0.6548
vn 0.4471 -0.6093 0.6548
vn 0.4739 -0.5744 0.6674
vn 0.2814 -0.4336 0.8560
vn 0.3124 -0.7099 0.6312
vn 0.1233 -0.5348 0.8359
vn -0.0685 -0.3086 0.9487
vn -0.0675 -0.6400 0.7654
vn -0.2439 -0.3867 0.8894
vn -0.3677 -0.1282 0.9211
vn -0.2694 -0.3764 0.8864
vn -0.4116 -0.0978 0.9061
vn -0.5181 0.1955 0.8327
vn -0.4645 -0.0870 0.8813
vn -0.5637 0.1833 0.8054
vn -0.6332 0.4306 0.6431
vn -0.5994 0.1816 0.7796
vn -0.6640 0.4093 0.6257
vn -0.6788 0.6341 0.3703
vn -0.6432 0.4251 0.6369
vn -0.6527 0.6456 0.3965
vn -0.6053 0.7855 0.1291
vn -0.5461 0.6965 0.4656
vn -0.4772 0.8518 0.2164
vn -0.3926 0.9196 -0.0123
vn -0.3408 0.8930 0.2938
vn -0.2094 0.9755 0.0672
vn -0.0370 0.9765 -0.2123
vn -0.1262 0.9883 0.0858
vn 0.0446 0.9815 -0.1860
vn 0.2242 0.8518 -0.4735
vn -0.0284 0.9703 -0.2404
vn 0.1210 0.8403 -0.5285
vn 0.2683 0.6273 -0.7311
vn 0.0571 0.8182 -0.5721
vn 0.2491 0.5814 -0.7746
vn 0.3737 0.3651 -0.8527
vn 0.2630 0.5362 -0.8021
vn 0.3565 0.3522 -0.8654
vn 0.4380 0.1127 -0.8919
vn 0.3140 0.3275 -0.8911
vn 0.3936 0.0696 -0.9166
vn 0.4570 -0.1622 -0.8746
vn 0.3341 0.0170 -0.9424
vn 0.3793 -0.1813 -0.9073
vn 0.3670 -0.3588 -0.8582
vn 0.2916 -0.1906 -0.9374
vn 0.2423 -0.3407 -0.9084
vn 0.0966 -0.5687 -0.8169
vn 0.1198 -0.1527 -0.9810
vn -0.0576 -0.2932 -0.9543
vn -0.5807 0.1483 -0.8005
vn -0.7852 -0.0808 -0.6140
vn -0.9121 0.3893 -0.1283
vn -0.9917 0.1178 -0.0524
vn -0.9633 -0.2641 -0.0471
vn -0.6888 -0.7249 -0.0111
vn -0.9860 0.1330 0.1002
vn -0.9633 -0.2625 0.0559
vn -0.7493 -0.6537 0.1060
vn -0.4638 -0.8507 0.2473
vn -0.9082 -0.2089 0.3625
vn -0.7411 -0.5440 0.3936
vn -0.4794 -0.7408 0.4705
vn -0.4637 -0.8507 0.2474
vn -0.2295 -0.8384 0.4944
vn -0.3145 -0.8949 0.3167
vn -0.6519 -0.4122 0.6365
vn -0.4456 -0.6489 0.6167
vn -0.2196 -0.7940 0.5668
vn -0.0337 -0.8702 0.4916
vn -0.0719 -0.8904 0.4494
vn -0.4405 -0.6474 0.6220
vn -0.2767 -0.8004 0.5318
vn -0.1310 -0.9037 0.4077
vn 0.0266 -0.9846 0.1728
vn 0.1056 -0.9458 0.3070
vn -0.2882 -0.8060 0.5171
vn -0.1520 -0.9259 0.3457
vn 0.0163 -0.9956 0.0926
vn 0.1722 -0.9760 -0.1330
vn 0.1812 -0.9778 -0.1054
vn -0.1192 -0.9466 0.2996
vn 0.0513 -0.9967 0.0623
vn 0.1913 -0.9731 -0.1284
vn 0.1913 -0.9731 -0.1285
vn 0.3721 -0.8472 -0.3792
vn 0.3507 -0.8593 -0.3722
vn 0.1723 -0.9760 -0.1330
vn 0.0807 -0.9949 0.0608
vn 0.2296 -0.9662 -0.1175
vn 0.2297 -0.9661 -0.1175
vn 0.4208 -0.8348 -0.3549
vn 0.5566 -0.6445 -0.5242
vn 0.5029 -0.6456 -0.5747
vn 0.2768 -0.9556 -0.1016
vn 0.4369 -0.8432 -0.3133
vn 0.5658 -0.6670 -0.4848
vn 0.6242 -0.4448 -0.6422
vn 0.6198 -0.4555 -0.6391
vn 0.5656 -0.7949 -0.2194
vn 0.6150 -0.6510 -0.4450
vn 0.5835 -0.4326 -0.6873
vn 0.5082 -0.2055 -0.8364
vn 0.6123 -0.1537 -0.7756
vn 0.6883 -0.5773 -0.4393
vn 0.5910 -0.3598 -0.7220
vn 0.4840 -0.1960 -0.8529
vn 0.3875 -0.0391 -0.9210
vn 0.4318 0.0324 -0.9014
vn 0.6089 -0.3230 -0.7245
vn 0.5320 -0.1383 -0.8354
vn 0.4088 -0.0028 -0.9126
vn 0.2715 0.1371 -0.9526
vn 0.2626 0.1797 -0.9480
vn 0.5321 -0.1208 -0.8380
vn 0.4070 0.0705 -0.9107
vn 0.3062 0.1816 -0.9345
vn 0.1463 0.3552 -0.9233
vn 0.1149 0.3529 -0.9286
vn 0.4150 0.0731 -0.9069
vn 0.3194 0.2263 -0.9202
vn 0.1535 0.4062 -0.9008
vn -0.0987 0.6329 -0.7679
vn -0.1071 0.6041 -0.7896
vn 0.1986 0.1368 -0.9705
vn -0.0032 0.3200 -0.9474
vn -0.2534 0.5194 -0.8161
vn -0.4234 0.6531 -0.6278
vn -0.2962 0.7680 -0.5679
vn -0.1808 0.2017 -0.9626
vn -0.4007 0.3486 -0.8473
vn -0.5630 0.4601 -0.6865
vn -0.7468 0.5366 -0.3928
vn -0.5802 0.7183 -0.3839
vn -0.3827 0.3515 -0.8544
vn -0.5767 0.4569 -0.6773
vn -0.7722 0.5272 -0.3545
vn -0.8447 0.5307 -0.0699
vn -0.8424 0.5304 -0.0956
vn -0.5735 0.5240 -0.6297
vn -0.7506 0.5761 -0.3236
vn -0.8132 0.5788 -0.0610
vn -0.8169 0.5638 0.1217
vn -0.8545 0.5076 0.1106
vn -0.7315 0.6093 -0.3060
vn -0.7971 0.6003 -0.0650
vn -0.8107 0.5759 0.1053
vn -0.7909 0.4877 0.3697
vn -0.7843 0.4947 0.3743
vn -0.8293 0.5515 -0.0900
vn -0.8485 0.5252 0.0649
vn -0.8535 0.3985 0.3357
vn -0.7501 0.1545 0.6430
vn -0.6879 0.2923 0.6644
vn -0.9401 0.3397 -0.0287
vn -0.9615 0.1542 0.2273
vn -0.8464 -0.1091 0.5213
vn -0.7030 -0.2740 0.6564
vn -0.6139 -0.0444 0.7881
vn -0.9814 -0.1919 0.0105
vn -0.8624 -0.4374 0.2547
vn -0.7231 -0.5822 0.3717
vn -0.7231 -0.5823 0.3716
vn -0.8624 -0.4375 0.2546
vn -0.7653 -0.6429 0.0312
vn -0.6358 -0.7568 0.1517
vn -0.6956 -0.7064 -0.1309
vn -0.5809 -0.8113 0.0665
vn -0.4756 -0.8680 0.1428
vn -0.2091 -0.9166 0.3408
vn -0.5164 -0.8500 -0.1038
vn -0.3842 -0.9209 0.0664
vn -0.1404 -0.9564 0.2560
vn -0.1403 -0.9564 0.2561
vn 0.1137 -0.8854 0.4506
vn 0.0471 -0.8272 0.5599
vn -0.2090 -0.9166 0.3408
vn 0.2956 -0.7907 0.5361
vn 0.1442 -0.7178 0.6812
vn 0.0340 -0.6211 0.7830
vn 0.2192 -0.6199 0.7535
vn 0.0761 -0.5196 0.8510
vn -0.1156 -0.3724 0.9209
vn -0.1780 -0.4616 0.8691
vn -0.3814 -0.1197 0.9166
vn -0.4422 -0.2361 0.8653
vn -0.5492 0.0891 0.8309
vn -0.3358 -0.0379 0.9412
vn -0.5201 0.1583 0.8393
vn -0.6652 0.3292 0.6702
vn -0.5187 0.1601 0.8398
vn -0.6837 0.3060 0.6626
vn -0.8167 0.4451 0.3673
vn -0.6867 0.3197 0.6528
vn -0.8016 0.4483 0.3956
vn -0.8546 0.5023 0.1317
vn -0.7128 0.5253 0.4648
vn -0.7417 0.6316 0.2258
vn -0.7052 0.7053 -0.0720
vn -0.6319 0.7217 0.2825
vn -0.5698 0.8214 -0.0254
vn -0.4376 0.8273 -0.3523
vn -0.5567 0.8306 -0.0125
vn -0.4375 0.8304 -0.3451
vn -0.3033 0.7547 -0.5817
vn -0.4520 0.8273 -0.3334
vn -0.2892 0.7534 -0.5906
vn -0.1031 0.6060 -0.7887
vn -0.2604 0.7596 -0.5960
vn -0.0722 0.6314 -0.7721
vn 0.1124 0.4242 -0.8986
vn 0.0048 0.6852 -0.7283
vn 0.1800 0.5033 -0.8451
vn 0.3256 0.2856 -0.9013
vn 0.3061 0.5800 -0.7549
vn 0.4478 0.3685 -0.8146
vn 0.5462 0.1401 -0.8258
vn 0.4949 0.3858 -0.7786
vn 0.5791 0.1542 -0.8005
vn 0.6339 -0.1475 -0.7592
vn 0.5684 0.1310 -0.8122
vn 0.6081 -0.1768 -0.7740
vn 0.5738 -0.4660 -0.6735
vn 0.6067 -0.1972 -0.7701
vn 0.5696 -0.4495 -0.6882
vn 0.4970 -0.6446 -0.5809
vn 0.5696 -0.4395 -0.6946
vn 0.4988 -0.6417 -0.5826
vn 0.3527 -0.8577 -0.3742
vn 0.4691 -0.6327 -0.6162
vn 0.3486 -0.8557 -0.3824
vn 0.2159 -0.9763 -0.0147
vn 0.0970 -0.9942 0.0454
vn 0.0168 -0.9443 0.3288
vn -0.2192 -0.9754 -0.0213
vn -0.2818 -0.9479 0.1484
vn -0.2883 -0.9223 0.2574
vn -0.2884 -0.9223 0.2573
vn -0.2819 -0.9479 0.1483
vn -0.5086 -0.8590 -0.0595
vn -0.4547 -0.8758 -0.1618
vn -0.5267 -0.8236 -0.2102
vn -0.5806 -0.8038 -0.1294
vn -0.2193 -0.9754 -0.0214
vn -0.4969 -0.8579 -0.1308
vn -0.5622 -0.8238 -0.0726
vn -0.5941 -0.8031 -0.0459
vn -0.4749 -0.8794 0.0344
vn -0.5347 -0.8446 0.0278
vn -0.5259 -0.8502 -0.0229
vn -0.4570 -0.8781 0.1416
vn -0.4439 -0.8832 0.1514
vn -0.3946 -0.9134 0.1000
vn -0.4512 -0.8870 -0.0978
vn -0.3317 -0.9432 0.0190
vn -0.4488 -0.8827 -0.1393
vn -0.5117 -0.8396 -0.1823
vn -0.5569 -0.8246 -0.0993
vn -0.4344 -0.9007 0.0055
vn -0.4668 -0.8716 -0.1494
vn -0.1575 -0.9875 0.0093
vn -0.5876 -0.8092 -0.0037
vn -0.4591 -0.8650 0.2028
vn -0.4076 -0.9065 0.1099
vn -0.3124 -0.9478 0.0635
vn -0.5055 -0.8566 -0.1036
vn -0.4312 -0.8926 -0.1316
vn -0.3899 -0.9079 -0.1540
vn -0.4741 -0.8480 -0.2371
vn -0.4555 -0.8405 -0.2933
vn -0.4511 -0.8436 -0.2914
vn -0.4022 -0.8965 -0.1857
vn -0.4600 -0.8607 -0.2180
vn -0.4350 -0.8802 -0.1900
vn -0.4864 -0.8671 -0.1072
vn -0.4747 -0.8687 -0.1416
vn -0.5184 -0.8524 0.0677
vn -0.4868 -0.8720 -0.0516
vn -0.5632 -0.8207 0.0962
vn -0.6271 -0.7277 0.2777
vn -0.6161 -0.7842 0.0733
vn -0.7181 -0.6597 0.2217
vn -0.7577 -0.5223 0.3913
vn -0.8228 -0.5607 0.0929
vn -0.8809 -0.3657 0.3004
vn -0.8085 -0.2166 0.5472
vn -0.9628 -0.1269 0.2385
vn -0.8515 -0.0433 0.5226
vn -0.7438 -0.0271 0.6679
vn -0.8676 0.0898 0.4891
vn -0.7833 0.0595 0.6188
vn -0.6395 0.1885 0.7453
vn -0.8455 0.2044 0.4933
vn -0.6397 0.2779 0.7166
vn -0.4751 0.3899 0.7888
vn -0.4908 0.4941 0.7176
vn -0.3646 0.5712 0.7354
vn -0.5055 0.5589 0.6573
vn -0.3810 0.6115 0.6935
vn -0.3899 0.5780 0.7169
vn -0.5305 0.5451 0.6492
vn -0.6744 0.4983 0.5449
vn -0.8022 0.4575 0.3836
vn -0.8380 0.5071 0.2013
vn -0.9149 0.3902 0.1030
vn -0.9031 0.4006 -0.1547
vn -0.8676 0.3650 -0.3377
vn -0.8498 0.5254 -0.0418
vn -0.8100 0.2798 -0.5154
vn -0.7989 0.5128 -0.3144
vn -0.9730 0.1383 -0.1845
vn -0.8954 -0.0622 -0.4410
vn -0.7600 -0.2648 -0.5935
vn -0.8562 -0.3197 -0.4059
vn -0.7549 -0.4179 -0.5054
vn -0.6761 -0.4908 -0.5495
vn -0.5919 -0.5853 -0.5541
vn -0.6919 -0.6489 -0.3164
vn -0.6081 -0.7157 -0.3436
vn -0.5369 -0.7730 -0.3379
vn -0.5368 -0.7731 -0.3379
vn -0.4986 -0.8025 -0.3277
vn -0.5414 -0.6797 -0.4949
vn -0.5919 -0.5852 -0.5542
vn -0.5099 -0.8421 -0.1757
vn -0.4753 -0.8525 -0.2178
vn -0.4478 -0.8586 -0.2495
vn -0.4425 -0.8586 -0.2589
vn -0.4896 -0.8051 -0.3347
vn -0.4172 -0.8962 -0.1508
vn -0.3929 -0.9018 -0.1799
vn -0.3982 -0.9017 -0.1686
vn -0.4269 -0.8981 -0.1055
vn -0.4786 -0.8463 -0.2337
vn -0.4091 -0.8849 -0.2227
vn -0.4294 -0.8830 -0.1897
vn -0.4592 -0.8828 -0.0989
vn -0.4323 -0.9016 0.0158
vn -0.4588 -0.8852 -0.0767
vn -0.5175 -0.8415 -0.1554
vn -0.5220 -0.8520 -0.0406
vn -0.4524 -0.8845 0.1144
vn -0.4119 -0.9058 0.0995
vn -0.5647 -0.8228 -0.0635
vn -0.5621 -0.8269 0.0154
vn -0.4788 -0.8731 0.0924
vn -0.3796 -0.9044 0.1949
vn -0.4749 -0.8728 0.1125
vn -0.5311 -0.8444 0.0699
vn -0.5484 -0.8362 0.0014
vn -0.5093 -0.8584 -0.0604
vn -0.4045 -0.9085 0.1047
vn -0.4667 -0.8819 0.0663
vn -0.4610 -0.8870 -0.0273
vn -0.4323 -0.8956 -0.1048
vn -0.4599 -0.8788 -0.1272
vn -0.4139 -0.9103 0.0040
vn -0.3784 -0.9251 -0.0314
vn -0.3404 -0.9379 -0.0667
vn -0.3989 -0.9041 -0.1534
vn -0.4554 -0.8728 -0.1755
vn -0.4323 -0.8829 -0.1832
vn -0.3678 -0.9128 -0.1775
vn -0.2875 -0.9510 -0.1134
vn -0.4853 -0.8325 -0.2673
vn -0.5028 -0.8311 -0.2377
vn -0.4714 -0.8589 -0.2003
vn -0.3541 -0.9149 -0.1941
vn -0.2462 -0.9491 -0.1964
vn -0.5029 -0.8389 -0.2080
vn -0.5355 -0.8360 -0.1196
vn -0.4247 -0.8971 -0.1215
vn -0.2223 -0.9487 -0.2250
vn -0.1837 -0.9543 -0.2355
vn -0.2661 -0.9315 -0.2479
vn -0.0670 -0.9161 -0.3953
vn -0.0234 -0.9333 -0.3584
vn -0.1433 -0.9896 -0.0096
vn 0.0744 -0.9806 -0.1813
vn 0.2760 -0.8829 -0.3799
vn 0.1273 -0.8331 -0.5383
vn 0.0745 -0.9806 -0.1812
vn -0.1432 -0.9896 -0.0096
vn -0.0424 -0.9788 0.2004
vn 0.1711 -0.9849 -0.0254
vn 0.1711 -0.9849 -0.0255
vn 0.3695 -0.8834 -0.2881
vn 0.2761 -0.8829 -0.3799
vn 0.5151 -0.6802 -0.5215
vn 0.4432 -0.6895 -0.5728
vn 0.1033 -0.9861 -0.1303
vn 0.3047 -0.8740 -0.3786
vn 0.4705 -0.6695 -0.5748
vn 0.5809 -0.4175 -0.6988
vn 0.5896 -0.4288 -0.6844
vn 0.3430 -0.8748 -0.3423
vn 0.5186 -0.6708 -0.5302
vn 0.6234 -0.4170 -0.6614
vn 0.6823 -0.1312 -0.7192
vn 0.6434 -0.1085 -0.7578
vn 0.5399 -0.6672 -0.5132
vn 0.6507 -0.4230 -0.6306
vn 0.7044 -0.1653 -0.6903
vn 0.7025 0.0735 -0.7079
vn 0.6964 0.1103 -0.7092
vn 0.6871 -0.4367 -0.5806
vn 0.6931 -0.2027 -0.6918
vn 0.6180 0.0433 -0.7850
vn 0.4655 0.2935 -0.8350
vn 0.6225 0.3385 -0.7056
vn 0.6880 -0.2259 -0.6897
vn 0.5701 0.0431 -0.8204
vn 0.3903 0.2864 -0.8750
vn 0.2015 0.4724 -0.8581
vn 0.2893 0.5194 -0.8040
vn 0.5940 0.0453 -0.8032
vn 0.4273 0.3145 -0.8477
vn 0.2217 0.5209 -0.8243
vn -0.0393 0.6858 -0.7267
vn -0.0428 0.6675 -0.7434
vn 0.4420 0.2807 -0.8519
vn 0.2096 0.5252 -0.8248
vn -0.0588 0.7019 -0.7098
vn -0.2936 0.7859 -0.5442
vn -0.2769 0.7832 -0.5567
vn 0.0800 0.3613 -0.9290
vn -0.2041 0.5445 -0.8135
vn -0.4428 0.6439 -0.6240
vn -0.6433 0.6573 -0.3925
vn -0.5043 0.7991 -0.3274
vn -0.3191 0.3620 -0.8758
vn -0.5502 0.4697 -0.6904
vn -0.7343 0.5196 -0.4369
vn -0.8597 0.4945 -0.1284
vn -0.7862 0.6090 -0.1050
vn -0.4895 0.5402 -0.6846
vn -0.7067 0.5853 -0.3974
vn -0.8362 0.5413 -0.0880
vn -0.8660 0.4829 0.1301
vn -0.8947 0.4261 0.1339
vn -0.6924 0.6346 -0.3434
vn -0.8014 0.5942 -0.0680
vn -0.8331 0.5391 0.1238
vn -0.8297 0.4049 0.3843
vn -0.8394 0.3726 0.3957
vn -0.9061 0.3048 0.2933
vn -0.8576 0.0392 0.5128
vn -0.7429 0.1796 0.6449
vn -0.9986 0.0518 0.0141
vn -0.9568 -0.2203 0.1898
vn -0.8456 -0.4262 0.3215
vn -0.7198 -0.2490 0.6480
vn -0.9568 -0.2204 0.1897
vn -0.9986 0.0517 0.0140
vn -0.9095 -0.1199 -0.3980
vn -0.8823 -0.4258 -0.2008
vn -0.8202 -0.5670 -0.0762
vn -0.8456 -0.4262 0.3214
vn -0.6573 -0.5398 -0.5259
vn -0.5916 -0.7086 -0.3847
vn -0.3062 -0.6008 -0.7385
vn -0.2503 -0.7790 -0.5749
vn -0.2089 -0.9308 -0.2999
vn 0.1519 -0.7356 -0.6601
vn 0.1855 -0.9077 -0.3765
vn 0.1856 -0.9077 -0.3764
vn 0.1520 -0.7356 -0.6601
vn 0.5038 -0.5943 -0.6269
vn 0.5083 -0.7993 -0.3205
vn 0.6762 -0.4819 -0.5573
vn 0.6784 -0.6924 -0.2457
vn 0.5631 -0.8177 0.1192
vn 0.7751 -0.5936 -0.2165
vn 0.6787 -0.7184 0.1524
vn 0.5105 -0.7373 0.4425
vn 0.4097 -0.8242 0.3909
vn 0.5104 -0.7373 0.4426
vn 0.3455 -0.7043 0.6201
vn 0.2652 -0.7772 0.5706
vn 0.1587 -0.6265 0.7631
vn 0.0743 -0.6867 0.7232
vn -0.1030 -0.7908 0.6033
vn -0.1352 -0.5541 0.8214
vn -0.2827 -0.6980 0.6579
vn -0.2494 -0.8707 0.4240
vn -0.3617 -0.3458 0.8658
vn -0.4934 -0.5205 0.6969
vn -0.6505 -0.6240 0.4330
vn -0.5751 -0.0843 0.8138
vn -0.3188 -0.2450 0.9156
vn -0.5136 -0.0498 0.8566
vn -0.7202 0.1795 0.6702
vn -0.4943 -0.0538 0.8676
vn -0.7218 0.1525 0.6751
vn -0.8594 0.3267 0.3932
vn -0.7200 0.1580 0.6758
vn -0.8288 0.3624 0.4264
vn -0.8472 0.5016 0.1749
vn -0.7797 0.4169 0.4671
vn -0.7679 0.6007 0.2224
vn -0.6761 0.7349 -0.0537
vn -0.7370 0.6303 0.2440
vn -0.6446 0.7634 -0.0428
vn -0.4799 0.8143 -0.3265
vn -0.6228 0.7819 -0.0293
vn -0.4521 0.8353 -0.3129
vn -0.2735 0.7970 -0.5385
vn -0.3575 0.9055 -0.2285
vn -0.1992 0.8813 -0.4286
vn 0.0486 0.7474 -0.6626
vn -0.0605 0.9553 -0.2895
vn 0.2158 0.8345 -0.5070
vn 0.4665 0.5942 -0.6552
vn 0.3003 0.8610 -0.4104
vn 0.5318 0.6026 -0.5950
vn 0.6558 0.3350 -0.6765
vn 0.4950 0.5972 -0.6311
vn 0.6049 0.3113 -0.7330
vn 0.6455 0.1145 -0.7551
vn 0.5903 0.3001 -0.7493
vn 0.6135 0.1177 -0.7809
vn 0.6196 -0.1077 -0.7775
vn 0.6137 0.1284 -0.7790
vn 0.6105 -0.1322 -0.7809
vn 0.5490 -0.4489 -0.7050
vn 0.5490 -0.4489 -0.7051
vn 0.6105 -0.1323 -0.7809
vn 0.6115 -0.1446 -0.7779
vn 0.5149 -0.4311 -0.7410
vn 0.3510 -0.6518 -0.6723
vn 0.4432 -0.6895 -0.5729
vn 0.5418 -0.4268 -0.7241
vn 0.4115 -0.6450 -0.6440
vn 0.1859 -0.8420 -0.5065
vn 0.4335 -0.6540 -0.6199
vn 0.2386 -0.8416 -0.4845
vn 0.0070 -0.9413 -0.3375
vn 0.2644 -0.8408 -0.4724
vn 0.0524 -0.9463 -0.3191
vn -0.1193 -0.9660 -0.2293
vn 0.0190 -0.9245 -0.3806
vn -0.1082 -0.9578 -0.2663
vn -0.1987 -0.9603 -0.1956
vn -0.1446 -0.9307 -0.3359
vn -0.2185 -0.9305 -0.2941
vn -0.3316 -0.9171 -0.2214
vn -0.1985 -0.9158 -0.3491
vn -0.3043 -0.9060 -0.2941
vn -0.4128 -0.8877 -0.2038
vn -0.2633 -0.9221 -0.2836
vn -0.3386 -0.9352 -0.1034
vn -0.3765 -0.9256 0.0386
vn -0.3613 -0.9305 -0.0599
vn -0.3861 -0.9190 0.0799
vn -0.3741 -0.9125 0.1656
vn -0.5048 -0.8501 -0.1499
vn -0.4960 -0.8667 -0.0539
vn -0.4509 -0.8898 0.0699
vn -0.5620 -0.8000 -0.2102
vn -0.5617 -0.8110 -0.1638
vn -0.5160 -0.8499 -0.1071
vn -0.5507 -0.8241 -0.1328
vn -0.5561 -0.8102 -0.1852
vn -0.5269 -0.8247 -0.2056
vn -0.5247 -0.8320 -0.1800
vn -0.5289 -0.8091 -0.2560
vn -0.5097 -0.7997 -0.3173
vn -0.5298 -0.7547 -0.3870
vn -0.5396 -0.7328 -0.4145
vn -0.5342 -0.7245 -0.4355
vn -0.5475 -0.6070 -0.5760
vn -0.5550 -0.5241 -0.6459
vn -0.4830 -0.4571 -0.7469
vn -0.5187 -0.3699 -0.7708
vn -0.4401 -0.3759 -0.8155
vn -0.5116 -0.3532 -0.7833
vn -0.4587 -0.3960 -0.7955
vn -0.5197 -0.3937 -0.7583
vn -0.4637 -0.5091 -0.7251
vn -0.4160 -0.3897 -0.8216
vn -0.4292 -0.5212 -0.7377
vn -0.4082 -0.6860 -0.6022
vn -0.4151 -0.6726 -0.6126
vn -0.3790 -0.7556 -0.5343
vn -0.3683 -0.7507 -0.5485
vn -0.3363 -0.8204 -0.4624
vn -0.3467 -0.8150 -0.4643
vn -0.2471 -0.9316 -0.2664
vn -0.3068 -0.9135 -0.2672
vn -0.1775 -0.9838 -0.0253
vn -0.1630 -0.9505 -0.2645
vn -0.0822 -0.9941 -0.0714
vn -0.0666 -0.9843 0.1636
vn -0.1411 -0.9705 0.1955
vn -0.0434 -0.9099 0.4126
vn -0.1124 -0.8979 0.4257
vn -0.0464 -0.8008 0.5972
vn -0.0947 -0.7748 0.6251
vn -0.0685 -0.6528 0.7544
vn -0.0758 -0.6475 0.7583
vn -0.0758 -0.6474 0.7583
vn -0.0734 -0.4705 0.8794
vn -0.0502 -0.4557 0.8887
vn -0.0734 -0.4704 0.8794
vn -0.0861 -0.2620 0.9612
vn -0.0642 -0.2277 0.9716
vn -0.0641 -0.2277 0.9716
vn -0.0861 -0.2619 0.9612
vn -0.1040 -0.0016 0.9946
vn -0.0970 0.0319 0.9948
vn -0.1305 0.2248 0.9656
vn -0.1266 -0.0279 0.9916
vn -0.1286 0.1949 0.9724
vn -0.1375 -0.0489 0.9893
vn -0.1251 0.1822 0.9753
vn -0.1060 0.3582 0.9276
vn -0.1027 0.1706 0.9800
vn -0.0888 0.3531 0.9314
vn -0.0753 0.4839 0.8719
vn -0.0705 0.3390 0.9381
vn -0.0838 0.4643 0.8817
vn -0.1049 0.5374 0.8368
vn -0.0896 0.5672 0.8187
vn -0.1123 0.6122 0.7827
vn -0.1169 0.6350 0.7636
vn -0.0805 0.7214 0.6878
vn -0.0978 0.7229 0.6840
vn -0.0370 0.7952 0.6052
vn -0.0442 0.7901 0.6114
vn 0.0043 0.8487 0.5289
vn 0.0171 0.8497 0.5269
vn 0.0252 0.8506 0.5251
vn 0.0727 0.9129 0.4016
vn 0.1019 0.9138 0.3931
vn 0.1210 0.9143 0.3866
vn 0.1585 0.9488 0.2732
vn 0.1790 0.9496 0.2574
vn 0.2053 0.9517 0.2284
vn 0.1431 0.9149 0.3775
vn 0.2321 0.9538 0.1907
vn 0.1651 0.9195 0.3568
vn 0.2373 0.9599 0.1492
vn 0.1740 0.9341 0.3117
vn 0.2219 0.9687 0.1113
vn 0.1752 0.9530 0.2471
vn 0.1847 0.9792 0.0840
vn 0.1558 0.9727 0.1719
vn 0.0917 0.9260 0.3661
vn 0.1477 0.9823 0.1151
vn 0.1041 0.9552 0.2769
vn 0.0526 0.8844 0.4638
vn 0.1772 0.9610 0.2124
vn 0.0963 0.9100 0.4032
vn 0.0167 0.8382 0.5451
vn 0.1444 0.9191 0.3667
vn 0.0319 0.8573 0.5138
vn -0.0932 0.7735 0.6269
vn 0.0550 0.8577 0.5112
vn -0.0773 0.7756 0.6265
vn -0.2193 0.6610 0.7176
vn -0.1134 0.7788 0.6169
vn -0.2433 0.6580 0.7126
vn -0.3479 0.5137 0.7842
vn -0.3052 0.6704 0.6763
vn -0.3751 0.5325 0.7588
vn -0.4707 0.3119 0.8253
vn -0.3795 0.5528 0.7419
vn -0.4630 0.3114 0.8298
vn -0.5424 0.0422 0.8390
vn -0.4607 0.3182 0.8286
vn -0.5466 0.0344 0.8367
vn -0.6117 -0.2130 0.7619
vn -0.5284 0.0360 0.8483
vn -0.5754 -0.2408 0.7816
vn -0.6156 -0.4912 0.6163
vn -0.5093 -0.2530 0.8226
vn -0.4882 -0.5554 0.6732
vn -0.4495 -0.7859 0.4246
vn -0.4306 -0.5545 0.7121
vn -0.3182 -0.7977 0.5123
vn -0.1974 -0.9392 0.2809
vn -0.3209 -0.7728 0.5476
vn -0.1999 -0.9306 0.3066
vn -0.3594 -0.7487 0.5570
vn -0.2561 -0.9225 0.2888
vn -0.1490 -0.9884 0.0282
vn -0.3604 -0.8987 0.2498
vn -0.2575 -0.9662 -0.0092
vn -0.1528 -0.9566 -0.2480
vn -0.3489 -0.9364 -0.0383
vn -0.2412 -0.9267 -0.2882
vn -0.1123 -0.8555 -0.5054
vn -0.1905 -0.9451 -0.2654
vn -0.0734 -0.8830 -0.4636
vn 0.0567 -0.7586 -0.6491
vn 0.1215 -0.9250 -0.3601
vn 0.2287 -0.7899 -0.5690
vn 0.3195 -0.5544 -0.7684
vn 0.2932 -0.7833 -0.5481
vn 0.3508 -0.5373 -0.7670
vn 0.3507 -0.2394 -0.9054
vn 0.2989 -0.5173 -0.8019
vn 0.3398 -0.1941 -0.9203
vn 0.3410 0.0010 -0.9401
vn 0.3716 -0.1772 -0.9113
vn 0.4053 -0.0057 -0.9142
vn 0.4162 0.1371 -0.8989
vn 0.4242 -0.0168 -0.9054
vn 0.4331 0.1589 -0.8872
vn 0.4037 0.4213 -0.8121
vn 0.3756 0.1922 -0.9066
vn 0.3432 0.4216 -0.8393
vn 0.2715 0.6743 -0.6867
vn 0.2975 0.3975 -0.8681
vn 0.1899 0.6702 -0.7175
vn 0.0450 0.8656 -0.4987
vn 0.1461 0.6820 -0.7166
vn 0.0158 0.8632 -0.5046
vn -0.1072 0.9656 -0.2367
vn 0.0525 0.8610 -0.5058
vn -0.0608 0.9695 -0.2376
vn -0.1654 0.9862 0.0060
vn -0.0267 0.9706 -0.2391
vn -0.1477 0.9890 0.0063
vn -0.2431 0.9457 0.2157
vn -0.1469 0.9890 -0.0164
vn -0.2577 0.9482 0.1857
vn -0.3939 0.8298 0.3954
vn -0.0310 0.9709 -0.2376
vn 0.0999 0.8791 -0.4661
vn 0.1530 0.7149 -0.6823
vn 0.2907 0.4108 -0.8641
vn 0.2928 0.5002 -0.8149
vn 0.3684 0.2168 -0.9040
vn 0.4060 0.2485 -0.8794
vn 0.3962 0.0520 -0.9167
vn 0.4373 0.0174 -0.8992
vn 0.4182 -0.2330 -0.8779
vn 0.4307 -0.2335 -0.8717
vn 0.4134 -0.5320 -0.7390
vn 0.3931 -0.5330 -0.7493
vn 0.3132 -0.5562 -0.7698
vn 0.3088 -0.7877 -0.5330
vn 0.1478 -0.8009 -0.5803
vn -0.0277 -0.7920 -0.6099
vn 0.0208 -0.9159 -0.4009
vn -0.1649 -0.8849 -0.4357
vn -0.1239 -0.9839 -0.1287
vn -0.3203 -0.9246 -0.2064
vn -0.4564 -0.8518 -0.2572
vn -0.4091 -0.9124 -0.0121
vn -0.5217 -0.8410 -0.1433
vn -0.7645 -0.5616 -0.3165
vn -0.7165 -0.5656 -0.4083
vn -0.2537 -0.9528 0.1664
vn -0.3148 -0.8801 0.3554
vn -0.0925 -0.9603 0.2633
vn -0.2059 -0.8717 0.4447
vn -0.0030 -0.9665 0.2566
vn -0.1427 -0.8805 0.4520
vn -0.2302 -0.7790 0.5832
vn -0.1679 -0.8984 0.4058
vn -0.2657 -0.7664 0.5848
vn -0.3620 -0.5445 0.7566
vn -0.3686 -0.7559 0.5411
vn -0.4332 -0.5277 0.7306
vn -0.4626 -0.2346 0.8550
vn -0.4338 -0.2708 0.8594
vn -0.4561 -0.5194 0.7226
vn -0.4756 -0.2185 0.8521
vn -0.4626 -0.2345 0.8550
vn -0.4488 0.0697 0.8909
vn -0.4529 -0.2187 0.8644
vn -0.4317 0.0802 0.8985
vn -0.4018 0.3000 0.8652
vn -0.4607 0.0820 0.8838
vn -0.4319 0.3012 0.8502
vn -0.3728 0.5616 0.7387
vn -0.4813 0.3125 0.8190
vn -0.4231 0.5514 0.7190
vn -0.3126 0.7850 0.5348
vn -0.3901 0.5457 0.7416
vn -0.2710 0.7953 0.5423
vn -0.1452 0.9436 0.2977
vn -0.1502 0.7841 0.6022
vn -0.0497 0.9315 0.3602
vn 0.0423 0.9898 0.1359
vn 0.0289 0.9098 0.4140
vn 0.1447 0.9758 0.1640
vn 0.2809 0.9532 -0.1117
vn 0.1299 0.9820 0.1370
vn 0.2575 0.9558 -0.1419
vn 0.3494 0.8527 -0.3884
vn 0.2007 0.9629 -0.1803
vn 0.3005 0.8546 -0.4234
vn 0.3776 0.6418 -0.6675
vn 0.3046 0.8361 -0.4562
vn 0.3620 0.6378 -0.6798
vn 0.3594 0.3968 -0.8446
vn 0.3198 0.6302 -0.7075
vn 0.2938 0.4011 -0.8676
vn 0.2266 0.2021 -0.9528
vn 0.1618 0.4098 -0.8977
vn 0.0630 0.2766 -0.9589
vn -0.0332 0.4339 -0.9004
vn -0.1038 0.3790 -0.9195
vn -0.2805 0.5380 -0.7949
vn -0.4216 0.5589 -0.7140
vn -0.6270 0.3969 -0.6703
vn -0.7823 0.6153 0.0970
vn -0.8657 0.4416 0.2357
vn -0.9092 0.2067 0.3613
vn -0.6510 0.3430 0.6772
vn -0.6583 0.2044 0.7244
vn -0.6647 0.0183 0.7469
vn -0.6328 -0.2668 0.7269
vn -0.6204 0.2080 0.7562
vn -0.6260 0.0180 0.7796
vn -0.5683 -0.2701 0.7772
vn -0.5683 -0.2702 0.7772
vn -0.6259 0.0180 0.7797
vn -0.5801 0.0155 0.8144
vn -0.5157 -0.2800 0.8097
vn -0.3384 -0.6220 0.7061
vn -0.4539 -0.2979 0.8398
vn -0.3129 -0.6354 0.7059
vn -0.1843 -0.8403 0.5099
vn -0.2919 -0.6525 0.6993
vn -0.1694 -0.8545 0.4910
vn -0.0606 -0.9656 0.2527
vn -0.1518 -0.8642 0.4797
vn -0.0240 -0.9683 0.2488
vn 0.1248 -0.9914 -0.0402
vn -0.0446 -0.9742 0.2212
vn 0.1081 -0.9929 -0.0505
vn 0.2602 -0.8967 -0.3580
vn 0.0257 -0.9950 -0.0963
vn 0.2079 -0.8943 -0.3963
vn 0.3517 -0.6962 -0.6257
vn 0.1124 -0.9027 -0.4154
vn 0.2992 -0.7187 -0.6276
vn 0.4185 -0.4938 -0.7623
vn 0.4045 -0.7308 -0.5498
vn 0.4482 -0.5048 -0.7378
vn 0.4294 -0.1718 -0.8866
vn 0.5357 -0.4510 -0.7139
vn 0.4224 -0.1666 -0.8909
vn 0.2907 0.1146 -0.9499
vn 0.4365 -0.1276 -0.8906
vn 0.2994 0.1133 -0.9474
vn 0.1343 0.3763 -0.9167
vn 0.3389 0.1366 -0.9309
vn 0.1637 0.3973 -0.9030
vn -0.0375 0.6328 -0.7734
vn 0.2019 0.4279 -0.8810
vn 0.0085 0.6549 -0.7557
vn -0.1707 0.7970 -0.5793
vn 0.0120 0.6522 -0.7580
vn -0.1976 0.8007 -0.5656
vn -0.3649 0.8646 -0.3455
vn -0.3690 0.6877 -0.6253
vn -0.5283 0.7486 -0.4007
vn -0.6669 0.7377 -0.1051
vn -0.6826 0.5914 -0.4293
vn -0.7919 0.5987 -0.1205
vn -0.8171 0.5547 0.1571
vn -0.7799 0.6199 -0.0864
vn -0.8137 0.5514 0.1840
vn -0.7890 0.4677 0.3984
vn -0.7608 0.6101 0.2213
vn -0.7344 0.5185 0.4380
vn -0.6621 0.3661 0.6539
vn -0.7100 0.5301 0.4635
vn -0.6588 0.3365 0.6729
vn -0.5603 0.1094 0.8210
vn -0.6520 -0.0220 0.7579
vn -0.5353 -0.2446 0.8084
vn -0.6515 -0.3870 0.6525
vn -0.4633 -0.6301 0.6232
vn -0.6959 -0.6027 0.3904
vn -0.5283 -0.7711 0.3554
vn -0.6838 -0.7250 0.0827
vn -0.4968 -0.8597 0.1189
vn -0.7455 0.6404 0.1850
vn -0.7544 0.6530 -0.0668
vn -0.7388 0.6636 -0.1174
vn -0.6673 0.6335 -0.3916
vn -0.6613 0.6434 -0.3857
vn -0.4915 0.5418 -0.6818
vn -0.6719 0.6219 -0.4021
vn -0.4981 0.5316 -0.6851
vn -0.2725 0.3571 -0.8934
vn -0.2528 0.3811 -0.8893
vn -0.0407 0.1669 -0.9851
vn -0.0289 0.2475 -0.9685
vn 0.1192 0.0478 -0.9917
vn 0.1594 0.1341 -0.9781
vn 0.3386 -0.1378 -0.9308
vn 0.3856 -0.0996 -0.9173
vn 0.5770 -0.3916 -0.7168
vn 0.3452 -0.1623 -0.9244
vn 0.6054 -0.3803 -0.6992
vn 0.7367 -0.5202 -0.4320
vn 0.5693 -0.4202 -0.7067
vn 0.6387 -0.6107 -0.4681
vn 0.6441 -0.7457 -0.1706
vn 0.5220 -0.6854 -0.5077
vn 0.4767 -0.8499 -0.2246
vn 0.3807 -0.9218 0.0735
vn 0.5667 -0.8090 0.1560
vn 0.2613 -0.9075 0.3290
vn 0.4582 -0.7947 0.3982
vn 0.1222 -0.8229 0.5548
vn 0.3125 -0.7099 0.6311
vn 0.2811 -0.8941 0.3486
vn 0.1327 -0.8115 0.5691
vn 0.1222 -0.8229 0.5549
vn -0.0658 -0.6369 0.7682
vn 0.1356 -0.8061 0.5761
vn -0.0775 -0.6433 0.7617
vn -0.2996 -0.3847 0.8731
vn -0.0338 -0.6119 0.7903
vn -0.2734 -0.3607 0.8917
vn -0.4822 -0.0687 0.8733
vn -0.2061 -0.3544 0.9121
vn -0.4411 -0.0735 0.8944
vn -0.5869 0.2036 0.7836
vn -0.4823 -0.1074 0.8694
vn -0.5620 0.2261 0.7956
vn -0.5767 0.4644 0.6721
vn -0.5208 0.2279 0.8227
vn -0.5073 0.4927 0.7070
vn -0.4439 0.7295 0.5203
vn -0.4798 0.4842 0.7317
vn -0.4026 0.7443 0.5329
vn -0.2720 0.9094 0.3148
vn -0.4107 0.7482 0.5211
vn -0.2969 0.9112 0.2856
vn -0.1750 0.9835 0.0468
vn -0.3402 0.9010 0.2693
vn -0.2394 0.9708 0.0127
vn -0.1163 0.9549 -0.2734
vn -0.2945 0.9556 -0.0000
vn -0.1656 0.9428 -0.2892
vn 0.0619 0.7817 -0.6206
vn -0.1484 0.9400 -0.3072
vn 0.0913 0.7451 -0.6607
vn 0.2456 0.4904 -0.8362
vn 0.1104 0.7057 -0.6998
vn 0.2190 0.4468 -0.8674
vn 0.2756 0.2750 -0.9211
vn 0.2255 0.2069 -0.9520
vn 0.2705 -0.0161 -0.9626
vn 0.1176 0.1531 -0.9812
vn 0.1606 -0.0181 -0.9869
vn -0.2646 0.3195 -0.9099
vn -0.3621 0.2587 -0.8955
vn -0.7507 0.5803 -0.3156
vn -0.8117 0.5358 -0.2323
vn -0.7851 0.5803 0.2167
vn -0.8123 0.5420 0.2154
vn -0.8956 0.4132 0.1648
vn -0.8956 0.4132 0.1649
vn -0.8123 0.5420 0.2155
vn -0.7450 0.5046 0.4363
vn -0.8216 0.3754 0.4291
vn -0.9120 0.1401 0.3856
vn -0.7604 0.3381 0.5545
vn -0.8086 0.1321 0.5733
vn -0.7834 -0.1283 0.6081
vn -0.7455 0.1378 0.6521
vn -0.7137 -0.0910 0.6945
vn -0.6096 -0.3841 0.6934
vn -0.6689 -0.0842 0.7386
vn -0.5745 -0.3856 0.7220
vn -0.4215 -0.6509 0.6314
vn -0.5668 -0.3826 0.7296
vn -0.4165 -0.6514 0.6342
vn -0.2815 -0.8170 0.5033
vn -0.4285 -0.6625 0.6144
vn -0.2865 -0.8383 0.4638
vn -0.1052 -0.9594 0.2616
vn -0.2922 -0.8489 0.4405
vn -0.0865 -0.9568 0.2775
vn 0.1174 -0.9888 0.0922
vn 0.2767 -0.9556 -0.1015
vn 0.1768 -0.8596 0.4794
vn 0.3575 -0.9015 0.2439
vn 0.4850 -0.8745 -0.0005
vn 0.5016 -0.8130 0.2957
vn 0.6056 -0.7933 0.0618
vn 0.6057 -0.7933 0.0618
vn 0.6745 -0.7227 -0.1506
vn 0.5423 -0.8396 0.0330
vn 0.6190 -0.7624 -0.1886
vn 0.6526 -0.5785 -0.4893
vn 0.6046 -0.7641 -0.2248
vn 0.6315 -0.6139 -0.4735
vn 0.6181 -0.3719 -0.6926
vn 0.6493 -0.6164 -0.4454
vn 0.6037 -0.4073 -0.6853
vn 0.5098 -0.1466 -0.8477
vn 0.5682 -0.4153 -0.7104
vn 0.4577 -0.2202 -0.8614
vn 0.3323 -0.0256 -0.9428
vn 0.4165 -0.2518 -0.8736
vn 0.2422 -0.0885 -0.9662
vn 0.0654 0.0437 -0.9969
vn 0.2086 -0.0671 -0.9757
vn 0.0185 0.0568 -0.9982
vn -0.1914 0.2049 -0.9599
vn 0.0147 0.1211 -0.9925
vn -0.1336 0.2367 -0.9623
vn -0.3359 0.3965 -0.8544
vn -0.0860 0.2939 -0.9520
vn -0.3218 0.4361 -0.8404
vn -0.5725 0.5607 -0.5982
vn -0.3980 0.3808 -0.8346
vn -0.6241 0.4801 -0.6164
vn -0.7639 0.5444 -0.3465
vn -0.5600 0.2177 -0.7994
vn -0.1569 0.2713 -0.9496
vn -0.3545 0.1511 -0.9228
vn -0.5747 0.0575 -0.8163
vn -0.6779 0.1042 -0.7277
vn -0.6780 0.1042 -0.7277
vn -0.7616 -0.0783 -0.6433
vn -0.7886 -0.3087 -0.5318
vn -0.8855 -0.2036 -0.4177
vn -0.8848 -0.4178 -0.2065
vn -0.9813 -0.1920 0.0104
vn -0.9742 0.0212 -0.2247
vn -0.7766 -0.4992 -0.3843
vn -0.6757 -0.5277 -0.5147
vn -0.6156 -0.7095 -0.3430
vn -0.5110 -0.5708 -0.6426
vn -0.4083 -0.7325 -0.5447
vn -0.3234 -0.8666 -0.3799
vn -0.0863 -0.7182 -0.6904
vn -0.0078 -0.8438 -0.5366
vn -0.0077 -0.8438 -0.5366
vn -0.0862 -0.7182 -0.6904
vn 0.2678 -0.5671 -0.7789
vn 0.3445 -0.7767 -0.5273
vn 0.5287 -0.3945 -0.7516
vn 0.6262 -0.6253 -0.4657
vn 0.6193 -0.7672 -0.1670
vn 0.6995 -0.5429 -0.4647
vn 0.7053 -0.6835 -0.1884
vn 0.6588 -0.7501 0.0570
vn 0.5849 -0.8110 0.0107
vn 0.6588 -0.7501 0.0571
vn 0.5718 -0.7618 0.3047
vn 0.4859 -0.8310 0.2709
vn 0.4177 -0.7196 0.5547
vn 0.6270 -0.7015 0.3386
vn 0.4927 -0.6392 0.5905
vn 0.3034 -0.5383 0.7863
vn 0.5547 -0.5649 0.6109
vn 0.3766 -0.4753 0.7952
vn 0.1917 -0.3614 0.9125
vn 0.1339 -0.4375 0.8892
vn -0.0230 -0.2090 0.9776
vn -0.0639 -0.2860 0.9561
vn -0.3008 -0.0064 0.9537
vn -0.0959 -0.2813 0.9548
vn -0.3473 -0.0659 0.9355
vn -0.5427 0.1390 0.8284
vn -0.4441 -0.1298 0.8865
vn -0.5875 0.1504 0.7951
vn -0.6633 0.3747 0.6478
vn -0.5906 0.1838 0.7857
vn -0.6442 0.4102 0.6455
vn -0.6531 0.5840 0.4820
vn -0.6250 0.4160 0.6606
vn -0.6513 0.5990 0.4658
vn -0.6240 0.7360 0.2626
vn -0.6863 0.5745 0.4460
vn -0.6591 0.7219 0.2107
vn -0.5804 0.8136 -0.0349
vn -0.7101 0.6866 0.1558
vn -0.6181 0.7812 -0.0871
vn -0.4565 0.8161 -0.3542
vn -0.5582 0.8256 -0.0826
vn -0.3813 0.8600 -0.3391
vn -0.1827 0.8100 -0.5572
vn -0.2555 0.9302 -0.2636
vn -0.0548 0.8788 -0.4741
vn 0.1283 0.7663 -0.6295
vn 0.0156 0.9074 -0.4199
vn 0.1927 0.8005 -0.5675
vn 0.3650 0.6186 -0.6958
vn 0.2090 0.7933 -0.5718
vn 0.3758 0.6196 -0.6891
vn 0.4944 0.3925 -0.7756
vn 0.4215 0.6074 -0.6734
vn 0.5121 0.4140 -0.7525
vn 0.5846 0.1129 -0.8034
vn 0.4985 0.4124 -0.7625
vn 0.5833 0.0883 -0.8074
vn 0.6032 -0.1979 -0.7727
vn 0.5243 0.0421 -0.8505
vn 0.5616 -0.2088 -0.8007
vn 0.5401 -0.4347 -0.7207
vn 0.5147 -0.2271 -0.8267
vn 0.4622 -0.4173 -0.7824
vn 0.4461 -0.2231 -0.8667
vn 0.3116 -0.3524 -0.8824
vn 0.3115 -0.3524 -0.8825
vn 0.0084 -0.0683 -0.9976
vn -0.2593 -0.2124 -0.9421
vn -0.4945 -0.4609 -0.7370
vn -0.8480 0.2636 -0.4598
vn -0.9402 -0.0248 -0.3399
vn -0.8845 -0.3900 -0.2562
vn -0.9128 0.3277 0.2439
vn -0.9569 0.0508 0.2860
vn -0.9569 0.0509 0.2860
vn -0.8451 0.3167 0.4307
vn -0.8632 0.0798 0.4985
vn -0.7690 -0.3151 0.5561
vn -0.8811 -0.3548 0.3129
vn -0.5453 -0.6612 0.5153
vn -0.6557 -0.6936 0.2983
vn -0.8212 0.0813 0.5648
vn -0.7649 -0.3272 0.5548
vn -0.5856 -0.6668 0.4609
vn -0.3724 -0.8684 0.3273
vn -0.2994 -0.8674 0.3976
vn -0.7658 -0.3398 0.5459
vn -0.6016 -0.6626 0.4461
vn -0.4003 -0.8662 0.2991
vn -0.1538 -0.9830 0.1001
vn -0.1227 -0.9856 0.1162
vn -0.6709 -0.6614 0.3353
vn -0.4810 -0.8539 0.1987
vn -0.2388 -0.9691 0.0623
vn 0.0709 -0.9902 -0.1202
vn 0.1114 -0.9859 -0.1247
vn -0.3098 -0.8569 0.4120
vn -0.1024 -0.9626 0.2507
vn 0.1617 -0.9862 0.0345
vn 0.4322 -0.8777 -0.2070
vn 0.3457 -0.8797 -0.3266
vn 0.0710 -0.9902 -0.1203
vn 0.1394 -0.8857 0.4429
vn 0.3219 -0.9194 0.2261
vn 0.5398 -0.8410 -0.0377
vn 0.6941 -0.6447 -0.3202
vn 0.6130 -0.6634 -0.4292
vn 0.3636 -0.8920 0.2686
vn 0.5510 -0.8345 0.0042
vn 0.6913 -0.6570 -0.3008
vn 0.7309 -0.4186 -0.5390
vn 0.7267 -0.4257 -0.5391
vn 0.5787 -0.8145 0.0414
vn 0.6912 -0.6749 -0.2583
vn 0.7323 -0.4503 -0.5108
vn 0.7004 -0.2290 -0.6761
vn 0.6988 -0.2187 -0.6810
vn 0.7714 -0.6047 -0.1982
vn 0.7510 -0.4497 -0.4835
vn 0.6727 -0.2670 -0.6901
vn 0.5400 -0.0711 -0.8387
vn 0.6033 0.0179 -0.7973
vn 0.7771 -0.4136 -0.4744
vn 0.6566 -0.2610 -0.7076
vn 0.4814 -0.1065 -0.8700
vn 0.2392 0.0590 -0.9692
vn 0.3421 0.1413 -0.9290
vn 0.6350 -0.2432 -0.7332
vn 0.4599 -0.0642 -0.8856
vn 0.1912 0.1265 -0.9734
vn -0.0477 0.2609 -0.9642
vn -0.0417 0.2183 -0.9750
vn 0.4168 -0.0316 -0.9084
vn 0.1448 0.2305 -0.9622
vn -0.0030 0.3396 -0.9406
vn -0.1732 0.4667 -0.8673
vn -0.2585 0.4048 -0.8771
vn -0.4568 0.6097 -0.6477
vn -0.5652 0.4899 -0.6638
vn -0.6330 0.3047 -0.7117
vn -0.6484 0.2066 -0.7327
vn -0.4062 -0.2017 -0.8912
vn -0.7023 -0.1440 -0.6972
vn -0.0043 -0.1859 -0.9826
vn 0.1081 -0.5411 -0.8340
vn 0.1082 -0.5410 -0.8340
vn -0.0042 -0.1859 -0.9826
vn 0.3013 -0.0731 -0.9507
vn 0.4448 -0.3709 -0.8153
vn 0.5851 -0.2643 -0.7667
vn 0.7506 -0.4270 -0.5042
vn 0.8231 -0.5356 -0.1888
vn 0.7100 -0.6937 0.1211
vn 0.7564 -0.6316 0.1703
vn 0.5735 -0.7165 0.3972
vn 0.5979 -0.6620 0.4520
vn 0.5734 -0.7165 0.3973
vn 0.4077 -0.6815 0.6077
vn 0.4279 -0.6427 0.6355
vn 0.1881 -0.5940 0.7822
vn 0.2149 -0.5569 0.8023
vn -0.0987 -0.4482 0.8885
vn -0.0528 -0.3855 0.9212
vn -0.0780 -0.4675 0.8806
vn -0.2933 -0.2043 0.9339
vn -0.3523 -0.2739 0.8949
vn -0.5436 -0.0761 0.8359
vn -0.4573 -0.3513 0.8170
vn -0.6304 -0.0744 0.7727
vn -0.7272 0.1829 0.6616
vn -0.6490 -0.0171 0.7606
vn -0.7254 0.2308 0.6485
vn -0.7553 0.4385 0.4871
vn -0.7025 0.2397 0.6701
vn -0.7446 0.4497 0.4933
vn -0.7247 0.6367 0.2635
vn -0.7413 0.4541 0.4942
vn -0.6835 0.6590 0.3141
vn -0.5415 0.8399 0.0363
vn -0.6200 0.6874 0.3782
vn -0.4492 0.8828 0.1373
vn -0.2455 0.9630 -0.1109
vn -0.4259 0.8820 0.2020
vn -0.1731 0.9843 -0.0346
vn 0.0567 0.9749 -0.2154
vn -0.1650 0.9861 -0.0167
vn 0.0741 0.9711 -0.2271
vn 0.2857 0.8576 -0.4276
vn 0.2630 0.8374 -0.4793
vn 0.4792 0.5817 -0.6573
vn 0.2413 0.8060 -0.5405
vn 0.4668 0.5417 -0.6990
vn 0.5851 0.2900 -0.7573
vn 0.4668 0.5417 -0.6991
vn 0.4824 0.5015 -0.7182
vn 0.5805 0.2621 -0.7710
vn 0.6176 0.1175 -0.7776
vn 0.5838 0.2565 -0.7703
vn 0.5927 0.0871 -0.8007
vn 0.5994 -0.1664 -0.7830
vn 0.5917 0.0453 -0.8049
vn 0.5768 -0.2025 -0.7914
vn 0.5314 -0.4438 -0.7216
vn 0.5773 -0.2372 -0.7813
vn 0.5022 -0.4686 -0.7268
vn 0.4143 -0.6689 -0.6171
vn 0.4473 -0.4816 -0.7536
vn 0.3313 -0.6589 -0.6754
vn 0.1851 -0.8171 -0.5460
vn 0.2313 -0.6213 -0.7487
vn 0.0804 -0.7793 -0.6215
vn -0.0611 -0.8903 -0.4512
vn 0.0412 -0.7753 -0.6302
vn -0.0959 -0.8803 -0.4646
vn -0.1682 -0.9152 -0.3663
vn -0.1417 -0.8541 -0.5004
vn -0.2107 -0.8838 -0.4178
vn -0.2261 -0.8965 -0.3811
vn -0.2506 -0.8547 -0.4547
vn -0.2836 -0.8830 -0.3740
vn -0.3067 -0.9186 -0.2492
vn -0.3333 -0.8681 -0.3679
vn -0.3875 -0.8733 -0.2953
vn -0.4641 -0.8594 -0.2148
vn -0.4145 -0.8574 -0.3051
vn -0.4912 -0.8349 -0.2482
vn -0.5418 -0.8099 -0.2246
vn -0.4606 -0.8755 -0.1459
vn -0.5055 -0.8579 -0.0920
vn -0.5289 -0.8440 -0.0897
vn -0.5079 -0.8574 -0.0831
vn -0.5136 -0.8540 -0.0826
vn -0.5146 -0.8491 -0.1194
vn -0.4956 -0.8509 -0.1741
vn -0.4883 -0.8365 -0.2485
vn -0.5051 -0.7983 -0.3281
vn -0.4479 -0.7750 -0.4458
vn -0.4797 -0.7247 -0.4947
vn -0.5199 -0.6707 -0.5290
vn -0.4516 -0.6127 -0.6486
vn -0.4751 -0.5434 -0.6921
vn -0.3983 -0.4480 -0.8004
vn -0.4193 -0.3930 -0.8184
vn -0.3691 -0.3977 -0.8400
vn -0.2874 -0.4384 -0.8516
vn -0.3087 -0.5326 -0.7880
vn -0.3936 -0.5228 -0.7561
vn -0.3398 -0.5395 -0.7704
vn -0.2869 -0.6224 -0.7282
vn -0.2025 -0.5122 -0.8346
vn -0.4033 -0.6762 -0.6165
vn -0.3640 -0.7338 -0.5737
vn -0.3620 -0.7827 -0.5064
vn -0.2515 -0.7002 -0.6681
vn -0.4401 -0.8166 -0.3735
vn -0.4601 -0.8422 -0.2810
vn -0.4764 -0.8554 -0.2033
vn -0.3933 -0.8260 -0.4037
vn -0.5047 -0.8537 -0.1284
vn -0.4907 -0.8620 -0.1267
vn -0.4240 -0.8900 -0.1678
vn -0.4731 -0.8728 -0.1197
vn -0.4087 -0.8943 -0.1821
vn -0.3217 -0.9089 -0.2653
vn -0.3217 -0.9201 -0.2235
vn -0.3983 -0.8888 -0.2268
vn -0.3185 -0.8905 -0.3249
vn -0.1624 -0.8781 -0.4502
vn -0.1477 -0.9021 -0.4054
vn -0.3333 -0.8692 -0.3653
vn -0.1983 -0.8723 -0.4470
vn -0.0657 -0.8570 -0.5112
vn -0.0388 -0.8546 -0.5179
vn -0.2482 -0.8551 -0.4552
vn -0.1324 -0.8332 -0.5369
vn 0.0055 -0.7705 -0.6375
vn 0.0215 -0.8113 -0.5842
vn -0.1665 -0.8278 -0.5358
vn -0.0058 -0.7578 -0.6525
vn 0.1655 -0.6303 -0.7585
vn 0.1610 -0.6482 -0.7443
vn 0.0059 -0.7659 -0.6429
vn 0.1763 -0.6177 -0.7664
vn 0.2999 -0.4598 -0.8359
vn 0.2926 -0.4896 -0.8214
vn 0.1952 -0.6129 -0.7657
vn 0.3204 -0.4435 -0.8371
vn 0.4403 -0.2141 -0.8719
vn 0.4373 -0.2299 -0.8694
vn 0.3616 -0.4541 -0.8143
vn 0.4985 -0.2189 -0.8388
vn 0.6137 0.0750 -0.7859
vn 0.5346 0.0900 -0.8403
vn 0.5762 -0.2432 -0.7803
vn 0.6896 0.0186 -0.7239
vn 0.7265 0.2163 -0.6522
vn 0.6561 0.2328 -0.7179
vn 0.6524 0.0079 -0.7579
vn 0.7007 0.2550 -0.6664
vn 0.6974 0.4573 -0.5518
vn 0.6912 0.4270 -0.5831
vn 0.6233 0.2735 -0.7326
vn 0.6502 0.4639 -0.6017
vn 0.5829 0.6796 -0.4453
vn 0.6430 0.6427 -0.4165
vn 0.5573 0.4750 -0.6810
vn 0.4266 0.7362 -0.5254
vn 0.2127 0.9090 -0.3585
vn 0.3920 0.8729 -0.2903
vn 0.2861 0.7752 -0.5632
vn 0.2248 0.9412 -0.2521
vn 0.3569 0.8972 -0.2602
vn 0.4983 0.8216 -0.2769
vn 0.0388 0.9565 -0.2892
vn 0.0930 0.8934 -0.4395
vn 0.2360 0.8992 -0.3685
vn 0.3503 0.8258 -0.4420
vn 0.3628 0.8631 -0.3513
vn 0.3221 0.8879 -0.3284
vn 0.2386 0.7748 -0.5855
vn 0.2357 0.8133 -0.5319
vn 0.3782 0.8440 -0.3804
vn 0.1183 0.7176 -0.6864
vn 0.1236 0.7628 -0.6347
vn -0.0563 0.9261 -0.3730
vn 0.0818 0.9459 -0.3140
vn 0.0577 0.6220 -0.7809
vn 0.0713 0.7208 -0.6895
vn -0.1436 0.9066 -0.3968
vn -0.2909 0.9435 -0.1590
vn -0.2142 0.9675 -0.1345
vn -0.0929 0.9390 -0.3312
vn -0.0004 0.9664 -0.2570
vn -0.0964 0.9911 -0.0919
vn -0.1912 0.8949 -0.4032
vn 0.0152 0.7357 -0.6771
vn 0.1349 0.8025 -0.5812
vn 0.1904 0.8072 -0.5588
vn 0.2945 0.8499 -0.4369
vn 0.2206 0.8487 -0.4807
vn 0.0751 0.7332 -0.6758
vn -0.0927 0.8939 -0.4386
vn 0.0239 0.9509 -0.3087
vn -0.2115 0.9751 0.0672
vn -0.0434 0.9826 0.1809
vn 0.1753 0.9714 -0.1599
vn -0.3291 0.9434 -0.0414
vn -0.3938 0.9014 0.1801
vn -0.3016 0.9219 0.2434
vn -0.3887 0.9182 -0.0756
vn -0.4753 0.8673 0.1477
vn -0.4753 0.8673 0.1478
vn -0.4599 0.8860 -0.0584
vn -0.2700 0.9629 0.0014
vn -0.3993 0.9150 -0.0578
vn -0.5262 0.8196 0.2267
vn -0.3562 0.9344 -0.0060
vn -0.1060 0.9309 -0.3497
vn -0.3251 0.9457 -0.0060
vn -0.3253 0.9456 -0.0076
vn -0.4506 0.8495 0.2745
vn -0.5263 0.6416 0.5579
vn -0.3920 0.8809 0.2652
vn -0.4680 0.7016 0.5374
vn -0.5001 0.4333 0.7498
vn -0.5433 0.4042 0.7359
vn -0.4275 0.7374 0.5229
vn -0.4884 0.4470 0.7494
vn -0.4979 0.2025 0.8433
vn -0.5021 0.2068 0.8397
vn -0.4890 0.4595 0.7415
vn -0.5021 0.2055 0.8400
vn -0.5000 -0.0442 0.8649
vn -0.4884 -0.0227 0.8723
vn -0.4896 0.2198 0.8438
vn -0.4837 -0.0603 0.8732
vn -0.4550 -0.3788 0.8059
vn -0.4628 -0.3610 0.8096
vn -0.5072 -0.0955 0.8565
vn -0.4817 -0.4299 0.7636
vn -0.4405 -0.6717 0.5957
vn -0.3804 -0.6558 0.6521
vn -0.3616 -0.4310 0.8267
vn -0.2597 -0.6640 0.7012
vn -0.1129 -0.8594 0.4986
vn -0.3498 -0.8623 0.3662
vn 0.0215 -0.5797 0.8146
vn 0.2140 -0.7541 0.6209
vn 0.2141 -0.7541 0.6209
vn 0.3651 -0.8478 0.3848
vn 0.0491 -0.9733 0.2244
vn -0.1129 -0.8595 0.4985
vn 0.1795 -0.7801 0.5994
vn 0.1795 -0.7801 0.5993
vn 0.3490 -0.8582 0.3764
vn 0.4811 -0.8671 0.1292
vn 0.4744 -0.8692 0.1397
vn 0.1356 -0.8061 0.5760
vn 0.3099 -0.8787 0.3630
vn 0.4557 -0.8833 0.1103
vn 0.5571 -0.8103 -0.1820
vn 0.5842 -0.7936 -0.1700
vn 0.4133 -0.9066 0.0848
vn 0.5150 -0.8317 -0.2076
vn 0.5640 -0.6625 -0.4930
vn 0.5999 -0.6456 -0.4726
vn 0.5629 -0.3708 -0.7387
vn 0.5668 -0.3883 -0.7266
vn 0.6232 -0.6306 -0.4625
vn 0.5512 -0.3816 -0.7420
vn 0.4772 -0.0775 -0.8754
vn 0.4590 -0.0878 -0.8841
vn 0.5284 -0.4203 -0.7377
vn 0.4688 -0.0976 -0.8779
vn 0.3492 0.1855 -0.9185
vn 0.3653 0.1716 -0.9149
vn 0.4149 -0.1379 -0.8994
vn 0.2372 0.1078 -0.9655
vn 0.0846 0.2922 -0.9526
vn 0.2065 0.4218 -0.8829
vn 0.1191 0.0156 -0.9928
vn -0.0501 0.1516 -0.9872
vn -0.2976 0.3494 -0.8885
vn -0.1436 0.5245 -0.8392
vn -0.5207 0.5118 -0.6834
vn 0.5885 -0.6630 -0.4627
vn 0.5640 -0.8073 -0.1738
vn 0.2988 -0.9029 -0.3090
vn 0.1754 -0.9844 -0.0100
vn -0.0775 -0.9863 -0.1458
vn -0.2074 -0.9750 0.0794
vn -0.1096 -0.9803 0.1645
vn -0.2542 -0.8639 0.4348
vn -0.3497 -0.8623 0.3661
vn -0.1967 -0.8679 0.4560
vn -0.2543 -0.8638 0.4349
vn -0.1967 -0.8679 0.4561
vn -0.3549 -0.6584 0.6638
vn -0.3051 -0.6599 0.6866
vn -0.4380 -0.3356 0.8340
vn -0.4255 -0.3141 0.8487
vn -0.4897 -0.0020 0.8719
vn -0.5254 0.0104 0.8508
vn -0.5405 0.2100 0.8147
vn -0.5834 0.2081 0.7851
vn -0.5756 0.3709 0.7288
vn -0.6043 0.3524 0.7145
vn 0.1029 0.6345 -0.7661
vn -0.0166 0.9352 -0.3536
vn 0.0481 0.9520 -0.3021
vn -0.1931 0.9807 0.0306
vn -0.3016 0.9218 0.2434
vn 0.1226 0.9661 -0.2271
vn -0.0886 0.9957 0.0286
vn -0.1692 0.9492 0.2655
vn 0.0463 0.9983 0.0368
vn -0.0381 0.9698 0.2409
vn 0.0473 0.9754 0.2153
vn 0.0249 0.9796 0.1995
vn 0.0643 0.9776 0.2006
vn 0.2307 0.9717 -0.0513
vn 0.2508 0.9659 -0.0645
vn 0.3447 0.8931 -0.2890
vn 0.3727 0.8697 -0.3236
vn 0.3053 0.9051 -0.2959
vn 0.2964 0.8824 -0.3653
vn 0.1634 0.9742 -0.1556
vn 0.0966 0.9771 -0.1899
vn 0.1196 0.9915 -0.0513
vn 0.0310 0.9983 -0.0502
vn 0.2896 0.9402 -0.1794
vn 0.2236 0.9519 -0.2097
vn 0.4012 0.8573 -0.3225
vn 0.2930 0.9334 -0.2074
vn 0.3610 0.8749 -0.3229
vn 0.3552 0.8754 -0.3279
vn 0.3671 0.8745 -0.3170
vn 0.3806 0.8697 -0.3142
vn 0.3831 0.8678 -0.3165
vn 0.3682 0.8736 -0.3182
vn 0.3968 0.8463 -0.3554
vn 0.4131 0.8573 -0.3071
vn 0.4592 0.7661 -0.4497
vn 0.5065 0.7859 -0.3545
vn 0.5612 0.6078 -0.5618
vn 0.6111 0.6351 -0.4725
vn 0.6426 0.3888 -0.6603
vn 0.5354 0.5695 -0.6237
vn 0.5688 0.3753 -0.7319
vn 0.5638 0.2719 -0.7799
vn 0.5391 0.3630 -0.7600
vn 0.5601 0.2505 -0.7896
vn 0.5430 0.0508 -0.8382
vn 0.6137 0.1911 -0.7661
vn 0.5896 0.0039 -0.8077
vn 0.4697 -0.2499 -0.8467
vn 0.6070 -0.0334 -0.7940
vn 0.4968 -0.2699 -0.8248
vn 0.3039 -0.5119 -0.8035
vn 0.4850 -0.3068 -0.8189
vn 0.3441 -0.5200 -0.7818
vn 0.1770 -0.6810 -0.7106
vn 0.3909 -0.5320 -0.7511
vn 0.2007 -0.7119 -0.6730
vn 0.0073 -0.8352 -0.5500
vn 0.2588 -0.7622 -0.5934
vn 0.0574 -0.8596 -0.5078
vn -0.0097 -0.8699 -0.4931
vn 0.1789 -0.8918 -0.4155
vn 0.0644 -0.9171 -0.3934
vn -0.1261 -0.9392 -0.3194
vn 0.1166 -0.9402 -0.3200
vn -0.1000 -0.9591 -0.2647
vn 0.1251 -0.9461 -0.2987
vn -0.0703 -0.9727 -0.2211
vn 0.1178 -0.9532 -0.2786
vn -0.0471 -0.9776 -0.2049
vn 0.1120 -0.9518 -0.2854
vn -0.0319 -0.9697 -0.2420
vn -0.1371 -0.9569 -0.2559
vn 0.0060 -0.9649 -0.2624
vn -0.0682 -0.9620 -0.2644
vn 0.1249 -0.9738 -0.1902
vn 0.0599 -0.9807 -0.1864
vn 0.0536 -0.9812 -0.1853
vn 0.1974 -0.9763 -0.0887
vn 0.1824 -0.9795 -0.0850
vn 0.1743 -0.9839 -0.0402
vn 0.1785 -0.9813 -0.0718
vn 0.1861 -0.9823 -0.0220
vn 0.1721 -0.9807 0.0928
vn 0.1655 -0.9839 0.0677
vn 0.1512 -0.9569 0.2480
vn 0.1910 -0.9572 0.2174
vn 0.1781 -0.9702 0.1643
vn 0.2359 -0.9015 0.3630
vn 0.2168 -0.9188 0.3298
vn 0.2000 -0.9318 0.3028
vn 0.1749 -0.9759 0.1306
vn 0.1868 -0.9398 0.2860
vn 0.1716 -0.9784 0.1153
vn 0.1459 -0.9447 0.2937
vn 0.1653 -0.9796 0.1142
vn 0.1856 -0.9818 -0.0393
vn 0.2156 -0.9456 -0.2438
vn 0.0896 -0.9887 0.1198
vn 0.0745 -0.9971 -0.0149
vn 0.0792 -0.9796 -0.1845
vn 0.0545 -0.9071 -0.4173
vn 0.2074 -0.8737 -0.4400
vn -0.0645 -0.9975 -0.0273
vn -0.0930 -0.9853 -0.1433
vn -0.0898 -0.9128 -0.3983
vn -0.1319 -0.9806 -0.1453
vn -0.1460 -0.9110 -0.3856
vn -0.1217 -0.8126 -0.5700
vn -0.1006 -0.7333 -0.6725
vn -0.2097 -0.9010 -0.3799
vn -0.2211 -0.8119 -0.5403
vn -0.2031 -0.7110 -0.6732
vn -0.1805 -0.5664 -0.8041
vn -0.0829 -0.6039 -0.7928
vn -0.3443 -0.7875 -0.5111
vn -0.3463 -0.6851 -0.6409
vn -0.3880 -0.7645 -0.5149
vn -0.4078 -0.6815 -0.6076
vn -0.2760 -0.8745 -0.3989
vn -0.3035 -0.8452 -0.4400
vn -0.1522 -0.9614 -0.2291
vn -0.1430 -0.9724 -0.1842
vn -0.0792 -0.9931 -0.0864
vn -0.0742 -0.9930 -0.0914
vn -0.0400 -0.9934 0.1077
vn -0.0449 -0.9907 0.1288
vn -0.0215 -0.9278 0.3725
vn -0.0338 -0.9175 0.3963
vn -0.0426 -0.8395 0.5417
vn -0.0485 -0.8227 0.5664
vn -0.0685 -0.6942 0.7165
vn -0.0723 -0.6747 0.7345
vn -0.0723 -0.6746 0.7346
vn -0.0686 -0.6941 0.7166
vn -0.0916 -0.5143 0.8527
vn -0.0976 -0.4906 0.8659
vn -0.0976 -0.4905 0.8660
vn -0.0916 -0.5142 0.8527
vn -0.1243 -0.3203 0.9391
vn -0.1190 -0.2904 0.9495
vn -0.0867 -0.5373 0.8389
vn -0.1058 -0.3464 0.9321
vn -0.1060 -0.0703 0.9919
vn -0.0625 -0.3575 0.9318
vn -0.0489 -0.0878 0.9949
vn -0.0570 0.1457 0.9877
vn -0.0069 -0.1090 0.9940
vn -0.0337 0.1125 0.9931
vn -0.0661 0.3051 0.9500
vn -0.0254 0.0773 0.9967
vn -0.0839 0.2488 0.9649
vn -0.1524 0.3768 0.9137
vn -0.1096 0.4287 0.8968
vn -0.1720 0.4990 0.8494
vn -0.1405 0.5141 0.8461
vn -0.1408 0.6081 0.7813
vn -0.1321 0.6057 0.7847
vn -0.0989 0.7170 0.6900
vn -0.0883 0.7212 0.6871
vn -0.0648 0.8011 0.5950
vn -0.0454 0.7993 0.5992
vn -0.0324 0.8501 0.5256
vn -0.0124 0.8477 0.5304
vn 0.0063 0.8928 0.4503
vn 0.0171 0.8991 0.4373
vn 0.0398 0.9078 0.4174
vn 0.0487 0.9515 0.3038
vn 0.0755 0.9581 0.2763
vn 0.1234 0.9541 0.2729
vn 0.1101 0.9833 0.1448
vn 0.1749 0.9722 0.1558
vn 0.2107 0.9636 0.1643
vn 0.1829 0.9768 0.1114
vn 0.2314 0.9642 0.1294
vn 0.2393 0.9598 0.1468
vn 0.2159 0.9623 0.1654
vn 0.2110 0.9656 0.1517
vn 0.2129 0.9647 0.1548
vn 0.2110 0.9638 0.1632
vn 0.2262 0.9633 0.1446
vn 0.2188 0.9598 0.1760
vn 0.2267 0.9630 0.1454
vn 0.1942 0.9638 0.1825
vn 0.1925 0.9700 0.1486
vn 0.1471 0.9725 0.1807
vn 0.1494 0.9771 0.1516
vn 0.1212 0.9747 0.1876
vn 0.1207 0.9799 0.1586
vn 0.1574 0.9841 0.0829
vn 0.0755 0.9823 0.1712
vn 0.1339 0.9885 0.0703
vn 0.1947 0.9785 0.0679
vn 0.1078 0.9930 0.0474
vn 0.2155 0.9762 -0.0233
vn 0.2387 0.9623 0.1301
vn 0.1996 0.9717 -0.1264
vn 0.2616 0.9651 -0.0071
vn 0.1802 0.9354 0.3041
vn 0.2191 0.9604 -0.1721
vn 0.1521 0.9737 0.1698
vn 0.0125 0.8815 0.4721
vn 0.0177 0.9998 -0.0120
vn -0.1179 0.9291 0.3505
vn -0.2198 0.7943 0.5663
vn -0.1977 0.9543 0.2242
vn -0.2991 0.8103 0.5039
vn -0.3356 0.6964 0.6343
vn -0.2651 0.8453 0.4638
vn -0.3002 0.7287 0.6155
vn -0.3644 0.5701 0.7363
vn -0.2221 0.7477 0.6258
vn -0.3357 0.5612 0.7566
vn -0.4520 0.3192 0.8329
vn -0.3273 0.5369 0.7776
vn -0.4416 0.3114 0.8415
vn -0.4988 0.0598 0.8647
vn -0.4180 0.3031 0.8564
vn -0.4657 0.0797 0.8813
vn -0.4798 -0.2360 0.8451
vn -0.4797 -0.2359 0.8451
vn -0.4657 0.0797 0.8814
vn -0.4233 0.0805 0.9024
vn -0.4476 -0.2347 0.8629
vn -0.4797 -0.2360 0.8451
vn -0.4476 -0.2348 0.8629
vn -0.4127 -0.5393 0.7340
vn -0.4306 -0.5544 0.7122
vn -0.4408 -0.2409 0.8647
vn -0.4249 -0.5193 0.7414
vn -0.4243 -0.2406 0.8730
vn -0.4509 -0.5126 0.7307
vn -0.4370 -0.7271 0.5295
vn -0.4529 -0.5222 0.7226
vn -0.4644 -0.7336 0.4962
vn -0.4328 -0.8718 0.2295
vn -0.4355 -0.7581 0.4855
vn -0.3850 -0.8914 0.2391
vn -0.3054 -0.9522 -0.0111
vn -0.2250 -0.9247 0.3071
vn -0.1148 -0.9907 0.0729
vn 0.0067 -0.9866 -0.1631
vn -0.0342 -0.9934 0.1093
vn 0.0865 -0.9907 -0.1054
vn 0.1981 -0.9285 -0.3139
vn 0.0076 -0.9906 -0.1362
vn 0.1070 -0.9265 -0.3607
vn 0.2108 -0.7751 -0.5957
vn 0.0225 -0.9162 -0.4000
vn 0.1429 -0.7715 -0.6200
vn 0.2733 -0.5096 -0.8158
vn 0.0879 -0.7594 -0.6446
vn 0.2259 -0.5108 -0.8295
vn 0.3628 -0.2007 -0.9100
vn 0.2622 -0.5322 -0.8050
vn 0.3573 -0.2439 -0.9016
vn 0.3901 -0.0025 -0.9208
vn 0.3949 -0.2524 -0.8834
vn 0.3685 0.0408 -0.9287
vn 0.3382 0.2063 -0.9182
vn 0.3738 -0.5460 -0.7498
vn 0.1541 -0.7659 -0.6242
vn 0.3060 -0.7779 -0.5488
vn 0.3589 -0.7785 -0.5148
vn 0.2135 -0.9190 -0.3315
vn 0.2785 -0.9166 -0.2870
vn 0.2171 -0.9232 -0.3171
vn 0.1686 -0.9849 -0.0394
vn 0.0856 -0.9952 -0.0477
vn 0.1079 -0.9894 -0.0973
vn -0.0367 -0.9829 0.1803
vn -0.0399 -0.9830 -0.1792
vn -0.1588 -0.9841 0.0801
vn -0.2785 -0.9032 0.3267
vn -0.2114 -0.9770 0.0272
vn -0.3278 -0.8995 0.2888
vn -0.4088 -0.7400 0.5341
vn -0.2821 -0.9084 0.3087
vn -0.3748 -0.7345 0.5657
vn -0.4281 -0.5267 0.7343
vn -0.3493 -0.7460 0.5670
vn -0.4329 -0.5209 0.7357
vn -0.4680 -0.2054 0.8595
vn -0.4529 -0.2187 0.8643
vn -0.4161 -0.5170 0.7481
vn -0.4846 -0.2046 0.8505
vn -0.4680 -0.2053 0.8596
vn -0.4846 -0.2045 0.8505
vn -0.5034 0.0763 0.8607
vn -0.4755 -0.2140 0.8533
vn -0.4678 0.0739 0.8807
vn -0.4467 0.2961 0.8442
vn -0.4017 0.0740 0.9128
vn -0.3480 0.2699 0.8978
vn -0.2642 0.5301 0.8057
vn -0.2803 0.2732 0.9202
vn -0.1832 0.5111 0.8398
vn -0.0715 0.7586 0.6476
vn -0.2083 0.5106 0.8342
vn -0.1072 0.7506 0.6520
vn -0.0031 0.9076 0.4198
vn -0.1609 0.7490 0.6427
vn -0.0442 0.9086 0.4153
vn 0.0839 0.9897 0.1157
vn -0.0320 0.9073 0.4193
vn 0.0898 0.9846 0.1498
vn 0.2052 0.9621 -0.1797
vn 0.0842 0.9805 0.1774
vn 0.2114 0.9630 -0.1673
vn 0.2960 0.8236 -0.4838
vn 0.2113 0.9630 -0.1673
vn 0.1745 0.9685 -0.1775
vn 0.2419 0.8241 -0.5122
vn 0.2257 0.6210 -0.7506
vn 0.3197 0.6302 -0.7075
vn 0.0925 0.9750 -0.2018
vn -0.0441 0.9847 0.1684
vn -0.1552 0.9733 0.1689
vn -0.0082 0.9821 -0.1882
vn 0.0420 0.9835 0.1761
vn -0.0662 0.9045 0.4214
vn -0.1490 0.8849 0.4413
vn -0.0341 0.9096 0.4142
vn -0.1760 0.7623 0.6229
vn -0.1813 0.7573 0.6274
vn -0.0340 0.9096 0.4142
vn -0.1753 0.7553 0.6315
vn -0.1760 0.7622 0.6229
vn -0.3108 0.5180 0.7970
vn -0.3274 0.5222 0.7875
vn -0.2709 0.5151 0.8132
vn -0.3431 0.3063 0.8879
vn -0.3811 0.3061 0.8724
vn -0.2851 0.2912 0.9132
vn -0.3569 0.0702 0.9315
vn -0.4010 0.0794 0.9126
vn -0.3560 0.0692 0.9319
vn -0.4212 -0.2320 0.8768
vn -0.4546 -0.2147 0.8645
vn -0.4546 -0.2148 0.8644
vn -0.4661 -0.5251 0.7121
vn -0.4309 -0.5245 0.7343
vn -0.3351 -0.7753 0.5353
vn -0.3028 -0.7672 0.5655
vn -0.1673 -0.9233 0.3456
vn -0.2197 -0.9165 0.3343
vn -0.0916 -0.9925 0.0805
vn -0.1722 -0.9844 0.0354
vn -0.0802 -0.9801 -0.1817
vn -0.1081 -0.9736 -0.2011
vn -0.0167 -0.9046 -0.4259
vn 0.0558 -0.9096 -0.4118
vn -0.4408 -0.2408 0.8647
vn -0.0434 0.9896 -0.1371
vn 0.0629 0.9231 -0.3793
vn 0.1193 0.9467 -0.2992
vn 0.0952 0.9759 0.1964
vn 0.1213 0.9747 0.1876
vn 0.2423 0.9700 0.0182
vn 0.2290 0.9732 -0.0186
vn 0.3344 0.9228 -0.1912
vn 0.3096 0.9155 -0.2568
vn 0.3076 0.9242 -0.2263
vn 0.2780 0.9195 -0.2780
vn 0.2207 0.9682 -0.1175
vn 0.1868 0.9722 -0.1414
vn 0.2035 0.9751 -0.0881
vn 0.1749 0.9815 -0.0779
vn 0.2953 0.9296 -0.2203
vn 0.2257 0.9694 -0.0964
vn 0.3344 0.9140 -0.2299
vn 0.3903 0.8685 -0.3056
vn 0.3839 0.8975 -0.2173
vn 0.3747 0.8832 -0.2822
vn 0.3423 0.8864 -0.3116
vn 0.3768 0.8728 -0.3103
vn 0.3386 0.8818 -0.3282
vn 0.3566 0.8767 -0.3230
vn 0.4102 0.8167 -0.4059
vn 0.3732 0.8445 -0.3841
vn 0.4952 0.7018 -0.5122
vn 0.4541 0.7341 -0.5050
vn 0.5278 0.5561 -0.6420
vn 0.4922 0.6912 -0.5291
vn 0.5443 0.5290 -0.6511
vn 0.5922 0.3220 -0.7387
vn 0.5591 0.4509 -0.6958
vn 0.6150 0.2843 -0.7355
vn 0.6253 0.1437 -0.7670
vn 0.5703 0.2701 -0.7758
vn 0.5674 0.1130 -0.8156
vn 0.5572 -0.0639 -0.8279
vn 0.5479 0.0737 -0.8333
vn 0.5438 -0.1226 -0.8302
vn 0.4867 -0.3582 -0.7967
vn 0.6088 -0.1839 -0.7717
vn 0.5116 -0.4116 -0.7542
vn 0.4244 -0.5875 -0.6890
vn 0.5674 -0.4833 -0.6667
vn 0.4722 -0.6806 -0.5602
vn 0.3515 -0.8089 -0.4712
vn 0.4993 -0.7266 -0.4720
vn 0.3847 -0.8215 -0.4209
vn 0.2346 -0.9039 -0.3577
vn 0.3823 -0.8225 -0.4212
vn 0.2275 -0.9074 -0.3532
vn 0.3966 -0.8239 -0.4048
vn 0.2339 -0.9104 -0.3412
vn 0.4174 -0.8212 -0.3892
vn 0.2558 -0.9068 -0.3350
vn 0.4462 -0.8124 -0.3754
vn 0.2943 -0.8958 -0.3331
vn 0.1410 -0.9450 -0.2952
vn 0.3750 -0.8857 -0.2737
vn 0.2428 -0.9434 -0.2259
vn 0.4287 -0.8783 -0.2116
vn 0.3406 -0.9303 -0.1359
vn 0.2534 -0.9626 -0.0962
vn 0.2950 -0.9338 -0.2026
vn 0.2400 -0.9592 -0.1495
vn 0.1914 -0.9750 -0.1130
vn 0.0475 -0.9356 -0.3499
vn -0.0039 -0.9632 -0.2688
vn -0.0369 -0.9826 -0.1820
vn -0.2585 -0.8637 -0.4327
vn -0.3146 -0.8880 -0.3352
vn -0.3566 -0.8927 -0.2755
vn -0.0441 -0.9913 -0.1241
vn -0.4234 -0.9016 -0.0892
vn -0.0735 -0.9970 0.0237
vn -0.4637 -0.8770 0.1261
vn -0.1244 -0.9707 0.2053
vn -0.4750 -0.8481 0.2348
vn -0.1991 -0.9303 0.3082
vn 0.1156 -0.9226 0.3681
vn -0.2724 -0.8753 0.3996
vn 0.0567 -0.8825 0.4670
vn 0.2417 -0.8409 0.4843
vn -0.0095 -0.8210 0.5709
vn 0.1934 -0.7779 0.5978
vn 0.2053 -0.7564 0.6211
vn 0.2298 -0.8431 0.4861
vn 0.1832 -0.7491 0.6366
vn 0.2036 -0.8485 0.4884
vn 0.1493 -0.7458 0.6492
vn 0.1766 -0.8475 0.5005
vn 0.1126 -0.7447 0.6578
vn 0.1221 -0.8489 0.5143
vn 0.0695 -0.7445 0.6640
vn 0.0649 -0.8549 0.5147
vn 0.0772 -0.9429 0.3240
vn 0.0217 -0.8600 0.5098
vn 0.0225 -0.9373 0.3479
vn -0.0044 -0.9937 0.1119
vn 0.0015 -0.9334 0.3588
vn -0.0303 -0.9942 0.1032
vn -0.0813 -0.9946 -0.0640
vn -0.0088 -0.8545 0.5194
vn -0.0005 -0.7340 0.6792
vn -0.0480 -0.7121 0.7004
vn -0.0005 -0.7339 0.6792
vn -0.0493 -0.5637 0.8245
vn -0.0866 -0.5374 0.8389
vn 0.0695 -0.7444 0.6641
vn 0.0428 -0.5874 0.8082
vn -0.0493 -0.5636 0.8245
vn 0.0428 -0.5873 0.8082
vn 0.0148 -0.3644 0.9311
vn 0.0998 -0.6005 0.7934
vn 0.0651 -0.3840 0.9210
vn 0.0167 -0.1409 0.9899
vn 0.0881 -0.4128 0.9066
vn 0.0353 -0.1752 0.9839
vn -0.0267 0.0297 0.9992
vn 0.0292 -0.2195 0.9752
vn -0.0586 -0.0413 0.9974
vn -0.1443 0.0899 0.9854
vn -0.1156 0.1700 0.9786
vn -0.1721 0.2755 0.9458
vn -0.1871 0.3197 0.9289
vn -0.1514 0.4787 0.8648
vn -0.1817 0.4950 0.8497
vn -0.1344 0.6074 0.7829
vn -0.1377 0.6148 0.7765
vn -0.1183 0.6899 0.7142
vn -0.1073 0.7034 0.7026
vn -0.0841 0.7794 0.6209
vn -0.0839 0.7936 0.6026
vn -0.0443 0.8499 0.5251
vn -0.0533 0.8544 0.5169
vn 0.0050 0.8996 0.4366
vn -0.0026 0.8964 0.4433
vn 0.0747 0.9392 0.3352
vn 0.0719 0.9356 0.3458
vn 0.0581 0.9397 0.3371
vn 0.1314 0.9605 0.2451
vn 0.1050 0.9718 0.2114
vn 0.0760 0.9838 0.1624
vn 0.1226 0.9848 0.1232
vn 0.0889 0.9924 0.0853
vn 0.1185 0.9888 0.0913
vn 0.1025 0.9928 0.0618
vn 0.1224 0.9893 0.0794
vn 0.1754 0.9781 0.1116
vn 0.1616 0.9866 0.0245
vn 0.2035 0.9781 0.0449
vn 0.2382 0.9705 0.0372
vn 0.2228 0.9664 0.1282
vn 0.2596 0.9657 0.0107
vn 0.2498 0.9617 0.1129
vn 0.2394 0.9598 0.1469
vn 0.2756 0.9612 -0.0133
vn 0.2472 0.9652 0.0848
vn 0.2988 0.9539 -0.0270
vn 0.2584 0.9626 0.0812
vn 0.2111 0.9638 0.1632
vn 0.3125 0.9482 -0.0566
vn 0.2718 0.9592 0.0784
vn 0.3196 0.9413 -0.1086
vn 0.2709 0.9608 0.0587
vn 0.3320 0.9309 -0.1520
vn 0.2486 0.9681 0.0319
vn 0.2750 0.9524 -0.1315
vn 0.3028 0.9365 -0.1769
vn 0.2339 0.9691 -0.0781
vn 0.2210 0.9710 -0.0908
vn 0.3015 0.9470 -0.1103
vn 0.2972 0.9515 -0.0790
vn 0.3532 0.9260 -0.1330
vn 0.3609 0.9110 -0.1997
vn 0.3236 0.9341 -0.1509
vn 0.3225 0.9265 -0.1939
vn 0.3451 0.9038 -0.2531
vn 0.3425 0.9027 -0.2605
vn 0.3562 0.8934 -0.2738
vn 0.3352 0.8938 -0.2978
vn 0.3797 0.8538 -0.3563
vn 0.3624 0.8693 -0.3362
vn 0.4129 0.7529 -0.5125
vn 0.4460 0.7708 -0.4550
vn 0.4567 0.6634 -0.5927
vn 0.4063 0.7506 -0.5211
vn 0.4873 0.5914 -0.6425
vn 0.5574 0.3761 -0.7402
vn 0.5632 0.5164 -0.6450
vn 0.5617 0.3747 -0.7376
vn 0.5443 0.2465 -0.8018
vn 0.6097 0.3781 -0.6966
vn 0.6208 0.1944 -0.7595
vn 0.6334 0.0010 -0.7739
vn 0.7143 0.1379 -0.6861
vn 0.6977 -0.0661 -0.7134
vn 0.6710 -0.2169 -0.7090
vn 0.7143 -0.1106 -0.6910
vn 0.7064 -0.2607 -0.6580
vn 0.6138 -0.5489 -0.5674
vn 0.7153 -0.3177 -0.6224
vn 0.6111 -0.5883 -0.5296
vn 0.5049 -0.7285 -0.4630
vn 0.6184 -0.6108 -0.4945
vn 0.5149 -0.7294 -0.4504
vn 0.6527 -0.6113 -0.4475
vn 0.5344 -0.7302 -0.4257
vn 0.6649 -0.5997 -0.4452
vn 0.5545 -0.7250 -0.4085
vn 0.6575 -0.5930 -0.4648
vn 0.5717 -0.7212 -0.3913
vn 0.4882 -0.8073 -0.3315
vn 0.5827 -0.7210 -0.3750
vn 0.5082 -0.8081 -0.2978
vn 0.4537 -0.7406 -0.4956
vn 0.4191 -0.8180 -0.3939
vn 0.3528 -0.8895 -0.2903
vn 0.1946 -0.7994 -0.5684
vn 0.1549 -0.8654 -0.4766
vn 0.0947 -0.9066 -0.4113
vn -0.1289 -0.7337 -0.6672
vn -0.1761 -0.7767 -0.6048
vn -0.2068 -0.8190 -0.5353
vn -0.3405 -0.6620 -0.6677
vn -0.3539 -0.7260 -0.5897
vn -0.3840 -0.7856 -0.4852
vn -0.4085 -0.7059 -0.5787
vn -0.4349 -0.7625 -0.4791
vn -0.4472 -0.7855 -0.4278
vn -0.4247 -0.8082 -0.4080
vn -0.4888 -0.7920 -0.3659
vn -0.4743 -0.8104 -0.3439
vn -0.5952 -0.7906 -0.1440
vn -0.5658 -0.8139 -0.1320
vn -0.6592 -0.7470 0.0861
vn -0.6161 -0.7821 0.0933
vn -0.6724 -0.7093 0.2117
vn -0.6123 -0.7615 0.2126
vn -0.6727 -0.6831 0.2842
vn -0.6001 -0.7389 0.3066
vn -0.4877 -0.8058 0.3359
vn -0.6154 -0.6981 0.3659
vn -0.5149 -0.7422 0.4289
vn -0.3282 -0.7989 0.5039
vn -0.5470 -0.6303 0.5509
vn -0.3683 -0.6890 0.6241
vn -0.0772 -0.7222 0.6874
vn -0.3742 -0.5513 0.7457
vn -0.1354 -0.5817 0.8021
vn 0.0294 -0.5452 0.8378
vn 0.1157 -0.6876 0.7168
vn 0.0746 -0.4914 0.8677
vn 0.1482 -0.6476 0.7474
vn 0.0972 -0.4470 0.8892
vn 0.1491 -0.6210 0.7695
vn 0.1266 -0.6084 0.7835
vn 0.1266 -0.6083 0.7835
vn 0.0998 -0.6005 0.7933
vn 0.0746 -0.4913 0.8678
vn -0.0101 -0.2823 0.9593
vn -0.0594 -0.3530 0.9337
vn -0.1280 -0.1786 0.9756
vn -0.0946 -0.1169 0.9886
vn -0.1516 -0.0057 0.9884
vn -0.1438 0.0328 0.9891
vn -0.1384 0.2093 0.9680
vn -0.1383 0.2460 0.9593
vn -0.1107 0.3995 0.9100
vn -0.1205 0.4400 0.8899
vn -0.0772 0.5328 0.8427
vn -0.1155 0.5726 0.8116
vn -0.0409 0.6438 0.7641
vn -0.0949 0.6737 0.7329
vn 0.0216 0.7551 0.6552
vn -0.0379 0.7671 0.6404
vn 0.0754 0.8140 0.5759
vn 0.0139 0.8314 0.5555
vn 0.0138 0.8314 0.5555
vn 0.1114 0.8537 0.5088
vn 0.0501 0.8839 0.4650
vn 0.1587 0.9093 0.3847
vn 0.1012 0.9334 0.3441
vn 0.1776 0.9367 0.3019
vn 0.1354 0.9545 0.2657
vn 0.1264 0.9592 0.2529
vn 0.1515 0.9595 0.2375
vn 0.1287 0.9679 0.2161
vn 0.1366 0.9750 0.1753
vn 0.1365 0.9750 0.1753
vn 0.1469 0.9791 0.1404
vn 0.1315 0.9860 0.1023
vn 0.1277 0.9889 0.0761
vn 0.1677 0.9858 0.0025
vn 0.1693 0.9856 0.0003
vn 0.1535 0.9881 0.0038
vn 0.2460 0.9626 -0.1138
vn 0.2382 0.9662 -0.0985
vn 0.2331 0.9691 -0.0805
vn 0.2870 0.9464 -0.1483
vn 0.2779 0.9497 -0.1445
vn 0.2716 0.9522 -0.1395
vn 0.2438 0.9670 -0.0743
vn 0.2732 0.9533 -0.1284
vn 0.2630 0.9611 -0.0839
vn 0.2980 0.9485 -0.1076
vn 0.2835 0.9555 -0.0817
vn 0.3127 0.9449 -0.0972
vn 0.2933 0.9537 -0.0660
vn 0.3153 0.9441 -0.0963
vn 0.2992 0.9526 -0.0553
vn 0.2873 0.9547 -0.0779
vn 0.3194 0.9382 -0.1333
vn 0.3110 0.9409 -0.1341
vn 0.3303 0.9246 -0.1899
vn 0.3348 0.9238 -0.1857
vn 0.3267 0.9131 -0.2441
vn 0.3539 0.9012 -0.2503
vn 0.3290 0.9006 -0.2839
vn 0.3493 0.8976 -0.2688
vn 0.3898 0.8367 -0.3846
vn 0.3708 0.8464 -0.3822
vn 0.4856 0.7098 -0.5103
vn 0.4339 0.8115 -0.3915
vn 0.5456 0.6502 -0.5288
vn 0.6019 0.4920 -0.6290
vn 0.5792 0.6127 -0.5376
vn 0.6552 0.4564 -0.6020
vn 0.7019 0.3386 -0.6267
vn 0.6997 0.4001 -0.5918
vn 0.7315 0.3072 -0.6086
vn 0.7333 0.0988 -0.6727
vn 0.7056 0.2899 -0.6466
vn 0.7375 0.0588 -0.6728
vn 0.7344 -0.1437 -0.6633
vn 0.7920 0.0198 -0.6102
vn 0.7938 -0.1647 -0.5854
vn 0.7486 -0.3642 -0.5540
vn 0.8242 -0.1961 -0.5312
vn 0.7846 -0.3912 -0.4810
vn 0.7511 -0.2647 -0.6048
vn 0.7537 -0.4186 -0.5067
vn 0.6139 -0.3374 -0.7136
vn 0.6681 -0.4666 -0.5796
vn 0.5030 -0.3785 -0.7770
vn 0.5407 -0.5187 -0.6623
vn 0.6054 -0.6159 -0.5041
vn 0.3632 -0.5303 -0.7660
vn 0.4119 -0.6549 -0.6336
vn 0.1933 -0.4913 -0.8493
vn 0.1571 -0.6354 -0.7560
vn 0.1836 -0.7223 -0.6667
vn -0.0364 -0.5601 -0.8276
vn -0.0687 -0.6396 -0.7656
vn -0.0870 -0.6947 -0.7140
vn -0.2323 -0.5343 -0.8128
vn -0.2792 -0.5624 -0.7783
vn -0.3108 -0.5990 -0.7380
vn -0.3285 -0.5281 -0.7830
vn -0.3475 -0.5871 -0.7311
vn -0.3751 -0.6484 -0.6625
vn -0.3263 -0.6292 -0.7055
vn -0.3598 -0.6681 -0.6513
vn -0.4176 -0.7133 -0.5629
vn -0.3490 -0.6761 -0.6489
vn -0.4192 -0.7122 -0.5631
vn -0.4828 -0.7377 -0.4719
vn -0.4648 -0.7511 -0.4688
vn -0.5038 -0.7509 -0.4271
vn -0.4725 -0.7693 -0.4301
vn -0.5202 -0.7616 -0.3863
vn -0.4939 -0.7844 -0.3752
vn -0.6188 -0.7686 -0.1623
vn -0.5950 -0.7900 -0.1477
vn -0.6797 -0.7307 0.0641
vn -0.6634 -0.7441 0.0791
vn -0.7090 -0.6868 0.1601
vn -0.6961 -0.6911 0.1943
vn -0.7353 -0.6347 0.2377
vn -0.7162 -0.6475 0.2606
vn -0.7403 -0.6082 0.2864
vn -0.7198 -0.6301 0.2914
vn -0.6813 -0.6603 0.3158
vn -0.7106 -0.5507 0.4379
vn -0.6884 -0.5657 0.4541
vn -0.6390 -0.5911 0.4922
vn -0.6566 -0.4184 0.6276
vn -0.6189 -0.4395 0.6510
vn -0.5352 -0.4867 0.6904
vn -0.5612 -0.2869 0.7764
vn -0.4786 -0.3330 0.8124
vn -0.3466 -0.3848 0.8555
vn -0.3993 -0.1830 0.8984
vn -0.3074 -0.2203 0.9257
vn -0.2022 -0.2175 0.9549
vn -0.1779 -0.3981 0.8999
vn -0.3465 -0.3848 0.8555
vn -0.1780 -0.3982 0.8999
vn -0.1354 -0.5816 0.8021
vn -0.2022 -0.2176 0.9549
vn -0.0594 -0.3530 0.9338
vn -0.2492 -0.0393 0.9676
vn -0.1936 -0.0324 0.9805
vn -0.1517 -0.0057 0.9884
vn -0.1280 -0.1785 0.9756
vn -0.1831 0.1410 0.9729
vn -0.1597 0.1677 0.9728
vn -0.0966 0.3415 0.9349
vn -0.1039 0.3692 0.9235
vn 0.0021 0.5101 0.8601
vn -0.0339 0.5148 0.8567
vn 0.0642 0.5829 0.8100
vn 0.0179 0.6047 0.7962
vn 0.1282 0.6760 0.7257
vn 0.0789 0.7237 0.6856
vn 0.1836 0.7676 0.6141
vn 0.1282 0.7988 0.5878
vn 0.0754 0.8140 0.5760
vn 0.2161 0.8080 0.5482
vn 0.1620 0.8300 0.5338
vn 0.2525 0.8455 0.4705
vn 0.2088 0.8781 0.4305
vn 0.2885 0.8799 0.3776
vn 0.2347 0.9087 0.3454
vn 0.3022 0.8945 0.3296
vn 0.2501 0.9249 0.2863
vn 0.1957 0.9479 0.2515
vn 0.2793 0.9411 0.1905
vn 0.2524 0.9520 0.1734
vn 0.2056 0.9635 0.1715
vn 0.2991 0.9489 0.1008
vn 0.2668 0.9609 0.0737
vn 0.1986 0.9797 0.0278
vn 0.3117 0.9493 -0.0396
vn 0.2592 0.9607 -0.0989
vn 0.2371 0.9635 -0.1241
vn 0.2945 0.9369 -0.1885
vn 0.2851 0.9396 -0.1896
vn 0.2926 0.9424 -0.1623
vn 0.3102 0.9308 -0.1934
vn 0.3160 0.9337 -0.1684
vn 0.3048 0.9376 -0.1673
vn 0.3260 0.9293 -0.1737
vn 0.3122 0.9301 -0.1935
vn 0.3090 0.9288 -0.2046
vn 0.2955 0.9393 -0.1741
vn 0.3185 0.9275 -0.1959
vn 0.2964 0.9402 -0.1677
vn 0.3186 0.9279 -0.1936
vn 0.2957 0.9428 -0.1541
vn 0.3297 0.9209 -0.2080
vn 0.3204 0.9212 -0.2207
vn 0.3746 0.8832 -0.2822
vn 0.3498 0.8923 -0.2855
vn 0.4706 0.7806 -0.4114
vn 0.3762 0.8762 -0.3013
vn 0.5005 0.7487 -0.4347
vn 0.6214 0.5697 -0.5378
vn 0.5349 0.7084 -0.4604
vn 0.6406 0.5309 -0.5547
vn 0.6842 0.3849 -0.6195
vn 0.6267 0.5202 -0.5802
vn 0.6698 0.3795 -0.6382
vn 0.7332 0.2417 -0.6356
vn 0.6724 0.3479 -0.6533
vn 0.7439 0.1687 -0.6467
vn 0.8031 -0.0303 -0.5951
vn 0.6815 0.1046 -0.7243
vn 0.7140 -0.0962 -0.6935
vn 0.6285 0.0780 -0.7739
vn 0.6096 -0.1307 -0.7819
vn 0.5929 0.0744 -0.8018
vn 0.5513 -0.1388 -0.8227
vn 0.5633 0.0796 -0.8224
vn 0.4927 -0.1324 -0.8601
vn 0.3990 -0.3662 -0.8407
vn 0.4234 -0.1103 -0.8992
vn 0.2959 -0.3149 -0.9018
vn 0.3777 -0.0968 -0.9209
vn 0.2446 -0.2664 -0.9323
vn 0.0817 -0.4283 -0.8999
vn 0.2307 -0.2295 -0.9456
vn 0.0382 -0.3714 -0.9277
vn -0.1389 -0.4804 -0.8660
vn 0.0389 -0.3618 -0.9314
vn -0.1200 -0.4565 -0.8816
vn -0.2458 -0.4874 -0.8378
vn -0.0787 -0.4444 -0.8924
vn -0.1877 -0.4970 -0.8472
vn -0.2967 -0.5789 -0.7595
vn -0.1654 -0.5146 -0.8414
vn -0.2786 -0.6169 -0.7361
vn -0.3088 -0.6516 -0.6929
vn -0.2989 -0.6038 -0.7390
vn -0.3413 -0.6257 -0.7014
vn -0.3751 -0.6541 -0.6568
vn -0.3603 -0.6070 -0.7083
vn -0.4046 -0.6304 -0.6625
vn -0.4659 -0.6686 -0.5796
vn -0.4378 -0.6927 -0.5731
vn -0.5192 -0.6986 -0.4923
vn -0.5004 -0.7181 -0.4836
vn -0.5536 -0.7132 -0.4298
vn -0.5325 -0.7309 -0.4268
vn -0.5637 -0.7180 -0.4082
vn -0.5454 -0.7366 -0.4001
vn -0.6594 -0.7232 -0.2053
vn -0.6471 -0.7393 -0.1864
vn -0.7316 -0.6811 0.0298
vn -0.7129 -0.6998 0.0461
vn -0.7426 -0.6577 0.1265
vn -0.7287 -0.6724 0.1301
vn -0.7355 -0.6346 0.2374
vn -0.7394 -0.6337 0.2275
vn -0.7235 -0.6178 0.3080
vn -0.7379 -0.6078 0.2935
vn -0.7113 -0.5611 0.4233
vn -0.7317 -0.5372 0.4196
vn -0.7295 -0.5344 0.4269
vn -0.6981 -0.4021 0.5925
vn -0.6903 -0.4019 0.6017
vn -0.6715 -0.4122 0.6158
vn -0.6275 -0.2663 0.7316
vn -0.6144 -0.2695 0.7416
vn -0.5994 -0.2682 0.7542
vn -0.5228 -0.0895 0.8477
vn -0.5028 -0.0924 0.8595
vn -0.4646 -0.1288 0.8761
vn -0.3679 0.0755 0.9268
vn -0.3362 0.0229 0.9415
vn -0.2970 -0.0213 0.9546
vn -0.2077 0.1609 0.9649
vn -0.1921 0.1371 0.9717
vn -0.0819 0.3061 0.9485
vn -0.0797 0.3137 0.9462
vn 0.0249 0.4573 0.8890
vn 0.0275 0.4893 0.8717
vn 0.0991 0.5727 0.8137
vn 0.0926 0.5799 0.8094
vn 0.1664 0.6436 0.7471
vn 0.1545 0.6472 0.7465
vn 0.2311 0.7080 0.6673
vn 0.2202 0.7315 0.6453
vn 0.2666 0.7614 0.5909
vn 0.2544 0.7843 0.5658
vn 0.2935 0.8012 0.5214
vn 0.2780 0.8204 0.4997
vn 0.3252 0.8377 0.4388
vn 0.3094 0.8605 0.4047
vn 0.3362 0.8593 0.3855
vn 0.3144 0.8801 0.3556
vn 0.3508 0.8739 0.3364
vn 0.3219 0.8964 0.3046
vn 0.3109 0.9157 0.2547
vn 0.3537 0.9145 0.1963
vn 0.3260 0.9334 0.1499
vn 0.3021 0.9466 0.1127
vn 0.3396 0.9361 0.0917
vn 0.3136 0.9481 0.0524
vn 0.3237 0.9461 0.0113
vn 0.3091 0.9509 -0.0149
vn 0.3210 0.9441 -0.0751
vn 0.3263 0.9357 -0.1344
vn 0.3049 0.9455 -0.1142
vn 0.2941 0.9415 -0.1646
vn 0.2909 0.9337 -0.2086
vn 0.2826 0.9405 -0.1885
vn 0.2700 0.9408 -0.2051
vn 0.3135 0.9322 -0.1810
vn 0.3307 0.9087 -0.2549
vn 0.3315 0.9227 -0.1970
vn 0.3297 0.9240 -0.1938
vn 0.4667 0.8052 -0.3657
vn 0.4296 0.8383 -0.3358
vn 0.3948 0.8614 -0.3196
vn 0.3143 0.9243 -0.2166
vn 0.3153 0.9230 -0.2206
vn 0.5574 0.6710 -0.4889
vn 0.5718 0.6468 -0.5046
vn 0.6189 0.5246 -0.5846
vn 0.5913 0.6330 -0.4996
vn 0.6188 0.5322 -0.5778
vn 0.6517 0.3218 -0.6868
vn 0.6051 0.5446 -0.5807
vn 0.6290 0.3074 -0.7140
vn 0.5859 0.5403 -0.6040
vn 0.6096 0.2885 -0.7383
vn 0.6098 0.4979 -0.6166
vn 0.6098 0.2687 -0.7457
vn 0.6258 0.4617 -0.6287
vn 0.5967 0.2733 -0.7545
vn 0.5275 0.0979 -0.8439
vn 0.5820 0.2832 -0.7623
vn 0.4991 0.1126 -0.8592
vn 0.5835 0.2898 -0.7586
vn 0.4839 0.1133 -0.8678
vn 0.3500 -0.1013 -0.9313
vn 0.4726 0.1031 -0.8753
vn 0.3298 -0.0997 -0.9388
vn 0.2236 -0.2020 -0.9535
vn 0.3031 -0.0731 -0.9502
vn 0.2000 -0.1853 -0.9621
vn 0.0291 -0.3659 -0.9302
vn 0.1799 -0.1974 -0.9637
vn 0.0299 -0.3727 -0.9275
vn -0.0530 -0.4320 -0.9003
vn 0.0526 -0.4062 -0.9123
vn -0.0009 -0.4566 -0.8897
vn -0.1390 -0.5283 -0.8376
vn 0.0264 -0.4725 -0.8809
vn -0.0899 -0.5292 -0.8437
vn -0.2782 -0.5921 -0.7563
vn -0.0817 -0.5014 -0.8613
vn -0.2417 -0.5792 -0.7785
vn -0.3486 -0.5983 -0.7215
vn -0.2057 -0.5826 -0.7863
vn -0.3025 -0.5995 -0.7410
vn -0.4018 -0.6020 -0.6900
vn -0.4202 -0.6088 -0.6729
vn -0.5067 -0.6369 -0.5810
vn -0.4971 -0.6430 -0.5826
vn -0.5595 -0.6735 -0.4832
vn -0.5454 -0.6777 -0.4932
vn -0.5744 -0.6964 -0.4302
vn -0.5714 -0.6954 -0.4358
vn -0.5798 -0.7186 -0.3841
vn -0.5807 -0.7064 -0.4048
vn -0.6412 -0.7388 -0.2076
vn -0.6557 -0.7245 -0.2123
vn -0.7071 -0.7071 0.0049
vn -0.7221 -0.6915 0.0184
vn -0.7424 -0.6575 0.1289
vn -0.7438 -0.6546 0.1351
vn -0.7637 -0.6041 0.2278
vn -0.7448 -0.6210 0.2443
vn -0.7633 -0.5632 0.3166
vn -0.7327 -0.6024 0.3167
vn -0.7351 -0.5245 0.4295
vn -0.7102 -0.5596 0.4272
vn -0.6846 -0.4331 0.5863
vn -0.6684 -0.4478 0.5939
vn -0.6772 -0.4310 0.5963
vn -0.6054 -0.3031 0.7360
vn -0.6182 -0.2818 0.7337
vn -0.6338 -0.2625 0.7276
vn -0.5363 -0.1253 0.8347
vn -0.5403 -0.1098 0.8343
vn -0.5341 -0.1010 0.8394
vn -0.3978 0.0858 0.9135
vn -0.3979 0.1023 0.9117
vn -0.3884 0.1048 0.9155
vn -0.2585 0.2683 0.9280
vn -0.2485 0.2473 0.9365
vn -0.2311 0.2034 0.9514
vn -0.1144 0.3623 0.9250
vn -0.0913 0.3261 0.9409
vn -0.0045 0.4517 0.8921
vn 0.0188 0.4347 0.9004
vn 0.0796 0.5306 0.8439
vn 0.0996 0.5452 0.8324
vn 0.1603 0.6275 0.7619
vn 0.1727 0.6400 0.7487
vn 0.2195 0.6940 0.6857
vn 0.2265 0.6979 0.6795
vn 0.2719 0.7365 0.6194
vn 0.2708 0.7442 0.6106
vn 0.3212 0.7737 0.5460
vn 0.3156 0.7824 0.5370
vn 0.3556 0.8010 0.4816
vn 0.3515 0.8112 0.4673
vn 0.3827 0.8182 0.4291
vn 0.3703 0.8308 0.4156
vn 0.4086 0.8278 0.3845
vn 0.3850 0.8473 0.3659
vn 0.4457 0.8414 0.3056
vn 0.4171 0.8677 0.2705
vn 0.3883 0.8909 0.2357
vn 0.4672 0.8736 0.1360
vn 0.4325 0.8933 0.1224
vn 0.3884 0.9146 0.1122
vn 0.4741 0.8788 0.0540
vn 0.4291 0.9007 0.0677
vn 0.3616 0.9311 0.0486
vn 0.4884 0.8715 -0.0437
vn 0.4242 0.9030 -0.0689
vn 0.3395 0.9356 -0.0968
vn 0.4866 0.8476 -0.2119
vn 0.4352 0.8772 -0.2026
vn 0.3639 0.9157 -0.1704
vn 0.5088 0.8098 -0.2921
vn 0.4817 0.8288 -0.2847
vn 0.3908 0.8729 -0.2921
vn 0.5527 0.7064 -0.4423
vn 0.5383 0.7156 -0.4452
vn 0.5021 0.7610 -0.4107
vn 0.5876 0.6318 -0.5055
vn 0.5599 0.6417 -0.5242
vn 0.5460 0.7195 -0.4293
vn 0.5703 0.6294 -0.5278
vn 0.5590 0.7077 -0.4321
vn 0.6021 0.5915 -0.5364
vn 0.5841 0.6765 -0.4485
vn 0.6068 0.5625 -0.5616
vn 0.6152 0.4419 -0.6529
vn 0.6378 0.5280 -0.5607
vn 0.6261 0.4098 -0.6634
vn 0.6578 0.5071 -0.5570
vn 0.6249 0.3972 -0.6721
vn 0.5810 0.2977 -0.7575
vn 0.6194 0.3930 -0.6796
vn 0.5748 0.2984 -0.7620
vn 0.4490 0.1031 -0.8876
vn 0.5696 0.2972 -0.7663
vn 0.4310 0.1125 -0.8953
vn 0.2858 -0.0531 -0.9568
vn 0.4424 0.1043 -0.8907
vn 0.2965 -0.0650 -0.9528
vn 0.1737 -0.2396 -0.9552
vn 0.3317 -0.1062 -0.9374
vn 0.1858 -0.2936 -0.9377
vn 0.0611 -0.4345 -0.8986
vn 0.2289 -0.3219 -0.9187
vn 0.0623 -0.4169 -0.9068
vn -0.0045 -0.4453 -0.8954
vn 0.0761 -0.3601 -0.9298
vn -0.0403 -0.4192 -0.9070
vn -0.1014 -0.4981 -0.8612
vn -0.0454 -0.4418 -0.8960
vn -0.1074 -0.5415 -0.8338
vn -0.1671 -0.5977 -0.7841
vn -0.1174 -0.5654 -0.8164
vn -0.1543 -0.5676 -0.8088
vn -0.2130 -0.5398 -0.8144
vn -0.2429 -0.5884 -0.7712
vn -0.3459 -0.6090 -0.7138
vn -0.3683 -0.5986 -0.7114
vn -0.4594 -0.7062 -0.5387
vn -0.4941 -0.6572 -0.5692
vn -0.5059 -0.7330 -0.4547
vn -0.5434 -0.7005 -0.4627
vn -0.5443 -0.7327 -0.4085
vn -0.5569 -0.7210 -0.4123
vn -0.5723 -0.7398 -0.3538
vn -0.5701 -0.7375 -0.3620
vn -0.6305 -0.7396 -0.2354
vn -0.6322 -0.7447 -0.2138
vn -0.7096 -0.7035 -0.0394
vn -0.7038 -0.7102 -0.0161
vn -0.7402 -0.6624 0.1153
vn -0.7402 -0.6624 0.1152
vn -0.7491 -0.6345 0.1903
vn -0.7651 -0.6111 0.2029
vn -0.7689 -0.5611 0.3067
vn -0.7772 -0.5447 0.3151
vn -0.7600 -0.4708 0.4481
vn -0.7554 -0.4876 0.4378
vn -0.7089 -0.3816 0.5931
vn -0.7035 -0.4048 0.5841
vn -0.6312 -0.2661 0.7285
vn -0.6249 -0.2816 0.7281
vn -0.6117 -0.3006 0.7317
vn -0.5473 -0.1621 0.8211
vn -0.5363 -0.1634 0.8281
vn -0.5296 -0.1501 0.8349
vn -0.4266 0.0361 0.9037
vn -0.4115 0.0570 0.9096
vn -0.4031 0.0752 0.9121
vn -0.2810 0.2429 0.9285
vn -0.2665 0.2473 0.9316
vn -0.2579 0.2577 0.9312
vn -0.1650 0.3656 0.9160
vn -0.1595 0.3784 0.9118
vn -0.1478 0.3862 0.9105
vn -0.0483 0.4924 0.8690
vn -0.0420 0.4867 0.8726
vn 0.0402 0.5645 0.8245
vn 0.0466 0.5508 0.8333
vn 0.1142 0.6226 0.7742
vn 0.1331 0.6214 0.7721
vn 0.1603 0.6275 0.7620
vn 0.1142 0.6226 0.7741
vn 0.2090 0.6929 0.6901
vn 0.2162 0.6915 0.6892
vn 0.2161 0.6915 0.6892
vn 0.2194 0.6940 0.6858
vn 0.2162 0.6916 0.6892
vn 0.2090 0.6930 0.6900
vn 0.2657 0.7313 0.6282
vn 0.2719 0.7318 0.6249
vn 0.3004 0.7602 0.5761
vn 0.3124 0.7677 0.5595
vn 0.3537 0.7929 0.4962
vn 0.3508 0.7982 0.4897
vn 0.4160 0.8108 0.4118
vn 0.4007 0.8119 0.4247
vn 0.4560 0.8104 0.3679
vn 0.4424 0.8095 0.3859
vn 0.4910 0.8054 0.3321
vn 0.4777 0.8128 0.3335
vn 0.5682 0.8011 0.1884
vn 0.5467 0.8186 0.1758
vn 0.5095 0.8464 0.1549
vn 0.6078 0.7939 0.0178
vn 0.5692 0.8218 0.0265
vn 0.5186 0.8542 0.0378
vn 0.6173 0.7853 -0.0481
vn 0.5685 0.8219 -0.0362
vn 0.5229 0.8516 -0.0369
vn 0.6183 0.7748 -0.1315
vn 0.5603 0.8153 -0.1464
vn 0.5237 0.8330 -0.1782
vn 0.6007 0.7495 -0.2782
vn 0.5452 0.7875 -0.2874
vn 0.5155 0.8038 -0.2969
vn 0.6325 0.6359 -0.4423
vn 0.6614 0.7000 -0.2693
vn 0.6735 0.6053 -0.4243
vn 0.6866 0.6774 -0.2641
vn 0.6803 0.6025 -0.4173
vn 0.6548 0.4999 -0.5669
vn 0.7002 0.5869 -0.4065
vn 0.6749 0.4747 -0.5650
vn 0.6302 0.3856 -0.6740
vn 0.6952 0.4556 -0.5561
vn 0.6484 0.3835 -0.6576
vn 0.5795 0.2839 -0.7639
vn 0.6627 0.3819 -0.6442
vn 0.5925 0.2662 -0.7603
vn 0.4706 0.0822 -0.8785
vn 0.5988 0.2547 -0.7593
vn 0.4919 0.0384 -0.8698
vn 0.3763 -0.1711 -0.9106
vn 0.4726 -0.0062 -0.8812
vn 0.3647 -0.1972 -0.9100
vn 0.2561 -0.2834 -0.9242
vn 0.2942 -0.1513 -0.9437
vn 0.2269 -0.2069 -0.9517
vn 0.0861 -0.3176 -0.9443
vn 0.1855 -0.1752 -0.9669
vn 0.0644 -0.3251 -0.9435
vn -0.0539 -0.4819 -0.8746
vn 0.0361 -0.3464 -0.9374
vn -0.1050 -0.4794 -0.8713
vn -0.1551 -0.5286 -0.8346
vn -0.1850 -0.4252 -0.8860
vn -0.2166 -0.4604 -0.8609
vn -0.1851 -0.4104 -0.8929
vn -0.1654 -0.4927 -0.8543
vn -0.2379 -0.4179 -0.8768
vn -0.2186 -0.4740 -0.8530
vn -0.4252 -0.5709 -0.7024
vn -0.3750 -0.6009 -0.7059
vn -0.5440 -0.6723 -0.5022
vn -0.4781 -0.7136 -0.5122
vn -0.5373 -0.6848 -0.4924
vn -0.4938 -0.7292 -0.4738
vn -0.5589 -0.6986 -0.4467
vn -0.5417 -0.7249 -0.4255
vn -0.6065 -0.7117 -0.3543
vn -0.5845 -0.7317 -0.3506
vn -0.6416 -0.7170 -0.2724
vn -0.6291 -0.7336 -0.2568
vn -0.7147 -0.6959 -0.0706
vn -0.7110 -0.7009 -0.0573
vn -0.7567 -0.6414 0.1266
vn -0.7463 -0.6536 0.1259
vn -0.7599 -0.6253 0.1773
vn -0.7469 -0.6393 0.1828
vn -0.7666 -0.5853 0.2641
vn -0.7638 -0.5795 0.2841
vn -0.7633 -0.4706 0.4426
vn -0.7610 -0.4675 0.4498
vn -0.7202 -0.3396 0.6049
vn -0.7118 -0.3592 0.6036
vn -0.6635 -0.2324 0.7112
vn -0.6429 -0.2511 0.7236
vn -0.6004 -0.1190 0.7908
vn -0.5743 -0.1367 0.8071
vn -0.5562 -0.1529 0.8169
vn -0.4845 0.0015 0.8748
vn -0.4618 -0.0006 0.8870
vn -0.4445 0.0153 0.8956
vn -0.3306 0.2038 0.9215
vn -0.3134 0.2229 0.9231
vn -0.2964 0.2356 0.9256
vn -0.1817 0.3791 0.9074
vn -0.1760 0.3708 0.9119
vn -0.1716 0.3641 0.9154
vn -0.0649 0.4775 0.8763
vn -0.0507 0.4804 0.8756
vn -0.0444 0.4851 0.8733
vn 0.0255 0.5587 0.8290
vn 0.0402 0.5618 0.8263
vn 0.0883 0.6194 0.7801
vn 0.1023 0.6206 0.7774
vn 0.1954 0.6942 0.6927
vn 0.1996 0.6946 0.6911
vn 0.2089 0.6929 0.6901
vn 0.1954 0.6943 0.6927
vn 0.2627 0.7314 0.6293
vn 0.2612 0.7322 0.6291
vn 0.2892 0.7496 0.5954
vn 0.2953 0.7533 0.5876
vn 0.3542 0.7848 0.5085
vn 0.3580 0.7866 0.5031
vn 0.4251 0.8073 0.4093
vn 0.4220 0.8093 0.4086
vn 0.4618 0.8130 0.3546
vn 0.4570 0.8157 0.3547
vn 0.5067 0.8124 0.2887
vn 0.4956 0.8122 0.3077
vn 0.5852 0.7960 0.1543
vn 0.5762 0.7981 0.1762
vn 0.6521 0.7581 -0.0114
vn 0.6504 0.7596 0.0019
vn 0.6370 0.7707 0.0133
vn 0.6857 0.7205 -0.1034
vn 0.6759 0.7319 -0.0869
vn 0.6501 0.7567 -0.0697
vn 0.6993 0.6970 -0.1587
vn 0.6838 0.7133 -0.1537
vn 0.6623 0.7361 -0.1397
vn 0.7003 0.6669 -0.2546
vn 0.7138 0.6532 -0.2526
vn 0.7197 0.5602 -0.4101
vn 0.7153 0.6445 -0.2701
vn 0.7236 0.5393 -0.4307
vn 0.7042 0.4516 -0.5479
vn 0.7311 0.5156 -0.4468
vn 0.7140 0.4488 -0.5375
vn 0.6717 0.3823 -0.6345
vn 0.7218 0.4479 -0.5277
vn 0.6825 0.3857 -0.6209
vn 0.6011 0.2410 -0.7620
vn 0.6887 0.3847 -0.6146
vn 0.5973 0.2211 -0.7709
vn 0.4202 -0.0157 -0.9073
vn 0.5898 0.1988 -0.7827
vn 0.3928 -0.0074 -0.9196
vn 0.2555 -0.1086 -0.9607
vn 0.4075 -0.0339 -0.9126
vn 0.2975 -0.1450 -0.9437
vn 0.2060 -0.2127 -0.9552
vn 0.3409 -0.1921 -0.9203
vn 0.2558 -0.2174 -0.9420
vn 0.0223 -0.3099 -0.9505
vn 0.2497 -0.1191 -0.9610
vn 0.0227 -0.2274 -0.9735
vn -0.2359 -0.3802 -0.8943
vn 0.0272 -0.1770 -0.9838
vn -0.2322 -0.3715 -0.8989
vn -0.2912 -0.3923 -0.8725
vn -0.2721 -0.4112 -0.8700
vn -0.2160 -0.3352 -0.9171
vn -0.2025 -0.3518 -0.9139
vn -0.2623 -0.4149 -0.8713
vn -0.2532 -0.3979 -0.8818
vn -0.4265 -0.5624 -0.7084
vn -0.4387 -0.5596 -0.7031
vn -0.5721 -0.6112 -0.5470
vn -0.5771 -0.6336 -0.5153
vn -0.6214 -0.6010 -0.5028
vn -0.5943 -0.6316 -0.4979
vn -0.6440 -0.6111 -0.4603
vn -0.6054 -0.6498 -0.4596
vn -0.6760 -0.6389 -0.3673
vn -0.6438 -0.6711 -0.3677
vn -0.6938 -0.6702 -0.2637
vn -0.6728 -0.6851 -0.2793
vn -0.7395 -0.6669 -0.0913
vn -0.7333 -0.6747 -0.0841
vn -0.7922 -0.6052 0.0783
vn -0.7791 -0.6178 0.1067
vn -0.8116 -0.5606 0.1643
vn -0.7865 -0.5936 0.1706
vn -0.7990 -0.5420 0.2605
vn -0.7803 -0.5711 0.2548
vn -0.7667 -0.4682 0.4392
vn -0.7649 -0.4739 0.4363
vn -0.7174 -0.3472 0.6040
vn -0.7214 -0.3386 0.6041
vn -0.6724 -0.2407 0.7000
vn -0.6736 -0.2281 0.7030
vn -0.6150 -0.1275 0.7781
vn -0.6139 -0.1153 0.7809
vn -0.5252 0.0065 0.8509
vn -0.5262 0.0184 0.8502
vn -0.5136 0.0172 0.8579
vn -0.4009 0.1835 0.8976
vn -0.3859 0.1886 0.9031
vn -0.3561 0.1893 0.9151
vn -0.2358 0.3680 0.8994
vn -0.2136 0.3754 0.9019
vn -0.1924 0.3804 0.9046
vn -0.1133 0.4870 0.8660
vn -0.0950 0.4814 0.8713
vn -0.0795 0.4770 0.8753
vn -0.0275 0.5431 0.8392
vn -0.0144 0.5448 0.8384
vn 0.0023 0.5540 0.8325
vn 0.0558 0.6164 0.7855
vn 0.0682 0.6230 0.7792
vn 0.1747 0.7046 0.6877
vn 0.1814 0.7031 0.6876
vn 0.1747 0.7047 0.6877
vn 0.2517 0.7459 0.6166
vn 0.2547 0.7402 0.6223
vn 0.2733 0.7526 0.5991
vn 0.2766 0.7511 0.5994
vn 0.3554 0.7835 0.5097
vn 0.3532 0.7841 0.5104
vn 0.4364 0.8051 0.4016
vn 0.4369 0.8021 0.4071
vn 0.4825 0.8069 0.3407
vn 0.4801 0.8013 0.3571
vn 0.5427 0.7969 0.2652
vn 0.5339 0.7964 0.2840
vn 0.6109 0.7782 0.1453
vn 0.6051 0.7819 0.1499
vn 0.6639 0.7478 -0.0032
vn 0.6589 0.7522 -0.0096
vn 0.6878 0.7166 -0.1156
vn 0.6825 0.7210 -0.1198
vn 0.6804 0.7233 -0.1181
vn 0.7061 0.6815 -0.1925
vn 0.6960 0.6971 -0.1723
vn 0.6991 0.6962 -0.1627
vn 0.7230 0.6238 -0.2967
vn 0.7375 0.5925 -0.3240
vn 0.7231 0.6238 -0.2967
vn 0.7392 0.4987 -0.4526
vn 0.7232 0.5890 -0.3606
vn 0.7239 0.5045 -0.4706
vn 0.7166 0.4542 -0.5294
vn 0.7176 0.4982 -0.4866
vn 0.7121 0.4546 -0.5350
vn 0.6871 0.3724 -0.6238
vn 0.7106 0.4527 -0.5387
vn 0.6770 0.3628 -0.6404
vn 0.5782 0.1812 -0.7955
vn 0.6707 0.3596 -0.6488
vn 0.5628 0.1581 -0.8113
vn 0.4105 -0.0881 -0.9076
vn 0.5373 0.1463 -0.8306
vn 0.3497 -0.0806 -0.9334
vn 0.2918 -0.1285 -0.9478
vn 0.2782 0.0038 -0.9605
vn 0.1953 -0.0076 -0.9807
vn 0.1853 -0.0184 -0.9825
vn -0.5406 -0.6134 -0.5757
vn -0.6144 -0.6045 -0.5070
vn -0.5195 -0.8418 0.1468
vn -0.5980 -0.7573 0.2625
vn -0.8109 -0.5610 0.1667
vn -0.7772 -0.6266 0.0577
vn -0.6477 -0.6171 -0.4468
vn -0.6900 -0.6869 -0.2280
vn -0.6770 -0.6523 -0.3410
vn -0.7218 -0.6866 -0.0871
vn -0.8013 -0.5260 0.2850
vn -0.7621 -0.4616 0.4540
vn -0.7118 -0.3554 0.6058
vn -0.6683 -0.2573 0.6980
vn -0.6177 -0.1440 0.7731
vn -0.5303 -0.0013 0.8478
vn -0.4293 0.1469 0.8911
vn -0.4091 0.1635 0.8977
vn -0.3156 0.3181 0.8940
vn -0.2822 0.3384 0.8977
vn 0.4991 0.1652 -0.8506
vn 0.4890 0.1960 -0.8500
vn 0.2738 0.0840 -0.9581
vn 0.1460 0.0694 -0.9869
vn 0.5345 -0.2657 -0.8023
vn 0.3921 -0.3234 -0.8612
vn 0.1067 0.0178 -0.9941
vn -0.2566 0.3578 0.8978
vn -0.1750 0.4756 0.8621
vn -0.1506 0.4814 0.8635
vn -0.1310 0.4859 0.8642
vn -0.0928 0.5490 0.8307
vn -0.0748 0.5543 0.8289
vn -0.0482 0.5509 0.8332
vn 0.0047 0.6330 0.7741
vn 0.0344 0.6167 0.7864
vn 0.0499 0.6082 0.7922
vn 0.1649 0.6982 0.6967
vn 0.1727 0.6977 0.6953
vn 0.1727 0.6977 0.6952
vn 0.2471 0.7450 0.6197
vn 0.2528 0.7460 0.6161
vn 0.2688 0.7618 0.5894
vn 0.2767 0.7548 0.5948
vn 0.3323 0.7908 0.5140
vn 0.3473 0.7855 0.5122
vn 0.4146 0.8148 0.4053
vn 0.4195 0.8145 0.4007
vn 0.4856 0.8187 0.3064
vn 0.4745 0.8211 0.3172
vn 0.5585 0.8031 0.2075
vn 0.5417 0.8079 0.2323
vn 0.6220 0.7755 0.1082
vn 0.6123 0.7803 0.1271
vn 0.6703 0.7421 -0.0053
vn 0.6667 0.7453 -0.0019
vn 0.7050 0.6994 -0.1177
vn 0.6950 0.7101 -0.1125
vn 0.7319 0.6416 -0.2296
vn 0.7139 0.6626 -0.2265
vn 0.7065 0.6732 -0.2183
vn 0.7222 0.5785 -0.3791
vn 0.7390 0.5565 -0.3796
vn 0.7390 0.5565 -0.3797
vn 0.7236 0.4878 -0.4884
vn 0.7338 0.5572 -0.3886
vn 0.7212 0.4893 -0.4903
vn 0.7108 0.4486 -0.5418
vn 0.7127 0.4927 -0.4993
vn 0.7046 0.4468 -0.5513
vn 0.6677 0.3555 -0.6541
vn 0.6820 0.4541 -0.5733
vn 0.6495 0.3545 -0.6727
vn -0.1244 -0.5145 -0.8484
vn -0.1138 -0.5233 -0.8445
vn -0.2330 -0.3456 -0.9090
vn -0.2831 -0.3778 -0.8816
vn -0.1638 -0.7865 -0.5954
vn -0.2282 -0.8632 -0.4504
vn -0.4045 -0.5735 -0.7124
vn -0.2816 -0.8949 -0.3462
vn -0.3298 -0.9048 -0.2692
vn -0.3565 -0.9210 -0.1569
vn -0.3905 -0.9187 -0.0589
vn -0.4466 -0.8941 0.0335
vn 0.7009 0.5783 -0.4176
vn 0.6759 0.5189 -0.5234
vn 0.6924 0.5062 -0.5142
vn 0.7110 0.5688 -0.4135
vn -0.2118 -0.3596 -0.9088
vn -0.0032 -0.1667 -0.9860
vn -0.6384 -0.6661 0.3857
vn -0.6046 -0.5855 0.5400
vn -0.5490 -0.4991 0.6705
vn -0.5317 -0.4026 0.7451
vn -0.5305 -0.2569 0.8078
vn -0.4871 -0.0651 0.8709
vn -0.4242 0.1077 0.8991
vn -0.3273 0.2891 0.8996
vn -0.2784 -0.4468 -0.8502
vn -0.1013 0.5541 0.8262
vn -0.1000 0.5488 0.8300
vn -0.1959 0.4685 0.8614
vn 0.8204 0.0931 -0.5641
vn 0.7571 -0.1067 -0.6445
vn 0.6268 0.3540 -0.6941
vn 0.0103 0.6228 0.7823
vn 0.0021 0.6195 0.7850
vn -0.1960 0.4529 0.8697
vn 0.7686 0.5785 -0.2731
vn 0.7108 0.6393 -0.2933
vn 0.6978 0.6929 -0.1818
vn 0.7295 0.6599 -0.1801
vn 0.0216 0.6239 0.7812
vn -0.0905 0.5486 0.8311
vn 0.6436 -0.2299 -0.7300
vn 0.5756 0.8041 0.1485
vn 0.6270 0.7775 0.0479
vn 0.6195 0.7827 0.0597
vn 0.5735 0.8037 0.1586
vn -0.1153 -0.6607 -0.7418
vn 0.1311 0.6968 0.7052
vn 0.1339 0.7090 0.6924
vn 0.7864 0.4928 -0.3723
vn 0.7981 0.3925 -0.4571
vn 0.4472 0.8133 0.3723
vn 0.3619 0.8035 0.4727
vn 0.3687 0.8059 0.4632
vn 0.4509 0.8139 0.3665
vn 0.5198 0.8124 0.2644
vn 0.5138 0.8157 0.2660
vn -0.0074 0.6291 0.7773
vn 0.1274 0.7289 0.6726
vn 0.1417 0.7214 0.6779
vn 0.1274 0.7290 0.6726
vn 0.2104 0.7750 0.5959
vn 0.2289 0.7575 0.6114
vn 0.2456 0.7816 0.5734
vn 0.2560 0.7680 0.5871
vn 0.3270 0.8010 0.5015
vn 0.3259 0.7956 0.5106
vn 0.4265 0.8160 0.3902
vn 0.4182 0.8150 0.4012
vn 0.5072 0.8136 0.2843
vn 0.4978 0.8151 0.2963
vn 0.5756 0.7997 0.1709
vn 0.5719 0.7988 0.1866
vn 0.6226 0.7790 0.0744
vn 0.6278 0.7729 0.0919
vn 0.6639 0.7472 -0.0294
vn 0.6709 0.7414 -0.0130
vn 0.6997 0.6984 -0.1505
vn 0.7054 0.6962 -0.1329
vn 0.7205 0.6400 -0.2668
vn 0.7290 0.6379 -0.2485
vn 0.7234 0.5617 -0.4016
vn 0.7145 0.6403 -0.2820
vn 0.7110 0.5688 -0.4134
vn 0.7234 0.5616 -0.4016
vn 0.4396 0.8138 0.3801
vn 0.3419 0.8042 0.4862
vn 0.5121 0.8143 0.2730
vn 0.2076 0.7530 0.6244
vn 0.2110 0.7664 0.6068
vn 0.7819 -0.6227 0.0277
vn 0.7741 -0.6326 -0.0264
vn 0.7090 -0.6943 -0.1239
vn 0.3920 -0.3235 -0.8612
vn 0.7089 -0.6943 -0.1239
vn 0.6163 -0.7636 -0.1925
vn 0.2076 -0.4385 -0.8744
vn 0.2076 -0.4386 -0.8744
vn 0.5190 -0.8191 -0.2445
vn -0.0094 -0.5366 -0.8438
vn 0.4456 -0.8467 -0.2907
vn 0.4038 -0.8560 -0.3228
vn 0.4269 -0.8856 -0.1828
vn 0.4220 -0.9040 -0.0683
vn 0.4210 -0.9061 0.0421
vn 0.4072 -0.9062 0.1139
vn 0.3800 -0.9125 0.1517
vn 0.3599 -0.9125 0.1943
vn 0.3302 -0.9152 0.2310
vn 0.2759 -0.9256 0.2592
vn 0.2285 -0.9228 0.3102
vn 0.1686 -0.9062 0.3878
vn 0.1078 -0.8698 0.4816
vn 0.1225 -0.8125 0.5699
vn 0.1827 -0.7573 0.6270
vn -0.5489 -0.4991 0.6705
vn 0.1381 -0.7198 0.6804
vn 0.1184 -0.6524 0.7486
vn 0.0993 -0.4991 0.8608
vn 0.0957 -0.3489 0.9323
vn 0.1057 -0.1505 0.9829
vn 0.1693 0.0741 0.9828
vn 0.6599 0.4586 -0.5952
vn 0.2714 0.7847 0.5573
vn 0.2540 0.7880 0.5608
vn 0.2110 0.7664 0.6067
vn 0.6692 0.7405 -0.0618
vn 0.6965 0.6976 -0.1681
vn 0.6624 0.7475 -0.0495
vn 0.1275 0.7290 0.6726
vn 0.7009 0.5783 -0.4175
vn 0.2811 0.7830 0.5549
vn 0.1322 0.6880 0.7135
vn 0.2071 0.7415 0.6381
vn 0.6751 0.7343 -0.0711
vn 0.6233 0.7813 0.0325
vn 0.2071 0.7416 0.6381
vn 0.8186 0.2692 -0.5073
vn 0.8205 0.0931 -0.5640
vn 0.9401 -0.3387 -0.0382
vn 0.8829 -0.4691 -0.0208
vn 0.8205 0.0930 -0.5641
vn 0.8111 -0.5848 0.0097
vn 0.8111 -0.5849 0.0098
vn 0.8829 -0.4691 -0.0207
vn 0.6636 -0.6704 0.3320
vn 0.6543 -0.6849 0.3206
vn 0.6721 -0.6608 0.3340
vn 0.7819 -0.6228 0.0278
vn 0.6632 -0.6789 0.3152
vn 0.6849 -0.6410 0.3466
vn 0.7740 -0.6326 -0.0264
vn 0.6740 -0.6566 0.3387
vn 0.6725 -0.6587 0.3374
vn 0.6686 -0.6615 0.3396
vn 0.6678 -0.6611 0.3421
vn 0.6631 -0.6663 0.3410
vn 0.6638 -0.6693 0.3338
vn 0.6621 -0.6704 0.3348
vn 0.6619 -0.6708 0.3346
vn 0.6637 -0.6685 0.3356
vn 0.6608 -0.6720 0.3344
vn 0.6164 -0.7636 -0.1925
vn 0.6737 -0.6638 0.3249
vn 0.5190 -0.8191 -0.2446
vn 0.6644 -0.6695 0.3321
vn 0.6657 -0.6696 0.3295
vn 0.6573 -0.6783 0.3284
vn 0.6603 -0.6743 0.3307
vn 0.6649 -0.6763 0.3170
vn 0.4456 -0.8467 -0.2908
vn 0.6670 -0.6672 0.3317
vn 0.6537 -0.6817 0.3285
vn 0.6540 -0.6907 0.3086
vn 0.6704 -0.6627 0.3337
vn 0.6581 -0.6769 0.3297
vn 0.6630 -0.6804 0.3121
vn 0.6704 -0.6599 0.3391
vn 0.6624 -0.6737 0.3277
vn 0.6024 -0.6186 0.5045
vn 0.6284 -0.6479 0.4305
vn 0.6708 -0.6677 0.3228
vn 0.6736 -0.6591 0.3343
vn 0.6653 -0.6673 0.3346
vn 0.6683 -0.6670 0.3295
vn 0.4210 -0.9061 0.0422
vn 0.6854 -0.6464 0.3351
vn 0.4073 -0.9062 0.1139
vn 0.6653 -0.6653 0.3388
vn 0.6627 -0.6609 0.3522
vn 0.6652 -0.6653 0.3388
vn 0.6543 -0.6741 0.3427
vn 0.6501 -0.6746 0.3499
vn 0.6627 -0.6609 0.3523
vn 0.3599 -0.9125 0.1944
vn 0.6565 -0.6763 0.3341
vn 0.6458 -0.6836 0.3402
vn 0.3302 -0.9152 0.2309
vn 0.6703 -0.6623 0.3347
vn 0.6493 -0.6587 0.3801
vn 0.2760 -0.9255 0.2592
vn 0.2286 -0.9228 0.3102
vn 0.6646 -0.6687 0.3334
vn 0.6716 -0.6649 0.3269
vn 0.6684 -0.6704 0.3222
vn 0.6715 -0.6652 0.3264
vn 0.6291 -0.4004 0.6663
vn 0.6070 -0.5182 0.6026
vn 0.1224 -0.8125 0.5700
vn 0.6810 -0.6586 0.3201
vn 0.6796 -0.6590 0.3221
vn 0.6751 -0.6591 0.3314
vn 0.1381 -0.7197 0.6804
vn 0.0992 -0.4991 0.8608
vn 0.6626 -0.6706 0.3336
vn 0.6722 -0.6602 0.3351
vn 0.6860 -0.6527 0.3215
vn 0.0956 -0.3488 0.9323
vn 0.6612 -0.6699 0.3377
vn 0.6608 -0.6702 0.3379
vn 0.6622 -0.6698 0.3359
vn 0.1056 -0.1504 0.9830
vn 0.1692 0.0741 0.9828
vn 0.6731 -0.6682 0.3170
vn 0.2261 0.2464 0.9424
vn 0.6628 -0.3286 0.6729
vn 0.2828 0.3766 0.8822
vn 0.2261 0.2465 0.9424
vn 0.2827 0.3766 0.8822
vn 0.3558 0.4280 0.8308
vn -0.0033 -0.1667 -0.9860
vn 0.5770 0.8043 0.1417
vn 0.9999 -0.0105 0.0134
vn 0.9932 -0.1130 -0.0291
vn 0.9932 -0.1131 -0.0292
vn 0.9728 -0.2271 -0.0453
vn 0.9728 -0.2271 -0.0454
vn 0.9932 -0.1130 -0.0292
vn 0.7106 -0.6329 0.3075
vn 0.9401 -0.3388 -0.0382
vn 0.6661 -0.6712 0.3253
vn 0.6678 -0.6651 0.3342
vn 0.6714 -0.6644 0.3282
vn 0.6489 -0.6799 0.3416
vn 0.7111 -0.2851 0.6427
vn 0.6742 -0.2973 0.6761
vn 0.6640 -0.6657 0.3404
vn 0.6741 -0.6601 0.3314
vn 0.6661 -0.6711 0.3253
vn 0.6723 -0.6639 0.3274
vn 0.6657 -0.6711 0.3262
vn 0.6679 -0.6698 0.3245
vn 0.6705 -0.6668 0.3254
vn 0.6665 -0.6714 0.3240
vn 0.6687 -0.6615 0.3396
vn 0.6719 -0.6590 0.3382
vn 0.6597 -0.6734 0.3337
vn 0.6702 -0.6641 0.3313
vn 0.6722 -0.6632 0.3292
vn 0.6682 -0.6674 0.3288
vn 0.6628 -0.6706 0.3331
vn 0.6684 -0.6660 0.3313
vn 0.6668 -0.6682 0.3299
vn 0.6651 -0.6645 0.3407
vn 0.6698 -0.6629 0.3344
vn 0.6690 -0.6661 0.3298
vn 0.6699 -0.6659 0.3284
vn 0.6705 -0.6633 0.3324
vn 0.6750 -0.6583 0.3330
vn 0.7393 -0.6014 0.3028
vn 0.7689 -0.5605 0.3076
vn 0.6706 -0.6619 0.3349
vn 0.4472 0.4648 0.7642
vn 0.3558 0.4279 0.8308
vn 0.7705 -0.2754 0.5748
vn 0.5370 0.5133 0.6694
vn 0.4471 0.4648 0.7642
vn 0.6208 0.5274 0.5801
vn 0.8205 0.0931 -0.5641
vn 0.9194 0.3292 0.2151
vn 0.9609 0.2427 0.1333
vn 0.9919 0.1122 0.0600
vn 0.9919 0.1122 0.0601
vn 0.9609 0.2428 0.1334
vn 0.7978 -0.5087 0.3237
vn 0.7394 -0.6014 0.3028
vn 0.6688 -0.6627 0.3370
vn 0.6681 -0.6655 0.3327
vn 0.6634 -0.6670 0.3392
vn 0.6610 -0.6706 0.3368
vn 0.6739 -0.6630 0.3262
vn 0.8325 -0.2975 0.4674
vn 0.8064 -0.2720 0.5251
vn 0.6710 -0.6603 0.3373
vn 0.6649 -0.6653 0.3395
vn 0.6650 -0.6653 0.3394
vn 0.6433 -0.6932 0.3250
vn 0.6654 -0.6786 0.3111
vn 0.6571 -0.6761 0.3333
vn 0.6652 -0.6688 0.3320
vn 0.6706 -0.6629 0.3328
vn 0.8308 -0.3704 0.4154
vn 0.6731 -0.6573 0.3390
vn 0.6670 -0.6627 0.3405
vn 0.6666 -0.6625 0.3416
vn 0.6440 -0.6868 0.3370
vn 0.6666 -0.6669 0.3329
vn 0.6699 -0.6672 0.3256
vn 0.6712 -0.6657 0.3261
vn 0.8155 -0.4665 0.3425
vn 0.8201 -0.4340 0.3729
vn 0.7152 0.5009 0.4874
vn 0.8042 0.4360 0.4040
vn 0.7152 0.5010 0.4874
vn 0.8042 0.4360 0.4039
vn 0.8738 0.3764 0.3080
vn 0.8738 0.3764 0.3079
vn 0.9194 0.3293 0.2151
vn 0.6738 -0.6665 0.3189
vn 0.6698 -0.6642 0.3321
vn 0.6777 -0.6576 0.3291
vn 0.6780 -0.6591 0.3253
vn 0.6679 -0.6623 0.3396
vn 0.6672 -0.6650 0.3356
vn 0.6681 -0.6651 0.3337
vn 0.6740 -0.6619 0.3281
vn 0.6654 -0.6685 0.3322
vn 0.6711 -0.6647 0.3284
vn 0.6629 -0.6698 0.3346
vn 0.6618 -0.6708 0.3346
vn 0.6637 -0.6691 0.3345
vn 0.6654 -0.6690 0.3311
vn 0.6651 -0.6664 0.3369
vn 0.6675 -0.6661 0.3328
vn 0.6649 -0.6650 0.3402
vn 0.6695 -0.6609 0.3391
vn 0.6677 -0.6636 0.3373
vn 0.6725 -0.6566 0.3414
vn 0.6683 -0.6661 0.3312
vn 0.6706 -0.6585 0.3415
vn 0.6663 -0.6715 0.3242
vn 0.6709 -0.6631 0.3319
vn 0.6653 -0.6719 0.3254
vn 0.6713 -0.6659 0.3254
vn 0.6639 -0.6696 0.3331
vn 0.6668 -0.6661 0.3341
vn 0.6609 -0.6699 0.3384
vn 0.6625 -0.6666 0.3417
vn 0.6580 -0.6717 0.3404
vn 0.6599 -0.6687 0.3425
vn 0.6582 -0.6733 0.3369
vn 0.6566 -0.6736 0.3392
vn 0.6617 -0.6675 0.3416
vn 0.6529 -0.6750 0.3436
vn 0.6674 -0.6583 0.3482
vn 0.6577 -0.6716 0.3410
vn 0.6578 -0.6716 0.3410
vn 0.6596 -0.6734 0.3337
vn 0.6662 -0.6621 0.3433
vn 0.6640 -0.6577 0.3558
vn 0.6687 -0.6592 0.3439
vn 0.6592 -0.6634 0.3540
vn 0.6593 -0.6677 0.3457
vn 0.6710 -0.6672 0.3234
vn 0.6771 -0.6628 0.3197
vn 0.6755 -0.6612 0.3264
vn 0.6587 -0.6672 0.3478
vn 0.6648 -0.6710 0.3283
vn 0.6647 -0.6622 0.3458
vn 0.6674 -0.6675 0.3302
vn 0.6803 -0.6505 0.3378
vn 0.6794 -0.6580 0.3246
vn 0.6746 -0.6525 0.3450
vn 0.6727 -0.6646 0.3253
vn 0.6466 -0.6797 0.3462
vn 0.6435 -0.6801 0.3511
vn 0.6588 -0.6710 0.3402
vn 0.6570 -0.6755 0.3347
vn 0.6605 -0.6739 0.3309
vn 0.6510 -0.6772 0.3429
vn 0.6612 -0.6682 0.3411
vn 0.6683 -0.6611 0.3411
vn 0.6698 -0.6642 0.3320
vn 0.6577 -0.6653 0.3533
vn 0.6588 -0.6663 0.3493
vn 0.6682 -0.6612 0.3410
vn 0.6588 -0.6664 0.3492
vn 0.6591 -0.6669 0.3476
vn 0.6399 -0.6772 0.3633
vn 0.6479 -0.6665 0.3688
vn 0.6574 -0.6608 0.3621
vn 0.6626 -0.6641 0.3464
vn 0.6601 -0.6657 0.3480
vn 0.6631 -0.6668 0.3399
vn 0.6617 -0.6692 0.3382
vn 0.6641 -0.6605 0.3504
vn 0.6632 -0.6663 0.3408
vn 0.6740 -0.6578 0.3362
vn 0.6672 -0.6657 0.3342
vn 0.6785 -0.6605 0.3215
vn 0.6701 -0.6679 0.3237
vn 0.6750 -0.6627 0.3244
vn 0.6692 -0.6699 0.3217
vn 0.6736 -0.6601 0.3324
vn 0.6671 -0.6687 0.3283
vn 0.6739 -0.6570 0.3380
vn 0.6660 -0.6666 0.3349
vn 0.6749 -0.6560 0.3380
vn 0.6675 -0.6640 0.3371
vn 0.6761 -0.6577 0.3322
vn 0.6693 -0.6635 0.3345
vn 0.6760 -0.6604 0.3269
vn 0.6686 -0.6651 0.3327
vn 0.6696 -0.6613 0.3381
vn 0.6904 -0.6501 0.3175
vn 0.6791 -0.6606 0.3199
vn 0.6610 -0.6662 0.3453
vn 0.6790 -0.6689 0.3027
vn 0.6679 -0.6632 0.3378
vn 0.6814 -0.6670 0.3013
vn 0.6827 -0.6525 0.3289
vn 0.6768 -0.6657 0.3142
vn 0.6769 -0.6598 0.3264
vn 0.6678 -0.6707 0.3229
vn 0.6569 -0.6828 0.3198
vn 0.6702 -0.6725 0.3138
vn 0.6625 -0.6652 0.3445
vn 0.6591 -0.6660 0.3494
vn 0.6866 -0.6576 0.3100
vn 0.6841 -0.6456 0.3394
vn 0.6771 -0.6479 0.3489
vn 0.6586 -0.6617 0.3582
vn 0.6867 -0.6460 0.3334
vn 0.6815 -0.6485 0.3391
vn 0.6769 -0.6512 0.3431
vn 0.6689 -0.6542 0.3530
vn 0.6728 -0.6577 0.3388
vn 0.6717 -0.6641 0.3284
vn 0.6615 -0.6609 0.3543
vn 0.6733 -0.6563 0.3404
vn 0.6774 -0.6602 0.3244
vn 0.6869 -0.6544 0.3163
vn 0.6811 -0.6664 0.3032
vn 0.6886 -0.6540 0.3132
vn 0.6833 -0.6484 0.3356
vn 0.6641 -0.6527 0.3647
vn 0.6734 -0.6724 0.3072
vn 0.6771 -0.6609 0.3237
vn 0.6703 -0.6605 0.3384
vn 0.6661 -0.6651 0.3375
vn 0.6768 -0.6596 0.3270
vn 0.6766 -0.6596 0.3273
vn 0.6694 -0.6601 0.3408
vn 0.6593 -0.6624 0.3557
vn 0.6536 -0.6786 0.3352
vn 0.6576 -0.6754 0.3338
vn 0.6624 -0.6733 0.3285
vn 0.6596 -0.6829 0.3141
vn 0.6604 -0.6706 0.3379
vn 0.6494 -0.6783 0.3439
vn 0.6580 -0.6788 0.3259
vn 0.6647 -0.6796 0.3104
vn 0.6610 -0.6751 0.3274
vn 0.6523 -0.6876 0.3188
vn 0.6647 -0.6710 0.3286
vn 0.6698 -0.6707 0.3186
vn 0.6652 -0.6694 0.3307
vn 0.6580 -0.6733 0.3371
vn 0.6593 -0.6679 0.3453
vn 0.6484 -0.6822 0.3380
vn 0.6541 -0.6695 0.3521
vn 0.6480 -0.6770 0.3490
vn 0.1127 -0.7447 0.6578
vn -0.1367 -0.6077 -0.7823
vn -0.1061 -0.6851 -0.7207
vn -0.0763 -0.7481 -0.6592
vn -0.2588 -0.7770 -0.5739
vn 0.0227 -0.8066 -0.5906
vn -0.4371 0.8766 0.2013
vn -0.6398 0.6879 0.3427
vn -0.6910 0.6688 0.2740
vn -0.6085 0.6947 0.3836
vn -0.7206 0.4903 0.4903
vn -0.7549 0.4767 0.4504
vn -0.7203 0.4760 0.5046
vn -0.7977 0.2601 0.5441
vn -0.7760 0.3165 0.5455
vn -0.7622 0.2135 0.6111
vn -0.7426 -0.0383 0.6686
vn -0.8537 -0.0167 0.5206
vn -0.5962 0.0067 0.8028
vn -0.4175 -0.2927 0.8603
vn -0.6616 -0.3360 0.6703
vn -0.4697 -0.3328 0.8177
vn -0.2167 -0.6121 0.7605
vn -0.1996 -0.5784 0.7909
vn -0.1908 -0.5933 0.7820
vn 0.0815 -0.7402 0.6674
vn 0.0217 -0.7921 0.6100
vn 0.1912 -0.8697 0.4550
vn -0.0089 -0.7756 0.6312
vn 0.2770 -0.8070 0.5216
vn 0.4337 -0.8433 0.3174
vn -0.4975 -0.6576 0.5658
vn -0.8170 -0.3520 0.4568
vn -0.8166 0.0524 0.5748
vn -0.7960 0.3168 0.5157
vn -0.7998 0.4683 0.3755
vn -0.8570 0.4822 0.1818
vn -0.7664 0.6412 0.0378
vn -0.7665 0.6412 0.0377
vn -0.8570 0.4822 0.1817
vn -0.6444 0.4234 -0.6368
vn 0.1830 0.0206 -0.9829
vn 0.4379 -0.0661 -0.8966
vn 0.4848 -0.0198 -0.8744
vn 0.3908 0.3050 -0.8685
vn 0.2969 0.5465 -0.7831
vn 0.2754 0.5032 -0.8192
vn 0.4361 0.3674 -0.8215
vn 0.3529 0.5700 -0.7420
vn 0.2242 0.7585 -0.6119
vn 0.1761 0.7468 -0.6413
vn 0.4191 0.5908 -0.6894
vn 0.2748 0.7807 -0.5613
vn 0.0336 0.9519 -0.3047
vn -0.0365 0.9456 -0.3234
vn 0.2596 0.7898 -0.5557
vn 0.0467 0.9390 -0.3407
vn -0.1722 0.9826 -0.0700
vn -0.2072 0.9776 -0.0382
vn 0.0245 0.9163 -0.3998
vn -0.1792 0.9738 -0.1396
vn -0.3677 0.9159 0.1611
vn -0.3874 0.9018 0.1916
vn -0.1866 0.9628 -0.1953
vn -0.3601 0.9290 0.0855
vn -0.4829 0.7967 0.3634
vn -0.4937 0.7793 0.3859
vn -0.4314 0.9021 -0.0076
vn -0.5563 0.7822 0.2807
vn -0.6111 0.5799 0.5387
vn -0.5691 0.5846 0.5782
vn -0.6691 0.7198 0.1850
vn -0.6967 0.5525 0.4576
vn -0.6507 0.3166 0.6902
vn -0.6262 0.3497 0.6968
vn -0.7335 0.5349 0.4193
vn -0.6596 0.3377 0.6715
vn -0.5198 0.1890 0.8331
vn -0.5699 0.0916 0.8166
vn -0.6426 0.3886 0.6604
vn -0.5662 0.2276 0.7922
vn -0.4214 -0.0138 0.9068
vn -0.3333 0.0126 0.9428
vn -0.5653 0.2211 0.7947
vn -0.4525 -0.0550 0.8901
vn -0.2309 -0.3943 0.8895
vn -0.1866 -0.3416 0.9211
vn -0.4697 -0.1142 0.8754
vn -0.2644 -0.4222 0.8671
vn -0.0194 -0.6432 0.7655
vn 0.0029 -0.6355 0.7721
vn -0.2296 -0.4022 0.8863
vn 0.0007 -0.5934 0.8049
vn 0.1884 -0.6987 0.6901
vn 0.1586 -0.7420 0.6513
vn 0.1262 -0.4409 0.8886
vn 0.3149 -0.5599 0.7664
vn 0.4860 -0.6563 0.5771
vn 0.3573 -0.7794 0.5147
vn 0.4903 -0.8127 0.3149
vn 0.4755 -0.8339 0.2802
vn 0.3250 -0.8091 0.4895
vn 0.6019 -0.7060 0.3732
vn 0.6837 -0.7208 0.1143
vn 0.6069 -0.7929 0.0545
vn 0.6804 -0.6260 0.3810
vn 0.7434 -0.6590 0.1147
vn 0.7434 -0.6590 0.1146
vn 0.7462 -0.6316 -0.2104
vn 0.7113 -0.6747 -0.1972
vn 0.6837 -0.7208 0.1142
vn 0.7023 -0.7080 0.0746
vn 0.7281 -0.6484 -0.2224
vn 0.6906 -0.5331 -0.4888
vn 0.6819 -0.5424 -0.4907
vn 0.5816 -0.4174 -0.6982
vn 0.5563 -0.4188 -0.7177
vn 0.6620 -0.5742 -0.4818
vn 0.6059 -0.4051 -0.6847
vn 0.4345 -0.2179 -0.8739
vn 0.4194 -0.2416 -0.8750
vn 0.6081 -0.3751 -0.6997
vn 0.4151 -0.1724 -0.8933
vn 0.2030 0.0236 -0.9789
vn 0.2014 -0.0124 -0.9794
vn 0.3265 -0.1354 -0.9355
vn 0.1658 0.0262 -0.9858
vn 0.0608 0.1146 -0.9915
vn 0.0601 0.1692 -0.9837
vn 0.1315 -0.2568 -0.9575
vn 0.0276 -0.0510 -0.9983
vn -0.1030 0.0191 -0.9945
vn -0.2936 -0.2624 -0.9192
vn -0.4101 -0.0890 -0.9077
vn -0.1977 -0.4903 -0.8488
vn -0.1978 -0.4903 -0.8488
vn 0.6559 -0.5972 -0.4617
vn 0.6696 -0.7100 -0.2178
vn 0.6435 -0.7282 -0.2358
vn 0.5882 -0.8084 0.0235
vn 0.6069 -0.7929 0.0544
vn 0.5505 -0.8344 0.0270
vn 0.5882 -0.8084 0.0236
vn 0.4508 -0.8570 0.2496
vn 0.4354 -0.8698 0.2320
vn 0.2753 -0.8315 0.4825
vn 0.2940 -0.8299 0.4742
vn 0.1331 -0.7297 0.6707
vn 0.1436 -0.7492 0.6466
vn 0.0085 -0.5882 0.8087
vn 0.2149 -0.6398 0.7379
vn 0.0747 -0.4811 0.8735
vn -0.1084 -0.2495 0.9623
vn -0.1943 -0.5893 0.7842
vn -0.3711 -0.3307 0.8677
vn -0.4833 -0.0910 0.8707
vn -0.6035 -0.4025 0.6883
vn -0.6490 -0.1465 0.7466
vn -0.6412 0.0822 0.7630
vn -0.6430 -0.0946 0.7600
vn -0.6450 0.1420 0.7509
vn -0.6167 0.3705 0.6945
vn -0.6736 0.1608 0.7214
vn -0.6489 0.3674 0.6663
vn -0.5939 0.5760 0.5618
vn -0.6971 0.3521 0.6246
vn -0.6513 0.5472 0.5257
vn -0.5381 0.7575 0.3697
vn -0.6786 0.5254 0.5132
vn -0.5693 0.7310 0.3761
vn -0.4156 0.8883 0.1953
vn -0.6243 0.6794 0.3856
vn -0.4896 0.8489 0.1994
vn -0.2889 0.9567 -0.0361
vn -0.0969 0.9379 -0.3331
vn -0.1908 0.9172 -0.3498
vn -0.7113 0.6093 0.3503
vn -0.7850 0.5803 0.2168
vn -0.6974 0.5070 0.5065
vn -0.7328 0.3319 0.5940
vn -0.7001 0.1588 0.6961
vn -0.6570 -0.0880 0.7487
vn -0.5721 -0.3816 0.7260
vn -0.4647 -0.6743 0.5739
vn 0.0005 -0.7543 0.6566
vn 0.3485 -0.7536 0.5574
vn 0.1115 -0.9859 -0.1247
vn -0.3945 -0.9006 0.1826
vn -0.9742 0.0213 -0.2247
vn -0.7248 0.6679 -0.1691
vn -0.4173 -0.8733 -0.2513
vn -0.4236 -0.8853 -0.1916
vn -0.4513 -0.8850 -0.1145
vn -0.4444 -0.8858 -0.1336
vn -0.5100 -0.8588 -0.0488
vn -0.5738 -0.8110 -0.1145
vn -0.6894 -0.7237 -0.0302
vn -0.7966 -0.5495 -0.2521
vn -0.9295 -0.3587 -0.0858
vn -0.9879 -0.1179 -0.1012
vn -0.9597 0.0694 0.2724
vn -0.9677 0.2520 0.0088
vn -0.9423 0.2553 0.2168
vn -0.4637 -0.8507 0.2473
vn -0.3287 -0.9441 -0.0265
vn -0.1500 -0.9886 -0.0129
vt 0.525202 0.091592
vt 0.557120 0.083427
vt 0.551354 0.080267
vt 0.524525 0.084248
vt 0.516225 0.383057
vt 0.509842 0.376384
vt 0.494118 0.385183
vt 0.498478 0.397816
vt 0.509022 0.104759
vt 0.532247 0.108528
vt 0.550579 0.096766
vt 0.505398 0.411771
vt 0.519461 0.402469
vt 0.497673 0.609815
vt 0.511695 0.628964
vt 0.536257 0.628135
vt 0.528195 0.609846
vt 0.474569 0.596963
vt 0.457069 0.606440
vt 0.473939 0.619277
vt 0.486888 0.631890
vt 0.943563 0.649692
vt 0.936910 0.647312
vt 0.937553 0.658674
vt 0.942331 0.661230
vt 0.112070 0.430083
vt 0.111528 0.442917
vt 0.134495 0.440556
vt 0.135138 0.429802
vt 0.094983 0.433263
vt 0.095520 0.444797
vt 0.103835 0.421118
vt 0.095149 0.423481
vt 0.488873 0.257033
vt 0.469864 0.237888
vt 0.462474 0.254614
vt 0.472680 0.271490
vt 0.485866 0.292238
vt 0.506192 0.286687
vt 0.492602 0.232583
vt 0.476243 0.214537
vt 0.942264 0.555988
vt 0.943563 0.547409
vt 0.938577 0.547409
vt 0.937134 0.556309
vt 0.380150 0.399896
vt 0.372442 0.393855
vt 0.368774 0.397889
vt 0.371334 0.404956
vt 0.936507 0.564309
vt 0.939822 0.564106
vt 0.618752 0.252568
vt 0.631508 0.260060
vt 0.642662 0.246915
vt 0.620476 0.243373
vt 0.385659 0.976305
vt 0.381809 0.976273
vt 0.381399 0.982078
vt 0.385908 0.980793
vt 0.883164 0.920197
vt 0.881043 0.925617
vt 0.885455 0.926278
vt 0.886850 0.918799
vt 0.887134 0.912340
vt 0.881696 0.915694
vt 0.035064 0.966201
vt 0.032993 0.965417
vt 0.032870 0.968503
vt 0.035746 0.968572
vt 0.036599 0.965010
vt 0.034096 0.963192
vt 0.038199 0.967968
vt 0.412695 0.998504
vt 0.417017 0.998504
vt 0.415734 0.996558
vt 0.410590 0.997002
vt 0.798120 0.645596
vt 0.801282 0.645664
vt 0.800933 0.634913
vt 0.796809 0.636878
vt 0.796809 0.652388
vt 0.801800 0.656267
vt 0.851320 0.085654
vt 0.855514 0.084862
vt 0.855716 0.073601
vt 0.850031 0.077464
vt 0.850031 0.093554
vt 0.855341 0.095438
vt 0.092315 0.998513
vt 0.092315 0.994050
vt 0.087835 0.993474
vt 0.089053 0.998513
vt 0.105104 0.229256
vt 0.103697 0.222516
vt 0.094141 0.222846
vt 0.097209 0.230988
vt 0.116350 0.998504
vt 0.116350 0.994430
vt 0.112029 0.993666
vt 0.113038 0.998504
vt 0.111834 0.230988
vt 0.112812 0.222918
vt 0.203819 0.229251
vt 0.203819 0.222802
vt 0.194374 0.222546
vt 0.197049 0.230988
vt 0.001496 0.229248
vt 0.008765 0.230988
vt 0.011012 0.222369
vt 0.001496 0.222800
vt 0.095302 0.979005
vt 0.095302 0.983534
vt 0.099006 0.984581
vt 0.098110 0.979164
vt 0.781645 0.110570
vt 0.791921 0.103158
vt 0.779490 0.100835
vt 0.765617 0.110470
vt 0.793501 0.117257
vt 0.803363 0.105241
vt 0.770876 0.121159
vt 0.076630 0.974753
vt 0.074571 0.978290
vt 0.078523 0.979608
vt 0.080316 0.974753
vt 0.850596 0.205139
vt 0.854794 0.205139
vt 0.855363 0.192800
vt 0.850031 0.196587
vt 0.850591 0.001491
vt 0.850031 0.009467
vt 0.855447 0.013826
vt 0.854790 0.001491
vt 0.442271 0.383523
vt 0.447958 0.397134
vt 0.460780 0.388462
vt 0.457869 0.377994
vt 0.456363 0.371609
vt 0.444575 0.372208
vt 0.434760 0.378942
vt 0.423861 0.390900
vt 0.428985 0.397115
vt 0.438676 0.370773
vt 0.974615 0.937762
vt 0.974199 0.929412
vt 0.968206 0.930610
vt 0.967677 0.937487
vt 0.211542 0.441859
vt 0.194789 0.443552
vt 0.192995 0.457248
vt 0.209417 0.457660
vt 0.204334 0.431036
vt 0.193645 0.431158
vt 0.224818 0.460352
vt 0.228392 0.445444
vt 0.969046 0.944103
vt 0.974615 0.945446
vt 0.580915 0.319002
vt 0.610233 0.332982
vt 0.626055 0.316020
vt 0.603053 0.302915
vt 0.579323 0.343191
vt 0.602277 0.350369
vt 0.550607 0.316100
vt 0.557135 0.338107
vt 0.558811 0.286156
vt 0.531586 0.285438
vt 0.582818 0.279926
vt 0.068308 0.229015
vt 0.066251 0.222674
vt 0.055559 0.222771
vt 0.061406 0.230988
vt 0.116350 0.980101
vt 0.113278 0.979845
vt 0.112321 0.985388
vt 0.116350 0.984781
vt 0.076742 0.230988
vt 0.075970 0.222847
vt 0.201055 0.306607
vt 0.193892 0.305901
vt 0.192784 0.309940
vt 0.202813 0.309376
vt 0.204701 0.302633
vt 0.195696 0.300497
vt 0.210212 0.305427
vt 0.694368 0.314473
vt 0.670355 0.334257
vt 0.685330 0.343624
vt 0.707005 0.330186
vt 0.735494 0.319630
vt 0.731108 0.304840
vt 0.666762 0.308261
vt 0.648870 0.325590
vt 0.732620 0.286967
vt 0.704292 0.291936
vt 0.680588 0.289329
vt 0.576906 0.078025
vt 0.566858 0.075215
vt 0.794828 0.047344
vt 0.791352 0.055724
vt 0.800840 0.055770
vt 0.805834 0.048217
vt 0.571041 0.088922
vt 0.583353 0.084355
vt 0.066517 0.435532
vt 0.078166 0.423678
vt 0.068489 0.422591
vt 0.056243 0.428874
vt 0.045403 0.444251
vt 0.048459 0.455971
vt 0.066532 0.450153
vt 0.082915 0.447119
vt 0.083397 0.434392
vt 0.040809 0.435065
vt 0.087536 0.424009
vt 0.797881 0.713066
vt 0.801454 0.711243
vt 0.801689 0.700295
vt 0.796809 0.705542
vt 0.408792 0.984692
vt 0.408264 0.986732
vt 0.414129 0.987189
vt 0.413884 0.984692
vt 0.796809 0.721182
vt 0.801386 0.721715
vt 0.797846 0.547409
vt 0.796809 0.555125
vt 0.801862 0.556962
vt 0.801993 0.547409
vt 0.796809 0.763877
vt 0.800984 0.763877
vt 0.801464 0.754082
vt 0.796809 0.756350
vt 0.434314 0.985146
vt 0.429991 0.985204
vt 0.428121 0.987900
vt 0.434023 0.987478
vt 0.614216 0.487922
vt 0.592804 0.493774
vt 0.606759 0.503551
vt 0.626703 0.500803
vt 0.592329 0.478747
vt 0.577618 0.483846
vt 0.460770 0.196268
vt 0.481886 0.193766
vt 0.470021 0.180216
vt 0.168232 0.229624
vt 0.167633 0.223395
vt 0.157487 0.222996
vt 0.159888 0.230988
vt 0.095302 0.997439
vt 0.098736 0.998065
vt 0.098957 0.993132
vt 0.095302 0.993160
vt 0.176589 0.230988
vt 0.176567 0.223463
vt 0.567058 0.664225
vt 0.598482 0.678889
vt 0.605698 0.669090
vt 0.582842 0.655792
vt 0.565342 0.642179
vt 0.548762 0.645130
vt 0.567632 0.683350
vt 0.594431 0.692539
vt 0.523655 0.645687
vt 0.534214 0.662618
vt 0.082257 0.984175
vt 0.080149 0.983986
vt 0.079895 0.986493
vt 0.082671 0.985897
vt 0.084204 0.981612
vt 0.081693 0.980440
vt 0.085797 0.983493
vt 0.075522 0.998513
vt 0.078980 0.998513
vt 0.078924 0.994252
vt 0.074337 0.995083
vt 0.175582 0.298456
vt 0.171964 0.302358
vt 0.183129 0.304993
vt 0.184762 0.299294
vt 0.172544 0.289737
vt 0.162436 0.292306
vt 0.426229 0.996262
vt 0.430172 0.997881
vt 0.432872 0.996463
vt 0.426475 0.994997
vt 0.423176 0.996154
vt 0.426329 0.998504
vt 0.422409 0.994578
vt 0.225836 0.325810
vt 0.230084 0.320378
vt 0.225063 0.317572
vt 0.220705 0.326278
vt 0.224825 0.333275
vt 0.229811 0.329586
vt 0.235540 0.323969
vt 0.361850 0.411731
vt 0.355176 0.408667
vt 0.346339 0.419949
vt 0.350118 0.425710
vt 0.363330 0.399923
vt 0.358467 0.399963
vt 0.029435 0.994681
vt 0.034644 0.994921
vt 0.033497 0.988714
vt 0.029031 0.988250
vt 0.013549 0.987084
vt 0.015434 0.981883
vt 0.009827 0.982198
vt 0.011476 0.984766
vt 0.179483 0.429075
vt 0.190204 0.419201
vt 0.185054 0.416142
vt 0.174586 0.421396
vt 0.155324 0.426700
vt 0.156393 0.435691
vt 0.196994 0.421467
vt 0.046820 0.934937
vt 0.044317 0.935064
vt 0.046079 0.937855
vt 0.049042 0.936035
vt 0.047389 0.932461
vt 0.043854 0.931987
vt 0.051063 0.933454
vt 0.571096 0.611686
vt 0.559895 0.611319
vt 0.566492 0.625687
vt 0.579925 0.620309
vt 0.589922 0.612417
vt 0.575834 0.603583
vt 0.561000 0.597580
vt 0.096694 0.372037
vt 0.095103 0.377860
vt 0.098652 0.379098
vt 0.101921 0.371441
vt 0.091022 0.367870
vt 0.090218 0.376896
vt 0.096988 0.364458
vt 0.833521 0.093161
vt 0.827942 0.082653
vt 0.820034 0.083341
vt 0.818773 0.093095
vt 0.998145 0.142382
vt 0.992184 0.137069
vt 0.992182 0.146890
vt 0.996166 0.151037
vt 0.814952 0.105354
vt 0.829807 0.106246
vt 0.881043 0.998513
vt 0.884927 0.998513
vt 0.885771 0.991387
vt 0.881043 0.993307
vt 0.881878 0.878157
vt 0.881043 0.883571
vt 0.886352 0.885232
vt 0.885724 0.878157
vt 0.363569 0.986653
vt 0.365538 0.990677
vt 0.368970 0.987626
vt 0.365869 0.982760
vt 0.882115 0.947091
vt 0.886413 0.945769
vt 0.885811 0.938927
vt 0.881043 0.941412
vt 0.881043 0.952626
vt 0.886866 0.952431
vt 0.385794 0.994491
vt 0.385316 0.990461
vt 0.381820 0.990705
vt 0.383132 0.996133
vt 0.372456 0.993639
vt 0.370826 0.991101
vt 0.367668 0.994566
vt 0.370659 0.997452
vt 0.374389 0.992846
vt 0.373313 0.989112
vt 0.373620 0.998467
vt 0.057914 0.959108
vt 0.056866 0.960972
vt 0.061152 0.962683
vt 0.061464 0.959533
vt 0.061068 0.956393
vt 0.056692 0.957076
vt 0.054224 0.958701
vt 0.261555 0.329368
vt 0.259986 0.335144
vt 0.273233 0.332566
vt 0.270067 0.326455
vt 0.265179 0.319528
vt 0.255527 0.325775
vt 0.249184 0.332055
vt 0.245658 0.337485
vt 0.259303 0.340721
vt 0.249415 0.320702
vt 0.241635 0.327883
vt 0.236884 0.333501
vt 0.232742 0.338156
vt 0.243212 0.342588
vt 0.240944 0.347429
vt 0.259450 0.350497
vt 0.259257 0.345245
vt 0.228548 0.342182
vt 0.224432 0.345561
vt 0.238238 0.352170
vt 0.219650 0.335476
vt 0.214748 0.337762
vt 0.191829 0.317604
vt 0.192198 0.313510
vt 0.179677 0.312321
vt 0.177947 0.316422
vt 0.212475 0.327687
vt 0.207336 0.329123
vt 0.204900 0.316081
vt 0.203904 0.312474
vt 0.216664 0.311415
vt 0.213756 0.308358
vt 0.226849 0.304030
vt 0.222807 0.301523
vt 0.217555 0.298496
vt 0.231998 0.293096
vt 0.225604 0.289900
vt 0.216798 0.286282
vt 0.209975 0.295207
vt 0.205241 0.282762
vt 0.199576 0.292301
vt 0.189271 0.279041
vt 0.186365 0.289916
vt 0.173534 0.276931
vt 0.174602 0.274964
vt 0.196318 0.267551
vt 0.182392 0.262484
vt 0.298112 0.378646
vt 0.315430 0.375299
vt 0.312028 0.366353
vt 0.293649 0.370458
vt 0.297210 0.378812
vt 0.276743 0.376036
vt 0.282159 0.382811
vt 0.308480 0.359120
vt 0.290267 0.364078
vt 0.272324 0.371316
vt 0.286663 0.358470
vt 0.267938 0.367027
vt 0.155928 0.295116
vt 0.150344 0.298340
vt 0.165849 0.308140
vt 0.169060 0.304867
vt 0.181391 0.308652
vt 0.146018 0.302405
vt 0.162673 0.312023
vt 0.264018 0.362601
vt 0.282787 0.353142
vt 0.260704 0.355932
vt 0.280347 0.347535
vt 0.258486 0.356010
vt 0.301576 0.347185
vt 0.297918 0.341466
vt 0.294421 0.336401
vt 0.278250 0.342428
vt 0.290848 0.331552
vt 0.276000 0.337869
vt 0.287253 0.326733
vt 0.306237 0.325359
vt 0.301841 0.319964
vt 0.296570 0.313914
vt 0.282873 0.320660
vt 0.289621 0.305702
vt 0.276812 0.312587
vt 0.282591 0.297405
vt 0.270355 0.304965
vt 0.259260 0.313133
vt 0.265516 0.300474
vt 0.254516 0.308782
vt 0.244210 0.316410
vt 0.250090 0.305259
vt 0.239412 0.312704
vt 0.245533 0.301874
vt 0.234958 0.309542
vt 0.240992 0.298796
vt 0.230749 0.306676
vt 0.219944 0.315065
vt 0.207428 0.319712
vt 0.215671 0.325178
vt 0.236716 0.295935
vt 0.251584 0.290457
vt 0.246879 0.287445
vt 0.241315 0.284176
vt 0.256751 0.277788
vt 0.250536 0.274517
vt 0.242522 0.270647
vt 0.233929 0.280456
vt 0.231945 0.266259
vt 0.224303 0.276569
vt 0.219289 0.261481
vt 0.211591 0.272424
vt 0.205188 0.256128
vt 0.227540 0.250139
vt 0.213906 0.244924
vt 0.200912 0.239974
vt 0.191768 0.250823
vt 0.332950 0.372739
vt 0.349676 0.370654
vt 0.346487 0.360501
vt 0.329486 0.363140
vt 0.342988 0.350991
vt 0.325902 0.354546
vt 0.339148 0.342645
vt 0.322037 0.347508
vt 0.305073 0.352949
vt 0.318097 0.341489
vt 0.335074 0.335859
vt 0.330780 0.329797
vt 0.314041 0.335766
vt 0.326532 0.324286
vt 0.310141 0.330493
vt 0.321977 0.318704
vt 0.342950 0.318146
vt 0.337603 0.311780
vt 0.331576 0.305287
vt 0.316716 0.312846
vt 0.325002 0.298632
vt 0.310598 0.306445
vt 0.317745 0.290783
vt 0.303486 0.298737
vt 0.309146 0.282152
vt 0.295610 0.290155
vt 0.301416 0.274683
vt 0.289269 0.283635
vt 0.277236 0.292175
vt 0.283669 0.278657
vt 0.272278 0.288053
vt 0.261040 0.296917
vt 0.267250 0.284378
vt 0.256313 0.293576
vt 0.262100 0.280901
vt 0.277765 0.274362
vt 0.271750 0.270576
vt 0.265612 0.267096
vt 0.280991 0.259566
vt 0.274209 0.255685
vt 0.266721 0.251855
vt 0.258834 0.263583
vt 0.258023 0.247700
vt 0.250302 0.259628
vt 0.247991 0.243042
vt 0.239926 0.255186
vt 0.235738 0.238060
vt 0.256880 0.231163
vt 0.244655 0.225614
vt 0.231621 0.220125
vt 0.222581 0.233050
vt 0.219304 0.215042
vt 0.209750 0.228238
vt 0.367450 0.369305
vt 0.387198 0.366595
vt 0.383050 0.356986
vt 0.364237 0.359076
vt 0.379653 0.346972
vt 0.360833 0.348800
vt 0.375893 0.336862
vt 0.357275 0.339392
vt 0.371088 0.327454
vt 0.352972 0.331439
vt 0.365758 0.319349
vt 0.347888 0.324324
vt 0.359958 0.311949
vt 0.382866 0.313296
vt 0.376181 0.304824
vt 0.369503 0.296812
vt 0.353498 0.304775
vt 0.362527 0.289097
vt 0.346753 0.297662
vt 0.354760 0.281047
vt 0.339727 0.290337
vt 0.345751 0.272409
vt 0.331701 0.282211
vt 0.335634 0.263292
vt 0.322124 0.273171
vt 0.326145 0.255522
vt 0.313552 0.265063
vt 0.318023 0.249084
vt 0.305212 0.258702
vt 0.294308 0.268540
vt 0.297677 0.253310
vt 0.287523 0.263710
vt 0.290585 0.248576
vt 0.310733 0.243207
vt 0.302850 0.237607
vt 0.294716 0.232801
vt 0.283354 0.244369
vt 0.286576 0.228480
vt 0.275570 0.240217
vt 0.277431 0.224043
vt 0.266870 0.235897
vt 0.267109 0.219221
vt 0.288822 0.211576
vt 0.278161 0.206788
vt 0.265975 0.201243
vt 0.254847 0.213577
vt 0.253080 0.195187
vt 0.241747 0.207454
vt 0.241758 0.189705
vt 0.229998 0.202104
vt 0.406859 0.362324
vt 0.426675 0.358668
vt 0.423405 0.349960
vt 0.402955 0.353328
vt 0.419949 0.340496
vt 0.399440 0.343944
vt 0.414617 0.328471
vt 0.394948 0.333142
vt 0.407248 0.315903
vt 0.389262 0.322377
vt 0.399971 0.305531
vt 0.425718 0.309467
vt 0.417682 0.297375
vt 0.410402 0.286800
vt 0.392823 0.296417
vt 0.403255 0.277187
vt 0.385680 0.287553
vt 0.395795 0.268225
vt 0.378329 0.279349
vt 0.387058 0.259399
vt 0.370372 0.271041
vt 0.375557 0.249639
vt 0.360818 0.261669
vt 0.363299 0.240475
vt 0.349569 0.252325
vt 0.354564 0.234058
vt 0.340358 0.245223
vt 0.347572 0.228809
vt 0.332963 0.239441
vt 0.340517 0.223423
vt 0.325612 0.233750
vt 0.331543 0.216533
vt 0.316788 0.227225
vt 0.321272 0.209436
vt 0.307514 0.221138
vt 0.311016 0.203458
vt 0.298454 0.216111
vt 0.300879 0.198276
vt 0.324109 0.190577
vt 0.313138 0.184583
vt 0.301520 0.179042
vt 0.289763 0.193207
vt 0.289348 0.173730
vt 0.277619 0.187986
vt 0.276920 0.168645
vt 0.265154 0.182478
vt 0.265223 0.164234
vt 0.253977 0.177441
vt 0.447203 0.356205
vt 0.468080 0.355748
vt 0.466406 0.346547
vt 0.444741 0.347672
vt 0.462285 0.335173
vt 0.440822 0.337484
vt 0.454569 0.319688
vt 0.434183 0.323923
vt 0.445202 0.303560
vt 0.476294 0.316560
vt 0.465640 0.298183
vt 0.456155 0.281645
vt 0.436999 0.289846
vt 0.448116 0.267503
vt 0.429612 0.277477
vt 0.438597 0.255063
vt 0.422125 0.266652
vt 0.426793 0.243669
vt 0.412779 0.256184
vt 0.414663 0.233241
vt 0.401731 0.246335
vt 0.402264 0.223495
vt 0.388680 0.236425
vt 0.391796 0.215407
vt 0.377300 0.227986
vt 0.382925 0.208692
vt 0.368525 0.221493
vt 0.375720 0.203165
vt 0.361806 0.216495
vt 0.368290 0.197724
vt 0.354953 0.211318
vt 0.359160 0.191518
vt 0.345858 0.204702
vt 0.348602 0.184429
vt 0.335141 0.197381
vt 0.337272 0.177429
vt 0.361765 0.170738
vt 0.350357 0.163421
vt 0.338213 0.156919
vt 0.325841 0.170988
vt 0.325790 0.150797
vt 0.313622 0.164936
vt 0.312876 0.144757
vt 0.301122 0.159245
vt 0.299432 0.139053
vt 0.288100 0.153819
vt 0.285511 0.134270
vt 0.275491 0.149624
vt 0.489928 0.356732
vt 0.511508 0.359959
vt 0.512147 0.348531
vt 0.489223 0.346860
vt 0.508973 0.334031
vt 0.485383 0.333938
vt 0.499672 0.314049
vt 0.533292 0.335200
vt 0.524231 0.314062
vt 0.534783 0.351343
vt 0.556014 0.355261
vt 0.552224 0.369973
vt 0.571411 0.375892
vt 0.576137 0.360596
vt 0.532475 0.364365
vt 0.294747 0.118775
vt 0.310587 0.124025
vt 0.321825 0.109045
vt 0.304082 0.103605
vt 0.337300 0.115078
vt 0.350122 0.100565
vt 0.332935 0.094164
vt 0.313279 0.088528
vt 0.324900 0.130003
vt 0.338152 0.136087
vt 0.351325 0.121825
vt 0.764355 0.587459
vt 0.749329 0.582771
vt 0.744994 0.595295
vt 0.761642 0.601711
vt 0.255315 0.998369
vt 0.266290 0.996141
vt 0.256446 0.984168
vt 0.246271 0.987847
vt 0.494827 0.996777
vt 0.494834 0.982209
vt 0.486892 0.983546
vt 0.486228 0.998224
vt 0.751054 0.568563
vt 0.736934 0.564175
vt 0.734053 0.576906
vt 0.350630 0.142563
vt 0.363361 0.149712
vt 0.719293 0.570191
vt 0.714153 0.580911
vt 0.729279 0.588360
vt 0.722995 0.558318
vt 0.710751 0.552168
vt 0.705817 0.563388
vt 0.374989 0.158038
vt 0.371786 0.178000
vt 0.385001 0.166037
vt 0.380775 0.184442
vt 0.393668 0.172913
vt 0.700387 0.546598
vt 0.690688 0.540846
vt 0.682341 0.549975
vt 0.693797 0.556856
vt 0.389122 0.190351
vt 0.402323 0.179336
vt 0.397253 0.196624
vt 0.411121 0.186193
vt 0.681182 0.534152
vt 0.671716 0.526151
vt 0.659686 0.532448
vt 0.670938 0.541805
vt 0.406004 0.203801
vt 0.420722 0.193592
vt 0.415931 0.212008
vt 0.430503 0.201550
vt 0.662732 0.517176
vt 0.654655 0.507272
vt 0.637801 0.511635
vt 0.648511 0.522297
vt 0.426651 0.221095
vt 0.440814 0.209660
vt 0.119326 0.995536
vt 0.129272 0.998058
vt 0.128543 0.984774
vt 0.119329 0.982189
vt 0.437055 0.230548
vt 0.404206 0.982826
vt 0.388867 0.982123
vt 0.388867 0.998196
vt 0.404206 0.995255
vt 0.648295 0.496732
vt 0.444505 0.216548
vt 0.449541 0.241238
vt 0.457084 0.223511
vt 0.620159 0.515381
vt 0.633434 0.527219
vt 0.646776 0.538478
vt 0.621120 0.532172
vt 0.635639 0.544075
vt 0.650242 0.555663
vt 0.660079 0.549008
vt 0.664794 0.566493
vt 0.673177 0.558505
vt 0.679014 0.575598
vt 0.686491 0.566476
vt 0.692797 0.583425
vt 0.699833 0.573554
vt 0.707443 0.590833
vt 0.684620 0.592839
vt 0.699243 0.600505
vt 0.713978 0.608089
vt 0.722240 0.598554
vt 0.730437 0.616190
vt 0.738217 0.606323
vt 0.749707 0.624318
vt 0.756016 0.613609
vt 0.277708 0.995983
vt 0.288861 0.996548
vt 0.277747 0.981635
vt 0.267229 0.982284
vt 0.363320 0.087489
vt 0.376091 0.076065
vt 0.355146 0.067342
vt 0.343700 0.080017
vt 0.333363 0.059874
vt 0.322586 0.073693
vt 0.589849 0.382341
vt 0.606741 0.389867
vt 0.614944 0.374504
vt 0.596161 0.366966
vt 0.623495 0.358335
vt 0.631649 0.382739
vt 0.642003 0.366976
vt 0.654204 0.350920
vt 0.633834 0.342003
vt 0.657839 0.375878
vt 0.670333 0.360017
vt 0.672358 0.385450
vt 0.685117 0.370310
vt 0.699906 0.355538
vt 0.699265 0.381102
vt 0.713724 0.367639
vt 0.731337 0.355838
vt 0.719030 0.343486
vt 0.752627 0.345196
vt 0.743164 0.332848
vt 0.776101 0.336288
vt 0.769088 0.323524
vt 0.763673 0.310175
vt 0.793252 0.315743
vt 0.788734 0.302443
vt 0.785456 0.288442
vt 0.760338 0.295807
vt 0.782937 0.273773
vt 0.759238 0.280452
vt 0.781049 0.258528
vt 0.758988 0.264461
vt 0.735137 0.269236
vt 0.711038 0.271959
vt 0.758680 0.248565
vt 0.737083 0.252425
vt 0.715635 0.253996
vt 0.696450 0.252306
vt 0.690062 0.269415
vt 0.738342 0.236383
vt 0.718636 0.238021
vt 0.700141 0.237607
vt 0.681804 0.235204
vt 0.677987 0.248173
vt 0.720627 0.222676
vt 0.702617 0.222790
vt 0.684751 0.221692
vt 0.666252 0.219655
vt 0.663688 0.231551
vt 0.704896 0.208206
vt 0.687091 0.207697
vt 0.667827 0.206926
vt 0.647374 0.205630
vt 0.645962 0.217468
vt 0.688888 0.193897
vt 0.669539 0.193659
vt 0.649186 0.192631
vt 0.626835 0.190210
vt 0.623226 0.203603
vt 0.670842 0.180440
vt 0.651192 0.179339
vt 0.630911 0.177078
vt 0.609749 0.172801
vt 0.603650 0.186291
vt 0.653158 0.166351
vt 0.634527 0.163909
vt 0.615333 0.160282
vt 0.595906 0.154678
vt 0.589181 0.167022
vt 0.638010 0.151537
vt 0.620979 0.148010
vt 0.603606 0.142779
vt 0.585979 0.135976
vt 0.576892 0.147082
vt 0.627807 0.136120
vt 0.612603 0.130984
vt 0.597429 0.124604
vt 0.579033 0.118310
vt 0.567872 0.128564
vt 0.621389 0.119777
vt 0.607505 0.114407
vt 0.591706 0.108594
vt 0.572462 0.102546
vt 0.556557 0.112862
vt 0.612581 0.108133
vt 0.598481 0.102696
vt 0.584986 0.095326
vt 0.603965 0.097543
vt 0.591486 0.091217
vt 0.051227 0.033807
vt 0.039271 0.033807
vt 0.037833 0.044260
vt 0.048760 0.044875
vt 0.057752 0.045720
vt 0.060537 0.033807
vt 0.065072 0.046484
vt 0.067850 0.033807
vt 0.046518 0.057100
vt 0.055358 0.057729
vt 0.063243 0.058059
vt 0.070739 0.058040
vt 0.071781 0.046649
vt 0.055504 0.069272
vt 0.063718 0.069108
vt 0.071513 0.068705
vt 0.079531 0.067587
vt 0.078610 0.057112
vt 0.064824 0.080375
vt 0.072721 0.079613
vt 0.080698 0.078370
vt 0.089597 0.077190
vt 0.089104 0.066218
vt 0.073271 0.090730
vt 0.081176 0.089712
vt 0.089827 0.088627
vt 0.100080 0.087800
vt 0.100562 0.076404
vt 0.081718 0.100629
vt 0.090199 0.099815
vt 0.099956 0.099545
vt 0.110248 0.100444
vt 0.110466 0.088814
vt 0.090171 0.111850
vt 0.100474 0.111364
vt 0.111242 0.111794
vt 0.120887 0.111986
vt 0.119629 0.101084
vt 0.101063 0.122457
vt 0.111953 0.122665
vt 0.121314 0.122732
vt 0.130534 0.123078
vt 0.130059 0.112334
vt 0.112482 0.133647
vt 0.121426 0.133746
vt 0.130220 0.134212
vt 0.138950 0.134899
vt 0.139510 0.123464
vt 0.120999 0.145032
vt 0.129385 0.145602
vt 0.138215 0.146315
vt 0.146968 0.146716
vt 0.147130 0.135451
vt 0.128065 0.156714
vt 0.137138 0.157366
vt 0.147037 0.157837
vt 0.157455 0.157737
vt 0.156383 0.146805
vt 0.136362 0.167999
vt 0.146879 0.168151
vt 0.157882 0.168235
vt 0.167995 0.168065
vt 0.167171 0.157261
vt 0.146806 0.178984
vt 0.157433 0.179016
vt 0.167356 0.178988
vt 0.176529 0.178994
vt 0.176849 0.167686
vt 0.156864 0.190082
vt 0.166259 0.190049
vt 0.175244 0.190133
vt 0.184471 0.189915
vt 0.185319 0.178548
vt 0.166031 0.201364
vt 0.174574 0.201303
vt 0.183879 0.200971
vt 0.194005 0.201250
vt 0.194295 0.190193
vt 0.175434 0.212864
vt 0.183938 0.212101
vt 0.193724 0.212008
vt 0.203819 0.212430
vt 0.203819 0.201884
vt 0.185373 0.223019
vt 0.186739 0.230988
vt 0.095302 0.988667
vt 0.099224 0.988953
vt 0.102007 0.989127
vt 0.101893 0.984800
vt 0.101827 0.993240
vt 0.104371 0.993141
vt 0.104417 0.989074
vt 0.101825 0.998504
vt 0.104678 0.998504
vt 0.139789 0.230988
vt 0.149885 0.230988
vt 0.147220 0.222632
vt 0.138367 0.222413
vt 0.129362 0.222229
vt 0.129246 0.230988
vt 0.107700 0.998504
vt 0.106810 0.993170
vt 0.109281 0.993270
vt 0.109105 0.989266
vt 0.106761 0.989096
vt 0.110506 0.998504
vt 0.119520 0.230988
vt 0.120623 0.222442
vt 0.128083 0.212263
vt 0.119551 0.212257
vt 0.110797 0.212422
vt 0.119039 0.201294
vt 0.109931 0.201478
vt 0.101244 0.201034
vt 0.101323 0.212169
vt 0.092942 0.200688
vt 0.092994 0.212048
vt 0.083970 0.200641
vt 0.084491 0.211990
vt 0.085480 0.222769
vt 0.075186 0.212343
vt 0.086720 0.230988
vt 0.116350 0.989555
vt 0.111881 0.989637
vt 0.109637 0.985013
vt 0.110274 0.979005
vt 0.107255 0.979005
vt 0.107061 0.984826
vt 0.104251 0.979005
vt 0.104493 0.984805
vt 0.101154 0.979005
vt 0.018042 0.230988
vt 0.028375 0.230988
vt 0.027178 0.222751
vt 0.019353 0.222342
vt 0.027007 0.212379
vt 0.019111 0.212121
vt 0.010964 0.212023
vt 0.018222 0.200519
vt 0.010308 0.201253
vt 0.001496 0.201880
vt 0.001496 0.212427
vt 0.017409 0.189712
vt 0.009338 0.190223
vt 0.001496 0.190700
vt 0.009524 0.178751
vt 0.001496 0.179126
vt 0.203819 0.190702
vt 0.203819 0.179128
vt 0.194684 0.178701
vt 0.203819 0.167287
vt 0.194650 0.166925
vt 0.185576 0.166910
vt 0.194446 0.155481
vt 0.185021 0.155606
vt 0.176011 0.156588
vt 0.184205 0.144403
vt 0.174897 0.145451
vt 0.165760 0.146340
vt 0.173707 0.134484
vt 0.164498 0.135254
vt 0.155661 0.135611
vt 0.164108 0.123832
vt 0.155650 0.123953
vt 0.147454 0.123818
vt 0.156056 0.112263
vt 0.147396 0.112219
vt 0.138857 0.112372
vt 0.146324 0.101480
vt 0.136876 0.101715
vt 0.128392 0.101596
vt 0.136172 0.091084
vt 0.127902 0.090561
vt 0.119527 0.089705
vt 0.128783 0.079315
vt 0.120659 0.078420
vt 0.111641 0.077431
vt 0.121014 0.067059
vt 0.111851 0.066313
vt 0.100532 0.065356
vt 0.111062 0.055026
vt 0.099890 0.054441
vt 0.088397 0.055746
vt 0.099022 0.043709
vt 0.088120 0.045359
vt 0.079118 0.046470
vt 0.088336 0.035847
vt 0.080562 0.036852
vt 0.074096 0.036258
vt 0.788467 0.062875
vt 0.783817 0.069426
vt 0.792883 0.071542
vt 0.797194 0.063522
vt 0.800965 0.072527
vt 0.804336 0.063862
vt 0.808020 0.055928
vt 0.812218 0.048372
vt 0.811379 0.064195
vt 0.814059 0.055721
vt 0.816818 0.048207
vt 0.557476 0.071698
vt 0.545206 0.075633
vt 0.547569 0.077736
vt 0.561323 0.073112
vt 0.818475 0.055902
vt 0.820210 0.048037
vt 0.555309 0.069768
vt 0.543520 0.073548
vt 0.524510 0.075316
vt 0.524796 0.078210
vt 0.553682 0.067407
vt 0.541788 0.071109
vt 0.524101 0.072348
vt 0.501272 0.364779
vt 0.486476 0.368224
vt 0.488525 0.371807
vt 0.503374 0.367722
vt 0.539955 0.067001
vt 0.523596 0.067727
vt 0.498276 0.360067
vt 0.483969 0.363455
vt 0.468771 0.363292
vt 0.469843 0.368346
vt 0.998145 0.016070
vt 0.998145 0.001490
vt 0.992979 0.001490
vt 0.993100 0.014743
vt 0.992687 0.025419
vt 0.998145 0.029230
vt 0.990985 0.033424
vt 0.996204 0.038226
vt 0.984911 0.013274
vt 0.984557 0.023015
vt 0.984592 0.031597
vt 0.985044 0.040445
vt 0.990223 0.041845
vt 0.977307 0.023525
vt 0.977819 0.032629
vt 0.978680 0.041368
vt 0.979721 0.050520
vt 0.985706 0.050191
vt 0.970911 0.033687
vt 0.971589 0.042411
vt 0.972408 0.051329
vt 0.973000 0.061051
vt 0.980257 0.060959
vt 0.964212 0.042494
vt 0.964785 0.051888
vt 0.965406 0.061365
vt 0.965450 0.072034
vt 0.972960 0.072573
vt 0.957588 0.052460
vt 0.957883 0.061872
vt 0.957796 0.071732
vt 0.957442 0.082957
vt 0.964930 0.083527
vt 0.950536 0.061988
vt 0.950360 0.071779
vt 0.950088 0.082670
vt 0.949916 0.094171
vt 0.957212 0.094279
vt 0.943723 0.071606
vt 0.943580 0.082594
vt 0.943534 0.094143
vt 0.943905 0.104912
vt 0.950291 0.104695
vt 0.937136 0.083696
vt 0.937190 0.095060
vt 0.937541 0.105689
vt 0.937814 0.115251
vt 0.944084 0.115099
vt 0.929839 0.096693
vt 0.930269 0.106873
vt 0.930484 0.115720
vt 0.930455 0.124543
vt 0.937727 0.125047
vt 0.922681 0.107539
vt 0.922934 0.115899
vt 0.922906 0.124369
vt 0.922728 0.133651
vt 0.930202 0.134651
vt 0.915288 0.116009
vt 0.915214 0.124639
vt 0.915129 0.133784
vt 0.915043 0.144192
vt 0.922544 0.144282
vt 0.907451 0.124967
vt 0.907382 0.134496
vt 0.907418 0.144984
vt 0.907712 0.155707
vt 0.915308 0.154657
vt 0.899992 0.136187
vt 0.900142 0.146962
vt 0.900418 0.158166
vt 0.900555 0.167684
vt 0.907950 0.165683
vt 0.892824 0.147971
vt 0.892907 0.158701
vt 0.892925 0.168186
vt 0.892774 0.176760
vt 0.900407 0.176755
vt 0.885403 0.159290
vt 0.885215 0.168642
vt 0.884933 0.176984
vt 0.884658 0.185432
vt 0.892410 0.185393
vt 0.877940 0.167636
vt 0.877578 0.176002
vt 0.877147 0.184362
vt 0.876499 0.193679
vt 0.884115 0.194388
vt 0.870325 0.174175
vt 0.869911 0.182530
vt 0.869252 0.192355
vt 0.868423 0.205139
vt 0.875865 0.205139
vt 0.862526 0.181342
vt 0.862147 0.191766
vt 0.861296 0.205139
vt 0.861292 0.001491
vt 0.862184 0.014891
vt 0.869249 0.015209
vt 0.868420 0.001491
vt 0.869983 0.025537
vt 0.877347 0.025249
vt 0.876595 0.014063
vt 0.875862 0.001491
vt 0.862790 0.025511
vt 0.863262 0.034725
vt 0.870697 0.034773
vt 0.855769 0.024459
vt 0.856033 0.034334
vt 0.856164 0.044104
vt 0.863539 0.044110
vt 0.850031 0.020514
vt 0.850031 0.031500
vt 0.850031 0.042989
vt 0.850031 0.054803
vt 0.856288 0.054108
vt 0.090938 0.978819
vt 0.088247 0.975917
vt 0.086762 0.986194
vt 0.092315 0.983313
vt 0.087224 0.989505
vt 0.092315 0.988665
vt 0.083230 0.987852
vt 0.083914 0.990285
vt 0.084642 0.993496
vt 0.080267 0.988682
vt 0.081007 0.990970
vt 0.081747 0.993855
vt 0.082088 0.998513
vt 0.085555 0.998513
vt 0.077805 0.991497
vt 0.076847 0.988864
vt 0.071266 0.988735
vt 0.072429 0.991967
vt 0.850031 0.152734
vt 0.850031 0.163449
vt 0.856045 0.163838
vt 0.856076 0.154915
vt 0.856239 0.145925
vt 0.850031 0.142275
vt 0.863625 0.156205
vt 0.863769 0.147591
vt 0.863541 0.137609
vt 0.856237 0.136805
vt 0.851317 0.134804
vt 0.862961 0.126088
vt 0.855992 0.126332
vt 0.850031 0.126386
vt 0.862598 0.115216
vt 0.855964 0.115803
vt 0.850031 0.115787
vt 0.862112 0.105290
vt 0.855633 0.105753
vt 0.850031 0.104311
vt 0.861825 0.095032
vt 0.869381 0.105505
vt 0.869156 0.095513
vt 0.869703 0.084168
vt 0.862311 0.083911
vt 0.870304 0.073605
vt 0.863049 0.072859
vt 0.870940 0.063753
vt 0.863604 0.063230
vt 0.856268 0.063815
vt 0.863684 0.053790
vt 0.850031 0.066357
vt 0.871087 0.054440
vt 0.871009 0.044555
vt 0.878277 0.054890
vt 0.878230 0.045141
vt 0.877951 0.035058
vt 0.885474 0.046631
vt 0.885316 0.036932
vt 0.884780 0.026458
vt 0.892703 0.036494
vt 0.891954 0.025653
vt 0.891186 0.013672
vt 0.883945 0.014282
vt 0.890929 0.001491
vt 0.883465 0.001491
vt 0.883468 0.205139
vt 0.890932 0.205139
vt 0.891719 0.194649
vt 0.898625 0.205139
vt 0.899247 0.195212
vt 0.899933 0.186050
vt 0.906928 0.195122
vt 0.907551 0.185339
vt 0.907880 0.175410
vt 0.914884 0.185255
vt 0.915229 0.175064
vt 0.915413 0.164894
vt 0.922382 0.175811
vt 0.922649 0.165369
vt 0.922684 0.154711
vt 0.929734 0.165542
vt 0.929853 0.154822
vt 0.929902 0.144916
vt 0.936999 0.155139
vt 0.937061 0.145422
vt 0.937401 0.135484
vt 0.943488 0.145891
vt 0.943711 0.135870
vt 0.944018 0.125184
vt 0.949993 0.134956
vt 0.950392 0.124658
vt 0.950484 0.114665
vt 0.957779 0.124506
vt 0.957830 0.114490
vt 0.957525 0.104646
vt 0.965060 0.113953
vt 0.964722 0.104314
vt 0.964545 0.094578
vt 0.971810 0.104125
vt 0.971852 0.095217
vt 0.972374 0.084556
vt 0.979134 0.095380
vt 0.979551 0.084908
vt 0.980070 0.072829
vt 0.986467 0.084155
vt 0.986648 0.072790
vt 0.986203 0.060996
vt 0.991486 0.072356
vt 0.990118 0.061550
vt 0.989683 0.051125
vt 0.992587 0.061510
vt 0.992247 0.052069
vt 0.993700 0.044228
vt 0.086809 0.386301
vt 0.083284 0.395201
vt 0.088190 0.395630
vt 0.091290 0.386824
vt 0.093278 0.395703
vt 0.095416 0.387451
vt 0.098010 0.395933
vt 0.099915 0.388210
vt 0.102774 0.380873
vt 0.107046 0.374431
vt 0.104181 0.389065
vt 0.106593 0.382458
vt 0.110521 0.376930
vt 0.116562 0.372351
vt 0.113286 0.369330
vt 0.938186 0.707126
vt 0.936336 0.701903
vt 0.934160 0.702720
vt 0.935650 0.708570
vt 0.937419 0.714463
vt 0.941329 0.711967
vt 0.938805 0.722405
vt 0.943563 0.719215
vt 0.930804 0.711602
vt 0.932267 0.718810
vt 0.932938 0.727214
vt 0.933121 0.739208
vt 0.938715 0.735915
vt 0.925345 0.723207
vt 0.925399 0.732424
vt 0.925430 0.742723
vt 0.925072 0.753588
vt 0.932801 0.752865
vt 0.917389 0.734406
vt 0.917313 0.743392
vt 0.917141 0.753623
vt 0.917678 0.763877
vt 0.925181 0.763877
vt 0.909144 0.743203
vt 0.909312 0.753422
vt 0.910031 0.763877
vt 0.910268 0.547409
vt 0.910859 0.557439
vt 0.918241 0.557211
vt 0.917861 0.547409
vt 0.901503 0.753247
vt 0.902316 0.763877
vt 0.902609 0.547409
vt 0.903259 0.557585
vt 0.903894 0.567445
vt 0.911697 0.567402
vt 0.895025 0.547409
vt 0.895646 0.557451
vt 0.896046 0.567330
vt 0.896329 0.576473
vt 0.904415 0.577178
vt 0.888148 0.557078
vt 0.888342 0.566387
vt 0.888580 0.575097
vt 0.888701 0.584418
vt 0.896520 0.585702
vt 0.880762 0.565239
vt 0.880831 0.573285
vt 0.880929 0.582731
vt 0.881001 0.593556
vt 0.888900 0.595015
vt 0.873128 0.571996
vt 0.873234 0.580713
vt 0.873296 0.590818
vt 0.872728 0.602657
vt 0.880687 0.604363
vt 0.865383 0.579127
vt 0.865491 0.588179
vt 0.864995 0.599959
vt 0.864123 0.611660
vt 0.872099 0.612992
vt 0.857347 0.588799
vt 0.856960 0.600315
vt 0.856193 0.612050
vt 0.855505 0.622306
vt 0.863539 0.621316
vt 0.848840 0.601314
vt 0.848025 0.612759
vt 0.847394 0.623794
vt 0.846998 0.634124
vt 0.854897 0.632254
vt 0.840190 0.612995
vt 0.839590 0.624245
vt 0.839065 0.634546
vt 0.838850 0.643788
vt 0.846758 0.643689
vt 0.831662 0.624143
vt 0.831118 0.634301
vt 0.831002 0.643507
vt 0.831315 0.653330
vt 0.839172 0.653206
vt 0.823122 0.633999
vt 0.823197 0.643509
vt 0.823646 0.653839
vt 0.824395 0.664210
vt 0.832043 0.663429
vt 0.815405 0.643584
vt 0.816121 0.654551
vt 0.816841 0.665188
vt 0.817178 0.673919
vt 0.824791 0.673565
vt 0.808548 0.655713
vt 0.809347 0.666819
vt 0.809402 0.674096
vt 0.809397 0.680953
vt 0.817211 0.681039
vt 0.802274 0.665742
vt 0.801929 0.673714
vt 0.801942 0.681719
vt 0.801965 0.690435
vt 0.809194 0.688987
vt 0.796809 0.671950
vt 0.796809 0.683030
vt 0.796809 0.694289
vt 0.407191 0.988956
vt 0.407191 0.991203
vt 0.413865 0.991324
vt 0.413871 0.989356
vt 0.418541 0.991498
vt 0.418745 0.989657
vt 0.419226 0.987461
vt 0.419666 0.984692
vt 0.423069 0.989798
vt 0.423779 0.987659
vt 0.425245 0.984692
vt 0.796809 0.745004
vt 0.801577 0.744264
vt 0.801616 0.732956
vt 0.796809 0.732784
vt 0.808084 0.743814
vt 0.808055 0.732586
vt 0.807977 0.720675
vt 0.815807 0.731988
vt 0.815796 0.719955
vt 0.815995 0.708773
vt 0.808260 0.709050
vt 0.816524 0.698821
vt 0.808757 0.698591
vt 0.816982 0.689418
vt 0.824252 0.699973
vt 0.824720 0.690552
vt 0.824912 0.681697
vt 0.832480 0.690775
vt 0.832631 0.681931
vt 0.832488 0.673327
vt 0.840840 0.682298
vt 0.840489 0.672839
vt 0.839916 0.663076
vt 0.848311 0.672766
vt 0.847780 0.662678
vt 0.846989 0.653225
vt 0.855646 0.660758
vt 0.854921 0.651287
vt 0.854731 0.641965
vt 0.862615 0.649552
vt 0.862651 0.640073
vt 0.862996 0.630649
vt 0.870767 0.639912
vt 0.871271 0.630464
vt 0.871758 0.621728
vt 0.879541 0.631178
vt 0.880255 0.622162
vt 0.880520 0.613570
vt 0.887427 0.623704
vt 0.888018 0.614755
vt 0.888352 0.605527
vt 0.895103 0.616075
vt 0.895807 0.606932
vt 0.896671 0.596252
vt 0.903603 0.607965
vt 0.904566 0.597251
vt 0.904727 0.586811
vt 0.912493 0.597937
vt 0.912548 0.587482
vt 0.912252 0.577330
vt 0.920230 0.587131
vt 0.919794 0.577175
vt 0.919018 0.567219
vt 0.926571 0.576538
vt 0.925658 0.566697
vt 0.925188 0.556935
vt 0.931496 0.565409
vt 0.931491 0.556521
vt 0.932401 0.547409
vt 0.925311 0.547409
vt 0.932321 0.763877
vt 0.938542 0.763877
vt 0.938647 0.751877
vt 0.943563 0.763877
vt 0.943563 0.751359
vt 0.943563 0.734346
vt 0.419049 0.385889
vt 0.406278 0.393348
vt 0.410879 0.399414
vt 0.428994 0.376200
vt 0.398562 0.406265
vt 0.405677 0.416454
vt 0.416907 0.407989
vt 0.392866 0.397975
vt 0.414074 0.428994
vt 0.425132 0.420297
vt 0.436141 0.409331
vt 0.433442 0.433156
vt 0.444877 0.423942
vt 0.455585 0.412835
vt 0.452663 0.436454
vt 0.463697 0.427378
vt 0.474082 0.418191
vt 0.466451 0.403229
vt 0.485646 0.408626
vt 0.479405 0.393828
vt 0.475933 0.383847
vt 0.491862 0.378938
vt 0.490047 0.375071
vt 0.473854 0.377074
vt 0.471884 0.372357
vt 0.455415 0.366405
vt 0.507515 0.373244
vt 0.505447 0.370570
vt 0.524832 0.080984
vt 0.480950 0.427968
vt 0.492860 0.419692
vt 0.486743 0.435110
vt 0.498237 0.426494
vt 0.511197 0.419302
vt 0.504683 0.434365
vt 0.517319 0.426589
vt 0.530739 0.419139
vt 0.525150 0.412207
vt 0.504506 0.113517
vt 0.502366 0.120421
vt 0.521978 0.125256
vt 0.526130 0.116081
vt 0.541148 0.131140
vt 0.548092 0.121402
vt 0.559176 0.138878
vt 0.533706 0.143106
vt 0.550976 0.150892
vt 0.569286 0.159416
vt 0.543315 0.164145
vt 0.561932 0.172873
vt 0.582093 0.180795
vt 0.554633 0.186966
vt 0.575091 0.194781
vt 0.597740 0.200430
vt 0.568233 0.210107
vt 0.592648 0.214463
vt 0.620670 0.216030
vt 0.589699 0.226789
vt 0.619323 0.226849
vt 0.644799 0.228317
vt 0.618941 0.235176
vt 0.644388 0.238086
vt 0.660507 0.242852
vt 0.655681 0.254760
vt 0.671473 0.262877
vt 0.643532 0.271678
vt 0.660559 0.281976
vt 0.644349 0.299252
vt 0.624564 0.287987
vt 0.607521 0.272209
vt 0.595384 0.256287
vt 0.567654 0.259482
vt 0.589609 0.243750
vt 0.560909 0.244589
vt 0.534781 0.244063
vt 0.540851 0.261203
vt 0.512955 0.240018
vt 0.515870 0.259821
vt 0.536116 0.231788
vt 0.516364 0.221369
vt 0.498260 0.208521
vt 0.522664 0.204595
vt 0.504328 0.191041
vt 0.490019 0.179470
vt 0.477042 0.169793
vt 0.511624 0.179785
vt 0.496257 0.169972
vt 0.482575 0.161108
vt 0.568551 0.461818
vt 0.554908 0.467591
vt 0.565646 0.475796
vt 0.578841 0.469736
vt 0.503027 0.159681
vt 0.487844 0.151877
vt 0.558526 0.452292
vt 0.544731 0.458134
vt 0.530307 0.464828
vt 0.539870 0.473925
vt 0.549067 0.441656
vt 0.535571 0.448168
vt 0.522328 0.455860
vt 0.508841 0.464255
vt 0.515738 0.472421
vt 0.525921 0.436785
vt 0.513281 0.444938
vt 0.501280 0.454438
vt 0.489355 0.465469
vt 0.495033 0.473239
vt 0.493260 0.443719
vt 0.482607 0.455925
vt 0.471775 0.469116
vt 0.476816 0.476629
vt 0.476318 0.446593
vt 0.465467 0.458712
vt 0.454437 0.471780
vt 0.459827 0.481180
vt 0.470315 0.437432
vt 0.458747 0.446119
vt 0.446862 0.457530
vt 0.435000 0.467855
vt 0.442189 0.484599
vt 0.440177 0.444608
vt 0.428256 0.452895
vt 0.416863 0.460312
vt 0.423402 0.476144
vt 0.421970 0.441308
vt 0.410795 0.448751
vt 0.399788 0.456220
vt 0.405352 0.467202
vt 0.403259 0.436786
vt 0.392599 0.444325
vt 0.381898 0.452192
vt 0.388834 0.464021
vt 0.395020 0.424079
vt 0.384720 0.431426
vt 0.374317 0.439410
vt 0.363091 0.448224
vt 0.370618 0.460423
vt 0.377379 0.418233
vt 0.367746 0.426069
vt 0.356331 0.436888
vt 0.345396 0.446390
vt 0.351999 0.456598
vt 0.339851 0.436166
vt 0.329929 0.442801
vt 0.334729 0.453457
vt 0.335839 0.428300
vt 0.326101 0.433655
vt 0.316521 0.437688
vt 0.319484 0.447859
vt 0.974615 0.998513
vt 0.974615 0.992290
vt 0.969404 0.992223
vt 0.968985 0.998513
vt 0.974615 0.878498
vt 0.969000 0.878157
vt 0.969018 0.884062
vt 0.974615 0.884230
vt 0.969224 0.889833
vt 0.974615 0.889815
vt 0.962390 0.878157
vt 0.962667 0.883808
vt 0.963067 0.889466
vt 0.963301 0.895465
vt 0.969306 0.895539
vt 0.955962 0.883731
vt 0.956590 0.889367
vt 0.957010 0.895638
vt 0.957171 0.902675
vt 0.963453 0.902006
vt 0.949929 0.889339
vt 0.950477 0.895524
vt 0.950646 0.902875
vt 0.950262 0.910325
vt 0.956988 0.910251
vt 0.943971 0.894829
vt 0.944291 0.901877
vt 0.943770 0.909006
vt 0.942896 0.915637
vt 0.949584 0.916776
vt 0.937332 0.900524
vt 0.936992 0.907118
vt 0.936345 0.913772
vt 0.935501 0.920037
vt 0.941996 0.921266
vt 0.930020 0.905849
vt 0.929579 0.912322
vt 0.928967 0.918638
vt 0.927870 0.924527
vt 0.934458 0.925503
vt 0.922499 0.912751
vt 0.921974 0.918765
vt 0.920898 0.924781
vt 0.920610 0.931140
vt 0.927368 0.930566
vt 0.914582 0.919231
vt 0.913619 0.925405
vt 0.913647 0.931676
vt 0.913317 0.938210
vt 0.920235 0.937652
vt 0.906122 0.925325
vt 0.906315 0.931550
vt 0.906370 0.937927
vt 0.906892 0.944459
vt 0.913872 0.944802
vt 0.899255 0.931636
vt 0.899315 0.937923
vt 0.899814 0.944319
vt 0.900198 0.950878
vt 0.907254 0.950844
vt 0.892379 0.937898
vt 0.892906 0.944243
vt 0.893363 0.951245
vt 0.893569 0.957154
vt 0.900493 0.957013
vt 0.886928 0.957956
vt 0.886855 0.962947
vt 0.893629 0.962413
vt 0.881043 0.958102
vt 0.881043 0.963176
vt 0.881043 0.968319
vt 0.886561 0.967367
vt 0.378692 0.998509
vt 0.380979 0.997764
vt 0.379889 0.991369
vt 0.377949 0.991920
vt 0.376140 0.992304
vt 0.376082 0.998488
vt 0.377276 0.987522
vt 0.375324 0.988112
vt 0.376339 0.982976
vt 0.373983 0.983815
vt 0.371536 0.985288
vt 0.371771 0.977129
vt 0.368532 0.979186
vt 0.881043 0.890521
vt 0.881043 0.897914
vt 0.886929 0.897353
vt 0.886762 0.891560
vt 0.894162 0.896536
vt 0.893597 0.890931
vt 0.892772 0.885026
vt 0.900803 0.890392
vt 0.899858 0.884738
vt 0.898836 0.878157
vt 0.891934 0.878157
vt 0.891195 0.998513
vt 0.898160 0.998513
vt 0.898860 0.991065
vt 0.892052 0.990829
vt 0.899325 0.983825
vt 0.892341 0.983379
vt 0.885798 0.984241
vt 0.892843 0.977149
vt 0.886028 0.977756
vt 0.881043 0.979063
vt 0.881043 0.986552
vt 0.893162 0.971939
vt 0.886318 0.972173
vt 0.881043 0.973138
vt 0.893461 0.967207
vt 0.900311 0.972734
vt 0.900579 0.967774
vt 0.900667 0.962447
vt 0.907786 0.968193
vt 0.907742 0.962546
vt 0.907525 0.956948
vt 0.914856 0.962936
vt 0.914558 0.957201
vt 0.914240 0.951362
vt 0.921486 0.955858
vt 0.921130 0.950083
vt 0.920686 0.943942
vt 0.928130 0.948788
vt 0.927569 0.942780
vt 0.927051 0.936780
vt 0.934477 0.942803
vt 0.933900 0.936865
vt 0.934183 0.930884
vt 0.940471 0.937777
vt 0.940771 0.931847
vt 0.941087 0.926405
vt 0.947131 0.931651
vt 0.947617 0.926594
vt 0.948597 0.921878
vt 0.954983 0.926709
vt 0.955831 0.922044
vt 0.956583 0.916785
vt 0.962655 0.921170
vt 0.963134 0.915892
vt 0.963371 0.909320
vt 0.969192 0.914568
vt 0.969337 0.908232
vt 0.969323 0.901487
vt 0.974615 0.907064
vt 0.974615 0.900809
vt 0.974615 0.895328
vt 0.296396 0.442360
vt 0.285833 0.443962
vt 0.286550 0.456543
vt 0.297801 0.454202
vt 0.308592 0.451424
vt 0.306631 0.440314
vt 0.300088 0.465713
vt 0.311820 0.462604
vt 0.323491 0.458625
vt 0.315031 0.473962
vt 0.327767 0.469793
vt 0.340390 0.464238
vt 0.331801 0.480630
vt 0.345853 0.475130
vt 0.358957 0.468049
vt 0.350181 0.485887
vt 0.364242 0.479450
vt 0.377002 0.472059
vt 0.367902 0.489364
vt 0.381233 0.481414
vt 0.393622 0.474075
vt 0.386013 0.494726
vt 0.399316 0.488065
vt 0.411653 0.482144
vt 0.403870 0.505291
vt 0.416277 0.501470
vt 0.429063 0.495359
vt 0.420504 0.516472
vt 0.434207 0.507846
vt 0.447328 0.494961
vt 0.438448 0.514693
vt 0.451251 0.501182
vt 0.463893 0.487915
vt 0.455489 0.507261
vt 0.468070 0.494066
vt 0.481386 0.483101
vt 0.474101 0.502371
vt 0.486766 0.490123
vt 0.500960 0.480624
vt 0.495586 0.499265
vt 0.509338 0.489222
vt 0.524308 0.480888
vt 0.522182 0.499063
vt 0.536140 0.490333
vt 0.550966 0.482680
vt 0.550151 0.499351
vt 0.563109 0.490793
vt 0.565987 0.507825
vt 0.578037 0.499843
vt 0.581133 0.516595
vt 0.592619 0.509459
vt 0.595797 0.526872
vt 0.606855 0.520574
vt 0.610577 0.537868
vt 0.585425 0.534552
vt 0.600537 0.544652
vt 0.615891 0.555815
vt 0.625638 0.549729
vt 0.631164 0.567734
vt 0.640762 0.561808
vt 0.646362 0.580155
vt 0.655925 0.573768
vt 0.660390 0.591617
vt 0.670332 0.584170
vt 0.674631 0.601231
vt 0.648230 0.597563
vt 0.663634 0.608766
vt 0.680508 0.618200
vt 0.689781 0.609605
vt 0.697712 0.626607
vt 0.705593 0.617521
vt 0.716498 0.635185
vt 0.723182 0.625771
vt 0.737380 0.643960
vt 0.743488 0.634298
vt 0.299443 0.997233
vt 0.309691 0.997906
vt 0.298008 0.981820
vt 0.288012 0.981660
vt 0.458109 0.998512
vt 0.453081 0.986147
vt 0.437199 0.985774
vt 0.442801 0.998509
vt 0.388554 0.065600
vt 0.367147 0.056147
vt 0.611228 0.412479
vt 0.623736 0.421112
vt 0.635432 0.406592
vt 0.621859 0.397964
vt 0.366925 0.056023
vt 0.344855 0.047533
vt 0.646583 0.391457
vt 0.648257 0.415404
vt 0.660255 0.400560
vt 0.660535 0.424336
vt 0.673155 0.409962
vt 0.685960 0.395398
vt 0.685515 0.419456
vt 0.698771 0.405425
vt 0.712619 0.391763
vt 0.711060 0.415166
vt 0.725262 0.402057
vt 0.740127 0.389754
vt 0.727154 0.378879
vt 0.756004 0.378617
vt 0.743583 0.367298
vt 0.773865 0.369127
vt 0.762975 0.357229
vt 0.793386 0.361028
vt 0.784254 0.348735
vt 0.813588 0.353684
vt 0.805870 0.341284
vt 0.799031 0.328695
vt 0.826861 0.334305
vt 0.820822 0.321664
vt 0.815576 0.308764
vt 0.841546 0.315052
vt 0.836502 0.302157
vt 0.831878 0.288890
vt 0.811160 0.295480
vt 0.827564 0.275164
vt 0.807410 0.281580
vt 0.823680 0.260941
vt 0.804197 0.267089
vt 0.820350 0.246343
vt 0.801494 0.252219
vt 0.817437 0.231438
vt 0.799238 0.237062
vt 0.779443 0.242984
vt 0.796979 0.221872
vt 0.777954 0.227822
vt 0.758158 0.232947
vt 0.776447 0.212710
vt 0.758004 0.217876
vt 0.739270 0.221056
vt 0.757896 0.202951
vt 0.740484 0.206087
vt 0.722566 0.207873
vt 0.741418 0.190860
vt 0.724560 0.192927
vt 0.707171 0.193821
vt 0.725310 0.178154
vt 0.708194 0.179819
vt 0.689900 0.180668
vt 0.707919 0.166357
vt 0.690074 0.167593
vt 0.671746 0.167715
vt 0.689575 0.154828
vt 0.672322 0.154975
vt 0.655234 0.153813
vt 0.673005 0.142143
vt 0.657705 0.141233
vt 0.642603 0.139391
vt 0.660333 0.128395
vt 0.647388 0.127033
vt 0.634430 0.124355
vt 0.650596 0.115179
vt 0.638732 0.113930
vt 0.626303 0.111833
vt 0.642015 0.103185
vt 0.630583 0.102384
vt 0.617772 0.101227
vt 0.027648 0.033807
vt 0.017893 0.033807
vt 0.018819 0.043925
vt 0.027806 0.044049
vt 0.019309 0.054885
vt 0.028038 0.055754
vt 0.037056 0.056370
vt 0.028534 0.067504
vt 0.037436 0.068458
vt 0.046454 0.069057
vt 0.037534 0.080099
vt 0.046902 0.080499
vt 0.056166 0.080566
vt 0.046952 0.091359
vt 0.056494 0.091446
vt 0.065262 0.091373
vt 0.057285 0.101928
vt 0.065912 0.101810
vt 0.073833 0.101333
vt 0.066358 0.112634
vt 0.073862 0.112488
vt 0.081497 0.112341
vt 0.072722 0.124116
vt 0.080203 0.123723
vt 0.089705 0.122974
vt 0.080380 0.134646
vt 0.090094 0.133680
vt 0.101722 0.133175
vt 0.091227 0.144357
vt 0.102160 0.144047
vt 0.112173 0.144726
vt 0.102149 0.155584
vt 0.111228 0.156125
vt 0.119576 0.156226
vt 0.111205 0.167613
vt 0.118955 0.167607
vt 0.127195 0.167817
vt 0.118667 0.179066
vt 0.126950 0.179085
vt 0.136429 0.179046
vt 0.127269 0.190332
vt 0.136773 0.190220
vt 0.146877 0.190158
vt 0.137081 0.201500
vt 0.147027 0.201499
vt 0.157204 0.201256
vt 0.147085 0.212513
vt 0.157547 0.212694
vt 0.166827 0.212809
vt 0.137323 0.212340
vt 0.127774 0.201426
vt 0.118450 0.190335
vt 0.110807 0.179174
vt 0.110014 0.190407
vt 0.102519 0.178799
vt 0.101705 0.190039
vt 0.093485 0.178679
vt 0.093018 0.189841
vt 0.084073 0.178845
vt 0.083610 0.190059
vt 0.075078 0.179283
vt 0.073986 0.190589
vt 0.074495 0.201436
vt 0.064996 0.190577
vt 0.064762 0.201970
vt 0.064982 0.212402
vt 0.054725 0.201945
vt 0.054022 0.212440
vt 0.044848 0.201659
vt 0.043919 0.212723
vt 0.045685 0.222748
vt 0.035117 0.212629
vt 0.036078 0.222727
vt 0.039467 0.230988
vt 0.050813 0.230988
vt 0.035709 0.201225
vt 0.026760 0.200708
vt 0.036349 0.189978
vt 0.026656 0.189831
vt 0.036820 0.178919
vt 0.027090 0.178758
vt 0.017634 0.178507
vt 0.027903 0.167574
vt 0.018498 0.167117
vt 0.010032 0.167127
vt 0.019348 0.155865
vt 0.010506 0.155733
vt 0.001496 0.155919
vt 0.001496 0.167285
vt 0.010608 0.144305
vt 0.001496 0.144409
vt 0.203819 0.155920
vt 0.203819 0.144410
vt 0.194265 0.144111
vt 0.203819 0.133200
vt 0.193988 0.133022
vt 0.183548 0.133433
vt 0.193954 0.122067
vt 0.183237 0.122524
vt 0.173155 0.123457
vt 0.183702 0.111482
vt 0.173872 0.112180
vt 0.164964 0.112362
vt 0.175016 0.100701
vt 0.165819 0.101269
vt 0.156129 0.101399
vt 0.165375 0.090568
vt 0.155498 0.091327
vt 0.145440 0.091511
vt 0.154470 0.080688
vt 0.145346 0.080772
vt 0.137024 0.080222
vt 0.145229 0.069248
vt 0.137416 0.068733
vt 0.129321 0.067909
vt 0.137254 0.056893
vt 0.129248 0.056360
vt 0.120594 0.055622
vt 0.129914 0.044569
vt 0.120731 0.044250
vt 0.110293 0.043943
vt 0.120566 0.033807
vt 0.109358 0.033807
vt 0.098099 0.033807
vt 0.777004 0.076675
vt 0.767855 0.083403
vt 0.779761 0.088133
vt 0.787612 0.079887
vt 0.790740 0.091173
vt 0.796874 0.081530
vt 0.800823 0.092503
vt 0.805472 0.082432
vt 0.808526 0.073087
vt 0.812796 0.083066
vt 0.815175 0.073614
vt 0.816429 0.064503
vt 0.821282 0.073965
vt 0.822273 0.064900
vt 0.823218 0.056343
vt 0.823836 0.047967
vt 0.827512 0.065170
vt 0.828096 0.056622
vt 0.828425 0.047923
vt 0.551987 0.064306
vt 0.994057 0.182600
vt 0.992877 0.173773
vt 0.990350 0.173593
vt 0.990654 0.182907
vt 0.991408 0.193254
vt 0.995933 0.192500
vt 0.992979 0.205139
vt 0.998145 0.205139
vt 0.985683 0.183371
vt 0.985742 0.193694
vt 0.986016 0.205139
vt 0.986015 0.001490
vt 0.979186 0.194248
vt 0.978979 0.205139
vt 0.978978 0.001490
vt 0.977591 0.013047
vt 0.971694 0.001490
vt 0.970681 0.013000
vt 0.970486 0.024047
vt 0.963455 0.012900
vt 0.963465 0.023736
vt 0.963807 0.033450
vt 0.956018 0.023788
vt 0.956485 0.033711
vt 0.957079 0.042960
vt 0.949427 0.034220
vt 0.950025 0.043544
vt 0.950429 0.052879
vt 0.943404 0.043767
vt 0.943623 0.052772
vt 0.943768 0.061706
vt 0.936854 0.053842
vt 0.936959 0.062846
vt 0.937055 0.072644
vt 0.929719 0.063314
vt 0.929592 0.073695
vt 0.929632 0.085184
vt 0.922264 0.073519
vt 0.922090 0.085584
vt 0.922261 0.097420
vt 0.914781 0.085115
vt 0.914733 0.096614
vt 0.915089 0.106950
vt 0.907228 0.095574
vt 0.907524 0.105754
vt 0.907684 0.115568
vt 0.899864 0.104966
vt 0.900075 0.115383
vt 0.899811 0.125864
vt 0.892655 0.115078
vt 0.892643 0.125807
vt 0.892659 0.136635
vt 0.885186 0.125704
vt 0.885327 0.136851
vt 0.885426 0.148664
vt 0.877971 0.136408
vt 0.878278 0.148109
vt 0.878268 0.158732
vt 0.871061 0.147744
vt 0.871090 0.157475
vt 0.870759 0.166164
vt 0.863327 0.164662
vt 0.862756 0.172854
vt 0.855969 0.172945
vt 0.855590 0.182161
vt 0.850031 0.174751
vt 0.850031 0.185496
vt 0.072253 0.981740
vt 0.071266 0.985139
vt 0.076542 0.986163
vt 0.077132 0.983122
vt 0.870706 0.136556
vt 0.877578 0.125205
vt 0.870194 0.125441
vt 0.877317 0.115040
vt 0.869783 0.114853
vt 0.876939 0.105576
vt 0.885091 0.115400
vt 0.884611 0.105721
vt 0.884147 0.096164
vt 0.876593 0.095718
vt 0.884287 0.086038
vt 0.876938 0.085001
vt 0.884779 0.074934
vt 0.877570 0.073888
vt 0.885452 0.064679
vt 0.878126 0.064030
vt 0.885585 0.055784
vt 0.892892 0.064976
vt 0.893336 0.055508
vt 0.893231 0.046038
vt 0.900559 0.054449
vt 0.900253 0.044474
vt 0.899851 0.034827
vt 0.907410 0.044776
vt 0.907186 0.035051
vt 0.906776 0.024538
vt 0.899234 0.024387
vt 0.906404 0.012771
vt 0.898730 0.012709
vt 0.906389 0.001491
vt 0.898623 0.001491
vt 0.913951 0.013089
vt 0.914040 0.001491
vt 0.906391 0.205139
vt 0.914043 0.205139
vt 0.914420 0.195037
vt 0.921536 0.205139
vt 0.921809 0.195123
vt 0.922145 0.185879
vt 0.929620 0.194962
vt 0.929653 0.185562
vt 0.929583 0.175778
vt 0.937096 0.184997
vt 0.936873 0.175388
vt 0.936870 0.165388
vt 0.943818 0.175142
vt 0.943708 0.165220
vt 0.943610 0.155649
vt 0.950678 0.164020
vt 0.950292 0.154528
vt 0.949867 0.145108
vt 0.957550 0.153211
vt 0.957044 0.144215
vt 0.957294 0.134623
vt 0.964661 0.143917
vt 0.964901 0.134687
vt 0.965188 0.124187
vt 0.972348 0.134773
vt 0.972399 0.123821
vt 0.972105 0.113392
vt 0.979374 0.122943
vt 0.979111 0.112625
vt 0.978947 0.103897
vt 0.986019 0.111915
vt 0.985983 0.103180
vt 0.986219 0.094720
vt 0.992637 0.102720
vt 0.992846 0.093965
vt 0.992891 0.083141
vt 0.998145 0.092104
vt 0.996374 0.081605
vt 0.994293 0.071600
vt 0.080082 0.404291
vt 0.075818 0.413477
vt 0.083132 0.414247
vt 0.085823 0.404690
vt 0.089910 0.414118
vt 0.091219 0.404533
vt 0.095733 0.413585
vt 0.096686 0.404307
vt 0.101973 0.412562
vt 0.102278 0.403887
vt 0.102804 0.396101
vt 0.936261 0.687858
vt 0.938212 0.679191
vt 0.934763 0.678001
vt 0.933687 0.687283
vt 0.933442 0.695668
vt 0.935754 0.695403
vt 0.929746 0.686884
vt 0.929549 0.696338
vt 0.929870 0.704406
vt 0.924019 0.697721
vt 0.924328 0.706764
vt 0.924871 0.714969
vt 0.917669 0.708793
vt 0.918135 0.717088
vt 0.917934 0.725562
vt 0.910388 0.717796
vt 0.909992 0.725793
vt 0.909284 0.734339
vt 0.901703 0.725327
vt 0.901055 0.733672
vt 0.901138 0.742890
vt 0.892897 0.732999
vt 0.892966 0.742762
vt 0.893626 0.753248
vt 0.894680 0.763877
vt 0.885970 0.742719
vt 0.886588 0.753543
vt 0.887313 0.763877
vt 0.887711 0.547409
vt 0.879084 0.753617
vt 0.879618 0.763877
vt 0.880071 0.547409
vt 0.880500 0.556891
vt 0.872134 0.547409
vt 0.872510 0.556488
vt 0.872879 0.564399
vt 0.864613 0.556124
vt 0.864751 0.563853
vt 0.865087 0.571157
vt 0.856731 0.563952
vt 0.856916 0.571685
vt 0.857204 0.579702
vt 0.848905 0.571704
vt 0.849197 0.580129
vt 0.849340 0.589868
vt 0.841414 0.580611
vt 0.841608 0.590201
vt 0.841112 0.601187
vt 0.833341 0.590738
vt 0.832957 0.601172
vt 0.832267 0.612688
vt 0.824812 0.601388
vt 0.824188 0.612973
vt 0.823582 0.624026
vt 0.816216 0.612527
vt 0.815526 0.623684
vt 0.815156 0.633530
vt 0.807503 0.623239
vt 0.807165 0.634100
vt 0.807649 0.644850
vt 0.801189 0.623657
vt 0.808192 0.611946
vt 0.801479 0.611871
vt 0.796809 0.615009
vt 0.796809 0.625960
vt 0.421641 0.998504
vt 0.419683 0.996317
vt 0.418670 0.994676
vt 0.414430 0.994869
vt 0.413768 0.993143
vt 0.407191 0.993372
vt 0.408396 0.995330
vt 0.418347 0.993138
vt 0.422446 0.993144
vt 0.422758 0.991589
vt 0.427059 0.993558
vt 0.427320 0.991886
vt 0.427616 0.990021
vt 0.434314 0.992208
vt 0.434314 0.989841
vt 0.796809 0.565662
vt 0.796809 0.576150
vt 0.801841 0.574782
vt 0.801646 0.566131
vt 0.809264 0.573201
vt 0.808990 0.564909
vt 0.808926 0.556376
vt 0.816986 0.564723
vt 0.816858 0.556268
vt 0.816721 0.547409
vt 0.808791 0.547409
vt 0.807831 0.763877
vt 0.815818 0.763877
vt 0.816117 0.754211
vt 0.808180 0.754220
vt 0.815928 0.743759
vt 0.824015 0.754296
vt 0.823861 0.743686
vt 0.823713 0.731734
vt 0.831812 0.743636
vt 0.831689 0.731504
vt 0.831786 0.719627
vt 0.823720 0.719902
vt 0.831935 0.709351
vt 0.823838 0.709331
vt 0.832177 0.700137
vt 0.839779 0.710220
vt 0.840113 0.700937
vt 0.840594 0.691544
vt 0.847567 0.701855
vt 0.848169 0.692677
vt 0.848471 0.683123
vt 0.855837 0.692621
vt 0.856282 0.682674
vt 0.856201 0.671621
vt 0.863916 0.683453
vt 0.863782 0.671595
vt 0.863335 0.659993
vt 0.871049 0.672995
vt 0.870741 0.661227
vt 0.870299 0.649902
vt 0.878152 0.663132
vt 0.877854 0.651799
vt 0.878563 0.641009
vt 0.885130 0.655415
vt 0.885338 0.644402
vt 0.886403 0.633826
vt 0.892169 0.645345
vt 0.893114 0.634809
vt 0.894253 0.624941
vt 0.900464 0.636725
vt 0.901702 0.627169
vt 0.902874 0.617681
vt 0.909333 0.628920
vt 0.910645 0.619150
vt 0.911543 0.608485
vt 0.918471 0.619223
vt 0.919337 0.608031
vt 0.920336 0.597336
vt 0.926739 0.606101
vt 0.927808 0.595852
vt 0.927537 0.586206
vt 0.934374 0.593374
vt 0.933411 0.584027
vt 0.932182 0.574842
vt 0.937178 0.581923
vt 0.936423 0.573063
vt 0.939972 0.580077
vt 0.939332 0.571763
vt 0.202640 0.392069
vt 0.197478 0.399660
vt 0.202504 0.401226
vt 0.207607 0.393018
vt 0.212870 0.386106
vt 0.207423 0.384457
vt 0.207448 0.402294
vt 0.212503 0.394417
vt 0.217986 0.387904
vt 0.212693 0.403518
vt 0.217100 0.396164
vt 0.222066 0.389641
vt 0.970050 0.967421
vt 0.969799 0.962360
vt 0.966568 0.962460
vt 0.966950 0.967989
vt 0.967890 0.972923
vt 0.972214 0.971962
vt 0.969149 0.978229
vt 0.974615 0.976994
vt 0.961406 0.968755
vt 0.961806 0.974098
vt 0.962139 0.979635
vt 0.962156 0.986029
vt 0.969788 0.985115
vt 0.955526 0.974941
vt 0.955117 0.980676
vt 0.954763 0.986832
vt 0.954959 0.992880
vt 0.962322 0.992574
vt 0.947945 0.980818
vt 0.947407 0.986891
vt 0.947489 0.992928
vt 0.947834 0.998513
vt 0.955196 0.998513
vt 0.941229 0.986684
vt 0.940881 0.992857
vt 0.940822 0.998513
vt 0.941100 0.878157
vt 0.941987 0.883408
vt 0.949033 0.883676
vt 0.948047 0.878157
vt 0.934141 0.992080
vt 0.933900 0.998513
vt 0.934242 0.878157
vt 0.935168 0.883799
vt 0.936233 0.889046
vt 0.943069 0.888821
vt 0.927415 0.878157
vt 0.928192 0.884028
vt 0.928984 0.889069
vt 0.929613 0.894090
vt 0.937012 0.894394
vt 0.921125 0.884163
vt 0.921817 0.889595
vt 0.922359 0.894851
vt 0.922687 0.900566
vt 0.930027 0.899765
vt 0.914897 0.889853
vt 0.915496 0.895471
vt 0.915781 0.901149
vt 0.915675 0.907250
vt 0.922727 0.906633
vt 0.908504 0.896197
vt 0.908670 0.901860
vt 0.908496 0.907714
vt 0.907887 0.913287
vt 0.915213 0.913316
vt 0.901481 0.901692
vt 0.901252 0.907195
vt 0.900690 0.912473
vt 0.899921 0.918737
vt 0.907116 0.919157
vt 0.894144 0.907053
vt 0.893772 0.912074
vt 0.893044 0.918054
vt 0.891683 0.925274
vt 0.898886 0.925257
vt 0.892157 0.931709
vt 0.885600 0.932417
vt 0.881043 0.932928
vt 0.385827 0.985842
vt 0.381788 0.986521
vt 0.378719 0.982609
vt 0.379271 0.987031
vt 0.378325 0.976244
vt 0.374956 0.976215
vt 0.881043 0.904619
vt 0.881043 0.910705
vt 0.887094 0.907646
vt 0.887021 0.902731
vt 0.894351 0.901943
vt 0.901311 0.896155
vt 0.907994 0.890378
vt 0.914060 0.884253
vt 0.907011 0.884484
vt 0.913360 0.878157
vt 0.906046 0.878157
vt 0.905439 0.998513
vt 0.912821 0.998513
vt 0.913496 0.991951
vt 0.906041 0.991599
vt 0.913734 0.985527
vt 0.906332 0.984850
vt 0.914226 0.979874
vt 0.906989 0.979164
vt 0.899895 0.977934
vt 0.907522 0.973831
vt 0.914653 0.974385
vt 0.914837 0.968633
vt 0.921649 0.972930
vt 0.921736 0.967272
vt 0.921675 0.961731
vt 0.928887 0.966648
vt 0.928837 0.960977
vt 0.928550 0.955037
vt 0.935926 0.961696
vt 0.935530 0.955185
vt 0.935039 0.948852
vt 0.942506 0.956340
vt 0.941986 0.949843
vt 0.941332 0.943867
vt 0.948602 0.949053
vt 0.947667 0.942918
vt 0.946795 0.937093
vt 0.954424 0.942283
vt 0.953891 0.936827
vt 0.954418 0.931562
vt 0.960912 0.936852
vt 0.961583 0.931176
vt 0.962040 0.926038
vt 0.968594 0.924922
vt 0.969150 0.919842
vt 0.974198 0.923557
vt 0.974615 0.918657
vt 0.974615 0.913266
vt 0.261654 0.446722
vt 0.250696 0.447123
vt 0.248313 0.460904
vt 0.260281 0.460167
vt 0.273781 0.458592
vt 0.273666 0.445648
vt 0.260397 0.472577
vt 0.274236 0.470268
vt 0.287848 0.468208
vt 0.275989 0.481446
vt 0.288779 0.479191
vt 0.301660 0.477103
vt 0.290682 0.490881
vt 0.303110 0.488267
vt 0.317607 0.484945
vt 0.306508 0.499680
vt 0.320649 0.495945
vt 0.335507 0.491427
vt 0.324675 0.507551
vt 0.339249 0.502469
vt 0.353604 0.496530
vt 0.343344 0.515149
vt 0.357367 0.509436
vt 0.371803 0.502465
vt 0.361597 0.523205
vt 0.375979 0.517043
vt 0.390100 0.510903
vt 0.380552 0.531523
vt 0.394445 0.526349
vt 0.407641 0.521824
vt 0.399746 0.540215
vt 0.412702 0.533929
vt 0.425353 0.526126
vt 0.419474 0.545347
vt 0.431175 0.535273
vt 0.443311 0.521967
vt 0.440183 0.548815
vt 0.451387 0.533635
vt 0.462174 0.516732
vt 0.463196 0.544161
vt 0.472967 0.527458
vt 0.483975 0.512142
vt 0.487268 0.536335
vt 0.497213 0.521563
vt 0.509128 0.509299
vt 0.514683 0.530182
vt 0.526160 0.518689
vt 0.538038 0.508693
vt 0.544049 0.527440
vt 0.555013 0.517485
vt 0.559816 0.535128
vt 0.570405 0.525390
vt 0.575218 0.543372
vt 0.565603 0.553553
vt 0.581627 0.561929
vt 0.590871 0.552722
vt 0.549818 0.545891
vt 0.541056 0.558242
vt 0.557112 0.565149
vt 0.533220 0.538286
vt 0.523380 0.551373
vt 0.515382 0.567346
vt 0.534140 0.572990
vt 0.505099 0.544162
vt 0.496506 0.560724
vt 0.487248 0.579213
vt 0.507914 0.586637
vt 0.478319 0.553026
vt 0.468820 0.569916
vt 0.456591 0.585677
vt 0.453548 0.561781
vt 0.441242 0.573766
vt 0.427374 0.581126
vt 0.440907 0.594141
vt 0.428878 0.559089
vt 0.416316 0.567078
vt 0.402988 0.574372
vt 0.413057 0.588277
vt 0.407012 0.553319
vt 0.394291 0.560115
vt 0.381336 0.566171
vt 0.389429 0.580625
vt 0.386658 0.546062
vt 0.373849 0.551574
vt 0.361701 0.556217
vt 0.368433 0.571107
vt 0.367004 0.536993
vt 0.354583 0.542127
vt 0.341913 0.546671
vt 0.349206 0.560361
vt 0.348199 0.528670
vt 0.335240 0.533333
vt 0.321913 0.537659
vt 0.328789 0.550876
vt 0.329587 0.520077
vt 0.316306 0.524459
vt 0.305180 0.527729
vt 0.310303 0.541183
vt 0.311102 0.511757
vt 0.300219 0.515018
vt 0.289700 0.518026
vt 0.294427 0.530468
vt 0.294689 0.502810
vt 0.284383 0.505916
vt 0.272098 0.509044
vt 0.276469 0.521186
vt 0.279431 0.493364
vt 0.267350 0.496548
vt 0.253886 0.499925
vt 0.257302 0.511881
vt 0.263137 0.484504
vt 0.250017 0.487524
vt 0.236685 0.489401
vt 0.238240 0.502156
vt 0.247747 0.474578
vt 0.236386 0.475478
vt 0.223279 0.474891
vt 0.221936 0.489061
vt 0.237420 0.461205
vt 0.240480 0.446890
vt 0.205660 0.487344
vt 0.204121 0.501009
vt 0.221179 0.502270
vt 0.207088 0.473131
vt 0.190433 0.472343
vt 0.188143 0.486822
vt 0.169457 0.487639
vt 0.168552 0.501412
vt 0.186611 0.500778
vt 0.171627 0.472982
vt 0.153871 0.474342
vt 0.151343 0.488993
vt 0.174114 0.458489
vt 0.154824 0.460894
vt 0.137126 0.463733
vt 0.138339 0.476180
vt 0.177182 0.444103
vt 0.155916 0.448011
vt 0.135957 0.451786
vt 0.114233 0.454554
vt 0.117213 0.466359
vt 0.099204 0.469193
vt 0.100188 0.480999
vt 0.119258 0.478130
vt 0.096948 0.457112
vt 0.082939 0.460079
vt 0.083575 0.472485
vt 0.064753 0.477132
vt 0.063646 0.490012
vt 0.082866 0.484904
vt 0.065974 0.464043
vt 0.049589 0.468387
vt 0.048639 0.481519
vt 0.036290 0.484591
vt 0.037224 0.497433
vt 0.048692 0.494501
vt 0.035193 0.472302
vt 0.018750 0.477129
vt 0.020743 0.488707
vt 0.031755 0.461020
vt 0.014441 0.466142
vt 0.830156 0.119094
vt 0.813270 0.117966
vt 0.812621 0.131611
vt 0.831654 0.131567
vt 0.027250 0.450330
vt 0.008113 0.455686
vt 0.023082 0.439857
vt 0.002251 0.444664
vt 0.998145 0.126779
vt 0.998145 0.113795
vt 0.992701 0.112525
vt 0.992577 0.124257
vt 0.986184 0.122511
vt 0.986159 0.134223
vt 0.986365 0.144293
vt 0.979465 0.134326
vt 0.979534 0.144114
vt 0.979987 0.153043
vt 0.986659 0.153073
vt 0.972275 0.144267
vt 0.972702 0.153096
vt 0.972850 0.162889
vt 0.980050 0.162811
vt 0.965054 0.152627
vt 0.965376 0.162252
vt 0.965203 0.173258
vt 0.972586 0.173993
vt 0.957968 0.162704
vt 0.957992 0.173030
vt 0.957527 0.183619
vt 0.964720 0.184211
vt 0.950717 0.173736
vt 0.950430 0.183961
vt 0.949815 0.194419
vt 0.957026 0.194371
vt 0.943940 0.184783
vt 0.943868 0.194811
vt 0.942864 0.205139
vt 0.949173 0.205139
vt 0.937268 0.194867
vt 0.937314 0.205139
vt 0.937311 0.001491
vt 0.936789 0.013068
vt 0.942280 0.012842
vt 0.942863 0.001491
vt 0.929312 0.205139
vt 0.929311 0.001491
vt 0.929026 0.013188
vt 0.929353 0.025304
vt 0.936404 0.024876
vt 0.921533 0.001491
vt 0.921513 0.013285
vt 0.921969 0.025131
vt 0.922353 0.035718
vt 0.929655 0.036236
vt 0.914349 0.024817
vt 0.914788 0.035308
vt 0.915051 0.044586
vt 0.922538 0.044887
vt 0.922598 0.053616
vt 0.929737 0.054348
vt 0.929745 0.045655
vt 0.915250 0.053203
vt 0.915315 0.062446
vt 0.922541 0.062788
vt 0.907693 0.054210
vt 0.907827 0.063316
vt 0.907608 0.073777
vt 0.915088 0.073093
vt 0.900502 0.063839
vt 0.900050 0.074033
vt 0.899590 0.084523
vt 0.907318 0.084872
vt 0.892295 0.074886
vt 0.891821 0.085609
vt 0.891732 0.095241
vt 0.899479 0.094850
vt 0.892253 0.104698
vt 0.936685 0.045024
vt 0.936557 0.035609
vt 0.943161 0.034542
vt 0.942562 0.024145
vt 0.948889 0.024040
vt 0.948474 0.012889
vt 0.955943 0.012896
vt 0.956733 0.001491
vt 0.949171 0.001491
vt 0.964259 0.001490
vt 0.956735 0.205139
vt 0.964260 0.205139
vt 0.964420 0.194592
vt 0.971695 0.205139
vt 0.971862 0.194606
vt 0.972149 0.184631
vt 0.979395 0.184276
vt 0.979736 0.173807
vt 0.985863 0.173150
vt 0.986377 0.162784
vt 0.990638 0.164179
vt 0.991497 0.155184
vt 0.992970 0.165270
vt 0.994239 0.157550
vt 0.827076 0.073824
vt 0.998145 0.102145
vt 0.794338 0.132406
vt 0.792826 0.146974
vt 0.812342 0.145037
vt 0.831517 0.144022
vt 0.791303 0.161158
vt 0.811475 0.158074
vt 0.831009 0.156536
vt 0.810189 0.171517
vt 0.829986 0.169914
vt 0.022120 0.500725
vt 0.022627 0.513600
vt 0.038054 0.510220
vt 0.022204 0.526738
vt 0.038596 0.523084
vt 0.051275 0.519960
vt 0.049573 0.507389
vt 0.063867 0.515969
vt 0.063229 0.502952
vt 0.081076 0.510658
vt 0.081738 0.497401
vt 0.100303 0.506351
vt 0.100929 0.492912
vt 0.118630 0.504657
vt 0.120014 0.490549
vt 0.134370 0.504009
vt 0.136434 0.489796
vt 0.150186 0.502818
vt 0.134638 0.517542
vt 0.150842 0.516151
vt 0.168718 0.514831
vt 0.152577 0.529355
vt 0.170189 0.527806
vt 0.187932 0.526815
vt 0.186353 0.514030
vt 0.206508 0.526543
vt 0.204352 0.514129
vt 0.225232 0.526351
vt 0.222622 0.514348
vt 0.243106 0.525617
vt 0.240463 0.513645
vt 0.260431 0.523946
vt 0.246422 0.537809
vt 0.264108 0.536072
vt 0.280917 0.533461
vt 0.267980 0.548523
vt 0.285381 0.546449
vt 0.299159 0.543915
vt 0.289869 0.560058
vt 0.304724 0.557685
vt 0.316903 0.554591
vt 0.311022 0.571176
vt 0.324539 0.568076
vt 0.336824 0.564289
vt 0.331926 0.581770
vt 0.344770 0.578553
vt 0.356425 0.575046
vt 0.351947 0.593089
vt 0.363908 0.589845
vt 0.375739 0.585881
vt 0.372608 0.603962
vt 0.385210 0.599989
vt 0.399062 0.594589
vt 0.396302 0.613816
vt 0.410887 0.608158
vt 0.425448 0.601444
vt 0.424680 0.621073
vt 0.440275 0.613908
vt 0.437252 0.633514
vt 0.455313 0.626385
vt 0.447654 0.645625
vt 0.467346 0.638203
vt 0.456626 0.657962
vt 0.477374 0.651927
vt 0.498693 0.647240
vt 0.485861 0.666443
vt 0.508465 0.663296
vt 0.492218 0.681534
vt 0.515018 0.679595
vt 0.539973 0.680019
vt 0.519083 0.695238
vt 0.543033 0.696333
vt 0.568008 0.700626
vt 0.544940 0.710522
vt 0.568067 0.714000
vt 0.591563 0.719512
vt 0.592566 0.707632
vt 0.615613 0.726264
vt 0.617274 0.716719
vt 0.619924 0.704167
vt 0.641609 0.725596
vt 0.644579 0.714839
vt 0.648916 0.703349
vt 0.624427 0.691810
vt 0.653895 0.692391
vt 0.629934 0.680979
vt 0.659260 0.681982
vt 0.636017 0.670538
vt 0.613602 0.659013
vt 0.594304 0.647829
vt 0.642363 0.660411
vt 0.621346 0.648388
vt 0.604062 0.638157
vt 0.591361 0.629416
vt 0.579161 0.637677
vt 0.628607 0.638140
vt 0.611966 0.627257
vt 0.600537 0.619758
vt 0.619399 0.617293
vt 0.607258 0.608793
vt 0.596191 0.601301
vt 0.582144 0.592513
vt 0.614153 0.598956
vt 0.602494 0.590224
vt 0.588786 0.581227
vt 0.573284 0.572744
vt 0.566150 0.584529
vt 0.611130 0.581166
vt 0.597045 0.571181
vt 0.621298 0.573810
vt 0.606291 0.562860
vt 0.623479 0.591166
vt 0.635562 0.585629
vt 0.636669 0.603101
vt 0.627432 0.609346
vt 0.644698 0.622045
vt 0.653455 0.615587
vt 0.664251 0.634481
vt 0.672221 0.626540
vt 0.683832 0.644814
vt 0.690595 0.635684
vt 0.704423 0.654254
vt 0.710362 0.644653
vt 0.726332 0.663077
vt 0.731718 0.653502
vt 0.319480 0.998312
vt 0.329033 0.998509
vt 0.317196 0.981987
vt 0.307734 0.981961
vt 0.622466 0.443830
vt 0.633779 0.452240
vt 0.647438 0.438299
vt 0.635742 0.429760
vt 0.611036 0.435127
vt 0.645263 0.460456
vt 0.658956 0.446815
vt 0.672418 0.433407
vt 0.670512 0.455518
vt 0.684102 0.442304
vt 0.697506 0.428670
vt 0.695746 0.450796
vt 0.709316 0.437531
vt 0.723102 0.424505
vt 0.721247 0.446077
vt 0.735204 0.433668
vt 0.749527 0.421775
vt 0.737468 0.411993
vt 0.764357 0.410899
vt 0.752476 0.400304
vt 0.779669 0.401421
vt 0.768056 0.389956
vt 0.795632 0.393097
vt 0.784799 0.381150
vt 0.812630 0.385452
vt 0.802944 0.373313
vt 0.830493 0.378259
vt 0.821929 0.365990
vt 0.848659 0.371488
vt 0.841096 0.359120
vt 0.833667 0.346763
vt 0.859947 0.352587
vt 0.853345 0.340190
vt 0.847119 0.327709
vt 0.872441 0.334143
vt 0.866735 0.321739
vt 0.861295 0.309103
vt 0.885667 0.316379
vt 0.880138 0.303932
vt 0.874693 0.291223
vt 0.856080 0.296229
vt 0.869403 0.278174
vt 0.851056 0.283051
vt 0.864297 0.264843
vt 0.846269 0.269493
vt 0.859441 0.251159
vt 0.841915 0.255583
vt 0.855078 0.237198
vt 0.838086 0.241308
vt 0.851156 0.222970
vt 0.834635 0.226771
vt 0.848021 0.208843
vt 0.831650 0.212028
vt 0.814781 0.216308
vt 0.829300 0.197703
vt 0.812463 0.201223
vt 0.794764 0.206457
vt 0.810543 0.186104
vt 0.792662 0.191094
vt 0.775226 0.197529
vt 0.791025 0.175815
vt 0.773383 0.182409
vt 0.757620 0.187848
vt 0.771868 0.166821
vt 0.755876 0.172300
vt 0.741342 0.175596
vt 0.753945 0.157123
vt 0.740016 0.160698
vt 0.724765 0.163955
vt 0.737440 0.146761
vt 0.722956 0.150622
vt 0.706963 0.153472
vt 0.720506 0.137736
vt 0.705469 0.140447
vt 0.688831 0.142051
vt 0.703919 0.127905
vt 0.688464 0.129152
vt 0.673991 0.129125
vt 0.689000 0.116353
vt 0.675197 0.116222
vt 0.662465 0.115914
vt 0.676060 0.104432
vt 0.663580 0.104227
vt 0.652556 0.103961
vt 0.203819 0.033807
vt 0.195339 0.033807
vt 0.194769 0.043941
vt 0.203819 0.043841
vt 0.001496 0.033807
vt 0.001496 0.043840
vt 0.010134 0.043774
vt 0.009474 0.033807
vt 0.001496 0.054230
vt 0.010382 0.054222
vt 0.001496 0.064839
vt 0.010745 0.065065
vt 0.019748 0.066081
vt 0.010336 0.076192
vt 0.019302 0.077361
vt 0.028335 0.078889
vt 0.018746 0.088635
vt 0.027814 0.089748
vt 0.037223 0.090914
vt 0.027773 0.100739
vt 0.037519 0.101587
vt 0.047673 0.101940
vt 0.038286 0.112427
vt 0.048792 0.112604
vt 0.058184 0.112510
vt 0.049073 0.123736
vt 0.058084 0.123890
vt 0.065645 0.124171
vt 0.058082 0.135492
vt 0.065600 0.135692
vt 0.072724 0.135370
vt 0.066093 0.147102
vt 0.073769 0.146674
vt 0.081838 0.145450
vt 0.074729 0.157393
vt 0.083163 0.156460
vt 0.092259 0.155739
vt 0.083948 0.167533
vt 0.093241 0.167077
vt 0.102588 0.167089
vt 0.075219 0.168098
vt 0.066122 0.157899
vt 0.066331 0.168343
vt 0.066092 0.179341
vt 0.057100 0.168185
vt 0.056522 0.179060
vt 0.055408 0.190297
vt 0.046696 0.178914
vt 0.045872 0.190033
vt 0.047404 0.168137
vt 0.037540 0.167947
vt 0.047956 0.157454
vt 0.038011 0.157044
vt 0.028544 0.156454
vt 0.038351 0.145791
vt 0.028753 0.145154
vt 0.019647 0.144520
vt 0.029147 0.134009
vt 0.019838 0.133226
vt 0.010733 0.132991
vt 0.019625 0.122302
vt 0.010547 0.122037
vt 0.001496 0.122279
vt 0.001496 0.133199
vt 0.010318 0.110920
vt 0.001496 0.111095
vt 0.203819 0.122280
vt 0.203819 0.111097
vt 0.194391 0.111031
vt 0.203819 0.099274
vt 0.194547 0.099400
vt 0.184476 0.099910
vt 0.194468 0.087739
vt 0.184373 0.088255
vt 0.174769 0.089426
vt 0.183687 0.076804
vt 0.173558 0.078268
vt 0.163978 0.079746
vt 0.172039 0.067281
vt 0.162384 0.068589
vt 0.153540 0.069273
vt 0.161577 0.057029
vt 0.152925 0.057297
vt 0.144848 0.057214
vt 0.154327 0.044843
vt 0.145967 0.044786
vt 0.138241 0.044693
vt 0.147727 0.033807
vt 0.139576 0.033807
vt 0.130553 0.033807
vt 0.746299 0.094121
vt 0.735429 0.097481
vt 0.741263 0.107529
vt 0.754887 0.102533
vt 0.767914 0.096176
vt 0.757155 0.089299
vt 0.747177 0.117578
vt 0.732270 0.122123
vt 0.734977 0.133966
vt 0.751150 0.128777
vt 0.729019 0.111008
vt 0.716149 0.113773
vt 0.718418 0.125472
vt 0.725198 0.100124
vt 0.713986 0.102456
vt 0.702089 0.103764
vt 0.702890 0.115770
vt 0.156613 0.033807
vt 0.163064 0.044880
vt 0.165695 0.033807
vt 0.172899 0.044726
vt 0.175166 0.033807
vt 0.171336 0.056310
vt 0.182695 0.055168
vt 0.183958 0.044220
vt 0.182954 0.065817
vt 0.194241 0.064996
vt 0.194130 0.054408
vt 0.194344 0.076035
vt 0.203819 0.075957
vt 0.203819 0.064839
vt 0.203819 0.087815
vt 0.001496 0.087814
vt 0.010102 0.087927
vt 0.001496 0.075956
vt 0.001496 0.099273
vt 0.010223 0.099315
vt 0.018684 0.099775
vt 0.019122 0.111140
vt 0.028196 0.111872
vt 0.028906 0.122905
vt 0.038753 0.123382
vt 0.038754 0.134705
vt 0.049021 0.135197
vt 0.048612 0.146291
vt 0.057952 0.146729
vt 0.057377 0.157693
vt 0.203819 0.054230
vt 0.185548 0.033807
vt 0.689504 0.104449
vt 0.753207 0.142693
vt 0.772414 0.136801
vt 0.771862 0.151837
vt 0.828768 0.183650
vt 0.845926 0.194895
vt 0.022795 0.540164
vt 0.039270 0.536354
vt 0.039347 0.536232
vt 0.040056 0.549372
vt 0.055389 0.546103
vt 0.053695 0.533042
vt 0.039280 0.536243
vt 0.069392 0.542092
vt 0.066224 0.528906
vt 0.085446 0.537713
vt 0.082346 0.523757
vt 0.101951 0.534186
vt 0.100509 0.520238
vt 0.119092 0.532251
vt 0.118141 0.518578
vt 0.135944 0.530895
vt 0.121477 0.545822
vt 0.138480 0.544148
vt 0.155562 0.542247
vt 0.142161 0.557064
vt 0.159679 0.554849
vt 0.177433 0.552851
vt 0.173224 0.540471
vt 0.195838 0.551501
vt 0.191558 0.539386
vt 0.214655 0.550822
vt 0.210097 0.538716
vt 0.233306 0.550496
vt 0.228852 0.538406
vt 0.250608 0.549908
vt 0.238700 0.562374
vt 0.255139 0.562106
vt 0.271668 0.561613
vt 0.258419 0.574711
vt 0.275256 0.574880
vt 0.294634 0.573494
vt 0.279738 0.587301
vt 0.299307 0.586029
vt 0.316480 0.584265
vt 0.303862 0.598898
vt 0.321007 0.597596
vt 0.337268 0.595820
vt 0.326400 0.611150
vt 0.343283 0.609354
vt 0.359102 0.607090
vt 0.350199 0.623002
vt 0.366317 0.621182
vt 0.381573 0.618172
vt 0.373158 0.635602
vt 0.390866 0.632358
vt 0.408097 0.627504
vt 0.399171 0.644922
vt 0.418453 0.639901
vt 0.407037 0.657053
vt 0.427545 0.651933
vt 0.414470 0.669410
vt 0.435647 0.664208
vt 0.421140 0.682136
vt 0.442565 0.676771
vt 0.464179 0.670929
vt 0.448230 0.689816
vt 0.470040 0.684524
vt 0.452618 0.702981
vt 0.474559 0.698545
vt 0.496503 0.696237
vt 0.477957 0.711031
vt 0.499792 0.709368
vt 0.522027 0.709026
vt 0.502248 0.719142
vt 0.523808 0.719152
vt 0.545750 0.720803
vt 0.525197 0.729069
vt 0.546472 0.730576
vt 0.568159 0.733144
vt 0.568071 0.723890
vt 0.590467 0.737017
vt 0.590963 0.728112
vt 0.613010 0.743190
vt 0.614288 0.734315
vt 0.636287 0.750968
vt 0.637959 0.742593
vt 0.639466 0.734656
vt 0.661667 0.750543
vt 0.663508 0.742564
vt 0.665598 0.734030
vt 0.687141 0.750382
vt 0.689481 0.742179
vt 0.692569 0.732694
vt 0.668655 0.724297
vt 0.696406 0.722479
vt 0.672783 0.713453
vt 0.700826 0.712295
vt 0.677461 0.702765
vt 0.705716 0.702344
vt 0.682528 0.692516
vt 0.711093 0.692566
vt 0.687932 0.682733
vt 0.664965 0.672143
vt 0.693449 0.673271
vt 0.670915 0.662815
vt 0.649227 0.650938
vt 0.677286 0.653873
vt 0.656625 0.642509
vt 0.636381 0.629349
vt 0.698942 0.663796
vt 0.716389 0.682720
vt 0.721401 0.672842
vt 0.338312 0.998345
vt 0.347665 0.998159
vt 0.336343 0.982004
vt 0.326609 0.982013
vt 0.357152 0.998110
vt 0.346171 0.982026
vt 0.657269 0.468890
vt 0.669769 0.477167
vt 0.682472 0.463997
vt 0.682439 0.485001
vt 0.694843 0.471898
vt 0.707710 0.458890
vt 0.707302 0.479250
vt 0.719957 0.466640
vt 0.733392 0.454427
vt 0.731911 0.474304
vt 0.745243 0.462797
vt 0.759145 0.451724
vt 0.747313 0.442595
vt 0.773286 0.441653
vt 0.761478 0.431500
vt 0.787500 0.432765
vt 0.776042 0.421703
vt 0.802187 0.424722
vt 0.791033 0.413026
vt 0.817245 0.417157
vt 0.806453 0.405089
vt 0.832647 0.410064
vt 0.822520 0.397610
vt 0.848290 0.403414
vt 0.839189 0.390613
vt 0.864248 0.397150
vt 0.856294 0.384096
vt 0.880567 0.391060
vt 0.873591 0.377919
vt 0.866763 0.365088
vt 0.890800 0.372123
vt 0.884644 0.359128
vt 0.878439 0.346493
vt 0.902368 0.353894
vt 0.896850 0.341114
vt 0.891198 0.328737
vt 0.061794 0.663380
vt 0.065423 0.675300
vt 0.084721 0.670970
vt 0.081435 0.658907
vt 0.077975 0.646971
vt 0.058334 0.651512
vt 0.100629 0.654848
vt 0.097168 0.642849
vt 0.093373 0.630925
vt 0.074384 0.635098
vt 0.054937 0.639592
vt 0.089489 0.618877
vt 0.070799 0.623006
vt 0.051716 0.627453
vt 0.085667 0.606625
vt 0.067329 0.610721
vt 0.048751 0.615022
vt 0.082006 0.594146
vt 0.064143 0.598184
vt 0.046056 0.602352
vt 0.078543 0.581386
vt 0.061263 0.585404
vt 0.043703 0.589376
vt 0.075409 0.568401
vt 0.058718 0.572360
vt 0.041909 0.576162
vt 0.072514 0.555309
vt 0.056750 0.559226
vt 0.040608 0.562715
vt 0.091889 0.564594
vt 0.088516 0.551138
vt 0.108142 0.561406
vt 0.104698 0.547856
vt 0.124918 0.559149
vt 0.112267 0.574569
vt 0.129122 0.572126
vt 0.146895 0.569651
vt 0.134137 0.584764
vt 0.151954 0.582055
vt 0.169873 0.579589
vt 0.164570 0.567244
vt 0.188123 0.577443
vt 0.182453 0.565139
vt 0.207314 0.575608
vt 0.201159 0.563586
vt 0.226663 0.574709
vt 0.220258 0.562696
vt 0.244039 0.574468
vt 0.232613 0.587254
vt 0.247491 0.587261
vt 0.261948 0.587610
vt 0.252673 0.600591
vt 0.267864 0.600475
vt 0.285632 0.599881
vt 0.273971 0.613457
vt 0.290899 0.612894
vt 0.308661 0.612117
vt 0.296017 0.625915
vt 0.313913 0.625215
vt 0.332495 0.624472
vt 0.318615 0.638055
vt 0.337561 0.637640
vt 0.355302 0.637228
vt 0.341103 0.652042
vt 0.359745 0.651360
vt 0.379525 0.648870
vt 0.365379 0.664423
vt 0.386270 0.661210
vt 0.371896 0.677447
vt 0.393142 0.673769
vt 0.378267 0.691158
vt 0.399773 0.686900
vt 0.381458 0.703666
vt 0.404658 0.700190
vt 0.426748 0.695275
vt 0.406942 0.710163
vt 0.430343 0.707211
vt 0.407566 0.717178
vt 0.432030 0.716191
vt 0.455540 0.713806
vt 0.433103 0.723169
vt 0.457131 0.721841
vt 0.480105 0.720235
vt 0.458553 0.729090
vt 0.481737 0.728373
vt 0.503943 0.728514
vt 0.483269 0.738167
vt 0.505322 0.739449
vt 0.526301 0.740668
vt 0.506246 0.751806
vt 0.527203 0.753853
vt 0.547919 0.756088
vt 0.547359 0.742513
vt 0.568726 0.759063
vt 0.568436 0.744844
vt 0.589107 0.762852
vt 0.589839 0.748561
vt 0.610003 0.767761
vt 0.611633 0.754302
vt 0.631659 0.773877
vt 0.634015 0.761574
vt 0.653639 0.780796
vt 0.656636 0.769534
vt 0.659435 0.759141
vt 0.678925 0.777367
vt 0.682182 0.767342
vt 0.684884 0.758350
vt 0.704209 0.775295
vt 0.707435 0.766363
vt 0.710007 0.758376
vt 0.728841 0.773878
vt 0.731355 0.765704
vt 0.734489 0.757433
vt 0.712683 0.750019
vt 0.738061 0.748573
vt 0.715961 0.740639
vt 0.741997 0.739475
vt 0.719635 0.730990
vt 0.746303 0.730038
vt 0.723875 0.721287
vt 0.468852 0.985066
vt 0.458926 0.980261
vt 0.458926 0.992858
vt 0.468925 0.997630
vt 0.728691 0.711523
vt 0.719143 0.486386
vt 0.730215 0.493354
vt 0.743035 0.481974
vt 0.740601 0.500257
vt 0.753247 0.489741
vt 0.766649 0.479983
vt 0.756461 0.471262
vt 0.780718 0.470855
vt 0.770468 0.461109
vt 0.794918 0.462953
vt 0.784599 0.452076
vt 0.809142 0.455866
vt 0.798726 0.443962
vt 0.823455 0.449228
vt 0.813049 0.436692
vt 0.837898 0.442717
vt 0.827732 0.429662
vt 0.852506 0.436527
vt 0.842705 0.423005
vt 0.867318 0.430487
vt 0.857847 0.416712
vt 0.857821 0.416654
vt 0.009383 0.747384
vt 0.016994 0.760561
vt 0.034062 0.754940
vt 0.026881 0.741575
vt 0.009144 0.747038
vt 0.020651 0.728526
vt 0.002330 0.734174
vt 0.051032 0.749403
vt 0.044617 0.736026
vt 0.039190 0.723012
vt 0.068176 0.744079
vt 0.062589 0.730807
vt 0.057823 0.717802
vt 0.080681 0.726116
vt 0.076307 0.713147
vt 0.897159 0.385322
vt 0.913829 0.380200
vt 0.907843 0.366929
vt 0.072325 0.700257
vt 0.094546 0.708898
vt 0.090989 0.696059
vt 0.087820 0.683437
vt 0.068894 0.687639
vt 0.109533 0.692086
vt 0.106660 0.679428
vt 0.103750 0.666991
vt 0.125298 0.676081
vt 0.122641 0.663615
vt 0.119572 0.651326
vt 0.141477 0.660867
vt 0.138380 0.648486
vt 0.134756 0.636258
vt 0.116058 0.639275
vt 0.130565 0.624208
vt 0.112072 0.627265
vt 0.126114 0.612134
vt 0.107850 0.615222
vt 0.121443 0.599919
vt 0.103631 0.603009
vt 0.116713 0.587405
vt 0.099457 0.590438
vt 0.095501 0.577647
vt 0.139369 0.597091
vt 0.144457 0.609339
vt 0.162696 0.606697
vt 0.157361 0.594383
vt 0.180837 0.604296
vt 0.175405 0.591933
vt 0.199696 0.602191
vt 0.194019 0.589760
vt 0.219885 0.600989
vt 0.214413 0.588000
vt 0.238079 0.600731
vt 0.223951 0.613979
vt 0.242179 0.613829
vt 0.257897 0.613765
vt 0.244636 0.626957
vt 0.261606 0.626868
vt 0.278892 0.626617
vt 0.264520 0.639810
vt 0.283334 0.639430
vt 0.301162 0.638736
vt 0.286435 0.652067
vt 0.304799 0.652125
vt 0.322201 0.652109
vt 0.305739 0.666047
vt 0.325002 0.666662
vt 0.345081 0.666468
vt 0.327262 0.680182
vt 0.350203 0.680178
vt 0.329199 0.692186
vt 0.354013 0.692914
vt 0.330447 0.702228
vt 0.355780 0.703256
vt 0.331832 0.711370
vt 0.355783 0.709796
vt 0.381923 0.710622
vt 0.356091 0.717600
vt 0.381746 0.716946
vt 0.358316 0.726990
vt 0.382210 0.724146
vt 0.408140 0.723559
vt 0.384493 0.733576
vt 0.409164 0.731456
vt 0.434377 0.730400
vt 0.411623 0.741251
vt 0.436069 0.739416
vt 0.460206 0.738103
vt 0.438732 0.750954
vt 0.461999 0.749571
vt 0.484482 0.749911
vt 0.464658 0.762841
vt 0.486274 0.763216
vt 0.507544 0.764685
vt 0.488754 0.775791
vt 0.509322 0.777160
vt 0.529492 0.779166
vt 0.528260 0.766767
vt 0.549334 0.781718
vt 0.548620 0.769272
vt 0.569044 0.784917
vt 0.568902 0.772449
vt 0.587878 0.788519
vt 0.588600 0.776206
vt 0.606932 0.792594
vt 0.608554 0.780643
vt 0.627193 0.797545
vt 0.629426 0.786009
vt 0.647745 0.803183
vt 0.650673 0.792166
vt 0.668263 0.809352
vt 0.671834 0.798795
vt 0.675370 0.787937
vt 0.692554 0.805484
vt 0.696619 0.795158
vt 0.700491 0.784939
vt 0.717341 0.801958
vt 0.721560 0.792150
vt 0.725392 0.782670
vt 0.742200 0.798826
vt 0.746102 0.789290
vt 0.748819 0.780109
vt 0.766085 0.794905
vt 0.768403 0.784639
vt 0.768830 0.774176
vt 0.749091 0.770781
vt 0.224516 0.989004
vt 0.224515 0.998447
vt 0.236096 0.997963
vt 0.236138 0.989239
vt 0.519948 0.998509
vt 0.519948 0.987985
vt 0.510653 0.987985
vt 0.510653 0.998509
vt 0.762545 0.497581
vt 0.749686 0.507016
vt 0.787721 0.788918
vt 0.788102 0.777357
vt 0.786806 0.765634
vt 0.766907 0.763316
vt 0.806662 0.793128
vt 0.807082 0.780931
vt 0.805891 0.768425
vt 0.825143 0.797371
vt 0.825536 0.784663
vt 0.824455 0.771598
vt 0.843321 0.801705
vt 0.843789 0.788512
vt 0.842865 0.774997
vt 0.861589 0.806147
vt 0.862136 0.792567
vt 0.861410 0.778615
vt 0.879831 0.810643
vt 0.880426 0.796823
vt 0.880049 0.782760
vt 0.898317 0.815289
vt 0.898944 0.801286
vt 0.898940 0.787255
vt 0.024774 0.774013
vt 0.032838 0.787648
vt 0.049321 0.782149
vt 0.041542 0.768451
vt 0.065605 0.776773
vt 0.058130 0.762975
vt 0.081755 0.771676
vt 0.074627 0.757786
vt 0.097766 0.767087
vt 0.091172 0.753220
vt 0.085489 0.739432
vt 0.108006 0.749240
vt 0.102847 0.735478
vt 0.098554 0.721993
vt 0.120117 0.731872
vt 0.116058 0.718312
vt 0.112585 0.705040
vt 0.133608 0.714962
vt 0.130547 0.701738
vt 0.127787 0.688746
vt 0.149013 0.699206
vt 0.146634 0.686239
vt 0.144135 0.673511
vt 0.165328 0.684382
vt 0.162846 0.671445
vt 0.160131 0.658576
vt 0.181208 0.669740
vt 0.178431 0.656568
vt 0.175278 0.643715
vt 0.157028 0.646001
vt 0.171671 0.631203
vt 0.153319 0.633607
vt 0.167557 0.618948
vt 0.149069 0.621453
vt 0.190008 0.629041
vt 0.185896 0.616619
vt 0.208322 0.627474
vt 0.204502 0.614872
vt 0.227040 0.626952
vt 0.211131 0.640331
vt 0.228930 0.640075
vt 0.246496 0.640014
vt 0.230259 0.653285
vt 0.248003 0.652809
vt 0.266363 0.652310
vt 0.249247 0.665653
vt 0.267320 0.664604
vt 0.286917 0.664730
vt 0.267565 0.678130
vt 0.285643 0.678066
vt 0.305552 0.679241
vt 0.286038 0.691196
vt 0.306546 0.691336
vt 0.287896 0.703650
vt 0.308008 0.702546
vt 0.290599 0.715860
vt 0.310349 0.713451
vt 0.294957 0.727811
vt 0.313675 0.724251
vt 0.334099 0.720825
vt 0.318863 0.735740
vt 0.337817 0.731309
vt 0.325677 0.747591
vt 0.343749 0.742782
vt 0.362783 0.737705
vt 0.351777 0.754801
vt 0.369532 0.749478
vt 0.389389 0.744720
vt 0.378247 0.762090
vt 0.396141 0.757340
vt 0.416223 0.753486
vt 0.404032 0.771106
vt 0.422447 0.767359
vt 0.442943 0.764349
vt 0.429020 0.780572
vt 0.447797 0.777377
vt 0.468028 0.775483
vt 0.453255 0.789775
vt 0.472248 0.787807
vt 0.491816 0.787823
vt 0.476867 0.799633
vt 0.495257 0.799552
vt 0.513884 0.800502
vt 0.511475 0.789036
vt 0.532422 0.802350
vt 0.530925 0.791010
vt 0.550834 0.804888
vt 0.550114 0.793604
vt 0.569277 0.807997
vt 0.569182 0.796747
vt 0.586342 0.811113
vt 0.586942 0.799976
vt 0.603396 0.814478
vt 0.605131 0.803774
vt 0.622305 0.818866
vt 0.624831 0.808461
vt 0.641383 0.823936
vt 0.644722 0.813817
vt 0.660540 0.829634
vt 0.664497 0.819715
vt 0.679642 0.835714
vt 0.684087 0.825922
vt 0.688383 0.815711
vt 0.703421 0.832100
vt 0.708181 0.822099
vt 0.712846 0.811971
vt 0.727861 0.828357
vt 0.732926 0.818405
vt 0.737731 0.808467
vt 0.752639 0.824770
vt 0.757876 0.814882
vt 0.762434 0.804954
vt 0.777348 0.821029
vt 0.782032 0.810601
vt 0.785552 0.799965
vt 0.801066 0.816059
vt 0.804668 0.804814
vt 0.819788 0.821369
vt 0.823318 0.809680
vt 0.838466 0.826554
vt 0.841521 0.814484
vt 0.857099 0.831734
vt 0.859918 0.819309
vt 0.875865 0.836956
vt 0.878374 0.824146
vt 0.894778 0.842220
vt 0.897004 0.829036
vt 0.040951 0.801276
vt 0.048786 0.814741
vt 0.065469 0.809420
vt 0.057415 0.795842
vt 0.081763 0.804244
vt 0.073625 0.790555
vt 0.097780 0.799401
vt 0.089573 0.785570
vt 0.113622 0.794977
vt 0.105453 0.781058
vt 0.129470 0.791064
vt 0.121375 0.777096
vt 0.113956 0.763090
vt 0.137454 0.773749
vt 0.130589 0.759760
vt 0.125022 0.745759
vt 0.147317 0.757114
vt 0.141828 0.742942
vt 0.137247 0.728694
vt 0.158539 0.740894
vt 0.154355 0.726605
vt 0.151378 0.712514
vt 0.172030 0.725194
vt 0.169528 0.711182
vt 0.167526 0.697609
vt 0.187667 0.710289
vt 0.185843 0.696472
vt 0.183774 0.683005
vt 0.203583 0.695871
vt 0.201570 0.682042
vt 0.198780 0.668343
vt 0.217548 0.681255
vt 0.214945 0.667385
vt 0.212999 0.653609
vt 0.195986 0.654810
vt 0.193225 0.641698
vt 0.231760 0.666638
vt 0.233649 0.680481
vt 0.250492 0.679376
vt 0.235634 0.695148
vt 0.252296 0.693684
vt 0.268623 0.692070
vt 0.255315 0.707308
vt 0.271006 0.705227
vt 0.258913 0.720121
vt 0.274085 0.718126
vt 0.263036 0.732956
vt 0.278274 0.730905
vt 0.267949 0.745781
vt 0.283892 0.743430
vt 0.300842 0.739761
vt 0.290752 0.755721
vt 0.307898 0.751839
vt 0.298220 0.767660
vt 0.315666 0.763853
vt 0.333636 0.759609
vt 0.323680 0.775737
vt 0.341883 0.771483
vt 0.360713 0.766872
vt 0.350185 0.783036
vt 0.369055 0.778880
vt 0.386626 0.775003
vt 0.376571 0.791190
vt 0.394069 0.788024
vt 0.411380 0.784284
vt 0.401238 0.800585
vt 0.418569 0.796967
vt 0.435548 0.793153
vt 0.425742 0.808904
vt 0.442657 0.805105
vt 0.459227 0.801772
vt 0.449436 0.816480
vt 0.465495 0.813389
vt 0.481939 0.811197
vt 0.471477 0.824395
vt 0.487257 0.822343
vt 0.503136 0.821616
vt 0.499048 0.810762
vt 0.518901 0.822113
vt 0.516384 0.811478
vt 0.535146 0.823613
vt 0.533839 0.813184
vt 0.551536 0.825814
vt 0.551309 0.815602
vt 0.568105 0.828539
vt 0.568887 0.818590
vt 0.584230 0.831475
vt 0.585397 0.821608
vt 0.600271 0.834637
vt 0.601736 0.824827
vt 0.617400 0.838464
vt 0.619738 0.828875
vt 0.634823 0.842999
vt 0.638015 0.833664
vt 0.652579 0.848276
vt 0.656543 0.839169
vt 0.670595 0.854207
vt 0.675160 0.845168
vt 0.688766 0.860552
vt 0.693737 0.851427
vt 0.698621 0.841873
vt 0.712175 0.857673
vt 0.717371 0.848052
vt 0.722614 0.838214
vt 0.736025 0.854174
vt 0.741601 0.844416
vt 0.747227 0.834570
vt 0.760493 0.850730
vt 0.766388 0.841015
vt 0.772021 0.831100
vt 0.785635 0.847312
vt 0.791257 0.837239
vt 0.796402 0.826817
vt 0.810485 0.843136
vt 0.815470 0.832458
vt 0.829668 0.848965
vt 0.834506 0.838061
vt 0.848993 0.854722
vt 0.853403 0.843554
vt 0.868293 0.860438
vt 0.872477 0.849030
vt 0.887677 0.866251
vt 0.891659 0.854553
vt 0.055745 0.827835
vt 0.062024 0.840782
vt 0.079338 0.835830
vt 0.072831 0.822711
vt 0.096400 0.831083
vt 0.089497 0.817794
vt 0.113192 0.826587
vt 0.105854 0.813072
vt 0.129520 0.822507
vt 0.121848 0.808772
vt 0.145696 0.818816
vt 0.137724 0.804949
vt 0.161595 0.815555
vt 0.153520 0.801579
vt 0.145291 0.787678
vt 0.169556 0.798805
vt 0.161602 0.784902
vt 0.153980 0.771029
vt 0.178212 0.782754
vt 0.170757 0.768916
vt 0.164156 0.755011
vt 0.187564 0.767206
vt 0.180975 0.753427
vt 0.175746 0.739324
vt 0.197928 0.752015
vt 0.192881 0.738348
vt 0.189727 0.724293
vt 0.210041 0.737449
vt 0.206415 0.723974
vt 0.204572 0.709990
vt 0.223379 0.723389
vt 0.220580 0.709964
vt 0.219220 0.695668
vt 0.238355 0.709112
vt 0.241773 0.721961
vt 0.227633 0.736240
vt 0.245788 0.734653
vt 0.232887 0.749154
vt 0.250634 0.747370
vt 0.239180 0.762186
vt 0.256503 0.760390
vt 0.273798 0.758434
vt 0.263456 0.773343
vt 0.280717 0.770898
vt 0.271340 0.786134
vt 0.288674 0.783185
vt 0.306222 0.779683
vt 0.297491 0.795425
vt 0.314774 0.791596
vt 0.332061 0.787385
vt 0.324104 0.803444
vt 0.340843 0.799009
vt 0.358464 0.794613
vt 0.350203 0.810664
vt 0.366734 0.806682
vt 0.383696 0.803628
vt 0.374999 0.819189
vt 0.391229 0.816057
vt 0.408420 0.812568
vt 0.399237 0.827978
vt 0.415880 0.823984
vt 0.432683 0.820002
vt 0.423760 0.834781
vt 0.439776 0.830886
vt 0.455731 0.827429
vt 0.446685 0.841397
vt 0.461911 0.837954
vt 0.477153 0.834725
vt 0.468008 0.847884
vt 0.482623 0.844689
vt 0.497359 0.842559
vt 0.492533 0.832749
vt 0.511033 0.841832
vt 0.507322 0.831950
vt 0.523692 0.842380
vt 0.521381 0.832427
vt 0.537837 0.843468
vt 0.536419 0.833727
vt 0.552296 0.844920
vt 0.551754 0.835594
vt 0.567181 0.846868
vt 0.567463 0.838003
vt 0.582323 0.849364
vt 0.583177 0.840700
vt 0.597527 0.852373
vt 0.598883 0.843808
vt 0.613188 0.856055
vt 0.615267 0.847568
vt 0.628906 0.860378
vt 0.631836 0.851935
vt 0.644811 0.865344
vt 0.648662 0.857008
vt 0.661295 0.871101
vt 0.665955 0.862874
vt 0.678544 0.877573
vt 0.683692 0.869298
vt 0.696419 0.884391
vt 0.701777 0.875912
vt 0.707022 0.866958
vt 0.720278 0.882539
vt 0.725516 0.873419
vt 0.730733 0.863891
vt 0.744386 0.879536
vt 0.749318 0.869894
vt 0.754709 0.860301
vt 0.768881 0.876125
vt 0.774290 0.866665
vt 0.779882 0.857061
vt 0.794073 0.873001
vt 0.799601 0.863308
vt 0.805096 0.853374
vt 0.819204 0.869443
vt 0.824568 0.859381
vt 0.838730 0.875514
vt 0.843968 0.865351
vt 0.858260 0.881504
vt 0.863151 0.871052
vt 0.542139 0.998504
vt 0.552355 0.998512
vt 0.554324 0.988513
vt 0.544188 0.988743
vt 0.535596 0.998511
vt 0.540716 0.991224
vt 0.527979 0.991051
vt 0.522891 0.998507
vt 0.507687 0.986320
vt 0.497813 0.986463
vt 0.497816 0.998448
vt 0.507604 0.998059
vt 0.067585 0.853608
vt 0.072695 0.866350
vt 0.090677 0.861805
vt 0.085260 0.848831
vt 0.108282 0.857430
vt 0.102584 0.844270
vt 0.125654 0.853316
vt 0.119695 0.840000
vt 0.142831 0.849595
vt 0.136498 0.836115
vt 0.159770 0.846344
vt 0.153006 0.832653
vt 0.176680 0.843315
vt 0.169328 0.829464
vt 0.193278 0.840482
vt 0.185512 0.826636
vt 0.177569 0.812746
vt 0.202140 0.824198
vt 0.194103 0.810403
vt 0.186114 0.796580
vt 0.211102 0.808366
vt 0.203048 0.794644
vt 0.195140 0.780910
vt 0.220101 0.792812
vt 0.212201 0.779175
vt 0.204670 0.765560
vt 0.229187 0.777372
vt 0.221821 0.763928
vt 0.215323 0.750655
vt 0.246290 0.775381
vt 0.237181 0.790849
vt 0.254189 0.788651
vt 0.245664 0.804205
vt 0.263043 0.801682
vt 0.280250 0.798777
vt 0.272208 0.814375
vt 0.289638 0.811182
vt 0.307008 0.807518
vt 0.299151 0.823255
vt 0.316657 0.819299
vt 0.333726 0.815104
vt 0.326167 0.830790
vt 0.342923 0.826545
vt 0.359187 0.822597
vt 0.351460 0.838074
vt 0.367127 0.834782
vt 0.382995 0.831693
vt 0.374778 0.846844
vt 0.391110 0.843368
vt 0.407659 0.839043
vt 0.400317 0.854143
vt 0.416479 0.849641
vt 0.431659 0.845258
vt 0.426014 0.859963
vt 0.440107 0.855526
vt 0.453675 0.851629
vt 0.449180 0.865511
vt 0.461383 0.861468
vt 0.474129 0.857331
vt 0.469703 0.870563
vt 0.480997 0.866375
vt 0.493034 0.862964
vt 0.487795 0.854050
vt 0.505486 0.860648
vt 0.501596 0.851850
vt 0.516577 0.859797
vt 0.513791 0.851188
vt 0.527841 0.859901
vt 0.525597 0.851668
vt 0.540898 0.860446
vt 0.539292 0.852411
vt 0.554134 0.861315
vt 0.553166 0.853591
vt 0.567447 0.862694
vt 0.567166 0.855166
vt 0.581148 0.864619
vt 0.581683 0.857410
vt 0.595112 0.867390
vt 0.596298 0.860328
vt 0.609003 0.871037
vt 0.611085 0.863917
vt 0.622801 0.875215
vt 0.625879 0.868192
vt 0.636910 0.880039
vt 0.640894 0.873132
vt 0.651757 0.885571
vt 0.656511 0.878822
vt 0.667896 0.892132
vt 0.673203 0.885321
vt 0.685107 0.899414
vt 0.690768 0.892325
vt 0.703089 0.907014
vt 0.709027 0.899549
vt 0.714839 0.891305
vt 0.727987 0.906759
vt 0.733821 0.898067
vt 0.739330 0.888957
vt 0.752887 0.904503
vt 0.758373 0.895154
vt 0.763611 0.885601
vt 0.777647 0.901549
vt 0.783131 0.892052
vt 0.788564 0.882537
vt 0.802692 0.898526
vt 0.808185 0.888926
vt 0.813669 0.879232
vt 0.827896 0.895247
vt 0.833322 0.885442
vt 0.847664 0.901507
vt 0.853022 0.891590
vt 0.867304 0.907761
vt 0.872599 0.897673
vt 0.877602 0.887292
vt 0.077322 0.878990
vt 0.081735 0.891535
vt 0.100473 0.887484
vt 0.095700 0.874691
vt 0.118854 0.883549
vt 0.113688 0.870516
vt 0.136839 0.879805
vt 0.131343 0.866592
vt 0.154649 0.876388
vt 0.148821 0.863053
vt 0.172493 0.873281
vt 0.166204 0.859878
vt 0.190319 0.870379
vt 0.183617 0.856919
vt 0.208068 0.867537
vt 0.200799 0.854101
vt 0.225871 0.864653
vt 0.218096 0.851354
vt 0.210168 0.837903
vt 0.235843 0.848575
vt 0.227544 0.835390
vt 0.219287 0.821989
vt 0.245401 0.832761
vt 0.236800 0.819728
vt 0.228334 0.806389
vt 0.254506 0.817208
vt 0.263475 0.829935
vt 0.281378 0.826848
vt 0.272572 0.842583
vt 0.290689 0.839035
vt 0.308620 0.835063
vt 0.300166 0.851163
vt 0.318157 0.846807
vt 0.335559 0.842181
vt 0.327976 0.858709
vt 0.345389 0.854014
vt 0.360228 0.850021
vt 0.355742 0.866040
vt 0.370473 0.862046
vt 0.384247 0.858358
vt 0.382050 0.873546
vt 0.396178 0.869165
vt 0.411003 0.864634
vt 0.408539 0.879778
vt 0.423154 0.875139
vt 0.436749 0.870140
vt 0.435714 0.885185
vt 0.449013 0.879718
vt 0.459681 0.874647
vt 0.460404 0.887723
vt 0.470379 0.882444
vt 0.478048 0.878198
vt 0.482695 0.891397
vt 0.489160 0.886545
vt 0.496150 0.882303
vt 0.487746 0.874233
vt 0.504097 0.878442
vt 0.498166 0.870662
vt 0.513110 0.875525
vt 0.509057 0.867903
vt 0.522860 0.873746
vt 0.519436 0.866644
vt 0.533233 0.872947
vt 0.530198 0.866331
vt 0.544812 0.872822
vt 0.542624 0.866695
vt 0.556641 0.873140
vt 0.555178 0.867368
vt 0.568624 0.874094
vt 0.567860 0.868488
vt 0.580704 0.875679
vt 0.580801 0.870310
vt 0.593080 0.877989
vt 0.594108 0.872984
vt 0.605368 0.881494
vt 0.607235 0.876557
vt 0.617281 0.885820
vt 0.620077 0.880699
vt 0.629274 0.890517
vt 0.633221 0.885457
vt 0.642302 0.896020
vt 0.647445 0.890854
vt 0.656857 0.903327
vt 0.663014 0.897581
vt 0.673130 0.911615
vt 0.679765 0.905323
vt 0.690224 0.919977
vt 0.697383 0.913314
vt 0.708367 0.928406
vt 0.715827 0.921261
vt 0.721786 0.914697
vt 0.734933 0.929167
vt 0.740822 0.922120
vt 0.747072 0.913616
vt 0.760001 0.929245
vt 0.766114 0.920324
vt 0.772041 0.911006
vt 0.785430 0.926995
vt 0.791394 0.917583
vt 0.797133 0.908072
vt 0.811054 0.924178
vt 0.816824 0.914596
vt 0.822414 0.904945
vt 0.836558 0.921069
vt 0.842182 0.911323
vt 0.856216 0.927535
vt 0.861805 0.917702
vt 0.086011 0.904059
vt 0.090164 0.916619
vt 0.109503 0.913015
vt 0.105061 0.900243
vt 0.128581 0.909489
vt 0.123781 0.896520
vt 0.147290 0.906047
vt 0.142144 0.892956
vt 0.165916 0.902809
vt 0.160360 0.889627
vt 0.184645 0.899803
vt 0.178648 0.886582
vt 0.203442 0.896925
vt 0.196972 0.883704
vt 0.222361 0.894062
vt 0.215264 0.880849
vt 0.241227 0.891002
vt 0.233570 0.877844
vt 0.260228 0.887781
vt 0.252157 0.874720
vt 0.244077 0.861669
vt 0.271143 0.871552
vt 0.262734 0.858584
vt 0.254100 0.845684
vt 0.281609 0.855304
vt 0.281751 0.855450
vt 0.290433 0.868287
vt 0.282081 0.855172
vt 0.291516 0.867372
vt 0.309842 0.863204
vt 0.281769 0.855032
vt 0.301116 0.879481
vt 0.319675 0.875158
vt 0.338054 0.870652
vt 0.329659 0.886911
vt 0.348315 0.882354
vt 0.366352 0.877805
vt 0.358552 0.893592
vt 0.376684 0.888920
vt 0.393261 0.884311
vt 0.386849 0.899467
vt 0.403744 0.894800
vt 0.419911 0.890216
vt 0.413172 0.903881
vt 0.430116 0.898833
vt 0.446910 0.893592
vt 0.442521 0.908648
vt 0.459253 0.903508
vt 0.472724 0.897477
vt 0.535829 0.878037
vt 0.546776 0.877632
vt 0.602472 0.888046
vt 0.613308 0.892123
vt 0.614960 0.889658
vt 0.603683 0.885398
vt 0.557981 0.877623
vt 0.580721 0.879856
vt 0.569347 0.878447
vt 0.592203 0.882061
vt 0.625939 0.894369
vt 0.636908 0.900126
vt 0.650304 0.908229
vt 0.666299 0.917183
vt 0.683144 0.925828
vt 0.701097 0.934437
vt 0.719962 0.943305
vt 0.727397 0.936872
vt 0.739828 0.952167
vt 0.746861 0.945293
vt 0.425832 0.914202
vt 0.436624 0.922662
vt 0.452627 0.916969
vt 0.469094 0.912069
vt 0.475028 0.917206
vt 0.489079 0.912199
vt 0.483020 0.906392
vt 0.754174 0.937014
vt 0.766406 0.953297
vt 0.773463 0.944333
vt 0.779304 0.936163
vt 0.793118 0.951331
vt 0.798933 0.942939
vt 0.805067 0.933652
vt 0.818852 0.949689
vt 0.824867 0.940316
vt 0.830825 0.930740
vt 0.844516 0.946936
vt 0.850453 0.937306
vt 0.094364 0.929230
vt 0.098481 0.941851
vt 0.118470 0.938526
vt 0.113989 0.925791
vt 0.138235 0.935324
vt 0.133379 0.922419
vt 0.157744 0.932170
vt 0.152529 0.919120
vt 0.177103 0.929095
vt 0.171488 0.915969
vt 0.196580 0.926066
vt 0.190598 0.912960
vt 0.216260 0.923093
vt 0.209875 0.910071
vt 0.236256 0.920084
vt 0.229339 0.907163
vt 0.256352 0.916942
vt 0.248836 0.904045
vt 0.276451 0.913594
vt 0.268357 0.900753
vt 0.296726 0.910061
vt 0.288117 0.897350
vt 0.279551 0.884479
vt 0.308132 0.893784
vt 0.299132 0.881105
vt 0.317182 0.906333
vt 0.310836 0.891444
vt 0.320969 0.903099
vt 0.339823 0.898337
vt 0.331056 0.914336
vt 0.350033 0.909286
vt 0.368760 0.904352
vt 0.359688 0.919245
vt 0.378561 0.914147
vt 0.396536 0.908935
vt 0.390545 0.925479
vt 0.408803 0.919779
vt 0.508441 0.891899
vt 0.513862 0.888551
vt 0.510266 0.885008
vt 0.503821 0.888502
vt 0.528261 0.882787
vt 0.537579 0.881299
vt 0.526019 0.879425
vt 0.548055 0.880733
vt 0.558793 0.880584
vt 0.569793 0.881361
vt 0.580719 0.882817
vt 0.591553 0.884961
vt 0.360684 0.944961
vt 0.380879 0.939880
vt 0.371327 0.930724
vt 0.351362 0.935702
vt 0.499213 0.892534
vt 0.493665 0.897979
vt 0.623558 0.896820
vt 0.632825 0.902528
vt 0.645484 0.910897
vt 0.645526 0.911980
vt 0.661200 0.921000
vt 0.677914 0.929810
vt 0.695872 0.938482
vt 0.714762 0.947352
vt 0.734934 0.956555
vt 0.517451 0.881858
vt 0.780470 0.968390
vt 0.786276 0.960723
vt 0.760010 0.960568
vt 0.425713 0.934003
vt 0.443217 0.927992
vt 0.419176 0.928555
vt 0.801239 0.975540
vt 0.806592 0.967931
vt 0.755611 0.965202
vt 0.336667 0.962758
vt 0.331057 0.956246
vt 0.309536 0.960690
vt 0.314873 0.967187
vt 0.797912 0.980318
vt 0.776747 0.973184
vt 0.458969 0.922220
vt 0.244000 0.972681
vt 0.265939 0.968968
vt 0.258407 0.957796
vt 0.236913 0.961360
vt 0.520431 0.885304
vt 0.821240 0.983184
vt 0.826683 0.975338
vt 0.366584 0.950658
vt 0.386656 0.945360
vt 0.200369 0.978914
vt 0.178871 0.982274
vt 0.182275 0.989114
vt 0.204184 0.985878
vt 0.226050 0.982655
vt 0.221863 0.975812
vt 0.813192 0.958244
vt 0.833277 0.965130
vt 0.838694 0.956322
vt 0.102501 0.954237
vt 0.106035 0.965904
vt 0.126941 0.963042
vt 0.122832 0.951082
vt 0.147485 0.960298
vt 0.143007 0.948104
vt 0.167812 0.957421
vt 0.162924 0.945150
vt 0.188043 0.954238
vt 0.182705 0.942131
vt 0.208322 0.951053
vt 0.202557 0.938995
vt 0.228959 0.947718
vt 0.222694 0.935830
vt 0.249937 0.944363
vt 0.243166 0.932707
vt 0.271000 0.940988
vt 0.263849 0.929525
vt 0.292054 0.937393
vt 0.284500 0.926110
vt 0.313174 0.933445
vt 0.305308 0.922448
vt 0.334464 0.929340
vt 0.326179 0.918519
vt 0.322557 0.945818
vt 0.344554 0.941826
vt 0.340266 0.924278
vt 0.194563 0.967841
vt 0.173724 0.971276
vt 0.215412 0.964577
vt 0.841060 0.991158
vt 0.846511 0.982750
vt 0.462520 0.924721
vt 0.477792 0.919316
vt 0.491448 0.914479
vt 0.213607 0.989918
vt 0.211549 0.989931
vt 0.211020 0.998137
vt 0.213400 0.998404
vt 0.500793 0.898454
vt 0.502766 0.899378
vt 0.505953 0.896115
vt 0.503919 0.894954
vt 0.510254 0.893195
vt 0.515152 0.889833
vt 0.521763 0.886860
vt 0.529279 0.884257
vt 0.538290 0.882644
vt 0.548459 0.881787
vt 0.559036 0.881677
vt 0.569868 0.882492
vt 0.580668 0.884132
vt 0.591249 0.886272
vt 0.601909 0.889239
vt 0.612520 0.893196
vt 0.622369 0.897923
vt 0.630857 0.903417
vt 0.637552 0.909373
vt 0.640024 0.908551
vt 0.001488 0.998250
vt 0.004364 0.995970
vt 0.003539 0.987318
vt 0.001492 0.988739
vt 0.659052 0.922821
vt 0.675339 0.931750
vt 0.693341 0.940405
vt 0.712497 0.949194
vt 0.732828 0.958393
vt 0.753641 0.967193
vt 0.400608 0.934614
vt 0.157306 0.985832
vt 0.152770 0.974536
vt 0.131809 0.977335
vt 0.135616 0.988729
vt 0.287785 0.964985
vt 0.301116 0.949938
vt 0.279806 0.953999
vt 0.131811 0.977334
vt 0.483706 0.987384
vt 0.472283 0.987467
vt 0.471971 0.998504
vt 0.482928 0.998508
vt 0.353091 0.951979
vt 0.160134 0.992329
vt 0.817746 0.987753
vt 0.837815 0.995847
vt 0.292745 0.971524
vt 0.270496 0.975494
vt 0.137646 0.995176
vt 0.406669 0.940020
vt 0.426500 0.934934
vt 0.408975 0.942214
vt 0.428983 0.937601
vt 0.428940 0.936231
vt 0.432605 0.938171
vt 0.447179 0.930600
vt 0.024238 0.997029
vt 0.029618 0.998313
vt 0.029539 0.997132
vt 0.024343 0.995850
vt 0.019568 0.993841
vt 0.019367 0.994996
vt 0.024514 0.993410
vt 0.015281 0.991426
vt 0.014780 0.992503
vt 0.029172 0.928437
vt 0.034105 0.927145
vt 0.033409 0.924545
vt 0.028147 0.926191
vt 0.011758 0.988886
vt 0.010946 0.989713
vt 0.006463 0.956202
vt 0.008063 0.951077
vt 0.005872 0.950004
vt 0.004151 0.955364
vt 0.009251 0.986066
vt 0.008158 0.986681
vt 0.007379 0.983156
vt 0.006279 0.983553
vt 0.010359 0.946220
vt 0.013229 0.941719
vt 0.011240 0.940226
vt 0.008258 0.944913
vt 0.006011 0.979774
vt 0.004848 0.980005
vt 0.016451 0.937601
vt 0.014611 0.935926
vt 0.004600 0.975781
vt 0.003194 0.975934
vt 0.020105 0.933820
vt 0.018497 0.931976
vt 0.003343 0.971173
vt 0.002129 0.971150
vt 0.057935 0.930979
vt 0.062238 0.934010
vt 0.064237 0.932214
vt 0.059440 0.928891
vt 0.002774 0.966182
vt 0.001499 0.966057
vt 0.024446 0.930662
vt 0.023085 0.928630
vt 0.003060 0.960889
vt 0.001866 0.960644
vt 0.016286 0.989252
vt 0.002995 0.954985
vt 0.565723 0.992566
vt 0.569467 0.989866
vt 0.569540 0.986901
vt 0.565524 0.989688
vt 0.004748 0.949468
vt 0.039034 0.926626
vt 0.043861 0.926756
vt 0.043918 0.924257
vt 0.038711 0.924083
vt 0.007227 0.944269
vt 0.048609 0.927466
vt 0.049143 0.924984
vt 0.010308 0.939501
vt 0.053341 0.928839
vt 0.054365 0.926497
vt 0.013714 0.935109
vt 0.017737 0.931110
vt 0.005963 0.971226
vt 0.005304 0.966433
vt 0.022472 0.927664
vt 0.027631 0.925034
vt 0.065964 0.937720
vt 0.068821 0.942138
vt 0.071240 0.941304
vt 0.068249 0.936407
vt 0.033108 0.923527
vt 0.569570 0.985874
vt 0.565425 0.988573
vt 0.020059 0.991409
vt 0.020844 0.985187
vt 0.017808 0.983196
vt 0.043967 0.923138
vt 0.038606 0.923205
vt 0.049407 0.923824
vt 0.054910 0.925327
vt 0.039974 0.994319
vt 0.035172 0.997346
vt 0.040848 0.996702
vt 0.060110 0.928032
vt 0.012462 0.975789
vt 0.007172 0.975633
vt 0.008514 0.979294
vt 0.014211 0.979296
vt 0.065096 0.931481
vt 0.069075 0.935930
vt 0.024757 0.987009
vt 0.072141 0.940943
vt 0.073135 0.946340
vt 0.074604 0.946034
vt 0.775053 0.975444
vt 0.796502 0.982663
vt 0.815756 0.989910
vt 0.358494 0.958247
vt 0.496431 0.896154
vt 0.248237 0.979219
vt 0.218861 0.998491
vt 0.218864 0.989852
vt 0.493758 0.900659
vt 0.339378 0.965774
vt 0.361105 0.961368
vt 0.369596 0.953441
vt 0.389256 0.947824
vt 0.041244 0.997836
vt 0.046884 0.996604
vt 0.046305 0.995377
vt 0.035426 0.998502
vt 0.045145 0.993018
vt 0.020484 0.941200
vt 0.017378 0.944822
vt 0.072654 0.956200
vt 0.075268 0.956181
vt 0.074404 0.951034
vt 0.071945 0.951406
vt 0.070710 0.946783
vt 0.562523 0.984794
vt 0.557231 0.984841
vt 0.557563 0.990356
vt 0.562273 0.990587
vt 0.063687 0.944070
vt 0.061130 0.940607
vt 0.023936 0.938016
vt 0.027739 0.935452
vt 0.040052 0.931914
vt 0.065915 0.968526
vt 0.070579 0.970440
vt 0.071887 0.965826
vt 0.067128 0.964524
vt 0.065870 0.978886
vt 0.061767 0.976047
vt 0.058873 0.979314
vt 0.062735 0.982751
vt 0.005432 0.961386
vt 0.010646 0.967135
vt 0.010656 0.962543
vt 0.054758 0.989059
vt 0.050054 0.991238
vt 0.051459 0.993572
vt 0.056409 0.991209
vt 0.014729 0.948818
vt 0.076405 0.956189
vt 0.075669 0.950915
vt 0.075133 0.961448
vt 0.076403 0.961624
vt 0.138683 0.998358
vt 0.161536 0.995391
vt 0.836226 0.998169
vt 0.183788 0.992329
vt 0.425759 0.934094
vt 0.272351 0.978348
vt 0.294889 0.974348
vt 0.317348 0.970147
vt 0.057112 0.992131
vt 0.061722 0.988988
vt 0.060938 0.988168
vt 0.049274 0.997591
vt 0.048843 0.998510
vt 0.055846 0.998510
vt 0.056463 0.997513
vt 0.011294 0.957833
vt 0.051462 0.993574
vt 0.052108 0.994630
vt 0.557039 0.982207
vt 0.562569 0.982216
vt 0.020652 0.981670
vt 0.017165 0.980169
vt 0.015794 0.976427
vt 0.042680 0.987667
vt 0.038076 0.988547
vt 0.073061 0.971426
vt 0.074432 0.966502
vt 0.031741 0.933598
vt 0.035949 0.932477
vt 0.569573 0.995888
vt 0.566441 0.998295
vt 0.068085 0.956151
vt 0.067383 0.951962
vt 0.072603 0.961053
vt 0.011136 0.971534
vt 0.068521 0.974796
vt 0.070846 0.976021
vt 0.059061 0.986161
vt 0.012550 0.953130
vt 0.055370 0.982146
vt 0.067921 0.960390
vt 0.051408 0.984472
vt 0.058043 0.937622
vt 0.064117 0.972365
vt 0.064818 0.984469
vt 0.068042 0.980340
vt 0.074155 0.971870
vt 0.075685 0.966842
vt 0.071953 0.976601
vt 0.205968 0.989156
vt 0.227948 0.985789
vt 0.069186 0.981118
vt 0.250187 0.982255
vt 0.065737 0.985226
vt 0.065861 0.947872
vt 0.041365 0.984520
vt 0.037012 0.985005
vt 0.032719 0.984970
vt 0.035714 0.980660
vt 0.031721 0.980464
vt 0.027802 0.979818
vt 0.028549 0.984461
vt 0.023870 0.978733
vt 0.024523 0.983286
vt 0.019763 0.977458
vt 0.022962 0.974167
vt 0.018694 0.973072
vt 0.014536 0.972139
vt 0.018085 0.968757
vt 0.013925 0.967765
vt 0.017920 0.964452
vt 0.013825 0.963307
vt 0.018413 0.960239
vt 0.014266 0.958801
vt 0.019531 0.956256
vt 0.015452 0.954388
vt 0.021251 0.952517
vt 0.017378 0.950296
vt 0.023463 0.949156
vt 0.019802 0.946551
vt 0.026100 0.946171
vt 0.022771 0.943271
vt 0.029146 0.943669
vt 0.026170 0.940496
vt 0.032486 0.941692
vt 0.029755 0.938236
vt 0.035931 0.940169
vt 0.033496 0.936562
vt 0.039393 0.939140
vt 0.037279 0.935428
vt 0.042879 0.938559
vt 0.041016 0.934976
vt 0.187888 0.995027
vt 0.183949 0.995036
vt 0.183954 0.998487
vt 0.188299 0.998404
vt 0.011030 0.997750
vt 0.011064 0.994133
vt 0.007360 0.994113
vt 0.007356 0.998284
vt 0.041968 0.942530
vt 0.045307 0.941515
vt 0.048717 0.940087
vt 0.047884 0.943965
vt 0.051578 0.942077
vt 0.055352 0.939622
vt 0.052216 0.937519
vt 0.054598 0.935207
vt 0.054210 0.944469
vt 0.058252 0.942251
vt 0.056587 0.947172
vt 0.060710 0.945311
vt 0.058571 0.950154
vt 0.062741 0.948779
vt 0.060092 0.953275
vt 0.064301 0.952457
vt 0.065199 0.956204
vt 0.065204 0.960023
vt 0.047176 0.986331
vt 0.053358 0.979776
vt 0.049631 0.981889
vt 0.045628 0.983497
vt 0.047396 0.978436
vt 0.043629 0.979670
vt 0.557651 0.993504
vt 0.557685 0.997725
vt 0.561630 0.998297
vt 0.562004 0.993949
vt 0.060686 0.998275
vt 0.064604 0.996213
vt 0.064596 0.991346
vt 0.061088 0.993110
vt 0.039689 0.980444
vt 0.038064 0.976090
vt 0.034441 0.976236
vt 0.036753 0.972053
vt 0.033439 0.972100
vt 0.029988 0.971686
vt 0.030732 0.975927
vt 0.026308 0.970901
vt 0.026948 0.975184
vt 0.022309 0.969865
vt 0.026150 0.966935
vt 0.022189 0.965731
vt 0.026645 0.963344
vt 0.022681 0.961848
vt 0.027638 0.960023
vt 0.023760 0.958225
vt 0.029112 0.957108
vt 0.025318 0.954909
vt 0.030998 0.954524
vt 0.027360 0.951927
vt 0.033186 0.952125
vt 0.029763 0.949257
vt 0.035697 0.950115
vt 0.032467 0.946994
vt 0.038428 0.948337
vt 0.035470 0.945154
vt 0.041381 0.946829
vt 0.038673 0.943673
vt 0.044495 0.945440
vt 0.043946 0.949736
vt 0.046939 0.948144
vt 0.050382 0.946422
vt 0.049159 0.950784
vt 0.052558 0.949042
vt 0.051105 0.953490
vt 0.054448 0.951781
vt 0.052704 0.956141
vt 0.055859 0.954527
vt 0.050513 0.958001
vt 0.052778 0.960715
vt 0.048453 0.955252
vt 0.046131 0.957038
vt 0.048481 0.959940
vt 0.046299 0.952500
vt 0.043740 0.954190
vt 0.041442 0.955922
vt 0.044038 0.958835
vt 0.041190 0.951329
vt 0.038678 0.953044
vt 0.036388 0.954924
vt 0.039318 0.957666
vt 0.037364 0.959437
vt 0.040105 0.962256
vt 0.042046 0.960590
vt 0.034339 0.956957
vt 0.032568 0.959171
vt 0.035584 0.961258
vt 0.038286 0.963771
vt 0.031126 0.961692
vt 0.030021 0.964517
vt 0.029674 0.967907
vt 0.040542 0.966855
vt 0.042627 0.965404
vt 0.044676 0.963713
vt 0.042709 0.970396
vt 0.045204 0.968954
vt 0.047451 0.967144
vt 0.049466 0.965125
vt 0.046628 0.961860
vt 0.047905 0.972833
vt 0.050507 0.970811
vt 0.052741 0.968526
vt 0.054609 0.966118
vt 0.051208 0.962967
vt 0.053771 0.974386
vt 0.056330 0.971726
vt 0.058505 0.968961
vt 0.060083 0.965818
vt 0.056025 0.963467
vt 0.059419 0.974237
vt 0.061691 0.970950
vt 0.063334 0.967394
vt 0.064536 0.963765
vt 0.056585 0.977149
vt 0.050811 0.976649
vt 0.044921 0.974392
vt 0.039822 0.971464
vt 0.041626 0.975470
vt 0.355874 0.982060
vt 0.366604 0.998093
vt 0.550250 0.578354
vt 0.545898 0.593502
vt 0.544882 0.610457
vt 0.529623 0.590330
vt 0.551709 0.627500
vt 0.961495 0.942651
vt 0.962039 0.948988
vt 0.968316 0.950180
vt 0.955311 0.948537
vt 0.955709 0.955756
vt 0.961823 0.955672
vt 0.949217 0.955935
vt 0.949454 0.963258
vt 0.955833 0.963188
vt 0.942814 0.963364
vt 0.942647 0.969565
vt 0.949183 0.969598
vt 0.935971 0.967708
vt 0.935849 0.973252
vt 0.942349 0.975071
vt 0.928800 0.972123
vt 0.928631 0.977710
vt 0.935423 0.978852
vt 0.921492 0.978649
vt 0.921003 0.984774
vt 0.927849 0.984272
vt 0.927469 0.991517
vt 0.934497 0.985286
vt 0.920705 0.991664
vt 0.920036 0.998513
vt 0.927009 0.998513
vt 0.920507 0.878157
vt 0.941868 0.980519
vt 0.948809 0.975083
vt 0.955620 0.969448
vt 0.961558 0.962639
vt 0.967218 0.956197
vt 0.971391 0.956984
vt 0.973318 0.951411
vt 0.204477 0.421326
vt 0.208449 0.412135
vt 0.202186 0.411388
vt 0.196814 0.410286
vt 0.191687 0.408071
vt 0.941736 0.588161
vt 0.938763 0.590304
vt 0.939556 0.598721
vt 0.943563 0.595634
vt 0.939012 0.608400
vt 0.943563 0.604092
vt 0.933676 0.602451
vt 0.933130 0.613166
vt 0.932127 0.625194
vt 0.938404 0.621459
vt 0.926051 0.617248
vt 0.924743 0.628445
vt 0.923722 0.637963
vt 0.931160 0.636009
vt 0.917149 0.629588
vt 0.916071 0.638738
vt 0.915413 0.647078
vt 0.922924 0.647182
vt 0.908237 0.638169
vt 0.907645 0.646595
vt 0.907955 0.654849
vt 0.915654 0.655783
vt 0.899762 0.646035
vt 0.900093 0.654782
vt 0.901043 0.663965
vt 0.908734 0.664056
vt 0.892321 0.655459
vt 0.893221 0.665146
vt 0.894109 0.674894
vt 0.901991 0.674244
vt 0.885669 0.666143
vt 0.886318 0.676306
vt 0.887072 0.686505
vt 0.894786 0.685459
vt 0.878509 0.674126
vt 0.879115 0.684563
vt 0.879574 0.694326
vt 0.887402 0.696680
vt 0.871414 0.684387
vt 0.871725 0.694022
vt 0.871890 0.702665
vt 0.879839 0.703260
vt 0.863783 0.693297
vt 0.863607 0.701626
vt 0.863522 0.709207
vt 0.871964 0.710137
vt 0.855324 0.701498
vt 0.855166 0.709817
vt 0.855339 0.718727
vt 0.863592 0.717483
vt 0.847261 0.711018
vt 0.847286 0.720641
vt 0.847378 0.731879
vt 0.855403 0.729673
vt 0.839662 0.720328
vt 0.839629 0.731972
vt 0.839780 0.743930
vt 0.847690 0.743948
vt 0.847955 0.754690
vt 0.856041 0.754341
vt 0.855708 0.742491
vt 0.839927 0.754774
vt 0.839800 0.763877
vt 0.847898 0.763877
vt 0.831944 0.754530
vt 0.831608 0.763877
vt 0.832400 0.547409
vt 0.832468 0.556140
vt 0.840616 0.555680
vt 0.840534 0.547409
vt 0.823654 0.763877
vt 0.824502 0.547409
vt 0.824633 0.556407
vt 0.824828 0.564961
vt 0.832648 0.564508
vt 0.832915 0.572899
vt 0.841051 0.572063
vt 0.840776 0.563755
vt 0.825058 0.573356
vt 0.825230 0.581956
vt 0.833203 0.581579
vt 0.817173 0.572764
vt 0.817333 0.581224
vt 0.817336 0.589766
vt 0.825213 0.590816
vt 0.809503 0.581545
vt 0.809636 0.589283
vt 0.809043 0.600460
vt 0.816885 0.600561
vt 0.802178 0.583476
vt 0.802415 0.591471
vt 0.801965 0.600999
vt 0.796809 0.595527
vt 0.796809 0.605198
vt 0.796809 0.586157
vt 0.434314 0.994567
vt 0.848700 0.563652
vt 0.848623 0.555612
vt 0.856645 0.555891
vt 0.856618 0.547409
vt 0.848576 0.547409
vt 0.864448 0.547409
vt 0.855999 0.763877
vt 0.863885 0.763877
vt 0.863722 0.753785
vt 0.871626 0.763877
vt 0.871281 0.753637
vt 0.870976 0.741036
vt 0.863366 0.741017
vt 0.871334 0.728453
vt 0.863370 0.727880
vt 0.871937 0.718361
vt 0.879220 0.730231
vt 0.880015 0.720205
vt 0.880115 0.711593
vt 0.887014 0.722988
vt 0.887513 0.714683
vt 0.887467 0.706189
vt 0.894497 0.716085
vt 0.894782 0.707259
vt 0.894987 0.696928
vt 0.902362 0.708550
vt 0.902472 0.698216
vt 0.902504 0.686040
vt 0.910032 0.699407
vt 0.909852 0.687236
vt 0.909438 0.674700
vt 0.917199 0.687689
vt 0.916812 0.675899
vt 0.916263 0.665317
vt 0.924209 0.676437
vt 0.923660 0.666338
vt 0.923145 0.656545
vt 0.930975 0.666910
vt 0.930659 0.656789
vt 0.930261 0.646676
vt 0.937609 0.634129
vt 0.943281 0.633111
vt 0.943563 0.618575
vt 0.936576 0.668190
vt 0.940449 0.669872
vt 0.930362 0.677132
vt 0.923971 0.687181
vt 0.917391 0.699157
vt 0.910135 0.709362
vt 0.902269 0.717557
vt 0.893622 0.724200
vt 0.885945 0.732223
vt 0.878787 0.741809
vt 0.955340 0.878157
vt 0.962312 0.998513
vt 0.974615 0.984753
vt 0.796809 0.661618
vt 0.810024 0.093531
vt 0.387412 0.412024
vt 0.539470 0.429881
vt 0.498675 0.130860
vt 0.493206 0.141888
vt 0.509845 0.148560
vt 0.516459 0.136630
vt 0.526419 0.156002
vt 0.518911 0.168400
vt 0.536060 0.177652
vt 0.529170 0.190366
vt 0.548277 0.200856
vt 0.540613 0.217990
vt 0.562481 0.224658
vt 0.560062 0.235181
vt 0.588633 0.235467
vt 0.433990 0.369113
vt 0.109281 0.365851
vt 0.084547 0.974753
vt 0.455419 0.360079
vt 0.215384 0.326399
vt 0.100451 0.360175
s 1
usemtl hand.001
f 1/1/1 2/2/2 3/3/3
f 1/1/1 3/3/3 4/4/4
f 5/5/5 6/6/4 7/7/6
f 5/5/5 7/7/6 8/8/7
f 1/1/1 9/9/8 10/10/9
f 1/1/1 10/10/9 11/11/10
f 5/5/5 8/8/7 12/12/11
f 5/5/5 12/12/11 13/13/8
f 14/14/12 15/15/13 16/16/14
f 14/14/12 16/16/14 17/17/15
f 14/14/12 18/18/16 19/19/17
f 14/14/12 19/19/17 20/20/18
f 14/14/12 20/20/18 21/21/19
f 14/14/12 21/21/19 15/15/13
f 22/22/20 23/23/21 24/24/22
f 22/22/20 24/24/22 25/25/23
f 26/26/20 27/27/24 28/28/25
f 26/26/20 28/28/25 29/29/26
f 26/26/20 30/30/27 31/31/28
f 26/26/20 31/31/28 27/27/24
f 26/26/20 32/32/23 33/33/29
f 26/26/20 33/33/29 30/30/27
f 34/34/30 35/35/31 36/36/32
f 34/34/30 36/36/32 37/37/33
f 34/34/30 37/37/33 38/38/34
f 34/34/30 38/38/34 39/39/35
f 34/34/30 40/40/36 41/41/37
f 34/34/30 41/41/37 35/35/31
f 42/42/38 43/43/39 44/44/40
f 42/42/38 44/44/40 45/45/41
f 46/46/38 47/47/42 48/48/43
f 46/46/38 48/48/43 49/49/44
f 42/42/38 45/45/41 50/50/45
f 42/42/38 50/50/45 51/51/46
f 52/52/47 53/53/48 54/54/49
f 52/52/47 54/54/49 55/55/50
f 56/56/51 57/57/52 58/58/53
f 56/56/51 58/58/53 59/59/54
f 60/60/55 61/61/54 62/62/56
f 60/60/55 62/62/56 63/63/57
f 60/60/55 63/63/57 64/64/58
f 60/60/55 64/64/58 65/65/59
f 66/66/60 67/67/61 68/68/62
f 66/66/60 68/68/62 69/69/63
f 66/66/60 70/70/64 71/71/65
f 66/66/60 71/71/65 67/67/61
f 66/66/60 69/69/63 72/72/66
f 66/66/60 72/72/66 70/70/64
f 73/73/67 74/74/68 75/75/69
f 73/73/67 75/75/69 76/76/70
f 77/77/71 78/78/72 79/79/73
f 77/77/71 79/79/73 80/80/74
f 77/77/71 81/81/75 82/82/76
f 77/77/71 82/82/76 78/78/72
f 83/83/77 84/84/78 85/85/79
f 83/83/77 85/85/79 86/86/80
f 83/83/77 87/87/81 88/88/82
f 83/83/77 88/88/82 84/84/78
f 89/89/83 90/90/84 91/91/85
f 89/89/83 91/91/85 92/92/86
f 93/93/87 94/94/88 95/95/89
f 93/93/87 95/95/89 96/96/90
f 97/97/91 98/98/92 99/99/93
f 97/97/91 99/99/93 100/100/94
f 93/93/87 101/101/94 102/102/95
f 93/93/87 102/102/95 94/94/88
f 103/103/96 104/104/97 105/105/98
f 103/103/96 105/105/98 106/106/99
f 107/107/100 108/108/101 109/109/102
f 107/107/100 109/109/102 110/110/97
f 111/111/103 112/112/104 113/113/105
f 111/111/103 113/113/105 114/114/106
f 115/115/107 116/116/108 117/117/109
f 115/115/107 117/117/109 118/118/110
f 119/119/111 120/120/112 116/116/108
f 119/119/111 116/116/108 115/115/107
f 115/115/107 118/118/110 121/121/113
f 115/115/107 121/121/113 119/119/111
f 122/122/114 123/123/115 124/124/116
f 122/122/114 124/124/116 125/125/117
f 126/126/118 127/127/119 128/128/120
f 126/126/118 128/128/120 129/129/121
f 130/130/118 131/131/122 132/132/123
f 130/130/118 132/132/123 133/133/119
f 134/134/124 135/135/125 136/136/126
f 134/134/124 136/136/126 137/137/127
f 134/134/124 137/137/127 138/138/128
f 134/134/124 138/138/128 139/139/129
f 134/134/124 140/140/130 141/141/131
f 134/134/124 141/141/131 142/142/132
f 134/134/124 139/139/129 143/143/133
f 134/134/124 143/143/133 140/140/130
f 144/144/134 145/145/135 146/146/136
f 144/144/134 146/146/136 147/147/137
f 148/148/134 149/149/138 150/150/139
f 148/148/134 150/150/139 151/151/140
f 148/148/134 152/152/141 153/153/142
f 148/148/134 153/153/142 149/149/138
f 148/148/134 151/151/140 154/154/143
f 148/148/134 154/154/143 155/155/135
f 144/144/134 147/147/137 156/156/144
f 144/144/134 156/156/144 157/157/145
f 158/158/146 159/159/147 160/160/148
f 158/158/146 160/160/148 161/161/149
f 158/158/146 162/162/150 163/163/151
f 158/158/146 163/163/151 159/159/147
f 158/158/146 164/164/152 165/165/153
f 158/158/146 165/165/153 162/162/150
f 158/158/146 166/166/154 167/167/155
f 158/158/146 167/167/155 164/164/152
f 158/158/146 161/161/149 168/168/156
f 158/158/146 168/168/156 166/166/154
f 169/169/157 170/170/158 171/171/159
f 169/169/157 171/171/159 172/172/160
f 173/173/161 174/174/160 175/175/162
f 173/173/161 175/175/162 176/176/163
f 169/169/157 177/177/164 178/178/165
f 169/169/157 178/178/165 170/170/158
f 179/179/166 180/180/167 181/181/168
f 179/179/166 181/181/168 182/182/169
f 179/179/166 183/183/170 184/184/171
f 179/179/166 184/184/171 180/180/167
f 179/179/166 182/182/169 185/185/172
f 179/179/166 185/185/172 183/183/170
f 186/186/173 187/187/174 188/188/175
f 186/186/173 188/188/175 189/189/176
f 186/186/173 189/189/176 190/190/177
f 186/186/173 190/190/177 191/191/178
f 186/186/173 192/192/179 193/193/180
f 186/186/173 193/193/180 187/187/174
f 186/186/173 191/191/178 194/194/181
f 186/186/173 194/194/181 195/195/182
f 186/186/173 195/195/182 196/196/183
f 186/186/173 196/196/183 192/192/179
f 197/197/184 198/198/185 3/3/3
f 197/197/184 3/3/3 2/2/2
f 199/199/184 200/200/186 201/201/187
f 199/199/184 201/201/187 202/202/185
f 197/197/184 2/2/2 203/203/188
f 197/197/184 203/203/188 204/204/189
f 205/205/190 206/206/191 207/207/192
f 205/205/190 207/207/192 208/208/193
f 205/205/190 209/209/194 210/210/195
f 205/205/190 210/210/195 211/211/196
f 205/205/190 211/211/196 212/212/197
f 205/205/190 212/212/197 213/213/198
f 205/205/190 208/208/193 214/214/199
f 205/205/190 214/214/199 209/209/194
f 205/205/190 213/213/198 215/215/200
f 205/205/190 215/215/200 206/206/191
f 216/216/201 217/217/202 218/218/203
f 216/216/201 218/218/203 219/219/204
f 220/220/205 221/221/206 222/222/207
f 220/220/205 222/222/207 223/223/208
f 216/216/201 224/224/209 225/225/210
f 216/216/201 225/225/210 217/217/202
f 226/226/211 227/227/212 228/228/213
f 226/226/211 228/228/213 229/229/214
f 230/230/215 231/231/214 232/232/216
f 230/230/215 232/232/216 233/233/217
f 234/234/211 235/235/218 236/236/219
f 234/234/211 236/236/219 237/237/220
f 238/238/221 239/239/222 240/240/223
f 238/238/221 240/240/223 241/241/224
f 238/238/221 242/242/225 243/243/226
f 238/238/221 243/243/226 239/239/222
f 244/244/227 41/41/37 245/245/228
f 244/244/227 245/245/228 246/246/225
f 247/247/229 248/248/230 249/249/231
f 247/247/229 249/249/231 250/250/232
f 251/251/233 252/252/234 253/253/235
f 251/251/233 253/253/235 254/254/236
f 247/247/229 255/255/236 256/256/237
f 247/247/229 256/256/237 248/248/230
f 257/257/238 258/258/239 259/259/240
f 257/257/238 259/259/240 260/260/241
f 257/257/238 260/260/241 261/261/242
f 257/257/238 261/261/242 262/262/243
f 257/257/238 263/263/244 264/264/245
f 257/257/238 264/264/245 258/258/239
f 257/257/238 262/262/243 265/265/246
f 257/257/238 265/265/246 266/266/247
f 267/267/248 268/268/249 269/269/250
f 267/267/248 269/269/250 270/270/251
f 267/267/248 271/271/252 272/272/253
f 267/267/248 272/272/253 268/268/249
f 267/267/248 270/270/251 273/273/254
f 267/267/248 273/273/254 271/271/252
f 274/274/255 275/275/256 276/276/257
f 274/274/255 276/276/257 277/277/258
f 278/278/259 279/279/260 280/280/261
f 278/278/259 280/280/261 281/281/262
f 278/278/259 282/282/263 283/283/264
f 278/278/259 283/283/264 279/279/260
f 284/284/265 285/285/266 286/286/267
f 284/284/265 286/286/267 287/287/268
f 284/284/265 288/288/269 289/289/270
f 284/284/265 289/289/270 285/285/266
f 284/284/265 287/287/268 290/290/271
f 284/284/265 290/290/271 288/288/269
f 291/291/272 292/292/273 293/293/274
f 291/291/272 293/293/274 294/294/275
f 291/291/272 294/294/275 295/295/276
f 291/291/272 295/295/276 296/296/277
f 291/291/272 296/296/277 297/297/278
f 291/291/272 297/297/278 292/292/273
f 298/298/279 299/299/280 300/300/281
f 298/298/279 300/300/281 301/301/282
f 298/298/279 49/49/44 48/48/43
f 298/298/279 48/48/43 302/302/283
f 298/298/279 302/302/283 303/303/284
f 298/298/279 303/303/284 299/299/280
f 304/304/285 305/305/286 306/306/287
f 304/304/285 306/306/287 307/307/288
f 308/308/289 309/309/290 310/310/291
f 308/308/289 310/310/291 311/311/292
f 312/312/293 313/313/294 314/314/295
f 312/312/293 314/314/295 315/315/296
f 312/312/293 315/315/296 316/316/297
f 312/312/293 316/316/297 317/317/298
f 312/312/293 153/153/142 318/318/299
f 312/312/293 318/318/299 313/313/294
f 319/319/300 320/320/301 321/321/302
f 319/319/300 321/321/302 322/322/303
f 319/319/300 323/323/304 324/324/305
f 319/319/300 324/324/305 320/320/301
f 319/319/300 322/322/303 325/325/306
f 319/319/300 325/325/306 323/323/304
f 326/326/307 327/327/308 328/328/309
f 326/326/307 328/328/309 329/329/310
f 326/326/307 329/329/310 330/330/311
f 326/326/307 330/330/311 331/331/312
f 326/326/307 331/331/312 332/332/313
f 326/326/307 332/332/313 327/327/308
f 333/333/314 334/334/315 335/335/316
f 333/333/314 335/335/316 336/336/317
f 337/337/318 338/338/319 334/334/315
f 337/337/318 334/334/315 333/333/314
f 333/333/314 336/336/317 339/339/320
f 333/333/314 339/339/320 337/337/318
f 340/340/321 341/341/322 342/342/323
f 340/340/321 342/342/323 343/343/324
f 344/344/325 345/345/326 346/346/327
f 344/344/325 346/346/327 347/347/322
f 340/340/321 343/343/324 348/348/328
f 340/340/321 348/348/328 349/349/329
f 350/350/330 351/351/331 352/352/332
f 350/350/330 352/352/332 353/353/333
f 354/354/330 355/355/334 356/356/335
f 354/354/330 356/356/335 357/357/331
f 358/358/336 359/359/337 360/360/338
f 358/358/336 360/360/338 361/361/339
f 362/362/340 363/363/341 364/364/342
f 362/362/340 364/364/342 365/365/343
f 362/362/340 366/366/344 367/367/345
f 362/362/340 367/367/345 363/363/341
f 368/368/346 369/369/347 370/370/348
f 368/368/346 370/370/348 371/371/349
f 372/372/350 373/373/351 374/374/352
f 372/372/350 374/374/352 375/375/353
f 372/372/350 376/376/354 377/377/355
f 372/372/350 377/377/355 373/373/351
f 372/372/350 375/375/353 378/378/356
f 372/372/350 378/378/356 376/376/354
f 379/379/357 380/380/358 381/381/359
f 379/379/357 381/381/359 382/382/360
f 379/379/357 382/382/360 383/383/361
f 379/379/357 383/383/361 384/384/362
f 379/379/357 384/384/362 385/385/363
f 379/379/357 385/385/363 380/380/358
f 386/386/364 387/387/365 388/388/366
f 386/386/364 388/388/366 389/389/367
f 386/386/364 389/389/367 390/390/368
f 386/386/364 390/390/368 391/391/369
f 386/386/364 391/391/369 392/392/370
f 386/386/364 392/392/370 387/387/365
f 392/392/370 393/393/371 394/394/372
f 392/392/370 394/394/372 387/387/365
f 392/392/370 391/391/369 395/395/373
f 392/392/370 395/395/373 396/396/374
f 392/392/370 396/396/374 397/397/375
f 392/392/370 397/397/375 393/393/371
f 397/397/375 398/398/376 399/399/377
f 397/397/375 399/399/377 393/393/371
f 397/397/375 396/396/374 297/297/278
f 397/397/375 297/297/278 296/296/277
f 397/397/375 296/296/277 295/295/276
f 397/397/375 295/295/276 398/398/376
f 399/399/377 400/400/378 401/401/379
f 399/399/377 401/401/379 402/402/380
f 399/399/377 402/402/380 394/394/372
f 399/399/377 394/394/372 393/393/371
f 399/399/377 398/398/376 403/403/381
f 399/399/377 403/403/381 400/400/378
f 403/403/381 404/404/382 405/405/383
f 403/403/381 405/405/383 400/400/378
f 403/403/381 398/398/376 295/295/276
f 403/403/381 295/295/276 406/406/384
f 403/403/381 406/406/384 407/407/385
f 403/403/381 407/407/385 404/404/382
f 408/408/386 409/409/387 410/410/388
f 408/408/386 410/410/388 411/411/382
f 407/407/385 406/406/384 412/412/389
f 407/407/385 412/412/389 413/413/390
f 408/408/386 414/414/391 415/415/392
f 408/408/386 415/415/392 409/409/387
f 415/415/392 414/414/391 416/416/393
f 415/415/392 416/416/393 417/417/394
f 415/415/392 417/417/394 185/185/172
f 415/415/392 185/185/172 182/182/169
f 415/415/392 182/182/169 181/181/168
f 415/415/392 181/181/168 409/409/387
f 417/417/394 416/416/393 418/418/395
f 417/417/394 418/418/395 419/419/396
f 417/417/394 419/419/396 420/420/397
f 417/417/394 420/420/397 185/185/172
f 420/420/397 419/419/396 421/421/398
f 420/420/397 421/421/398 422/422/399
f 420/420/397 422/422/399 423/423/400
f 420/420/397 423/423/400 424/424/401
f 420/420/397 424/424/401 183/183/170
f 420/420/397 183/183/170 185/185/172
f 424/424/401 423/423/400 425/425/402
f 424/424/401 425/425/402 426/426/403
f 424/424/401 426/426/403 184/184/171
f 424/424/401 184/184/171 183/183/170
f 426/426/403 425/425/402 427/427/404
f 426/426/403 427/427/404 428/428/405
f 426/426/403 428/428/405 281/281/262
f 426/426/403 281/281/262 184/184/171
f 428/428/405 427/427/404 429/429/406
f 428/428/405 429/429/406 282/282/263
f 428/428/405 282/282/263 278/278/259
f 428/428/405 278/278/259 281/281/262
f 430/430/406 427/427/404 431/431/407
f 430/430/406 431/431/407 432/432/408
f 433/433/409 434/434/408 435/435/410
f 433/433/409 435/435/410 436/436/411
f 437/437/409 436/436/411 438/438/264
f 437/437/409 438/438/264 439/439/263
f 436/436/411 435/435/410 440/440/412
f 436/436/411 440/440/412 441/441/413
f 436/436/411 441/441/413 442/442/414
f 436/436/411 442/442/414 438/438/264
f 442/442/414 441/441/413 443/443/415
f 442/442/414 443/443/415 444/444/416
f 445/445/414 446/446/417 447/447/418
f 445/445/414 447/447/418 448/448/419
f 445/445/414 448/448/419 279/279/260
f 445/445/414 279/279/260 283/283/264
f 448/448/419 447/447/418 410/410/388
f 448/448/419 410/410/388 449/449/420
f 448/448/419 449/449/420 280/280/261
f 448/448/419 280/280/261 279/279/260
f 449/449/420 410/410/388 409/409/387
f 449/449/420 409/409/387 181/181/168
f 449/449/420 181/181/168 180/180/167
f 449/449/420 180/180/167 280/280/261
f 447/447/418 446/446/417 450/450/421
f 447/447/418 450/450/421 451/451/383
f 447/447/418 451/451/383 411/411/382
f 447/447/418 411/411/382 410/410/388
f 452/452/422 444/444/416 443/443/415
f 452/452/422 443/443/415 453/453/423
f 454/454/422 453/453/423 455/455/424
f 454/454/422 455/455/424 401/401/379
f 456/456/421 401/401/379 400/400/378
f 456/456/421 400/400/378 405/405/383
f 455/455/424 453/453/423 457/457/425
f 455/455/424 457/457/425 458/458/426
f 455/455/424 458/458/426 459/459/427
f 455/455/424 459/459/427 460/460/428
f 455/455/424 460/460/428 402/402/380
f 455/455/424 402/402/380 401/401/379
f 460/460/428 459/459/427 461/461/429
f 460/460/428 461/461/429 462/462/430
f 460/460/428 462/462/430 394/394/372
f 460/460/428 394/394/372 402/402/380
f 462/462/430 461/461/429 463/463/431
f 462/462/430 463/463/431 388/388/366
f 462/462/430 388/388/366 387/387/365
f 462/462/430 387/387/365 394/394/372
f 463/463/431 461/461/429 464/464/432
f 463/463/431 464/464/432 465/465/433
f 463/463/431 465/465/433 466/466/434
f 463/463/431 466/466/434 467/467/435
f 463/463/431 467/467/435 389/389/367
f 463/463/431 389/389/367 388/388/366
f 467/467/435 466/466/434 468/468/436
f 467/467/435 468/468/436 469/469/437
f 467/467/435 469/469/437 390/390/368
f 467/467/435 390/390/368 389/389/367
f 469/469/437 468/468/436 470/470/438
f 469/469/437 470/470/438 471/471/439
f 469/469/437 471/471/439 472/472/440
f 469/469/437 472/472/440 390/390/368
f 472/472/440 471/471/439 473/473/441
f 472/472/440 473/473/441 474/474/442
f 472/472/440 474/474/442 475/475/443
f 472/472/440 475/475/443 395/395/373
f 472/472/440 395/395/373 391/391/369
f 472/472/440 391/391/369 390/390/368
f 475/475/443 474/474/442 476/476/444
f 475/475/443 476/476/444 477/477/445
f 475/475/443 477/477/445 292/292/273
f 475/475/443 292/292/273 297/297/278
f 475/475/443 297/297/278 396/396/374
f 475/475/443 396/396/374 395/395/373
f 477/477/445 476/476/444 478/478/446
f 477/477/445 478/478/446 479/479/447
f 477/477/445 479/479/447 293/293/274
f 477/477/445 293/293/274 292/292/273
f 479/479/447 478/478/446 480/480/448
f 479/479/447 480/480/448 481/481/449
f 479/479/447 481/481/449 482/482/450
f 479/479/447 482/482/450 293/293/274
f 482/482/450 481/481/449 418/418/395
f 482/482/450 418/418/395 416/416/393
f 482/482/450 416/416/393 414/414/391
f 482/482/450 414/414/391 483/483/451
f 482/482/450 484/484/451 294/294/275
f 482/482/450 294/294/275 293/293/274
f 481/481/449 480/480/448 485/485/452
f 481/481/449 485/485/452 418/418/395
f 485/485/452 480/480/448 486/486/453
f 485/485/452 486/486/453 487/487/454
f 485/485/452 487/487/454 488/488/455
f 485/485/452 488/488/455 421/421/398
f 485/485/452 421/421/398 419/419/396
f 485/485/452 419/419/396 418/418/395
f 488/488/455 487/487/454 489/489/456
f 488/488/455 489/489/456 490/490/457
f 488/488/455 490/490/457 491/491/458
f 488/488/455 491/491/458 492/492/459
f 488/488/455 492/492/459 422/422/399
f 488/488/455 422/422/399 421/421/398
f 492/492/459 491/491/458 493/493/460
f 492/492/459 493/493/460 494/494/461
f 492/492/459 494/494/461 423/423/400
f 492/492/459 423/423/400 422/422/399
f 494/494/461 493/493/460 495/495/462
f 494/494/461 495/495/462 496/496/463
f 494/494/461 496/496/463 425/425/402
f 494/494/461 425/425/402 423/423/400
f 496/496/463 495/495/462 497/497/464
f 496/496/463 497/497/464 431/431/407
f 496/496/463 431/431/407 427/427/404
f 496/496/463 427/427/404 425/425/402
f 497/497/464 495/495/462 498/498/465
f 497/497/464 498/498/465 499/499/466
f 497/497/464 499/499/466 500/500/467
f 497/497/464 500/500/467 501/501/468
f 497/497/464 501/501/468 432/432/408
f 497/497/464 432/432/408 431/431/407
f 502/502/469 503/503/470 504/504/471
f 502/502/469 504/504/471 505/505/472
f 502/502/469 505/505/472 435/435/410
f 502/502/469 435/435/410 434/434/408
f 505/505/472 504/504/471 506/506/473
f 505/505/472 506/506/473 507/507/474
f 505/505/472 507/507/474 440/440/412
f 505/505/472 440/440/412 435/435/410
f 507/507/474 506/506/473 508/508/475
f 507/507/474 508/508/475 509/509/476
f 507/507/474 509/509/476 510/510/477
f 507/507/474 510/510/477 440/440/412
f 510/510/477 509/509/476 511/511/478
f 510/510/477 511/511/478 457/457/425
f 510/510/477 457/457/425 453/453/423
f 510/510/477 453/453/423 443/443/415
f 510/510/477 443/443/415 441/441/413
f 510/510/477 441/441/413 440/440/412
f 511/511/478 509/509/476 508/508/475
f 511/511/478 508/508/475 512/512/479
f 511/511/478 512/512/479 513/513/480
f 511/511/478 513/513/480 514/514/481
f 511/511/478 514/514/481 458/458/426
f 511/511/478 458/458/426 457/457/425
f 514/514/481 513/513/480 515/515/482
f 514/514/481 515/515/482 516/516/483
f 514/514/481 516/516/483 459/459/427
f 514/514/481 459/459/427 458/458/426
f 516/516/483 515/515/482 517/517/484
f 516/516/483 517/517/484 464/464/432
f 516/516/483 464/464/432 461/461/429
f 516/516/483 461/461/429 459/459/427
f 517/517/484 515/515/482 518/518/485
f 517/517/484 518/518/485 519/519/486
f 517/517/484 519/519/486 520/520/487
f 517/517/484 520/520/487 521/521/488
f 517/517/484 521/521/488 465/465/433
f 517/517/484 465/465/433 464/464/432
f 521/521/488 520/520/487 522/522/489
f 521/521/488 522/522/489 523/523/490
f 521/521/488 523/523/490 466/466/434
f 521/521/488 466/466/434 465/465/433
f 523/523/490 522/522/489 524/524/491
f 523/523/490 524/524/491 525/525/492
f 523/523/490 525/525/492 468/468/436
f 523/523/490 468/468/436 466/466/434
f 525/525/492 524/524/491 526/526/493
f 525/525/492 526/526/493 527/527/494
f 525/525/492 527/527/494 470/470/438
f 525/525/492 470/470/438 468/468/436
f 527/527/494 526/526/493 528/528/495
f 527/527/494 528/528/495 529/529/496
f 527/527/494 529/529/496 530/530/497
f 527/527/494 530/530/497 470/470/438
f 530/530/497 529/529/496 531/531/498
f 530/530/497 531/531/498 532/532/499
f 530/530/497 532/532/499 533/533/500
f 530/530/497 533/533/500 473/473/441
f 530/530/497 473/473/441 471/471/439
f 530/530/497 471/471/439 470/470/438
f 533/533/500 532/532/499 534/534/501
f 533/533/500 534/534/501 535/535/502
f 533/533/500 535/535/502 478/478/446
f 533/533/500 478/478/446 476/476/444
f 533/533/500 476/476/444 474/474/442
f 533/533/500 474/474/442 473/473/441
f 535/535/502 534/534/501 536/536/503
f 535/535/502 536/536/503 486/486/453
f 535/535/502 486/486/453 480/480/448
f 535/535/502 480/480/448 478/478/446
f 536/536/503 534/534/501 537/537/504
f 536/536/503 537/537/504 538/538/505
f 536/536/503 538/538/505 539/539/506
f 536/536/503 539/539/506 489/489/456
f 536/536/503 489/489/456 487/487/454
f 536/536/503 487/487/454 486/486/453
f 539/539/506 538/538/505 540/540/507
f 539/539/506 540/540/507 541/541/508
f 539/539/506 541/541/508 542/542/509
f 539/539/506 542/542/509 543/543/510
f 539/539/506 543/543/510 490/490/457
f 539/539/506 490/490/457 489/489/456
f 543/543/510 542/542/509 544/544/511
f 543/543/510 544/544/511 545/545/512
f 543/543/510 545/545/512 491/491/458
f 543/543/510 491/491/458 490/490/457
f 545/545/512 544/544/511 546/546/513
f 545/545/512 546/546/513 547/547/514
f 545/545/512 547/547/514 493/493/460
f 545/545/512 493/493/460 491/491/458
f 547/547/514 546/546/513 548/548/515
f 547/547/514 548/548/515 498/498/465
f 547/547/514 498/498/465 495/495/462
f 547/547/514 495/495/462 493/493/460
f 548/548/515 546/546/513 549/549/516
f 548/548/515 549/549/516 550/550/517
f 548/548/515 550/550/517 551/551/518
f 548/548/515 551/551/518 552/552/519
f 548/548/515 552/552/519 499/499/466
f 548/548/515 499/499/466 498/498/465
f 552/552/519 551/551/518 553/553/520
f 552/552/519 553/553/520 554/554/521
f 552/552/519 554/554/521 500/500/467
f 552/552/519 500/500/467 499/499/466
f 555/555/521 556/556/522 557/557/523
f 555/555/521 557/557/523 558/558/524
f 555/555/521 558/558/524 504/504/471
f 555/555/521 504/504/471 503/503/470
f 558/558/524 557/557/523 559/559/525
f 558/558/524 559/559/525 560/560/526
f 558/558/524 560/560/526 506/506/473
f 558/558/524 506/506/473 504/504/471
f 560/560/526 559/559/525 561/561/527
f 560/560/526 561/561/527 562/562/528
f 560/560/526 562/562/528 508/508/475
f 560/560/526 508/508/475 506/506/473
f 562/562/528 561/561/527 563/563/529
f 562/562/528 563/563/529 564/564/530
f 562/562/528 564/564/530 512/512/479
f 562/562/528 512/512/479 508/508/475
f 564/564/530 563/563/529 565/565/531
f 564/564/530 565/565/531 566/566/532
f 564/564/530 566/566/532 513/513/480
f 564/564/530 513/513/480 512/512/479
f 566/566/532 565/565/531 567/567/533
f 566/566/532 567/567/533 518/518/485
f 566/566/532 518/518/485 515/515/482
f 566/566/532 515/515/482 513/513/480
f 567/567/533 565/565/531 568/568/534
f 567/567/533 568/568/534 569/569/535
f 567/567/533 569/569/535 570/570/536
f 567/567/533 570/570/536 571/571/537
f 567/567/533 571/571/537 519/519/486
f 567/567/533 519/519/486 518/518/485
f 571/571/537 570/570/536 572/572/538
f 571/571/537 572/572/538 573/573/539
f 571/571/537 573/573/539 520/520/487
f 571/571/537 520/520/487 519/519/486
f 573/573/539 572/572/538 574/574/540
f 573/573/539 574/574/540 575/575/541
f 573/573/539 575/575/541 522/522/489
f 573/573/539 522/522/489 520/520/487
f 575/575/541 574/574/540 576/576/542
f 575/575/541 576/576/542 577/577/543
f 575/575/541 577/577/543 524/524/491
f 575/575/541 524/524/491 522/522/489
f 577/577/543 576/576/542 578/578/544
f 577/577/543 578/578/544 579/579/545
f 577/577/543 579/579/545 526/526/493
f 577/577/543 526/526/493 524/524/491
f 579/579/545 578/578/544 580/580/546
f 579/579/545 580/580/546 581/581/547
f 579/579/545 581/581/547 528/528/495
f 579/579/545 528/528/495 526/526/493
f 581/581/547 580/580/546 582/582/548
f 581/581/547 582/582/548 583/583/549
f 581/581/547 583/583/549 584/584/550
f 581/581/547 584/584/550 528/528/495
f 584/584/550 583/583/549 585/585/551
f 584/584/550 585/585/551 586/586/552
f 584/584/550 586/586/552 537/537/504
f 584/584/550 537/537/504 531/531/498
f 584/584/550 531/531/498 529/529/496
f 584/584/550 529/529/496 528/528/495
f 586/586/552 585/585/551 587/587/553
f 586/586/552 587/587/553 540/540/507
f 586/586/552 540/540/507 538/538/505
f 586/586/552 538/538/505 537/537/504
f 587/587/553 585/585/551 588/588/554
f 587/587/553 588/588/554 589/589/555
f 587/587/553 589/589/555 590/590/556
f 587/587/553 590/590/556 591/591/557
f 587/587/553 591/591/557 541/541/508
f 587/587/553 541/541/508 540/540/507
f 591/591/557 590/590/556 592/592/558
f 591/591/557 592/592/558 593/593/559
f 591/591/557 593/593/559 542/542/509
f 591/591/557 542/542/509 541/541/508
f 593/593/559 592/592/558 594/594/560
f 593/593/559 594/594/560 595/595/561
f 593/593/559 595/595/561 544/544/511
f 593/593/559 544/544/511 542/542/509
f 595/595/561 594/594/560 596/596/562
f 595/595/561 596/596/562 549/549/516
f 595/595/561 549/549/516 546/546/513
f 595/595/561 546/546/513 544/544/511
f 596/596/562 594/594/560 597/597/563
f 596/596/562 597/597/563 598/598/564
f 596/596/562 598/598/564 599/599/565
f 596/596/562 599/599/565 600/600/566
f 596/596/562 600/600/566 550/550/517
f 596/596/562 550/550/517 549/549/516
f 600/600/566 599/599/565 601/601/567
f 600/600/566 601/601/567 602/602/568
f 600/600/566 602/602/568 551/551/518
f 600/600/566 551/551/518 550/550/517
f 602/602/568 601/601/567 603/603/569
f 602/602/568 603/603/569 604/604/570
f 602/602/568 604/604/570 553/553/520
f 602/602/568 553/553/520 551/551/518
f 605/605/571 606/606/569 607/607/572
f 605/605/571 607/607/572 608/608/573
f 605/605/571 608/608/573 557/557/523
f 605/605/571 557/557/523 556/556/522
f 608/608/573 607/607/572 609/609/574
f 608/608/573 609/609/574 610/610/575
f 608/608/573 610/610/575 559/559/525
f 608/608/573 559/559/525 557/557/523
f 610/610/575 609/609/574 611/611/576
f 610/610/575 611/611/576 612/612/577
f 610/610/575 612/612/577 561/561/527
f 610/610/575 561/561/527 559/559/525
f 612/612/577 611/611/576 613/613/578
f 612/612/577 613/613/578 614/614/579
f 612/612/577 614/614/579 563/563/529
f 612/612/577 563/563/529 561/561/527
f 614/614/579 613/613/578 615/615/580
f 614/614/579 615/615/580 568/568/534
f 614/614/579 568/568/534 565/565/531
f 614/614/579 565/565/531 563/563/529
f 615/615/580 613/613/578 616/616/581
f 615/615/580 616/616/581 617/617/582
f 615/615/580 617/617/582 618/618/583
f 615/615/580 618/618/583 619/619/584
f 615/615/580 619/619/584 569/569/535
f 615/615/580 569/569/535 568/568/534
f 619/619/584 618/618/583 620/620/585
f 619/619/584 620/620/585 621/621/586
f 619/619/584 621/621/586 570/570/536
f 619/619/584 570/570/536 569/569/535
f 621/621/586 620/620/585 622/622/587
f 621/621/586 622/622/587 623/623/588
f 621/621/586 623/623/588 572/572/538
f 621/621/586 572/572/538 570/570/536
f 623/623/588 622/622/587 624/624/589
f 623/623/588 624/624/589 625/625/590
f 623/623/588 625/625/590 574/574/540
f 623/623/588 574/574/540 572/572/538
f 625/625/590 624/624/589 626/626/591
f 625/625/590 626/626/591 627/627/592
f 625/625/590 627/627/592 576/576/542
f 625/625/590 576/576/542 574/574/540
f 627/627/592 626/626/591 628/628/593
f 627/627/592 628/628/593 629/629/594
f 627/627/592 629/629/594 578/578/544
f 627/627/592 578/578/544 576/576/542
f 629/629/594 628/628/593 630/630/595
f 629/629/594 630/630/595 631/631/596
f 629/629/594 631/631/596 580/580/546
f 629/629/594 580/580/546 578/578/544
f 631/631/596 630/630/595 632/632/597
f 631/631/596 632/632/597 633/633/598
f 631/631/596 633/633/598 582/582/548
f 631/631/596 582/582/548 580/580/546
f 633/633/598 632/632/597 634/634/599
f 633/633/598 634/634/599 635/635/600
f 633/633/598 635/635/600 588/588/554
f 633/633/598 588/588/554 582/582/548
f 635/635/600 634/634/599 636/636/601
f 635/635/600 636/636/601 637/637/602
f 635/635/600 637/637/602 589/589/555
f 635/635/600 589/589/555 588/588/554
f 637/637/602 636/636/601 638/638/603
f 637/637/602 638/638/603 639/639/604
f 637/637/602 639/639/604 590/590/556
f 637/637/602 590/590/556 589/589/555
f 639/639/604 638/638/603 640/640/605
f 639/639/604 640/640/605 641/641/606
f 639/639/604 641/641/606 592/592/558
f 639/639/604 592/592/558 590/590/556
f 641/641/606 640/640/605 642/642/607
f 641/641/606 642/642/607 597/597/563
f 641/641/606 597/597/563 594/594/560
f 641/641/606 594/594/560 592/592/558
f 642/642/607 640/640/605 643/643/608
f 642/642/607 643/643/608 644/644/609
f 642/642/607 644/644/609 645/645/610
f 642/642/607 645/645/610 646/646/611
f 642/642/607 646/646/611 598/598/564
f 642/642/607 598/598/564 597/597/563
f 646/646/611 645/645/610 647/647/612
f 646/646/611 647/647/612 648/648/613
f 646/646/611 648/648/613 599/599/565
f 646/646/611 599/599/565 598/598/564
f 648/648/613 647/647/612 649/649/614
f 648/648/613 649/649/614 650/650/615
f 648/648/613 650/650/615 601/601/567
f 648/648/613 601/601/567 599/599/565
f 650/650/615 649/649/614 651/651/616
f 650/650/615 651/651/616 652/652/617
f 650/650/615 652/652/617 603/603/569
f 650/650/615 603/603/569 601/601/567
f 653/653/617 654/654/618 655/655/619
f 653/653/617 655/655/619 656/656/620
f 653/653/617 656/656/620 607/607/572
f 653/653/617 607/607/572 606/606/569
f 656/656/620 655/655/619 657/657/621
f 656/656/620 657/657/621 658/658/622
f 656/656/620 658/658/622 609/609/574
f 656/656/620 609/609/574 607/607/572
f 658/658/622 657/657/621 659/659/623
f 658/658/622 659/659/623 660/660/624
f 658/658/622 660/660/624 611/611/576
f 658/658/622 611/611/576 609/609/574
f 660/660/624 659/659/623 661/661/625
f 660/660/624 661/661/625 616/616/581
f 660/660/624 616/616/581 613/613/578
f 660/660/624 613/613/578 611/611/576
f 661/661/625 659/659/623 662/662/626
f 661/661/625 662/662/626 663/663/627
f 661/661/625 663/663/627 664/664/628
f 661/661/625 664/664/628 665/665/629
f 661/661/625 665/665/629 617/617/582
f 661/661/625 617/617/582 616/616/581
f 665/665/629 664/664/628 666/666/630
f 665/665/629 666/666/630 667/667/631
f 665/665/629 667/667/631 618/618/583
f 665/665/629 618/618/583 617/617/582
f 667/667/631 666/666/630 668/668/632
f 667/667/631 668/668/632 669/669/633
f 667/667/631 669/669/633 620/620/585
f 667/667/631 620/620/585 618/618/583
f 669/669/633 668/668/632 670/670/634
f 669/669/633 670/670/634 671/671/635
f 669/669/633 671/671/635 622/622/587
f 669/669/633 622/622/587 620/620/585
f 671/671/635 670/670/634 672/672/636
f 671/671/635 672/672/636 673/673/637
f 671/671/635 673/673/637 624/624/589
f 671/671/635 624/624/589 622/622/587
f 673/673/637 672/672/636 674/674/638
f 673/673/637 674/674/638 675/675/639
f 673/673/637 675/675/639 626/626/591
f 673/673/637 626/626/591 624/624/589
f 675/675/639 674/674/638 676/676/640
f 675/675/639 676/676/640 677/677/641
f 675/675/639 677/677/641 628/628/593
f 675/675/639 628/628/593 626/626/591
f 677/677/641 676/676/640 678/678/642
f 677/677/641 678/678/642 679/679/643
f 677/677/641 679/679/643 630/630/595
f 677/677/641 630/630/595 628/628/593
f 679/679/643 678/678/642 680/680/644
f 679/679/643 680/680/644 681/681/645
f 679/679/643 681/681/645 632/632/597
f 679/679/643 632/632/597 630/630/595
f 681/681/645 680/680/644 682/682/646
f 681/681/645 682/682/646 683/683/647
f 681/681/645 683/683/647 634/634/599
f 681/681/645 634/634/599 632/632/597
f 683/683/647 682/682/646 684/684/648
f 683/683/647 684/684/648 685/685/649
f 683/683/647 685/685/649 636/636/601
f 683/683/647 636/636/601 634/634/599
f 685/685/649 684/684/648 686/686/650
f 685/685/649 686/686/650 687/687/651
f 685/685/649 687/687/651 638/638/603
f 685/685/649 638/638/603 636/636/601
f 687/687/651 686/686/650 688/688/652
f 687/687/651 688/688/652 643/643/608
f 687/687/651 643/643/608 640/640/605
f 687/687/651 640/640/605 638/638/603
f 688/688/652 686/686/650 689/689/653
f 688/688/652 689/689/653 690/690/654
f 688/688/652 690/690/654 691/691/655
f 688/688/652 691/691/655 692/692/656
f 688/688/652 692/692/656 644/644/609
f 688/688/652 644/644/609 643/643/608
f 692/692/656 691/691/655 693/693/657
f 692/692/656 693/693/657 694/694/658
f 692/692/656 694/694/658 645/645/610
f 692/692/656 645/645/610 644/644/609
f 694/694/658 693/693/657 695/695/659
f 694/694/658 695/695/659 696/696/660
f 694/694/658 696/696/660 647/647/612
f 694/694/658 647/647/612 645/645/610
f 696/696/660 695/695/659 697/697/661
f 696/696/660 697/697/661 698/698/662
f 696/696/660 698/698/662 649/649/614
f 696/696/660 649/649/614 647/647/612
f 698/698/662 697/697/661 699/699/663
f 698/698/662 699/699/663 700/700/664
f 698/698/662 700/700/664 651/651/616
f 698/698/662 651/651/616 649/649/614
f 701/701/665 702/702/666 703/703/667
f 701/701/665 703/703/667 704/704/668
f 701/701/665 704/704/668 655/655/619
f 701/701/665 655/655/619 654/654/618
f 704/704/668 703/703/667 705/705/669
f 704/704/668 705/705/669 706/706/670
f 704/704/668 706/706/670 657/657/621
f 704/704/668 657/657/621 655/655/619
f 706/706/670 705/705/669 707/707/671
f 706/706/670 707/707/671 662/662/626
f 706/706/670 662/662/626 659/659/623
f 706/706/670 659/659/623 657/657/621
f 707/707/671 705/705/669 708/708/672
f 707/707/671 708/708/672 709/709/673
f 707/707/671 709/709/673 39/39/35
f 707/707/671 39/39/35 38/38/34
f 707/707/671 38/38/34 663/663/627
f 707/707/671 663/663/627 662/662/626
f 709/709/673 708/708/672 165/165/153
f 709/709/673 165/165/153 164/164/152
f 709/709/673 164/164/152 167/167/155
f 709/709/673 167/167/155 39/39/35
f 708/708/672 710/710/674 711/711/675
f 708/708/672 711/711/675 165/165/153
f 708/708/672 705/705/669 703/703/667
f 708/708/672 703/703/667 710/710/674
f 711/711/675 712/712/676 713/713/677
f 711/711/675 713/713/677 714/714/678
f 711/711/675 714/714/678 162/162/150
f 711/711/675 162/162/150 165/165/153
f 711/711/675 710/710/674 715/715/679
f 711/711/675 715/715/679 712/712/676
f 716/716/679 717/717/680 718/718/681
f 716/716/679 718/718/681 719/719/682
f 715/715/679 710/710/674 703/703/667
f 715/715/679 703/703/667 702/702/666
f 716/716/679 699/699/663 697/697/661
f 716/716/679 697/697/661 717/717/680
f 718/718/681 720/720/683 721/721/684
f 718/718/681 721/721/684 722/722/685
f 718/718/681 722/722/685 723/723/686
f 718/718/681 723/723/686 719/719/682
f 718/718/681 717/717/680 724/724/687
f 718/718/681 724/724/687 720/720/683
f 724/724/687 725/725/688 726/726/689
f 724/724/687 726/726/689 720/720/683
f 724/724/687 717/717/680 697/697/661
f 724/724/687 697/697/661 695/695/659
f 724/724/687 695/695/659 693/693/657
f 724/724/687 693/693/657 725/725/688
f 727/727/690 728/728/691 729/729/692
f 727/727/690 729/729/692 730/730/693
f 731/731/689 732/732/693 733/733/694
f 731/731/689 733/733/694 734/734/695
f 735/735/690 736/736/696 737/737/697
f 735/735/690 737/737/697 738/738/698
f 739/739/699 740/740/700 741/741/701
f 739/739/699 741/741/701 728/728/691
f 742/742/702 725/725/688 693/693/657
f 742/742/702 693/693/657 691/691/655
f 742/742/702 691/691/655 690/690/654
f 742/742/702 690/690/654 743/743/700
f 741/741/701 744/744/703 745/745/704
f 741/741/701 745/745/704 746/746/705
f 741/741/701 746/746/705 729/729/692
f 741/741/701 729/729/692 728/728/691
f 741/741/701 740/740/700 747/747/706
f 741/741/701 747/747/706 744/744/703
f 747/747/706 748/748/707 749/749/708
f 747/747/706 749/749/708 744/744/703
f 750/750/706 743/743/700 690/690/654
f 750/750/706 690/690/654 689/689/653
f 750/750/706 689/689/653 751/751/709
f 750/750/706 751/751/709 752/752/710
f 751/751/709 753/753/711 754/754/712
f 751/751/709 754/754/712 752/752/710
f 751/751/709 689/689/653 686/686/650
f 751/751/709 686/686/650 684/684/648
f 751/751/709 684/684/648 682/682/646
f 751/751/709 682/682/646 753/753/711
f 755/755/713 756/756/714 757/757/715
f 755/755/713 757/757/715 758/758/716
f 755/755/713 758/758/716 749/749/708
f 755/755/713 749/749/708 748/748/707
f 754/754/712 753/753/711 759/759/717
f 754/754/712 759/759/717 760/760/718
f 759/759/717 761/761/719 762/762/720
f 759/759/717 762/762/720 760/760/718
f 759/759/717 753/753/711 682/682/646
f 759/759/717 682/682/646 680/680/644
f 759/759/717 680/680/644 678/678/642
f 759/759/717 678/678/642 761/761/719
f 763/763/721 764/764/722 765/765/723
f 763/763/721 765/765/723 766/766/724
f 763/763/721 766/766/724 757/757/715
f 763/763/721 757/757/715 756/756/714
f 762/762/720 761/761/719 767/767/725
f 762/762/720 767/767/725 768/768/722
f 767/767/725 769/769/726 770/770/727
f 767/767/725 770/770/727 768/768/722
f 767/767/725 761/761/719 678/678/642
f 767/767/725 678/678/642 676/676/640
f 767/767/725 676/676/640 674/674/638
f 767/767/725 674/674/638 769/769/726
f 771/771/728 772/772/729 773/773/730
f 771/771/728 773/773/730 774/774/731
f 771/771/728 774/774/731 765/765/723
f 771/771/728 765/765/723 764/764/722
f 770/770/727 769/769/726 775/775/732
f 770/770/727 775/775/732 776/776/733
f 777/777/732 778/778/734 779/779/735
f 777/777/732 779/779/735 780/780/736
f 775/775/732 769/769/726 674/674/638
f 775/775/732 674/674/638 672/672/636
f 775/775/732 672/672/636 670/670/634
f 775/775/732 670/670/634 781/781/737
f 782/782/738 783/783/739 784/784/221
f 782/782/738 784/784/221 785/785/224
f 786/786/738 241/241/224 773/773/730
f 786/786/738 773/773/730 772/772/729
f 787/787/740 781/781/737 788/788/741
f 787/787/740 788/788/741 789/789/739
f 788/788/741 36/36/32 35/35/31
f 788/788/741 35/35/31 789/789/739
f 788/788/741 781/781/737 670/670/634
f 788/788/741 670/670/634 668/668/632
f 788/788/741 668/668/632 666/666/630
f 788/788/741 666/666/630 36/36/32
f 789/789/739 35/35/31 41/41/37
f 789/789/739 41/41/37 244/244/227
f 774/774/731 773/773/730 790/790/742
f 774/774/731 790/790/742 791/791/743
f 774/774/731 791/791/743 792/792/744
f 774/774/731 792/792/744 765/765/723
f 792/792/744 791/791/743 793/793/745
f 792/792/744 793/793/745 794/794/746
f 792/792/744 794/794/746 795/795/747
f 792/792/744 795/795/747 796/796/748
f 792/792/744 796/796/748 766/766/724
f 792/792/744 766/766/724 765/765/723
f 796/796/748 795/795/747 797/797/749
f 796/796/748 797/797/749 798/798/750
f 796/796/748 798/798/750 757/757/715
f 796/796/748 757/757/715 766/766/724
f 798/798/750 797/797/749 799/799/751
f 798/798/750 799/799/751 800/800/752
f 798/798/750 800/800/752 758/758/716
f 798/798/750 758/758/716 757/757/715
f 800/800/752 799/799/751 801/801/753
f 800/800/752 801/801/753 802/802/754
f 800/800/752 802/802/754 749/749/708
f 800/800/752 749/749/708 758/758/716
f 802/802/754 801/801/753 803/803/755
f 802/802/754 803/803/755 745/745/704
f 802/802/754 745/745/704 744/744/703
f 802/802/754 744/744/703 749/749/708
f 803/803/755 801/801/753 804/804/756
f 803/803/755 804/804/756 805/805/757
f 803/803/755 805/805/757 806/806/758
f 803/803/755 806/806/758 807/807/759
f 803/803/755 807/807/759 746/746/705
f 803/803/755 746/746/705 745/745/704
f 807/807/759 806/806/758 808/808/760
f 807/807/759 808/808/760 809/809/761
f 807/807/759 809/809/761 729/729/692
f 807/807/759 729/729/692 746/746/705
f 809/809/761 808/808/760 810/810/762
f 809/809/761 810/810/762 811/811/763
f 809/809/761 811/811/763 730/730/693
f 809/809/761 730/730/693 729/729/692
f 812/812/763 813/813/764 814/814/765
f 812/812/763 814/814/765 815/815/766
f 812/812/763 815/815/766 733/733/694
f 812/812/763 733/733/694 732/732/693
f 816/816/767 817/817/768 818/818/769
f 816/816/767 818/818/769 819/819/770
f 816/816/767 819/819/770 722/722/685
f 816/816/767 722/722/685 721/721/684
f 819/819/770 818/818/769 820/820/771
f 819/819/770 820/820/771 821/821/772
f 819/819/770 821/821/772 723/723/686
f 819/819/770 723/723/686 722/722/685
f 822/822/773 823/823/774 824/824/775
f 822/822/773 824/824/775 825/825/776
f 822/822/773 825/825/776 714/714/678
f 822/822/773 714/714/678 713/713/677
f 825/825/776 824/824/775 826/826/777
f 825/825/776 826/826/777 163/163/151
f 825/825/776 163/163/151 162/162/150
f 825/825/776 162/162/150 714/714/678
f 826/826/777 824/824/775 827/827/778
f 826/826/777 827/827/778 828/828/779
f 826/826/777 828/828/779 829/829/780
f 826/826/777 829/829/780 830/830/781
f 826/826/777 830/830/781 159/159/147
f 826/826/777 159/159/147 163/163/151
f 830/830/781 829/829/780 187/187/174
f 830/830/781 187/187/174 193/193/180
f 830/830/781 193/193/180 160/160/148
f 830/830/781 160/160/148 159/159/147
f 829/829/780 828/828/779 831/831/782
f 829/829/780 831/831/782 832/832/783
f 829/829/780 832/832/783 188/188/175
f 829/829/780 188/188/175 187/187/174
f 832/832/783 831/831/782 833/833/784
f 832/832/783 833/833/784 834/834/785
f 832/832/783 834/834/785 835/835/786
f 832/832/783 835/835/786 188/188/175
f 835/835/786 834/834/785 836/836/787
f 835/835/786 836/836/787 837/837/788
f 835/835/786 837/837/788 838/838/789
f 835/835/786 838/838/789 839/839/790
f 835/835/786 839/839/790 189/189/176
f 835/835/786 189/189/176 188/188/175
f 839/839/790 838/838/789 840/840/791
f 839/839/790 840/840/791 841/841/792
f 839/839/790 841/841/792 190/190/177
f 839/839/790 190/190/177 189/189/176
f 841/841/792 840/840/791 842/842/793
f 841/841/792 842/842/793 843/843/794
f 841/841/792 843/843/794 844/844/795
f 841/841/792 844/844/795 190/190/177
f 844/844/795 843/843/794 845/845/796
f 844/844/795 845/845/796 846/846/797
f 844/844/795 846/846/797 847/847/798
f 844/844/795 847/847/798 848/848/799
f 844/844/795 848/848/799 191/191/178
f 844/844/795 191/191/178 190/190/177
f 848/848/799 847/847/798 849/849/800
f 848/848/799 849/849/800 850/850/801
f 848/848/799 850/850/801 194/194/181
f 848/848/799 194/194/181 191/191/178
f 850/850/801 849/849/800 851/851/802
f 850/850/801 851/851/802 852/852/803
f 850/850/801 852/852/803 853/853/804
f 850/850/801 853/853/804 194/194/181
f 853/853/804 854/854/805 195/195/182
f 853/853/804 195/195/182 194/194/181
f 853/853/804 852/852/803 855/855/806
f 853/853/804 855/855/806 856/856/807
f 853/853/804 856/856/807 857/857/808
f 853/853/804 857/857/808 854/854/805
f 857/857/808 858/858/809 859/859/810
f 857/857/808 859/859/810 854/854/805
f 857/857/808 856/856/807 860/860/811
f 857/857/808 860/860/811 861/861/812
f 857/857/808 861/861/812 862/862/813
f 857/857/808 862/862/813 858/858/809
f 862/862/813 863/863/814 864/864/815
f 862/862/813 864/864/815 858/858/809
f 862/862/813 861/861/812 865/865/816
f 862/862/813 865/865/816 866/866/817
f 862/862/813 866/866/817 867/867/818
f 862/862/813 867/867/818 863/863/814
f 867/867/818 868/868/819 869/869/820
f 867/867/818 869/869/820 863/863/814
f 867/867/818 866/866/817 870/870/821
f 867/867/818 870/870/821 871/871/822
f 867/867/818 871/871/822 872/872/823
f 867/867/818 872/872/823 868/868/819
f 872/872/823 873/873/824 874/874/825
f 872/872/823 874/874/825 868/868/819
f 872/872/823 871/871/822 875/875/826
f 872/872/823 875/875/826 876/876/827
f 872/872/823 876/876/827 877/877/828
f 872/872/823 877/877/828 873/873/824
f 877/877/828 878/878/829 879/879/830
f 877/877/828 879/879/830 873/873/824
f 877/877/828 876/876/827 880/880/831
f 877/877/828 880/880/831 881/881/832
f 877/877/828 881/881/832 882/882/833
f 877/877/828 882/882/833 878/878/829
f 882/882/833 883/883/834 884/884/835
f 882/882/833 884/884/835 878/878/829
f 882/882/833 881/881/832 885/885/836
f 882/882/833 885/885/836 886/886/837
f 882/882/833 886/886/837 887/887/838
f 882/882/833 887/887/838 883/883/834
f 887/887/838 888/888/839 889/889/840
f 887/887/838 889/889/840 883/883/834
f 887/887/838 886/886/837 890/890/841
f 887/887/838 890/890/841 891/891/842
f 887/887/838 891/891/842 892/892/843
f 887/887/838 892/892/843 888/888/839
f 892/892/843 893/893/844 894/894/845
f 892/892/843 894/894/845 888/888/839
f 892/892/843 891/891/842 895/895/846
f 892/892/843 895/895/846 896/896/847
f 892/892/843 896/896/847 897/897/848
f 892/892/843 897/897/848 893/893/844
f 897/897/848 898/898/849 899/899/850
f 897/897/848 899/899/850 893/893/844
f 897/897/848 896/896/847 900/900/851
f 897/897/848 900/900/851 901/901/852
f 897/897/848 901/901/852 902/902/853
f 897/897/848 902/902/853 898/898/849
f 902/902/853 903/903/854 904/904/855
f 902/902/853 904/904/855 898/898/849
f 902/902/853 901/901/852 905/905/856
f 902/902/853 905/905/856 906/906/857
f 902/902/853 906/906/857 907/907/858
f 902/902/853 907/907/858 903/903/854
f 907/907/858 203/203/188 11/11/10
f 907/907/858 11/11/10 903/903/854
f 907/907/858 906/906/857 908/908/859
f 907/907/858 908/908/859 909/909/860
f 907/907/858 909/909/860 204/204/189
f 907/907/858 204/204/189 203/203/188
f 910/910/861 911/911/862 912/912/863
f 910/910/861 912/912/863 913/913/864
f 910/910/861 913/913/864 914/914/865
f 910/910/861 914/914/865 915/915/866
f 914/914/865 916/916/867 917/917/868
f 914/914/865 917/917/868 915/915/866
f 914/914/865 913/913/864 918/918/869
f 914/914/865 918/918/869 919/919/870
f 914/914/865 919/919/870 920/920/871
f 914/914/865 920/920/871 916/916/867
f 920/920/871 921/921/872 922/922/873
f 920/920/871 922/922/873 916/916/867
f 920/920/871 919/919/870 923/923/874
f 920/920/871 923/923/874 924/924/875
f 920/920/871 924/924/875 925/925/876
f 920/920/871 925/925/876 921/921/872
f 925/925/876 926/926/877 927/927/878
f 925/925/876 927/927/878 921/921/872
f 925/925/876 924/924/875 928/928/879
f 925/925/876 928/928/879 929/929/880
f 925/925/876 929/929/880 930/930/881
f 925/925/876 930/930/881 926/926/877
f 930/930/881 931/931/882 932/932/883
f 930/930/881 932/932/883 926/926/877
f 930/930/881 929/929/880 933/933/884
f 930/930/881 933/933/884 934/934/885
f 930/930/881 934/934/885 935/935/886
f 930/930/881 935/935/886 931/931/882
f 935/935/886 936/936/887 937/937/888
f 935/935/886 937/937/888 931/931/882
f 935/935/886 934/934/885 938/938/889
f 935/935/886 938/938/889 939/939/890
f 935/935/886 939/939/890 940/940/891
f 935/935/886 940/940/891 936/936/887
f 940/940/891 941/941/892 942/942/893
f 940/940/891 942/942/893 936/936/887
f 940/940/891 939/939/890 943/943/894
f 940/940/891 943/943/894 944/944/895
f 940/940/891 944/944/895 945/945/896
f 940/940/891 945/945/896 941/941/892
f 945/945/896 946/946/897 947/947/898
f 945/945/896 947/947/898 941/941/892
f 945/945/896 944/944/895 948/948/899
f 945/945/896 948/948/899 949/949/900
f 945/945/896 949/949/900 950/950/901
f 945/945/896 950/950/901 946/946/897
f 950/950/901 951/951/902 952/952/903
f 950/950/901 952/952/903 946/946/897
f 950/950/901 949/949/900 953/953/904
f 950/950/901 953/953/904 954/954/905
f 950/950/901 954/954/905 955/955/906
f 950/950/901 955/955/906 951/951/902
f 955/955/906 956/956/907 957/957/908
f 955/955/906 957/957/908 951/951/902
f 955/955/906 954/954/905 958/958/909
f 955/955/906 958/958/909 959/959/910
f 955/955/906 959/959/910 960/960/911
f 955/955/906 960/960/911 956/956/907
f 960/960/911 961/961/912 962/962/913
f 960/960/911 962/962/913 956/956/907
f 960/960/911 959/959/910 963/963/914
f 960/960/911 963/963/914 964/964/915
f 960/960/911 964/964/915 965/965/916
f 960/960/911 965/965/916 961/961/912
f 965/965/916 966/966/917 967/967/918
f 965/965/916 967/967/918 961/961/912
f 965/965/916 964/964/915 968/968/919
f 965/965/916 968/968/919 969/969/920
f 965/965/916 969/969/920 970/970/921
f 965/965/916 970/970/921 966/966/917
f 970/970/921 971/971/922 972/972/923
f 970/970/921 972/972/923 966/966/917
f 970/970/921 969/969/920 973/973/924
f 970/970/921 973/973/924 974/974/925
f 970/970/921 974/974/925 975/975/926
f 970/970/921 975/975/926 971/971/922
f 975/975/926 976/976/927 977/977/928
f 975/975/926 977/977/928 971/971/922
f 975/975/926 974/974/925 978/978/929
f 975/975/926 978/978/929 979/979/930
f 975/975/926 979/979/930 980/980/931
f 975/975/926 980/980/931 976/976/927
f 980/980/931 981/981/932 982/982/933
f 980/980/931 982/982/933 976/976/927
f 980/980/931 979/979/930 983/983/934
f 980/980/931 983/983/934 984/984/935
f 980/980/931 984/984/935 985/985/936
f 980/980/931 985/985/936 981/981/932
f 985/985/936 986/986/937 987/987/938
f 985/985/936 987/987/938 981/981/932
f 985/985/936 984/984/935 988/988/939
f 985/985/936 988/988/939 989/989/940
f 985/985/936 989/989/940 990/990/941
f 985/985/936 990/990/941 986/986/937
f 990/990/941 991/991/942 992/992/943
f 990/990/941 992/992/943 986/986/937
f 990/990/941 989/989/940 993/993/944
f 990/990/941 993/993/944 105/105/98
f 990/990/941 105/105/98 104/104/97
f 990/990/941 104/104/97 991/991/942
f 993/993/944 989/989/940 988/988/939
f 993/993/944 988/988/939 256/256/237
f 993/993/944 256/256/237 255/255/236
f 993/993/944 255/255/236 994/994/945
f 993/993/944 994/994/945 106/106/99
f 993/993/944 106/106/99 105/105/98
f 995/995/946 996/996/947 113/113/105
f 995/995/946 113/113/105 112/112/104
f 995/995/946 254/254/236 253/253/235
f 995/995/946 253/253/235 996/996/947
f 996/996/947 997/997/948 998/998/949
f 996/996/947 998/998/949 113/113/105
f 996/996/947 253/253/235 999/999/950
f 996/996/947 999/999/950 997/997/948
f 999/999/950 1000/1000/951 1001/1001/952
f 999/999/950 1001/1001/952 997/997/948
f 999/999/950 253/253/235 252/252/234
f 999/999/950 252/252/234 1002/1002/953
f 999/999/950 1002/1002/953 1003/1003/954
f 999/999/950 1003/1003/954 1000/1000/951
f 1004/1004/954 1005/1005/955 1006/1006/956
f 1004/1004/954 1006/1006/956 1007/1007/957
f 1004/1004/954 1007/1007/957 1008/1008/958
f 1004/1004/954 1008/1008/958 1009/1009/959
f 1003/1003/954 1010/1010/959 1011/1011/960
f 1003/1003/954 1011/1011/960 1000/1000/951
f 1011/1011/960 1012/1012/961 1013/1013/962
f 1011/1011/960 1013/1013/962 1014/1014/963
f 1011/1011/960 1014/1014/963 1001/1001/952
f 1011/1011/960 1001/1001/952 1000/1000/951
f 1011/1011/960 1010/1010/959 1015/1015/964
f 1011/1011/960 1015/1015/964 1012/1012/961
f 1016/1016/965 1009/1009/959 1008/1008/958
f 1016/1016/965 1008/1008/958 1017/1017/966
f 1016/1016/965 1017/1017/966 102/102/95
f 1016/1016/965 102/102/95 101/101/94
f 1015/1015/964 100/100/94 99/99/93
f 1015/1015/964 99/99/93 1012/1012/961
f 1017/1017/966 1008/1008/958 1018/1018/967
f 1017/1017/966 1018/1018/967 1019/1019/968
f 1017/1017/966 1019/1019/968 1020/1020/969
f 1017/1017/966 1020/1020/969 102/102/95
f 1020/1020/969 1019/1019/968 1021/1021/970
f 1020/1020/969 1021/1021/970 1022/1022/971
f 1020/1020/969 1022/1022/971 1023/1023/972
f 1020/1020/969 1023/1023/972 1024/1024/973
f 1020/1020/969 1024/1024/973 94/94/88
f 1020/1020/969 94/94/88 102/102/95
f 1024/1024/973 1023/1023/972 1025/1025/974
f 1024/1024/973 1025/1025/974 1026/1026/975
f 1024/1024/973 1026/1026/975 95/95/89
f 1024/1024/973 95/95/89 94/94/88
f 1026/1026/975 1025/1025/974 1027/1027/976
f 1026/1026/975 1027/1027/976 1028/1028/977
f 1026/1026/975 1028/1028/977 1029/1029/978
f 1026/1026/975 1029/1029/978 95/95/89
f 1029/1029/978 1028/1028/977 1030/1030/979
f 1029/1029/978 1030/1030/979 178/178/165
f 1029/1029/978 178/178/165 177/177/164
f 1029/1029/978 177/177/164 1031/1031/980
f 1029/1029/978 1031/1031/980 96/96/90
f 1029/1029/978 96/96/90 95/95/89
f 1032/1032/981 176/176/163 175/175/162
f 1032/1032/981 175/175/162 1033/1033/982
f 1032/1032/981 1033/1033/982 99/99/93
f 1032/1032/981 99/99/93 98/98/92
f 1033/1033/982 175/175/162 1034/1034/983
f 1033/1033/982 1034/1034/983 1013/1013/962
f 1033/1033/982 1013/1013/962 1012/1012/961
f 1033/1033/982 1012/1012/961 99/99/93
f 1034/1034/983 175/175/162 174/174/160
f 1034/1034/983 174/174/160 1035/1035/984
f 1034/1034/983 1035/1035/984 1036/1036/985
f 1034/1034/983 1036/1036/985 1037/1037/986
f 1034/1034/983 1037/1037/986 1014/1014/963
f 1034/1034/983 1014/1014/963 1013/1013/962
f 1037/1037/986 1036/1036/985 1038/1038/987
f 1037/1037/986 1038/1038/987 1039/1039/988
f 1037/1037/986 1039/1039/988 1001/1001/952
f 1037/1037/986 1001/1001/952 1014/1014/963
f 1039/1039/988 1038/1038/987 1040/1040/989
f 1039/1039/988 1040/1040/989 998/998/949
f 1039/1039/988 998/998/949 997/997/948
f 1039/1039/988 997/997/948 1001/1001/952
f 1041/1041/990 1042/1042/987 1043/1043/991
f 1041/1041/990 1043/1043/991 1044/1044/992
f 1041/1041/990 1044/1044/992 109/109/102
f 1041/1041/990 109/109/102 108/108/101
f 1040/1040/989 114/114/106 113/113/105
f 1040/1040/989 113/113/105 998/998/949
f 1044/1044/992 1043/1043/991 1045/1045/993
f 1044/1044/992 1045/1045/993 1046/1046/994
f 1044/1044/992 1046/1046/994 1047/1047/995
f 1044/1044/992 1047/1047/995 109/109/102
f 1047/1047/995 1046/1046/994 1048/1048/996
f 1047/1047/995 1048/1048/996 1049/1049/997
f 1047/1047/995 1049/1049/997 1050/1050/998
f 1047/1047/995 1050/1050/998 1051/1051/999
f 1047/1047/995 1051/1051/999 110/110/97
f 1047/1047/995 110/110/97 109/109/102
f 1049/1049/997 1048/1048/996 1052/1052/1000
f 1049/1049/997 1052/1052/1000 1053/1053/1001
f 1049/1049/997 1053/1053/1001 1054/1054/1002
f 1049/1049/997 1054/1054/1002 1050/1050/998
f 1054/1054/1002 1053/1053/1001 1055/1055/1003
f 1054/1054/1002 1055/1055/1003 1056/1056/1004
f 1057/1057/1005 1058/1058/1006 1059/1059/1007
f 1057/1057/1005 1059/1059/1007 987/987/938
f 1057/1057/1005 987/987/938 986/986/937
f 1057/1057/1005 986/986/937 992/992/943
f 1059/1059/1007 1058/1058/1006 1060/1060/1008
f 1059/1059/1007 1060/1060/1008 1061/1061/1009
f 1059/1059/1007 1061/1061/1009 1062/1062/1010
f 1059/1059/1007 1062/1062/1010 982/982/933
f 1059/1059/1007 982/982/933 981/981/932
f 1059/1059/1007 981/981/932 987/987/938
f 1062/1062/1010 1061/1061/1009 1063/1063/1011
f 1062/1062/1010 1063/1063/1011 1064/1064/1012
f 1062/1062/1010 1064/1064/1012 1065/1065/1013
f 1062/1062/1010 1065/1065/1013 977/977/928
f 1062/1062/1010 977/977/928 976/976/927
f 1062/1062/1010 976/976/927 982/982/933
f 1065/1065/1013 1064/1064/1012 1066/1066/1014
f 1065/1065/1013 1066/1066/1014 1067/1067/1015
f 1065/1065/1013 1067/1067/1015 1068/1068/1016
f 1065/1065/1013 1068/1068/1016 972/972/923
f 1065/1065/1013 972/972/923 971/971/922
f 1065/1065/1013 971/971/922 977/977/928
f 1068/1068/1016 1067/1067/1015 1069/1069/1017
f 1068/1068/1016 1069/1069/1017 1070/1070/1018
f 1068/1068/1016 1070/1070/1018 1071/1071/1019
f 1068/1068/1016 1071/1071/1019 967/967/918
f 1068/1068/1016 967/967/918 966/966/917
f 1068/1068/1016 966/966/917 972/972/923
f 1071/1071/1019 1070/1070/1018 1072/1072/1020
f 1071/1071/1019 1072/1072/1020 1073/1073/1021
f 1071/1071/1019 1073/1073/1021 1074/1074/1022
f 1071/1071/1019 1074/1074/1022 962/962/913
f 1071/1071/1019 962/962/913 961/961/912
f 1071/1071/1019 961/961/912 967/967/918
f 1074/1074/1022 1073/1073/1021 1075/1075/1023
f 1074/1074/1022 1075/1075/1023 1076/1076/1024
f 1074/1074/1022 1076/1076/1024 1077/1077/1025
f 1074/1074/1022 1077/1077/1025 957/957/908
f 1074/1074/1022 957/957/908 956/956/907
f 1074/1074/1022 956/956/907 962/962/913
f 1077/1077/1025 1076/1076/1024 1078/1078/1026
f 1077/1077/1025 1078/1078/1026 1079/1079/1027
f 1077/1077/1025 1079/1079/1027 1080/1080/1028
f 1077/1077/1025 1080/1080/1028 952/952/903
f 1077/1077/1025 952/952/903 951/951/902
f 1077/1077/1025 951/951/902 957/957/908
f 1080/1080/1028 1079/1079/1027 1081/1081/1029
f 1080/1080/1028 1081/1081/1029 1082/1082/1030
f 1080/1080/1028 1082/1082/1030 1083/1083/1031
f 1080/1080/1028 1083/1083/1031 947/947/898
f 1080/1080/1028 947/947/898 946/946/897
f 1080/1080/1028 946/946/897 952/952/903
f 1083/1083/1031 1082/1082/1030 1084/1084/1032
f 1083/1083/1031 1084/1084/1032 1085/1085/1033
f 1083/1083/1031 1085/1085/1033 1086/1086/1034
f 1083/1083/1031 1086/1086/1034 942/942/893
f 1083/1083/1031 942/942/893 941/941/892
f 1083/1083/1031 941/941/892 947/947/898
f 1086/1086/1034 1085/1085/1033 1087/1087/1035
f 1086/1086/1034 1087/1087/1035 1088/1088/1036
f 1086/1086/1034 1088/1088/1036 1089/1089/1037
f 1086/1086/1034 1089/1089/1037 937/937/888
f 1086/1086/1034 937/937/888 936/936/887
f 1086/1086/1034 936/936/887 942/942/893
f 1089/1089/1037 1088/1088/1036 1090/1090/1038
f 1089/1089/1037 1090/1090/1038 1091/1091/1039
f 1089/1089/1037 1091/1091/1039 1092/1092/1040
f 1089/1089/1037 1092/1092/1040 932/932/883
f 1089/1089/1037 932/932/883 931/931/882
f 1089/1089/1037 931/931/882 937/937/888
f 1092/1092/1040 1091/1091/1039 1093/1093/1041
f 1092/1092/1040 1093/1093/1041 1094/1094/1042
f 1092/1092/1040 1094/1094/1042 1095/1095/1043
f 1092/1092/1040 1095/1095/1043 927/927/878
f 1092/1092/1040 927/927/878 926/926/877
f 1092/1092/1040 926/926/877 932/932/883
f 1095/1095/1043 1094/1094/1042 1096/1096/1044
f 1095/1095/1043 1096/1096/1044 1097/1097/1045
f 1095/1095/1043 1097/1097/1045 1098/1098/1046
f 1095/1095/1043 1098/1098/1046 922/922/873
f 1095/1095/1043 922/922/873 921/921/872
f 1095/1095/1043 921/921/872 927/927/878
f 1099/1099/1047 1100/1100/1044 1101/1101/1048
f 1099/1099/1047 1101/1101/1048 1102/1102/1049
f 1099/1099/1047 1102/1102/1049 201/201/187
f 1099/1099/1047 201/201/187 200/200/186
f 1102/1102/1049 1101/1101/1048 1103/1103/1050
f 1102/1102/1049 1103/1103/1050 1104/1104/1051
f 1102/1102/1049 1104/1104/1051 1105/1105/1052
f 1102/1102/1049 1105/1105/1052 201/201/187
f 1105/1105/1052 1106/1106/1053 202/202/185
f 1105/1105/1052 202/202/185 201/201/187
f 1105/1105/1052 1104/1104/1051 1107/1107/1054
f 1105/1105/1052 1107/1107/1054 1108/1108/1055
f 1105/1105/1052 1108/1108/1055 1109/1109/1056
f 1105/1105/1052 1109/1109/1056 1106/1106/1053
f 1110/1110/1057 1111/1111/1058 1112/1112/1059
f 1110/1110/1057 1112/1112/1059 1113/1113/1053
f 1109/1109/1056 1108/1108/1055 1114/1114/1060
f 1109/1109/1056 1114/1114/1060 1115/1115/1061
f 1110/1110/1057 1116/1116/1062 1117/1117/1063
f 1110/1110/1057 1117/1117/1063 1111/1111/1058
f 1117/1117/1063 1118/1118/1064 1119/1119/1065
f 1117/1117/1063 1119/1119/1065 1111/1111/1058
f 1117/1117/1063 1116/1116/1062 1120/1120/1066
f 1117/1117/1063 1120/1120/1066 1121/1121/1067
f 1117/1117/1063 1121/1121/1067 1122/1122/1068
f 1117/1117/1063 1122/1122/1068 1118/1118/1064
f 1123/1123/1069 1124/1124/1070 1125/1125/1071
f 1123/1123/1069 1125/1125/1071 1126/1126/1072
f 1122/1122/1068 1121/1121/1067 1127/1127/1073
f 1122/1122/1068 1127/1127/1073 1128/1128/1074
f 1123/1123/1069 1129/1129/1074 1130/1130/1075
f 1123/1123/1069 1130/1130/1075 1124/1124/1070
f 1130/1130/1075 1131/1131/1076 1132/1132/1077
f 1130/1130/1075 1132/1132/1077 1124/1124/1070
f 1133/1133/1075 1134/1134/1078 1135/1135/1079
f 1133/1133/1075 1135/1135/1079 1136/1136/1080
f 1133/1133/1075 1136/1136/1080 1137/1137/1081
f 1133/1133/1075 1137/1137/1081 1138/1138/1082
f 1137/1137/1081 1139/1139/1083 1140/1140/1084
f 1137/1137/1081 1140/1140/1084 1138/1138/1082
f 1137/1137/1081 1136/1136/1080 1141/1141/1085
f 1137/1137/1081 1141/1141/1085 1142/1142/1086
f 1137/1137/1081 1142/1142/1086 1143/1143/1087
f 1137/1137/1081 1143/1143/1087 1139/1139/1083
f 1143/1143/1087 1144/1144/1088 1145/1145/1089
f 1143/1143/1087 1145/1145/1089 1139/1139/1083
f 1143/1143/1087 1142/1142/1086 1146/1146/1090
f 1143/1143/1087 1146/1146/1090 1147/1147/1091
f 1143/1143/1087 1147/1147/1091 1148/1148/1092
f 1143/1143/1087 1148/1148/1092 1144/1144/1088
f 1148/1148/1092 1149/1149/1093 1150/1150/1094
f 1148/1148/1092 1150/1150/1094 1144/1144/1088
f 1148/1148/1092 1147/1147/1091 1151/1151/1095
f 1148/1148/1092 1151/1151/1095 1152/1152/1096
f 1148/1148/1092 1152/1152/1096 1153/1153/1097
f 1148/1148/1092 1153/1153/1097 1149/1149/1093
f 1153/1153/1097 1154/1154/1098 1155/1155/1099
f 1153/1153/1097 1155/1155/1099 1149/1149/1093
f 1153/1153/1097 1152/1152/1096 1156/1156/1100
f 1153/1153/1097 1156/1156/1100 1157/1157/1101
f 1153/1153/1097 1157/1157/1101 1158/1158/1102
f 1153/1153/1097 1158/1158/1102 1154/1154/1098
f 1158/1158/1102 1159/1159/1103 1160/1160/1104
f 1158/1158/1102 1160/1160/1104 1154/1154/1098
f 1158/1158/1102 1157/1157/1101 1161/1161/1105
f 1158/1158/1102 1161/1161/1105 1162/1162/1106
f 1158/1158/1102 1162/1162/1106 1163/1163/1107
f 1158/1158/1102 1163/1163/1107 1159/1159/1103
f 1163/1163/1107 1164/1164/1108 1165/1165/1109
f 1163/1163/1107 1165/1165/1109 1159/1159/1103
f 1163/1163/1107 1162/1162/1106 1166/1166/1110
f 1163/1163/1107 1166/1166/1110 1167/1167/1111
f 1163/1163/1107 1167/1167/1111 1168/1168/1112
f 1163/1163/1107 1168/1168/1112 1164/1164/1108
f 1168/1168/1112 1169/1169/1113 1170/1170/1114
f 1168/1168/1112 1170/1170/1114 1164/1164/1108
f 1168/1168/1112 1167/1167/1111 1171/1171/1115
f 1168/1168/1112 1171/1171/1115 1172/1172/1116
f 1168/1168/1112 1172/1172/1116 1173/1173/1117
f 1168/1168/1112 1173/1173/1117 1169/1169/1113
f 1173/1173/1117 1174/1174/1118 1175/1175/1119
f 1173/1173/1117 1175/1175/1119 1169/1169/1113
f 1173/1173/1117 1172/1172/1116 1176/1176/1120
f 1173/1173/1117 1176/1176/1120 1177/1177/1121
f 1173/1173/1117 1177/1177/1121 1178/1178/1122
f 1173/1173/1117 1178/1178/1122 1174/1174/1118
f 1178/1178/1122 1179/1179/1123 1180/1180/1124
f 1178/1178/1122 1180/1180/1124 1174/1174/1118
f 1178/1178/1122 1177/1177/1121 1181/1181/1125
f 1178/1178/1122 1181/1181/1125 1182/1182/1126
f 1178/1178/1122 1182/1182/1126 1183/1183/1127
f 1178/1178/1122 1183/1183/1127 1179/1179/1123
f 1183/1183/1127 1184/1184/1128 1185/1185/1129
f 1183/1183/1127 1185/1185/1129 1179/1179/1123
f 1183/1183/1127 1182/1182/1126 1186/1186/1130
f 1183/1183/1127 1186/1186/1130 1187/1187/1131
f 1183/1183/1127 1187/1187/1131 1188/1188/1132
f 1183/1183/1127 1188/1188/1132 1184/1184/1128
f 1188/1188/1132 1189/1189/1133 1190/1190/1134
f 1188/1188/1132 1190/1190/1134 1184/1184/1128
f 1188/1188/1132 1187/1187/1131 1191/1191/1135
f 1188/1188/1132 1191/1191/1135 1192/1192/1136
f 1188/1188/1132 1192/1192/1136 1193/1193/1137
f 1188/1188/1132 1193/1193/1137 1189/1189/1133
f 1193/1193/1137 1194/1194/1138 1195/1195/1139
f 1193/1193/1137 1195/1195/1139 1189/1189/1133
f 1193/1193/1137 1192/1192/1136 1196/1196/1140
f 1193/1193/1137 1196/1196/1140 1197/1197/1141
f 1193/1193/1137 1197/1197/1141 1198/1198/1142
f 1193/1193/1137 1198/1198/1142 1194/1194/1138
f 1198/1198/1142 1199/1199/1143 1200/1200/1144
f 1198/1198/1142 1200/1200/1144 1194/1194/1138
f 1198/1198/1142 1197/1197/1141 1201/1201/1145
f 1198/1198/1142 1201/1201/1145 1202/1202/1146
f 1198/1198/1142 1202/1202/1146 1203/1203/1147
f 1198/1198/1142 1203/1203/1147 1199/1199/1143
f 1203/1203/1147 1204/1204/1148 1205/1205/1149
f 1203/1203/1147 1205/1205/1149 1199/1199/1143
f 1203/1203/1147 1202/1202/1146 1206/1206/1150
f 1203/1203/1147 1206/1206/1150 1207/1207/1151
f 1203/1203/1147 1207/1207/1151 1208/1208/1152
f 1203/1203/1147 1208/1208/1152 1204/1204/1148
f 1208/1208/1152 1209/1209/1153 1210/1210/1154
f 1208/1208/1152 1210/1210/1154 1204/1204/1148
f 1208/1208/1152 1207/1207/1151 1211/1211/1155
f 1208/1208/1152 1211/1211/1155 1212/1212/1156
f 1208/1208/1152 1212/1212/1156 1213/1213/1157
f 1208/1208/1152 1213/1213/1157 1209/1209/1153
f 1213/1213/1157 1214/1214/1158 1215/1215/1159
f 1213/1213/1157 1215/1215/1159 1209/1209/1153
f 1213/1213/1157 1212/1212/1156 1216/1216/1160
f 1213/1213/1157 1216/1216/1160 1217/1217/1161
f 1213/1213/1157 1217/1217/1161 1218/1218/1162
f 1213/1213/1157 1218/1218/1162 1214/1214/1158
f 1218/1218/1162 1219/1219/1163 1220/1220/1164
f 1218/1218/1162 1220/1220/1164 1214/1214/1158
f 1218/1218/1162 1217/1217/1161 1221/1221/1165
f 1218/1218/1162 1221/1221/1165 1222/1222/1166
f 1218/1218/1162 1222/1222/1166 1223/1223/1167
f 1218/1218/1162 1223/1223/1167 1219/1219/1163
f 1223/1223/1167 1224/1224/1168 1225/1225/1169
f 1223/1223/1167 1225/1225/1169 1219/1219/1163
f 1223/1223/1167 1222/1222/1166 1226/1226/1170
f 1223/1223/1167 1226/1226/1170 1227/1227/1171
f 1223/1223/1167 1227/1227/1171 1228/1228/1172
f 1223/1223/1167 1228/1228/1172 1224/1224/1168
f 1229/1229/1172 1230/1230/1173 1231/1231/1174
f 1229/1229/1172 1231/1231/1174 1232/1232/1175
f 1228/1228/1172 1227/1227/1171 128/128/120
f 1228/1228/1172 128/128/120 127/127/119
f 1229/1229/1172 133/133/119 132/132/123
f 1229/1229/1172 132/132/123 1230/1230/1173
f 1231/1231/1174 1233/1233/1176 1234/1234/1177
f 1231/1231/1174 1234/1234/1177 1235/1235/1178
f 1231/1231/1174 1235/1235/1178 1236/1236/1179
f 1231/1231/1174 1236/1236/1179 1232/1232/1175
f 1231/1231/1174 1230/1230/1173 1237/1237/1180
f 1231/1231/1174 1237/1237/1180 1233/1233/1176
f 1237/1237/1180 1238/1238/1181 1239/1239/1182
f 1237/1237/1180 1239/1239/1182 1233/1233/1176
f 1237/1237/1180 1230/1230/1173 132/132/123
f 1237/1237/1180 132/132/123 1240/1240/1183
f 1237/1237/1180 1240/1240/1183 1241/1241/1184
f 1237/1237/1180 1241/1241/1184 1238/1238/1181
f 1241/1241/1184 1242/1242/1185 1243/1243/1186
f 1241/1241/1184 1243/1243/1186 1238/1238/1181
f 1241/1241/1184 1240/1240/1183 1244/1244/1187
f 1241/1241/1184 1244/1244/1187 1245/1245/1188
f 1241/1241/1184 1245/1245/1188 1246/1246/1189
f 1241/1241/1184 1246/1246/1189 1242/1242/1185
f 1246/1246/1189 1247/1247/1190 1248/1248/1191
f 1246/1246/1189 1248/1248/1191 1242/1242/1185
f 1249/1249/1192 1250/1250/1193 271/271/252
f 1249/1249/1192 271/271/252 273/273/254
f 1249/1249/1192 273/273/254 1251/1251/1194
f 1249/1249/1192 1251/1251/1194 1252/1252/1190
f 1251/1251/1194 1253/1253/1195 1254/1254/1196
f 1251/1251/1194 1254/1254/1196 1252/1252/1190
f 1251/1251/1194 273/273/254 270/270/251
f 1251/1251/1194 270/270/251 1255/1255/1197
f 1251/1251/1194 1255/1255/1197 1256/1256/1198
f 1251/1251/1194 1256/1256/1198 1253/1253/1195
f 1256/1256/1198 1257/1257/1199 91/91/85
f 1256/1256/1198 91/91/85 1253/1253/1195
f 1256/1256/1198 1255/1255/1197 1258/1258/1200
f 1256/1256/1198 1258/1258/1200 1259/1259/1201
f 1256/1256/1198 1259/1259/1201 1260/1260/1202
f 1256/1256/1198 1260/1260/1202 1257/1257/1199
f 1260/1260/1202 1261/1261/1203 1262/1262/1204
f 1260/1260/1202 1262/1262/1204 1257/1257/1199
f 1260/1260/1202 1259/1259/1201 1263/1263/1205
f 1260/1260/1202 1263/1263/1205 276/276/257
f 1260/1260/1202 276/276/257 275/275/256
f 1260/1260/1202 275/275/256 1261/1261/1203
f 1263/1263/1205 1264/1264/1206 1265/1265/1207
f 1263/1263/1205 1265/1265/1207 1266/1266/1208
f 1263/1263/1205 1266/1266/1208 277/277/258
f 1263/1263/1205 277/277/258 276/276/257
f 1263/1263/1205 1259/1259/1201 1258/1258/1200
f 1263/1263/1205 1258/1258/1200 1264/1264/1206
f 1267/1267/1209 1268/1268/1210 1269/1269/1211
f 1267/1267/1209 1269/1269/1211 1270/1270/1212
f 1267/1267/1209 1270/1270/1212 1271/1271/1213
f 1267/1267/1209 1271/1271/1213 1272/1272/1214
f 1271/1271/1213 1270/1270/1212 1273/1273/1215
f 1271/1271/1213 1273/1273/1215 1274/1274/1216
f 1271/1271/1213 1274/1274/1216 1275/1275/1217
f 1271/1271/1213 1275/1275/1217 1276/1276/1218
f 1271/1271/1213 1276/1276/1218 1277/1277/255
f 1271/1271/1213 1277/1277/255 1272/1272/1214
f 1276/1276/1218 1275/1275/1217 1278/1278/1219
f 1276/1276/1218 1278/1278/1219 1279/1279/1220
f 1276/1276/1218 1279/1279/1220 1280/1280/1221
f 1276/1276/1218 1280/1280/1221 1277/1277/255
f 1279/1279/1220 1278/1278/1219 1281/1281/1222
f 1279/1279/1220 1281/1281/1222 1282/1282/1223
f 1279/1279/1220 1282/1282/1223 1283/1283/1224
f 1279/1279/1220 1283/1283/1224 1280/1280/1221
f 1282/1282/1223 1281/1281/1222 1284/1284/1225
f 1282/1282/1223 1284/1284/1225 1285/1285/1226
f 1282/1282/1223 1285/1285/1226 1286/1286/1227
f 1282/1282/1223 1286/1286/1227 1283/1283/1224
f 1285/1285/1226 1284/1284/1225 1287/1287/1228
f 1285/1285/1226 1287/1287/1228 88/88/82
f 1285/1285/1226 88/88/82 87/87/81
f 1285/1285/1226 87/87/81 1286/1286/1227
f 1287/1287/1228 1284/1284/1225 1288/1288/1229
f 1287/1287/1228 1288/1288/1229 1289/1289/1230
f 1287/1287/1228 1289/1289/1230 1290/1290/1231
f 1287/1287/1228 1290/1290/1231 1291/1291/1232
f 1287/1287/1228 1291/1291/1232 84/84/78
f 1287/1287/1228 84/84/78 88/88/82
f 1291/1291/1232 1290/1290/1231 1292/1292/1233
f 1291/1291/1232 1292/1292/1233 1293/1293/1234
f 1291/1291/1232 1293/1293/1234 85/85/79
f 1291/1291/1232 85/85/79 84/84/78
f 1293/1293/1234 1292/1292/1233 1294/1294/1235
f 1293/1293/1234 1294/1294/1235 1295/1295/1236
f 1293/1293/1234 1295/1295/1236 1296/1296/1237
f 1293/1293/1234 1296/1296/1237 85/85/79
f 1296/1296/1237 1295/1295/1236 1297/1297/1238
f 1296/1296/1237 1297/1297/1238 1248/1248/1191
f 1296/1296/1237 1248/1248/1191 1247/1247/1190
f 1296/1296/1237 1247/1247/1190 1298/1298/1239
f 1296/1296/1237 1298/1298/1239 86/86/80
f 1296/1296/1237 86/86/80 85/85/79
f 1297/1297/1238 1295/1295/1236 1294/1294/1235
f 1297/1297/1238 1294/1294/1235 1299/1299/1240
f 1297/1297/1238 1299/1299/1240 1300/1300/1241
f 1297/1297/1238 1300/1300/1241 1243/1243/1186
f 1297/1297/1238 1243/1243/1186 1242/1242/1185
f 1297/1297/1238 1242/1242/1185 1248/1248/1191
f 1300/1300/1241 1299/1299/1240 1301/1301/1242
f 1300/1300/1241 1301/1301/1242 1302/1302/1243
f 1300/1300/1241 1302/1302/1243 1303/1303/1244
f 1300/1300/1241 1303/1303/1244 1239/1239/1182
f 1300/1300/1241 1239/1239/1182 1238/1238/1181
f 1300/1300/1241 1238/1238/1181 1243/1243/1186
f 1303/1303/1244 1302/1302/1243 1304/1304/1245
f 1303/1303/1244 1304/1304/1245 1305/1305/1246
f 1303/1303/1244 1305/1305/1246 1306/1306/1247
f 1303/1303/1244 1306/1306/1247 1234/1234/1177
f 1303/1303/1244 1234/1234/1177 1233/1233/1176
f 1303/1303/1244 1233/1233/1176 1239/1239/1182
f 1306/1306/1247 1305/1305/1246 1307/1307/1248
f 1306/1306/1247 1307/1307/1248 1308/1308/1249
f 1306/1306/1247 1308/1308/1249 1309/1309/1250
f 1306/1306/1247 1309/1309/1250 1310/1310/1251
f 1306/1306/1247 1310/1310/1251 1235/1235/1178
f 1306/1306/1247 1235/1235/1178 1234/1234/1177
f 1310/1310/1251 1309/1309/1250 1311/1311/1252
f 1310/1310/1251 1311/1311/1252 1312/1312/1253
f 1310/1310/1251 1312/1312/1253 1236/1236/1179
f 1310/1310/1251 1236/1236/1179 1235/1235/1178
f 1313/1313/1254 1314/1314/1255 1315/1315/1256
f 1313/1313/1254 1315/1315/1256 1220/1220/1164
f 1313/1313/1254 1220/1220/1164 1219/1219/1163
f 1313/1313/1254 1219/1219/1163 1225/1225/1169
f 1315/1315/1256 1314/1314/1255 1316/1316/1257
f 1315/1315/1256 1316/1316/1257 1317/1317/1258
f 1315/1315/1256 1317/1317/1258 1318/1318/1259
f 1315/1315/1256 1318/1318/1259 1215/1215/1159
f 1315/1315/1256 1215/1215/1159 1214/1214/1158
f 1315/1315/1256 1214/1214/1158 1220/1220/1164
f 1318/1318/1259 1317/1317/1258 1319/1319/1260
f 1318/1318/1259 1319/1319/1260 1320/1320/1261
f 1318/1318/1259 1320/1320/1261 1321/1321/1262
f 1318/1318/1259 1321/1321/1262 1210/1210/1154
f 1318/1318/1259 1210/1210/1154 1209/1209/1153
f 1318/1318/1259 1209/1209/1153 1215/1215/1159
f 1321/1321/1262 1320/1320/1261 1322/1322/1263
f 1321/1321/1262 1322/1322/1263 1323/1323/1264
f 1321/1321/1262 1323/1323/1264 1324/1324/1265
f 1321/1321/1262 1324/1324/1265 1205/1205/1149
f 1321/1321/1262 1205/1205/1149 1204/1204/1148
f 1321/1321/1262 1204/1204/1148 1210/1210/1154
f 1324/1324/1265 1323/1323/1264 1325/1325/1266
f 1324/1324/1265 1325/1325/1266 1326/1326/1267
f 1324/1324/1265 1326/1326/1267 1327/1327/1268
f 1324/1324/1265 1327/1327/1268 1200/1200/1144
f 1324/1324/1265 1200/1200/1144 1199/1199/1143
f 1324/1324/1265 1199/1199/1143 1205/1205/1149
f 1327/1327/1268 1326/1326/1267 1328/1328/1269
f 1327/1327/1268 1328/1328/1269 1329/1329/1270
f 1327/1327/1268 1329/1329/1270 1330/1330/1271
f 1327/1327/1268 1330/1330/1271 1195/1195/1139
f 1327/1327/1268 1195/1195/1139 1194/1194/1138
f 1327/1327/1268 1194/1194/1138 1200/1200/1144
f 1330/1330/1271 1329/1329/1270 1331/1331/1272
f 1330/1330/1271 1331/1331/1272 1332/1332/1273
f 1330/1330/1271 1332/1332/1273 1333/1333/1274
f 1330/1330/1271 1333/1333/1274 1190/1190/1134
f 1330/1330/1271 1190/1190/1134 1189/1189/1133
f 1330/1330/1271 1189/1189/1133 1195/1195/1139
f 1333/1333/1274 1332/1332/1273 1334/1334/1275
f 1333/1333/1274 1334/1334/1275 1335/1335/1276
f 1333/1333/1274 1335/1335/1276 1336/1336/1277
f 1333/1333/1274 1336/1336/1277 1185/1185/1129
f 1333/1333/1274 1185/1185/1129 1184/1184/1128
f 1333/1333/1274 1184/1184/1128 1190/1190/1134
f 1336/1336/1277 1335/1335/1276 1337/1337/1278
f 1336/1336/1277 1337/1337/1278 1338/1338/1279
f 1336/1336/1277 1338/1338/1279 1339/1339/1280
f 1336/1336/1277 1339/1339/1280 1180/1180/1124
f 1336/1336/1277 1180/1180/1124 1179/1179/1123
f 1336/1336/1277 1179/1179/1123 1185/1185/1129
f 1339/1339/1280 1338/1338/1279 1340/1340/1281
f 1339/1339/1280 1340/1340/1281 1341/1341/1282
f 1339/1339/1280 1341/1341/1282 1342/1342/1283
f 1339/1339/1280 1342/1342/1283 1175/1175/1119
f 1339/1339/1280 1175/1175/1119 1174/1174/1118
f 1339/1339/1280 1174/1174/1118 1180/1180/1124
f 1342/1342/1283 1341/1341/1282 1343/1343/1284
f 1342/1342/1283 1343/1343/1284 1344/1344/1285
f 1342/1342/1283 1344/1344/1285 1345/1345/1286
f 1342/1342/1283 1345/1345/1286 1170/1170/1114
f 1342/1342/1283 1170/1170/1114 1169/1169/1113
f 1342/1342/1283 1169/1169/1113 1175/1175/1119
f 1345/1345/1286 1344/1344/1285 1346/1346/1287
f 1345/1345/1286 1346/1346/1287 1347/1347/1288
f 1345/1345/1286 1347/1347/1288 1348/1348/1289
f 1345/1345/1286 1348/1348/1289 1165/1165/1109
f 1345/1345/1286 1165/1165/1109 1164/1164/1108
f 1345/1345/1286 1164/1164/1108 1170/1170/1114
f 1348/1348/1289 1347/1347/1288 1349/1349/1290
f 1348/1348/1289 1349/1349/1290 1350/1350/1291
f 1348/1348/1289 1350/1350/1291 1351/1351/1292
f 1348/1348/1289 1351/1351/1292 1160/1160/1104
f 1348/1348/1289 1160/1160/1104 1159/1159/1103
f 1348/1348/1289 1159/1159/1103 1165/1165/1109
f 1351/1351/1292 1350/1350/1291 1352/1352/1293
f 1351/1351/1292 1352/1352/1293 1353/1353/1294
f 1351/1351/1292 1353/1353/1294 1354/1354/1295
f 1351/1351/1292 1354/1354/1295 1155/1155/1099
f 1351/1351/1292 1155/1155/1099 1154/1154/1098
f 1351/1351/1292 1154/1154/1098 1160/1160/1104
f 1354/1354/1295 1353/1353/1294 1355/1355/1296
f 1354/1354/1295 1355/1355/1296 1356/1356/1297
f 1354/1354/1295 1356/1356/1297 1357/1357/1298
f 1354/1354/1295 1357/1357/1298 1150/1150/1094
f 1354/1354/1295 1150/1150/1094 1149/1149/1093
f 1354/1354/1295 1149/1149/1093 1155/1155/1099
f 1357/1357/1298 1356/1356/1297 1358/1358/1299
f 1357/1357/1298 1358/1358/1299 1359/1359/1300
f 1357/1357/1298 1359/1359/1300 1360/1360/1301
f 1357/1357/1298 1360/1360/1301 1145/1145/1089
f 1357/1357/1298 1145/1145/1089 1144/1144/1088
f 1357/1357/1298 1144/1144/1088 1150/1150/1094
f 1361/1361/1300 1362/1362/1299 1363/1363/1302
f 1361/1361/1300 1363/1363/1302 1364/1364/1303
f 1361/1361/1300 1364/1364/1303 334/334/315
f 1361/1361/1300 334/334/315 338/338/319
f 1364/1364/1303 1363/1363/1302 1365/1365/1304
f 1364/1364/1303 1365/1365/1304 1366/1366/1305
f 1364/1364/1303 1366/1366/1305 335/335/316
f 1364/1364/1303 335/335/316 334/334/315
f 1366/1366/1305 1365/1365/1304 1367/1367/1306
f 1366/1366/1305 1367/1367/1306 1368/1368/1307
f 1366/1366/1305 1368/1368/1307 1369/1369/1308
f 1366/1366/1305 1369/1369/1308 335/335/316
f 1369/1369/1308 1370/1370/1309 336/336/317
f 1369/1369/1308 336/336/317 335/335/316
f 1369/1369/1308 1368/1368/1307 1371/1371/1310
f 1369/1369/1308 1371/1371/1310 1372/1372/1311
f 1369/1369/1308 1372/1372/1311 1373/1373/1312
f 1369/1369/1308 1373/1373/1312 1370/1370/1309
f 1373/1373/1312 1374/1374/1313 1375/1375/133
f 1373/1373/1312 1375/1375/133 1370/1370/1309
f 1376/1376/1312 1377/1377/1311 1378/1378/1314
f 1376/1376/1312 1378/1378/1314 1379/1379/1315
f 1376/1376/1312 1379/1379/1315 1380/1380/1316
f 1376/1376/1312 1380/1380/1316 1381/1381/1317
f 1380/1380/1316 1382/1382/1318 1383/1383/1319
f 1380/1380/1316 1383/1383/1319 1381/1381/1317
f 1380/1380/1316 1379/1379/1315 1384/1384/1320
f 1380/1380/1316 1384/1384/1320 1385/1385/1321
f 1380/1380/1316 1385/1385/1321 1386/1386/1322
f 1380/1380/1316 1386/1386/1322 1382/1382/1318
f 1386/1386/1322 1387/1387/1323 1388/1388/1324
f 1386/1386/1322 1388/1388/1324 1382/1382/1318
f 1386/1386/1322 1385/1385/1321 1389/1389/1325
f 1386/1386/1322 1389/1389/1325 1390/1390/1326
f 1386/1386/1322 1390/1390/1326 1391/1391/1327
f 1386/1386/1322 1391/1391/1327 1387/1387/1323
f 1391/1391/1327 1392/1392/1328 1393/1393/1329
f 1391/1391/1327 1393/1393/1329 1387/1387/1323
f 1391/1391/1327 1390/1390/1326 1394/1394/1330
f 1391/1391/1327 1394/1394/1330 1395/1395/1331
f 1391/1391/1327 1395/1395/1331 1396/1396/1332
f 1391/1391/1327 1396/1396/1332 1392/1392/1328
f 1396/1396/1332 1397/1397/1333 1398/1398/1334
f 1396/1396/1332 1398/1398/1334 1392/1392/1328
f 1396/1396/1332 1395/1395/1331 1399/1399/1335
f 1396/1396/1332 1399/1399/1335 1400/1400/1336
f 1396/1396/1332 1400/1400/1336 1401/1401/1337
f 1396/1396/1332 1401/1401/1337 1397/1397/1333
f 1402/1402/1338 1403/1403/1339 1404/1404/1340
f 1402/1402/1338 1404/1404/1340 1405/1405/1341
f 1401/1401/1337 1400/1400/1336 1406/1406/1342
f 1401/1401/1337 1406/1406/1342 1407/1407/1343
f 1402/1402/1338 1408/1408/1344 1409/1409/1345
f 1402/1402/1338 1409/1409/1345 1403/1403/1339
f 1409/1409/1345 1410/1410/1346 1411/1411/1347
f 1409/1409/1345 1411/1411/1347 1403/1403/1339
f 1409/1409/1345 1408/1408/1344 1412/1412/1348
f 1409/1409/1345 1412/1412/1348 1413/1413/1349
f 1409/1409/1345 1413/1413/1349 1414/1414/1350
f 1409/1409/1345 1414/1414/1350 1410/1410/1346
f 1414/1414/1350 1415/1415/1351 1416/1416/1352
f 1414/1414/1350 1416/1416/1352 1410/1410/1346
f 1414/1414/1350 1413/1413/1349 1417/1417/1353
f 1414/1414/1350 1417/1417/1353 1418/1418/1354
f 1414/1414/1350 1418/1418/1354 1419/1419/1355
f 1414/1414/1350 1419/1419/1355 1415/1415/1351
f 1419/1419/1355 1420/1420/1356 1421/1421/1357
f 1419/1419/1355 1421/1421/1357 1415/1415/1351
f 1419/1419/1355 1418/1418/1354 1422/1422/1358
f 1419/1419/1355 1422/1422/1358 1423/1423/1359
f 1419/1419/1355 1423/1423/1359 1424/1424/1360
f 1419/1419/1355 1424/1424/1360 1420/1420/1356
f 1424/1424/1360 1425/1425/1361 1426/1426/1362
f 1424/1424/1360 1426/1426/1362 1420/1420/1356
f 1424/1424/1360 1423/1423/1359 1427/1427/1363
f 1424/1424/1360 1427/1427/1363 1428/1428/1364
f 1424/1424/1360 1428/1428/1364 1429/1429/1365
f 1424/1424/1360 1429/1429/1365 1425/1425/1361
f 1429/1429/1365 1430/1430/1366 1431/1431/1367
f 1429/1429/1365 1431/1431/1367 1425/1425/1361
f 1429/1429/1365 1428/1428/1364 1432/1432/1368
f 1429/1429/1365 1432/1432/1368 1433/1433/1369
f 1429/1429/1365 1433/1433/1369 1434/1434/1370
f 1429/1429/1365 1434/1434/1370 1430/1430/1366
f 1434/1434/1370 1435/1435/1371 1436/1436/1372
f 1434/1434/1370 1436/1436/1372 1430/1430/1366
f 1434/1434/1370 1433/1433/1369 1437/1437/1373
f 1434/1434/1370 1437/1437/1373 1438/1438/1374
f 1434/1434/1370 1438/1438/1374 1439/1439/1375
f 1434/1434/1370 1439/1439/1375 1435/1435/1371
f 1439/1439/1375 1440/1440/1376 1441/1441/1377
f 1439/1439/1375 1441/1441/1377 1435/1435/1371
f 1439/1439/1375 1438/1438/1374 1442/1442/1378
f 1439/1439/1375 1442/1442/1378 1443/1443/1379
f 1439/1439/1375 1443/1443/1379 1444/1444/1380
f 1439/1439/1375 1444/1444/1380 1440/1440/1376
f 1444/1444/1380 1445/1445/1381 1446/1446/1382
f 1444/1444/1380 1446/1446/1382 1440/1440/1376
f 1444/1444/1380 1443/1443/1379 1447/1447/1383
f 1444/1444/1380 1447/1447/1383 1448/1448/1384
f 1444/1444/1380 1448/1448/1384 1449/1449/1385
f 1444/1444/1380 1449/1449/1385 1445/1445/1381
f 1449/1449/1385 1450/1450/1386 1451/1451/1387
f 1449/1449/1385 1451/1451/1387 1445/1445/1381
f 1449/1449/1385 1448/1448/1384 1452/1452/1388
f 1449/1449/1385 1452/1452/1388 1453/1453/1389
f 1449/1449/1385 1453/1453/1389 1454/1454/1390
f 1449/1449/1385 1454/1454/1390 1450/1450/1386
f 1454/1454/1390 1455/1455/1391 1456/1456/1392
f 1454/1454/1390 1456/1456/1392 1450/1450/1386
f 1454/1454/1390 1453/1453/1389 1457/1457/1393
f 1454/1454/1390 1457/1457/1393 1458/1458/1394
f 1454/1454/1390 1458/1458/1394 1459/1459/1395
f 1454/1454/1390 1459/1459/1395 1455/1455/1391
f 1459/1459/1395 1460/1460/1396 1461/1461/1397
f 1459/1459/1395 1461/1461/1397 1455/1455/1391
f 1459/1459/1395 1458/1458/1394 1462/1462/1398
f 1459/1459/1395 1462/1462/1398 1463/1463/1399
f 1459/1459/1395 1463/1463/1399 1464/1464/1400
f 1459/1459/1395 1464/1464/1400 1460/1460/1396
f 1464/1464/1400 1465/1465/1401 1466/1466/1402
f 1464/1464/1400 1466/1466/1402 1460/1460/1396
f 1464/1464/1400 1463/1463/1399 1467/1467/1403
f 1464/1464/1400 1467/1467/1403 1468/1468/1404
f 1464/1464/1400 1468/1468/1404 1469/1469/1405
f 1464/1464/1400 1469/1469/1405 1465/1465/1401
f 1469/1469/1405 1470/1470/1406 1471/1471/1407
f 1469/1469/1405 1471/1471/1407 1465/1465/1401
f 1469/1469/1405 1468/1468/1404 1472/1472/1408
f 1469/1469/1405 1472/1472/1408 1473/1473/1409
f 1469/1469/1405 1473/1473/1409 1474/1474/1410
f 1469/1469/1405 1474/1474/1410 1470/1470/1406
f 1474/1474/1410 1475/1475/1411 1476/1476/1412
f 1474/1474/1410 1476/1476/1412 1470/1470/1406
f 1474/1474/1410 1473/1473/1409 1477/1477/1413
f 1474/1474/1410 1477/1477/1413 1478/1478/1414
f 1474/1474/1410 1478/1478/1414 1479/1479/1415
f 1474/1474/1410 1479/1479/1415 1475/1475/1411
f 1479/1479/1415 219/219/204 218/218/203
f 1479/1479/1415 218/218/203 1475/1475/1411
f 1480/1480/1416 1481/1481/1417 1482/1482/1418
f 1480/1480/1416 1482/1482/1418 1483/1483/1419
f 1480/1480/1416 1483/1483/1419 222/222/207
f 1480/1480/1416 222/222/207 221/221/206
f 1483/1483/1419 1482/1482/1418 1484/1484/1420
f 1483/1483/1419 1484/1484/1420 1485/1485/1421
f 1483/1483/1419 1485/1485/1421 1486/1486/1422
f 1483/1483/1419 1486/1486/1422 222/222/207
f 1486/1486/1422 1487/1487/1423 223/223/208
f 1486/1486/1422 223/223/208 222/222/207
f 1486/1486/1422 1485/1485/1421 1488/1488/1424
f 1486/1486/1422 1488/1488/1424 1489/1489/1425
f 1486/1486/1422 1489/1489/1425 1490/1490/1426
f 1486/1486/1422 1490/1490/1426 1487/1487/1423
f 1491/1491/1427 233/233/217 232/232/216
f 1491/1491/1427 232/232/216 1492/1492/1428
f 1491/1491/1427 1492/1492/1428 1493/1493/1429
f 1491/1491/1427 1493/1493/1429 1494/1494/1430
f 1490/1490/1426 1489/1489/1425 236/236/219
f 1490/1490/1426 236/236/219 235/235/218
f 1493/1493/1429 1492/1492/1428 1495/1495/1431
f 1493/1493/1429 1495/1495/1431 1496/1496/1432
f 1493/1493/1429 1496/1496/1432 1497/1497/1433
f 1493/1493/1429 1497/1497/1433 225/225/210
f 1493/1493/1429 225/225/210 224/224/209
f 1493/1493/1429 224/224/209 1494/1494/1430
f 1497/1497/1433 1496/1496/1432 1498/1498/1434
f 1497/1497/1433 1498/1498/1434 1499/1499/1435
f 1497/1497/1433 1499/1499/1435 1500/1500/1436
f 1497/1497/1433 1500/1500/1436 1501/1501/1437
f 1497/1497/1433 1501/1501/1437 217/217/202
f 1497/1497/1433 217/217/202 225/225/210
f 1501/1501/1437 1500/1500/1436 1502/1502/1438
f 1501/1501/1437 1502/1502/1438 1503/1503/1439
f 1501/1501/1437 1503/1503/1439 218/218/203
f 1501/1501/1437 218/218/203 217/217/202
f 1503/1503/1439 1502/1502/1438 1504/1504/1440
f 1503/1503/1439 1504/1504/1440 1476/1476/1412
f 1503/1503/1439 1476/1476/1412 1475/1475/1411
f 1503/1503/1439 1475/1475/1411 218/218/203
f 1504/1504/1440 1502/1502/1438 1505/1505/1441
f 1504/1504/1440 1505/1505/1441 1506/1506/1442
f 1504/1504/1440 1506/1506/1442 1507/1507/1443
f 1504/1504/1440 1507/1507/1443 1471/1471/1407
f 1504/1504/1440 1471/1471/1407 1470/1470/1406
f 1504/1504/1440 1470/1470/1406 1476/1476/1412
f 1507/1507/1443 1506/1506/1442 1508/1508/1444
f 1507/1507/1443 1508/1508/1444 1509/1509/1445
f 1507/1507/1443 1509/1509/1445 1510/1510/1446
f 1507/1507/1443 1510/1510/1446 1466/1466/1402
f 1507/1507/1443 1466/1466/1402 1465/1465/1401
f 1507/1507/1443 1465/1465/1401 1471/1471/1407
f 1510/1510/1446 1509/1509/1445 1511/1511/1447
f 1510/1510/1446 1511/1511/1447 1512/1512/1448
f 1510/1510/1446 1512/1512/1448 1513/1513/1449
f 1510/1510/1446 1513/1513/1449 1461/1461/1397
f 1510/1510/1446 1461/1461/1397 1460/1460/1396
f 1510/1510/1446 1460/1460/1396 1466/1466/1402
f 1513/1513/1449 1512/1512/1448 1514/1514/1450
f 1513/1513/1449 1514/1514/1450 1515/1515/1451
f 1513/1513/1449 1515/1515/1451 1516/1516/1452
f 1513/1513/1449 1516/1516/1452 1456/1456/1392
f 1513/1513/1449 1456/1456/1392 1455/1455/1391
f 1513/1513/1449 1455/1455/1391 1461/1461/1397
f 1516/1516/1452 1515/1515/1451 1517/1517/1453
f 1516/1516/1452 1517/1517/1453 1518/1518/1454
f 1516/1516/1452 1518/1518/1454 1519/1519/1455
f 1516/1516/1452 1519/1519/1455 1451/1451/1387
f 1516/1516/1452 1451/1451/1387 1450/1450/1386
f 1516/1516/1452 1450/1450/1386 1456/1456/1392
f 1519/1519/1455 1518/1518/1454 1520/1520/1456
f 1519/1519/1455 1520/1520/1456 1521/1521/1457
f 1519/1519/1455 1521/1521/1457 1522/1522/1458
f 1519/1519/1455 1522/1522/1458 1446/1446/1382
f 1519/1519/1455 1446/1446/1382 1445/1445/1381
f 1519/1519/1455 1445/1445/1381 1451/1451/1387
f 1522/1522/1458 1521/1521/1457 1523/1523/1459
f 1522/1522/1458 1523/1523/1459 1524/1524/1460
f 1522/1522/1458 1524/1524/1460 1525/1525/1461
f 1522/1522/1458 1525/1525/1461 1441/1441/1377
f 1522/1522/1458 1441/1441/1377 1440/1440/1376
f 1522/1522/1458 1440/1440/1376 1446/1446/1382
f 1525/1525/1461 1524/1524/1460 1526/1526/1462
f 1525/1525/1461 1526/1526/1462 1527/1527/1463
f 1525/1525/1461 1527/1527/1463 1528/1528/1464
f 1525/1525/1461 1528/1528/1464 1436/1436/1372
f 1525/1525/1461 1436/1436/1372 1435/1435/1371
f 1525/1525/1461 1435/1435/1371 1441/1441/1377
f 1528/1528/1464 1527/1527/1463 1529/1529/1465
f 1528/1528/1464 1529/1529/1465 1530/1530/1466
f 1528/1528/1464 1530/1530/1466 1531/1531/1467
f 1528/1528/1464 1531/1531/1467 1431/1431/1367
f 1528/1528/1464 1431/1431/1367 1430/1430/1366
f 1528/1528/1464 1430/1430/1366 1436/1436/1372
f 1531/1531/1467 1530/1530/1466 1532/1532/1468
f 1531/1531/1467 1532/1532/1468 1533/1533/1469
f 1531/1531/1467 1533/1533/1469 1534/1534/1470
f 1531/1531/1467 1534/1534/1470 1426/1426/1362
f 1531/1531/1467 1426/1426/1362 1425/1425/1361
f 1531/1531/1467 1425/1425/1361 1431/1431/1367
f 1534/1534/1470 1533/1533/1469 1535/1535/1471
f 1534/1534/1470 1535/1535/1471 1536/1536/1472
f 1534/1534/1470 1536/1536/1472 1537/1537/1473
f 1534/1534/1470 1537/1537/1473 1421/1421/1357
f 1534/1534/1470 1421/1421/1357 1420/1420/1356
f 1534/1534/1470 1420/1420/1356 1426/1426/1362
f 1537/1537/1473 1536/1536/1472 1538/1538/1474
f 1537/1537/1473 1538/1538/1474 1539/1539/1475
f 1537/1537/1473 1539/1539/1475 1540/1540/1476
f 1537/1537/1473 1540/1540/1476 1416/1416/1352
f 1537/1537/1473 1416/1416/1352 1415/1415/1351
f 1537/1537/1473 1415/1415/1351 1421/1421/1357
f 1540/1540/1476 1539/1539/1475 1541/1541/1477
f 1540/1540/1476 1541/1541/1477 1542/1542/1478
f 1540/1540/1476 1542/1542/1478 1543/1543/1479
f 1540/1540/1476 1543/1543/1479 1411/1411/1347
f 1540/1540/1476 1411/1411/1347 1410/1410/1346
f 1540/1540/1476 1410/1410/1346 1416/1416/1352
f 1543/1543/1479 1542/1542/1478 1544/1544/1480
f 1543/1543/1479 1544/1544/1480 1545/1545/1481
f 1543/1543/1479 1545/1545/1481 1546/1546/1482
f 1543/1543/1479 1546/1546/1482 1404/1404/1340
f 1543/1543/1479 1404/1404/1340 1403/1403/1339
f 1543/1543/1479 1403/1403/1339 1411/1411/1347
f 1546/1546/1482 1545/1545/1481 1547/1547/1483
f 1546/1546/1482 1547/1547/1483 1548/1548/1484
f 1546/1546/1482 1548/1548/1484 1549/1549/1485
f 1546/1546/1482 1549/1549/1485 1550/1550/1334
f 1546/1546/1482 1550/1550/1334 1405/1405/1341
f 1546/1546/1482 1405/1405/1341 1404/1404/1340
f 1549/1549/1485 1548/1548/1484 45/45/41
f 1549/1549/1485 45/45/41 44/44/40
f 1551/1551/1485 1552/1552/1486 1553/1553/1487
f 1551/1551/1485 1553/1553/1487 1393/1393/1329
f 1551/1551/1485 1393/1393/1329 1392/1392/1328
f 1551/1551/1485 1392/1392/1328 1398/1398/1334
f 1553/1553/1487 1552/1552/1486 1554/1554/1488
f 1553/1553/1487 1554/1554/1488 1555/1555/1489
f 1553/1553/1487 1555/1555/1489 1556/1556/1490
f 1553/1553/1487 1556/1556/1490 1388/1388/1324
f 1553/1553/1487 1388/1388/1324 1387/1387/1323
f 1553/1553/1487 1387/1387/1323 1393/1393/1329
f 1557/1557/1491 1558/1558/1492 1559/1559/1493
f 1557/1557/1491 1559/1559/1493 141/141/131
f 1557/1557/1491 141/141/131 140/140/130
f 1557/1557/1491 140/140/130 1560/1560/1319
f 1556/1556/1490 1383/1383/1319 1382/1382/1318
f 1556/1556/1490 1382/1382/1318 1388/1388/1324
f 1559/1559/1493 1561/1561/1494 1562/1562/1495
f 1559/1559/1493 1562/1562/1495 1563/1563/1496
f 1559/1559/1493 1563/1563/1496 142/142/132
f 1559/1559/1493 142/142/132 141/141/131
f 1559/1559/1493 1558/1558/1492 1564/1564/1497
f 1559/1559/1493 1564/1564/1497 1561/1561/1494
f 1563/1563/1496 1562/1562/1495 1565/1565/1498
f 1563/1563/1496 1565/1565/1498 1566/1566/1499
f 1563/1563/1496 1566/1566/1499 1567/1567/1500
f 1563/1563/1496 1567/1567/1500 142/142/132
f 1567/1567/1500 1566/1566/1499 1568/1568/1501
f 1567/1567/1500 1568/1568/1501 1569/1569/1502
f 1567/1567/1500 1569/1569/1502 1570/1570/1503
f 1567/1567/1500 1570/1570/1503 135/135/125
f 1567/1567/1500 135/135/125 134/134/124
f 1567/1567/1500 134/134/124 142/142/132
f 1570/1570/1503 1569/1569/1502 1571/1571/1504
f 1570/1570/1503 1571/1571/1504 1572/1572/1505
f 1570/1570/1503 1572/1572/1505 1573/1573/1506
f 1570/1570/1503 1573/1573/1506 1574/1574/1507
f 1570/1570/1503 1574/1574/1507 136/136/126
f 1570/1570/1503 136/136/126 135/135/125
f 1574/1574/1507 1573/1573/1506 1575/1575/1508
f 1574/1574/1507 1575/1575/1508 1576/1576/1509
f 1574/1574/1507 1576/1576/1509 1577/1577/1510
f 1574/1574/1507 1577/1577/1510 136/136/126
f 1577/1577/1510 1576/1576/1509 7/7/6
f 1577/1577/1510 7/7/6 1578/1578/1511
f 1577/1577/1510 1578/1578/1511 1579/1579/1512
f 1577/1577/1510 1579/1579/1512 1580/1580/1513
f 1577/1577/1510 1580/1580/1513 137/137/127
f 1577/1577/1510 137/137/127 136/136/126
f 1580/1580/1513 1579/1579/1512 1125/1125/1071
f 1580/1580/1513 1125/1125/1071 1581/1581/1514
f 1580/1580/1513 1581/1581/1514 138/138/128
f 1580/1580/1513 138/138/128 137/137/127
f 1581/1581/1514 1125/1125/1071 1124/1124/1070
f 1581/1581/1514 1124/1124/1070 1132/1132/1077
f 1581/1581/1514 1132/1132/1077 1582/1582/320
f 1581/1581/1514 1582/1582/320 138/138/128
f 1579/1579/1512 1578/1578/1511 1583/1583/1515
f 1579/1579/1512 1583/1583/1515 1584/1584/1516
f 1579/1579/1512 1584/1584/1516 1126/1126/1072
f 1579/1579/1512 1126/1126/1072 1125/1125/1071
f 1583/1583/1515 1578/1578/1511 7/7/6
f 1583/1583/1515 7/7/6 6/6/4
f 1585/1585/1515 4/4/4 3/3/3
f 1585/1585/1515 3/3/3 1112/1112/1059
f 1585/1585/1515 1112/1112/1059 1111/1111/1058
f 1585/1585/1515 1111/1111/1058 1119/1119/1065
f 1576/1576/1509 1575/1575/1508 8/8/7
f 1576/1576/1509 8/8/7 7/7/6
f 1575/1575/1508 1573/1573/1506 1586/1586/1517
f 1575/1575/1508 1586/1586/1517 1587/1587/1518
f 1575/1575/1508 1587/1587/1518 12/12/11
f 1575/1575/1508 12/12/11 8/8/7
f 1587/1587/1518 1586/1586/1517 1588/1588/1519
f 1587/1587/1518 1588/1588/1519 1589/1589/1520
f 1587/1587/1518 1589/1589/1520 1590/1590/1521
f 1587/1587/1518 1590/1590/1521 12/12/11
f 1590/1590/1521 1589/1589/1520 1591/1591/1522
f 1590/1590/1521 1591/1591/1522 1592/1592/1523
f 1590/1590/1521 1592/1592/1523 1593/1593/1524
f 1590/1590/1521 1593/1593/1524 1594/1594/1525
f 1590/1590/1521 1594/1594/1525 13/13/8
f 1590/1590/1521 13/13/8 12/12/11
f 1595/1595/1525 1596/1596/1524 1597/1597/1526
f 1595/1595/1525 1597/1597/1526 1598/1598/1527
f 1595/1595/1525 1598/1598/1527 10/10/9
f 1595/1595/1525 10/10/9 9/9/8
f 1598/1598/1527 1597/1597/1526 1599/1599/1528
f 1598/1598/1527 1599/1599/1528 1600/1600/1529
f 1598/1598/1527 1600/1600/1529 904/904/855
f 1598/1598/1527 904/904/855 10/10/9
f 1600/1600/1529 1599/1599/1528 1601/1601/1530
f 1600/1600/1529 1601/1601/1530 899/899/850
f 1600/1600/1529 899/899/850 898/898/849
f 1600/1600/1529 898/898/849 904/904/855
f 1601/1601/1530 1599/1599/1528 1602/1602/1531
f 1601/1601/1530 1602/1602/1531 1603/1603/1532
f 1601/1601/1530 1603/1603/1532 1604/1604/1533
f 1601/1601/1530 1604/1604/1533 894/894/845
f 1601/1601/1530 894/894/845 893/893/844
f 1601/1601/1530 893/893/844 899/899/850
f 1604/1604/1533 1603/1603/1532 1605/1605/1534
f 1604/1604/1533 1605/1605/1534 1606/1606/1535
f 1604/1604/1533 1606/1606/1535 1607/1607/1536
f 1604/1604/1533 1607/1607/1536 889/889/840
f 1604/1604/1533 889/889/840 888/888/839
f 1604/1604/1533 888/888/839 894/894/845
f 1607/1607/1536 1606/1606/1535 1608/1608/1537
f 1607/1607/1536 1608/1608/1537 1609/1609/1538
f 1607/1607/1536 1609/1609/1538 1610/1610/1539
f 1607/1607/1536 1610/1610/1539 884/884/835
f 1607/1607/1536 884/884/835 883/883/834
f 1607/1607/1536 883/883/834 889/889/840
f 1610/1610/1539 1609/1609/1538 1611/1611/1540
f 1610/1610/1539 1611/1611/1540 1612/1612/1541
f 1610/1610/1539 1612/1612/1541 1613/1613/1542
f 1610/1610/1539 1613/1613/1542 879/879/830
f 1610/1610/1539 879/879/830 878/878/829
f 1610/1610/1539 878/878/829 884/884/835
f 1613/1613/1542 1612/1612/1541 1614/1614/1543
f 1613/1613/1542 1614/1614/1543 1615/1615/1544
f 1613/1613/1542 1615/1615/1544 1616/1616/1545
f 1613/1613/1542 1616/1616/1545 874/874/825
f 1613/1613/1542 874/874/825 873/873/824
f 1613/1613/1542 873/873/824 879/879/830
f 1616/1616/1545 1615/1615/1544 1617/1617/1546
f 1616/1616/1545 1617/1617/1546 1618/1618/1547
f 1616/1616/1545 1618/1618/1547 1619/1619/1548
f 1616/1616/1545 1619/1619/1548 869/869/820
f 1616/1616/1545 869/869/820 868/868/819
f 1616/1616/1545 868/868/819 874/874/825
f 1619/1619/1548 1618/1618/1547 54/54/49
f 1619/1619/1548 54/54/49 1620/1620/1549
f 1619/1619/1548 1620/1620/1549 1621/1621/1550
f 1619/1619/1548 1621/1621/1550 864/864/815
f 1619/1619/1548 864/864/815 863/863/814
f 1619/1619/1548 863/863/814 869/869/820
f 1621/1621/1550 1620/1620/1549 1622/1622/1551
f 1621/1621/1550 1622/1622/1551 1623/1623/1552
f 1621/1621/1550 1623/1623/1552 196/196/183
f 1621/1621/1550 196/196/183 859/859/810
f 1621/1621/1550 859/859/810 858/858/809
f 1621/1621/1550 858/858/809 864/864/815
f 1623/1623/1552 1624/1624/1553 192/192/179
f 1623/1623/1552 192/192/179 196/196/183
f 1623/1623/1552 1622/1622/1551 1625/1625/1554
f 1623/1623/1552 1625/1625/1554 1624/1624/1553
f 1625/1625/1554 161/161/149 160/160/148
f 1625/1625/1554 160/160/148 1624/1624/1553
f 1625/1625/1554 1622/1622/1551 53/53/48
f 1625/1625/1554 53/53/48 1626/1626/1555
f 1625/1625/1554 1626/1626/1555 168/168/156
f 1625/1625/1554 168/168/156 161/161/149
f 1626/1626/1555 53/53/48 52/52/47
f 1626/1626/1555 52/52/47 1627/1627/1556
f 1626/1626/1555 1627/1627/1556 1628/1628/1557
f 1626/1626/1555 1628/1628/1557 168/168/156
f 1628/1628/1557 1627/1627/1556 1629/1629/1558
f 1628/1628/1557 1629/1629/1558 1630/1630/1559
f 1628/1628/1557 1630/1630/1559 1631/1631/1560
f 1628/1628/1557 1631/1631/1560 1632/1632/1561
f 1628/1628/1557 1632/1632/1561 166/166/154
f 1628/1628/1557 166/166/154 168/168/156
f 1632/1632/1561 1631/1631/1560 1633/1633/1562
f 1632/1632/1561 1633/1633/1562 1634/1634/1563
f 1632/1632/1561 1634/1634/1563 167/167/155
f 1632/1632/1561 167/167/155 166/166/154
f 1634/1634/1563 1633/1633/1562 40/40/36
f 1634/1634/1563 40/40/36 34/34/30
f 1634/1634/1563 34/34/30 39/39/35
f 1634/1634/1563 39/39/35 167/167/155
f 1633/1633/1562 1631/1631/1560 1635/1635/1564
f 1633/1633/1562 1635/1635/1564 1636/1636/1565
f 1633/1633/1562 1636/1636/1565 1637/1637/1566
f 1633/1633/1562 1637/1637/1566 40/40/36
f 1637/1637/1566 245/245/228 41/41/37
f 1637/1637/1566 41/41/37 40/40/36
f 1637/1637/1566 1636/1636/1565 1638/1638/1567
f 1637/1637/1566 1638/1638/1567 1639/1639/1568
f 1637/1637/1566 1639/1639/1568 1640/1640/1569
f 1637/1637/1566 1640/1640/1569 245/245/228
f 1640/1640/1569 1641/1641/1570 246/246/225
f 1640/1640/1569 246/246/225 245/245/228
f 1640/1640/1569 1639/1639/1568 1642/1642/1571
f 1640/1640/1569 1642/1642/1571 1643/1643/1572
f 1640/1640/1569 1643/1643/1572 1644/1644/1573
f 1640/1640/1569 1644/1644/1573 1641/1641/1570
f 1645/1645/1574 1646/1646/1575 1647/1647/1576
f 1645/1645/1574 1647/1647/1576 1648/1648/1577
f 1644/1644/1573 1643/1643/1572 1649/1649/1578
f 1644/1644/1573 1649/1649/1578 1650/1650/1579
f 1645/1645/1574 1651/1651/1579 1652/1652/1580
f 1645/1645/1574 1652/1652/1580 1646/1646/1575
f 1652/1652/1580 1653/1653/1581 1654/1654/1582
f 1652/1652/1580 1654/1654/1582 1646/1646/1575
f 1652/1652/1580 1651/1651/1579 1655/1655/1583
f 1652/1652/1580 1655/1655/1583 1656/1656/1584
f 1652/1652/1580 1656/1656/1584 1657/1657/1585
f 1652/1652/1580 1657/1657/1585 1653/1653/1581
f 1657/1657/1585 1658/1658/1586 1659/1659/1587
f 1657/1657/1585 1659/1659/1587 1653/1653/1581
f 1657/1657/1585 1656/1656/1584 1660/1660/1588
f 1657/1657/1585 1660/1660/1588 1661/1661/1589
f 1657/1657/1585 1661/1661/1589 1662/1662/1590
f 1657/1657/1585 1662/1662/1590 1658/1658/1586
f 1662/1662/1590 1663/1663/1591 1664/1664/1592
f 1662/1662/1590 1664/1664/1592 1658/1658/1586
f 1662/1662/1590 1661/1661/1589 1591/1591/1522
f 1662/1662/1590 1591/1591/1522 1665/1665/1593
f 1662/1662/1590 1665/1665/1593 1666/1666/1594
f 1662/1662/1590 1666/1666/1594 1663/1663/1591
f 1666/1666/1594 1667/1667/1595 1668/1668/1596
f 1666/1666/1594 1668/1668/1596 1663/1663/1591
f 1666/1666/1594 1665/1665/1593 1588/1588/1519
f 1666/1666/1594 1588/1588/1519 1669/1669/1597
f 1666/1666/1594 1669/1669/1597 1670/1670/1598
f 1666/1666/1594 1670/1670/1598 1667/1667/1595
f 1670/1670/1598 1671/1671/1599 1672/1672/1600
f 1670/1670/1598 1672/1672/1600 1667/1667/1595
f 1670/1670/1598 1669/1669/1597 1673/1673/1601
f 1670/1670/1598 1673/1673/1601 1674/1674/1602
f 1670/1670/1598 1674/1674/1602 1675/1675/1603
f 1670/1670/1598 1675/1675/1603 1671/1671/1599
f 1675/1675/1603 1676/1676/1604 1677/1677/1605
f 1675/1675/1603 1677/1677/1605 1671/1671/1599
f 1675/1675/1603 1674/1674/1602 1571/1571/1504
f 1675/1675/1603 1571/1571/1504 1678/1678/1606
f 1675/1675/1603 1678/1678/1606 1679/1679/1607
f 1675/1675/1603 1679/1679/1607 1676/1676/1604
f 1679/1679/1607 1680/1680/1608 1681/1681/1609
f 1679/1679/1607 1681/1681/1609 1676/1676/1604
f 1679/1679/1607 1678/1678/1606 1568/1568/1501
f 1679/1679/1607 1568/1568/1501 1682/1682/1610
f 1679/1679/1607 1682/1682/1610 1683/1683/1611
f 1679/1679/1607 1683/1683/1611 1680/1680/1608
f 1683/1683/1611 1684/1684/1612 1685/1685/1613
f 1683/1683/1611 1685/1685/1613 1680/1680/1608
f 1683/1683/1611 1682/1682/1610 1565/1565/1498
f 1683/1683/1611 1565/1565/1498 1686/1686/1614
f 1683/1683/1611 1686/1686/1614 1687/1687/1615
f 1683/1683/1611 1687/1687/1615 1684/1684/1612
f 1687/1687/1615 1688/1688/1616 1689/1689/1617
f 1687/1687/1615 1689/1689/1617 1684/1684/1612
f 1687/1687/1615 1686/1686/1614 1690/1690/1618
f 1687/1687/1615 1690/1690/1618 1691/1691/1619
f 1687/1687/1615 1691/1691/1619 1692/1692/1620
f 1687/1687/1615 1692/1692/1620 1688/1688/1616
f 1692/1692/1620 1693/1693/1621 1694/1694/1622
f 1692/1692/1620 1694/1694/1622 1688/1688/1616
f 1692/1692/1620 1691/1691/1619 1695/1695/1623
f 1692/1692/1620 1695/1695/1623 1696/1696/1624
f 1692/1692/1620 1696/1696/1624 1697/1697/1625
f 1692/1692/1620 1697/1697/1625 1693/1693/1621
f 1697/1697/1625 1698/1698/1626 1699/1699/1627
f 1697/1697/1625 1699/1699/1627 1693/1693/1621
f 1697/1697/1625 1696/1696/1624 298/298/279
f 1697/1697/1625 298/298/279 301/301/282
f 1697/1697/1625 301/301/282 1700/1700/1628
f 1697/1697/1625 1700/1700/1628 1698/1698/1626
f 1700/1700/1628 1701/1701/1629 1702/1702/1630
f 1700/1700/1628 1702/1702/1630 1698/1698/1626
f 1700/1700/1628 301/301/282 300/300/281
f 1700/1700/1628 300/300/281 1703/1703/1631
f 1700/1700/1628 1703/1703/1631 1704/1704/1632
f 1700/1700/1628 1704/1704/1632 1701/1701/1629
f 1704/1704/1632 1705/1705/1633 1706/1706/1634
f 1704/1704/1632 1706/1706/1634 1701/1701/1629
f 1707/1707/1635 1708/1708/1636 1709/1709/1637
f 1707/1707/1635 1709/1709/1637 1710/1710/1638
f 1711/1711/1635 1712/1712/1639 1713/1713/1640
f 1711/1711/1635 1713/1713/1640 1714/1714/1641
f 1713/1713/1640 1715/1715/1642 1716/1716/1643
f 1713/1713/1640 1716/1716/1643 1714/1714/1641
f 1713/1713/1640 1712/1712/1639 1717/1717/1644
f 1713/1713/1640 1717/1717/1644 1718/1718/1645
f 1713/1713/1640 1718/1718/1645 1719/1719/1646
f 1713/1713/1640 1719/1719/1646 1715/1715/1642
f 1719/1719/1646 1720/1720/1647 1721/1721/1648
f 1719/1719/1646 1721/1721/1648 1715/1715/1642
f 1719/1719/1646 1718/1718/1645 1722/1722/1649
f 1719/1719/1646 1722/1722/1649 1723/1723/1650
f 1719/1719/1646 1723/1723/1650 1724/1724/1651
f 1719/1719/1646 1724/1724/1651 1720/1720/1647
f 1724/1724/1651 1725/1725/1652 1726/1726/1653
f 1724/1724/1651 1726/1726/1653 1720/1720/1647
f 1724/1724/1651 1723/1723/1650 1727/1727/1654
f 1724/1724/1651 1727/1727/1654 1728/1728/1655
f 1724/1724/1651 1728/1728/1655 1729/1729/1656
f 1724/1724/1651 1729/1729/1656 1725/1725/1652
f 1729/1729/1656 1730/1730/1657 1731/1731/1658
f 1729/1729/1656 1731/1731/1658 1725/1725/1652
f 1729/1729/1656 1728/1728/1655 1732/1732/1659
f 1729/1729/1656 1732/1732/1659 1733/1733/1660
f 1729/1729/1656 1733/1733/1660 1734/1734/1661
f 1729/1729/1656 1734/1734/1661 1730/1730/1657
f 1734/1734/1661 1735/1735/1662 1736/1736/1663
f 1734/1734/1661 1736/1736/1663 1730/1730/1657
f 1734/1734/1661 1733/1733/1660 1737/1737/1664
f 1734/1734/1661 1737/1737/1664 1738/1738/1665
f 1734/1734/1661 1738/1738/1665 1739/1739/1666
f 1734/1734/1661 1739/1739/1666 1735/1735/1662
f 1739/1739/1666 1740/1740/1667 1741/1741/1668
f 1739/1739/1666 1741/1741/1668 1735/1735/1662
f 1739/1739/1666 1738/1738/1665 1742/1742/1669
f 1739/1739/1666 1742/1742/1669 1743/1743/1670
f 1739/1739/1666 1743/1743/1670 1744/1744/1671
f 1739/1739/1666 1744/1744/1671 1740/1740/1667
f 1744/1744/1671 1745/1745/1672 1746/1746/1673
f 1744/1744/1671 1746/1746/1673 1740/1740/1667
f 1744/1744/1671 1743/1743/1670 1747/1747/1674
f 1744/1744/1671 1747/1747/1674 1748/1748/1675
f 1744/1744/1671 1748/1748/1675 1749/1749/1676
f 1744/1744/1671 1749/1749/1676 1745/1745/1672
f 1749/1749/1676 1750/1750/1677 1751/1751/1678
f 1749/1749/1676 1751/1751/1678 1745/1745/1672
f 1749/1749/1676 1748/1748/1675 1752/1752/1679
f 1749/1749/1676 1752/1752/1679 1753/1753/1680
f 1749/1749/1676 1753/1753/1680 1754/1754/1681
f 1749/1749/1676 1754/1754/1681 1750/1750/1677
f 1754/1754/1681 1755/1755/1682 1756/1756/1683
f 1754/1754/1681 1756/1756/1683 1750/1750/1677
f 1754/1754/1681 1753/1753/1680 1757/1757/1684
f 1754/1754/1681 1757/1757/1684 1758/1758/1685
f 1754/1754/1681 1758/1758/1685 1759/1759/1686
f 1754/1754/1681 1759/1759/1686 1755/1755/1682
f 1759/1759/1686 1760/1760/1687 1761/1761/1688
f 1759/1759/1686 1761/1761/1688 1755/1755/1682
f 1759/1759/1686 1758/1758/1685 1762/1762/1689
f 1759/1759/1686 1762/1762/1689 1763/1763/1690
f 1759/1759/1686 1763/1763/1690 1764/1764/1691
f 1759/1759/1686 1764/1764/1691 1760/1760/1687
f 1764/1764/1691 1765/1765/1692 1766/1766/1693
f 1764/1764/1691 1766/1766/1693 1760/1760/1687
f 1764/1764/1691 1763/1763/1690 1767/1767/1694
f 1764/1764/1691 1767/1767/1694 1768/1768/1695
f 1764/1764/1691 1768/1768/1695 1769/1769/1696
f 1764/1764/1691 1769/1769/1696 1765/1765/1692
f 1769/1769/1696 1770/1770/1697 1771/1771/1698
f 1769/1769/1696 1771/1771/1698 1765/1765/1692
f 1769/1769/1696 1768/1768/1695 363/363/341
f 1769/1769/1696 363/363/341 367/367/345
f 1769/1769/1696 367/367/345 1772/1772/1699
f 1769/1769/1696 1772/1772/1699 1770/1770/1697
f 1772/1772/1699 1773/1773/1700 1774/1774/1701
f 1772/1772/1699 1774/1774/1701 1770/1770/1697
f 1772/1772/1699 367/367/345 366/366/344
f 1772/1772/1699 366/366/344 1775/1775/1702
f 1772/1772/1699 1775/1775/1702 1776/1776/1703
f 1772/1772/1699 1776/1776/1703 1773/1773/1700
f 1776/1776/1703 1777/1777/1704 1778/1778/1705
f 1776/1776/1703 1778/1778/1705 1773/1773/1700
f 1779/1779/1706 1780/1780/1707 1781/1781/1708
f 1779/1779/1706 1781/1781/1708 1782/1782/1709
f 1779/1779/1706 1782/1782/1709 1783/1783/1710
f 1779/1779/1706 1783/1783/1710 1784/1784/1711
f 1783/1783/1710 1782/1782/1709 1785/1785/1712
f 1783/1783/1710 1785/1785/1712 1786/1786/1713
f 1783/1783/1710 1786/1786/1713 377/377/355
f 1783/1783/1710 377/377/355 376/376/354
f 1783/1783/1710 376/376/354 378/378/356
f 1783/1783/1710 378/378/356 1784/1784/1711
f 1786/1786/1713 1785/1785/1712 1787/1787/1714
f 1786/1786/1713 1787/1787/1714 1788/1788/1715
f 1786/1786/1713 1788/1788/1715 1789/1789/1716
f 1786/1786/1713 1789/1789/1716 377/377/355
f 1789/1789/1716 1788/1788/1715 1790/1790/1717
f 1789/1789/1716 1790/1790/1717 1791/1791/1718
f 1789/1789/1716 1791/1791/1718 361/361/339
f 1789/1789/1716 361/361/339 360/360/338
f 1789/1789/1716 360/360/338 373/373/351
f 1789/1789/1716 373/373/351 377/377/355
f 1792/1792/1719 1793/1793/1720 1794/1794/1721
f 1792/1792/1719 1794/1794/1721 1795/1795/1722
f 1792/1792/1719 1795/1795/1722 356/356/335
f 1792/1792/1719 356/356/335 355/355/334
f 1795/1795/1722 1794/1794/1721 1796/1796/1723
f 1795/1795/1722 1796/1796/1723 1797/1797/1724
f 1795/1795/1722 1797/1797/1724 1798/1798/1725
f 1795/1795/1722 1798/1798/1725 356/356/335
f 1798/1798/1725 1797/1797/1724 1799/1799/1726
f 1798/1798/1725 1799/1799/1726 1800/1800/1727
f 1798/1798/1725 1800/1800/1727 1801/1801/1728
f 1798/1798/1725 1801/1801/1728 1802/1802/1729
f 1798/1798/1725 1802/1802/1729 357/357/331
f 1798/1798/1725 357/357/331 356/356/335
f 1803/1803/1729 1804/1804/1730 1805/1805/1731
f 1803/1803/1729 1805/1805/1731 1806/1806/1732
f 1803/1803/1729 1806/1806/1732 352/352/332
f 1803/1803/1729 352/352/332 351/351/331
f 1806/1806/1732 1805/1805/1731 1807/1807/1733
f 1806/1806/1732 1807/1807/1733 1808/1808/1734
f 1806/1806/1732 1808/1808/1734 1809/1809/1735
f 1806/1806/1732 1809/1809/1735 352/352/332
f 1809/1809/1735 1808/1808/1734 1810/1810/1736
f 1809/1809/1735 1810/1810/1736 1811/1811/1737
f 1809/1809/1735 1811/1811/1737 1812/1812/353
f 1809/1809/1735 1812/1812/353 1813/1813/1738
f 1809/1809/1735 1813/1813/1738 353/353/333
f 1809/1809/1735 353/353/333 352/352/332
f 1811/1811/1737 1810/1810/1736 1814/1814/1739
f 1811/1811/1737 1814/1814/1739 1815/1815/1740
f 1811/1811/1737 1815/1815/1740 1816/1816/1741
f 1811/1811/1737 1816/1816/1741 1812/1812/353
f 1815/1815/1740 1814/1814/1739 1817/1817/1742
f 1815/1815/1740 1817/1817/1742 1778/1778/1705
f 1815/1815/1740 1778/1778/1705 1777/1777/1704
f 1815/1815/1740 1777/1777/1704 1816/1816/1741
f 1817/1817/1742 1814/1814/1739 1818/1818/1743
f 1817/1817/1742 1818/1818/1743 1819/1819/1744
f 1817/1817/1742 1819/1819/1744 1820/1820/1745
f 1817/1817/1742 1820/1820/1745 1774/1774/1701
f 1817/1817/1742 1774/1774/1701 1773/1773/1700
f 1817/1817/1742 1773/1773/1700 1778/1778/1705
f 1820/1820/1745 1819/1819/1744 1821/1821/1746
f 1820/1820/1745 1821/1821/1746 1822/1822/1747
f 1820/1820/1745 1822/1822/1747 1823/1823/1748
f 1820/1820/1745 1823/1823/1748 1771/1771/1698
f 1820/1820/1745 1771/1771/1698 1770/1770/1697
f 1820/1820/1745 1770/1770/1697 1774/1774/1701
f 1823/1823/1748 1822/1822/1747 1824/1824/1749
f 1823/1823/1748 1824/1824/1749 1825/1825/1750
f 1823/1823/1748 1825/1825/1750 1826/1826/1751
f 1823/1823/1748 1826/1826/1751 1766/1766/1693
f 1823/1823/1748 1766/1766/1693 1765/1765/1692
f 1823/1823/1748 1765/1765/1692 1771/1771/1698
f 1826/1826/1751 1825/1825/1750 1827/1827/1752
f 1826/1826/1751 1827/1827/1752 1828/1828/1753
f 1826/1826/1751 1828/1828/1753 1829/1829/1754
f 1826/1826/1751 1829/1829/1754 1761/1761/1688
f 1826/1826/1751 1761/1761/1688 1760/1760/1687
f 1826/1826/1751 1760/1760/1687 1766/1766/1693
f 1829/1829/1754 1828/1828/1753 1830/1830/1755
f 1829/1829/1754 1830/1830/1755 1831/1831/1756
f 1829/1829/1754 1831/1831/1756 1832/1832/1757
f 1829/1829/1754 1832/1832/1757 1756/1756/1683
f 1829/1829/1754 1756/1756/1683 1755/1755/1682
f 1829/1829/1754 1755/1755/1682 1761/1761/1688
f 1832/1832/1757 1831/1831/1756 1833/1833/1758
f 1832/1832/1757 1833/1833/1758 1834/1834/1759
f 1832/1832/1757 1834/1834/1759 1835/1835/1760
f 1832/1832/1757 1835/1835/1760 1751/1751/1678
f 1832/1832/1757 1751/1751/1678 1750/1750/1677
f 1832/1832/1757 1750/1750/1677 1756/1756/1683
f 1835/1835/1760 1834/1834/1759 1836/1836/1761
f 1835/1835/1760 1836/1836/1761 1837/1837/1762
f 1835/1835/1760 1837/1837/1762 1838/1838/1763
f 1835/1835/1760 1838/1838/1763 1746/1746/1673
f 1835/1835/1760 1746/1746/1673 1745/1745/1672
f 1835/1835/1760 1745/1745/1672 1751/1751/1678
f 1838/1838/1763 1837/1837/1762 1839/1839/1764
f 1838/1838/1763 1839/1839/1764 1840/1840/1765
f 1838/1838/1763 1840/1840/1765 1841/1841/1766
f 1838/1838/1763 1841/1841/1766 1741/1741/1668
f 1838/1838/1763 1741/1741/1668 1740/1740/1667
f 1838/1838/1763 1740/1740/1667 1746/1746/1673
f 1841/1841/1766 1840/1840/1765 1842/1842/1767
f 1841/1841/1766 1842/1842/1767 1843/1843/1768
f 1841/1841/1766 1843/1843/1768 1844/1844/1769
f 1841/1841/1766 1844/1844/1769 1736/1736/1663
f 1841/1841/1766 1736/1736/1663 1735/1735/1662
f 1841/1841/1766 1735/1735/1662 1741/1741/1668
f 1844/1844/1769 1843/1843/1768 1845/1845/1770
f 1844/1844/1769 1845/1845/1770 1846/1846/1771
f 1844/1844/1769 1846/1846/1771 1847/1847/1772
f 1844/1844/1769 1847/1847/1772 1731/1731/1658
f 1844/1844/1769 1731/1731/1658 1730/1730/1657
f 1844/1844/1769 1730/1730/1657 1736/1736/1663
f 1847/1847/1772 1846/1846/1771 1848/1848/1773
f 1847/1847/1772 1848/1848/1773 1849/1849/1774
f 1847/1847/1772 1849/1849/1774 1850/1850/1775
f 1847/1847/1772 1850/1850/1775 1726/1726/1653
f 1847/1847/1772 1726/1726/1653 1725/1725/1652
f 1847/1847/1772 1725/1725/1652 1731/1731/1658
f 1850/1850/1775 1849/1849/1774 1851/1851/1776
f 1850/1850/1775 1851/1851/1776 1852/1852/1777
f 1850/1850/1775 1852/1852/1777 1853/1853/1778
f 1850/1850/1775 1853/1853/1778 1721/1721/1648
f 1850/1850/1775 1721/1721/1648 1720/1720/1647
f 1850/1850/1775 1720/1720/1647 1726/1726/1653
f 1854/1854/1779 1855/1855/1780 1856/1856/1781
f 1854/1854/1779 1856/1856/1781 1857/1857/1782
f 1854/1854/1779 1857/1857/1782 1858/1858/1783
f 1854/1854/1779 1858/1858/1783 1859/1859/1784
f 1853/1853/1778 1716/1716/1643 1715/1715/1642
f 1853/1853/1778 1715/1715/1642 1721/1721/1648
f 1858/1858/1783 1857/1857/1782 1860/1860/1785
f 1858/1858/1783 1860/1860/1785 1861/1861/1786
f 1858/1858/1783 1861/1861/1786 1862/1862/1787
f 1858/1858/1783 1862/1862/1787 1706/1706/1634
f 1858/1858/1783 1706/1706/1634 1705/1705/1633
f 1858/1858/1783 1705/1705/1633 1859/1859/1784
f 1862/1862/1787 1861/1861/1786 1863/1863/1788
f 1862/1862/1787 1863/1863/1788 1864/1864/1789
f 1862/1862/1787 1864/1864/1789 1865/1865/1790
f 1862/1862/1787 1865/1865/1790 1702/1702/1630
f 1862/1862/1787 1702/1702/1630 1701/1701/1629
f 1862/1862/1787 1701/1701/1629 1706/1706/1634
f 1865/1865/1790 1864/1864/1789 1866/1866/1791
f 1865/1865/1790 1866/1866/1791 1867/1867/1792
f 1865/1865/1790 1867/1867/1792 1868/1868/1793
f 1865/1865/1790 1868/1868/1793 1699/1699/1627
f 1865/1865/1790 1699/1699/1627 1698/1698/1626
f 1865/1865/1790 1698/1698/1626 1702/1702/1630
f 1868/1868/1793 1867/1867/1792 1869/1869/1794
f 1868/1868/1793 1869/1869/1794 1870/1870/1795
f 1868/1868/1793 1870/1870/1795 1871/1871/1796
f 1868/1868/1793 1871/1871/1796 1694/1694/1622
f 1868/1868/1793 1694/1694/1622 1693/1693/1621
f 1868/1868/1793 1693/1693/1621 1699/1699/1627
f 1871/1871/1796 1870/1870/1795 1872/1872/1797
f 1871/1871/1796 1872/1872/1797 1873/1873/1798
f 1871/1871/1796 1873/1873/1798 1874/1874/1799
f 1871/1871/1796 1874/1874/1799 1689/1689/1617
f 1871/1871/1796 1689/1689/1617 1688/1688/1616
f 1871/1871/1796 1688/1688/1616 1694/1694/1622
f 1874/1874/1799 1873/1873/1798 1875/1875/1800
f 1874/1874/1799 1875/1875/1800 1876/1876/1801
f 1874/1874/1799 1876/1876/1801 1877/1877/1802
f 1874/1874/1799 1877/1877/1802 1685/1685/1613
f 1874/1874/1799 1685/1685/1613 1684/1684/1612
f 1874/1874/1799 1684/1684/1612 1689/1689/1617
f 1877/1877/1802 1876/1876/1801 1878/1878/1803
f 1877/1877/1802 1878/1878/1803 1879/1879/1804
f 1877/1877/1802 1879/1879/1804 1880/1880/1805
f 1877/1877/1802 1880/1880/1805 1681/1681/1609
f 1877/1877/1802 1681/1681/1609 1680/1680/1608
f 1877/1877/1802 1680/1680/1608 1685/1685/1613
f 1880/1880/1805 1879/1879/1804 1881/1881/1806
f 1880/1880/1805 1881/1881/1806 1882/1882/1807
f 1880/1880/1805 1882/1882/1807 1883/1883/1808
f 1880/1880/1805 1883/1883/1808 1677/1677/1605
f 1880/1880/1805 1677/1677/1605 1676/1676/1604
f 1880/1880/1805 1676/1676/1604 1681/1681/1609
f 1883/1883/1808 1882/1882/1807 1884/1884/1809
f 1883/1883/1808 1884/1884/1809 1885/1885/1810
f 1883/1883/1808 1885/1885/1810 1886/1886/1811
f 1883/1883/1808 1886/1886/1811 1672/1672/1600
f 1883/1883/1808 1672/1672/1600 1671/1671/1599
f 1883/1883/1808 1671/1671/1599 1677/1677/1605
f 1886/1886/1811 1885/1885/1810 1887/1887/1812
f 1886/1886/1811 1887/1887/1812 1888/1888/1813
f 1886/1886/1811 1888/1888/1813 1889/1889/1814
f 1886/1886/1811 1889/1889/1814 1668/1668/1596
f 1886/1886/1811 1668/1668/1596 1667/1667/1595
f 1886/1886/1811 1667/1667/1595 1672/1672/1600
f 1889/1889/1814 1888/1888/1813 1890/1890/1815
f 1889/1889/1814 1890/1890/1815 1891/1891/1816
f 1889/1889/1814 1891/1891/1816 1892/1892/1817
f 1889/1889/1814 1892/1892/1817 1664/1664/1592
f 1889/1889/1814 1664/1664/1592 1663/1663/1591
f 1889/1889/1814 1663/1663/1591 1668/1668/1596
f 1892/1892/1817 1891/1891/1816 1893/1893/1818
f 1892/1892/1817 1893/1893/1818 1894/1894/1819
f 1892/1892/1817 1894/1894/1819 1895/1895/1820
f 1892/1892/1817 1895/1895/1820 1659/1659/1587
f 1892/1892/1817 1659/1659/1587 1658/1658/1586
f 1892/1892/1817 1658/1658/1586 1664/1664/1592
f 1895/1895/1820 1894/1894/1819 1896/1896/1821
f 1895/1895/1820 1896/1896/1821 1897/1897/1822
f 1895/1895/1820 1897/1897/1822 1898/1898/1823
f 1895/1895/1820 1898/1898/1823 1654/1654/1582
f 1895/1895/1820 1654/1654/1582 1653/1653/1581
f 1895/1895/1820 1653/1653/1581 1659/1659/1587
f 1898/1898/1823 1897/1897/1822 1899/1899/1824
f 1898/1898/1823 1899/1899/1824 1900/1900/1825
f 1898/1898/1823 1900/1900/1825 243/243/226
f 1898/1898/1823 243/243/226 1647/1647/1576
f 1898/1898/1823 1647/1647/1576 1646/1646/1575
f 1898/1898/1823 1646/1646/1575 1654/1654/1582
f 1900/1900/1825 1899/1899/1824 1901/1901/1826
f 1900/1900/1825 1901/1901/1826 1902/1902/1827
f 1900/1900/1825 1902/1902/1827 239/239/222
f 1900/1900/1825 239/239/222 243/243/226
f 1902/1902/1827 1901/1901/1826 1903/1903/1828
f 1902/1902/1827 1903/1903/1828 1904/1904/1829
f 1902/1902/1827 1904/1904/1829 240/240/223
f 1902/1902/1827 240/240/223 239/239/222
f 1904/1904/1829 1903/1903/1828 1905/1905/1830
f 1904/1904/1829 1905/1905/1830 1906/1906/1831
f 1904/1904/1829 1906/1906/1831 790/790/742
f 1904/1904/1829 790/790/742 240/240/223
f 1906/1906/1831 1905/1905/1830 1907/1907/1832
f 1906/1906/1831 1907/1907/1832 793/793/745
f 1906/1906/1831 793/793/745 791/791/743
f 1906/1906/1831 791/791/743 790/790/742
f 1907/1907/1832 1905/1905/1830 1908/1908/1833
f 1907/1907/1832 1908/1908/1833 1909/1909/1834
f 1907/1907/1832 1909/1909/1834 1910/1910/1835
f 1907/1907/1832 1910/1910/1835 1911/1911/1836
f 1907/1907/1832 1911/1911/1836 794/794/746
f 1907/1907/1832 794/794/746 793/793/745
f 1911/1911/1836 1910/1910/1835 1912/1912/1837
f 1911/1911/1836 1912/1912/1837 1913/1913/1838
f 1911/1911/1836 1913/1913/1838 795/795/747
f 1911/1911/1836 795/795/747 794/794/746
f 1913/1913/1838 1912/1912/1837 1914/1914/1839
f 1913/1913/1838 1914/1914/1839 1915/1915/1840
f 1913/1913/1838 1915/1915/1840 797/797/749
f 1913/1913/1838 797/797/749 795/795/747
f 1915/1915/1840 1914/1914/1839 1916/1916/1841
f 1915/1915/1840 1916/1916/1841 1917/1917/1842
f 1915/1915/1840 1917/1917/1842 799/799/751
f 1915/1915/1840 799/799/751 797/797/749
f 1917/1917/1842 1916/1916/1841 1918/1918/1843
f 1917/1917/1842 1918/1918/1843 804/804/756
f 1917/1917/1842 804/804/756 801/801/753
f 1917/1917/1842 801/801/753 799/799/751
f 1918/1918/1843 1916/1916/1841 1919/1919/1844
f 1918/1918/1843 1919/1919/1844 1920/1920/1845
f 1918/1918/1843 1920/1920/1845 1921/1921/1846
f 1918/1918/1843 1921/1921/1846 1922/1922/1847
f 1918/1918/1843 1922/1922/1847 805/805/757
f 1918/1918/1843 805/805/757 804/804/756
f 1922/1922/1847 1921/1921/1846 1923/1923/1848
f 1922/1922/1847 1923/1923/1848 1924/1924/1849
f 1922/1922/1847 1924/1924/1849 806/806/758
f 1922/1922/1847 806/806/758 805/805/757
f 1924/1924/1849 1923/1923/1848 1925/1925/1850
f 1924/1924/1849 1925/1925/1850 1926/1926/1851
f 1924/1924/1849 1926/1926/1851 808/808/760
f 1924/1924/1849 808/808/760 806/806/758
f 1926/1926/1851 1925/1925/1850 1927/1927/1852
f 1926/1926/1851 1927/1927/1852 1928/1928/1853
f 1926/1926/1851 1928/1928/1853 810/810/762
f 1926/1926/1851 810/810/762 808/808/760
f 1929/1929/1854 1930/1930/1852 1931/1931/1855
f 1929/1929/1854 1931/1931/1855 1932/1932/1856
f 1929/1929/1854 1932/1932/1856 814/814/765
f 1929/1929/1854 814/814/765 813/813/764
f 1933/1933/1856 1934/1934/1857 1935/1935/1858
f 1933/1933/1856 1935/1935/1858 1936/1936/1859
f 1937/1937/1856 1938/1938/1860 818/818/769
f 1937/1937/1856 818/818/769 817/817/768
f 1939/1939/1859 1940/1940/1861 1941/1941/1862
f 1939/1939/1859 1941/1941/1862 1942/1942/1863
f 1943/1943/1860 1944/1944/1863 820/820/771
f 1943/1943/1860 820/820/771 818/818/769
f 1942/1942/1863 1941/1941/1862 1945/1945/1864
f 1942/1942/1863 1945/1945/1864 827/827/778
f 1942/1942/1863 827/827/778 824/824/775
f 1942/1942/1863 824/824/775 823/823/774
f 1945/1945/1864 1941/1941/1862 1946/1946/1865
f 1945/1945/1864 1946/1946/1865 1947/1947/1866
f 1945/1945/1864 1947/1947/1866 833/833/784
f 1945/1945/1864 833/833/784 831/831/782
f 1945/1945/1864 831/831/782 828/828/779
f 1945/1945/1864 828/828/779 827/827/778
f 1947/1947/1866 1946/1946/1865 1948/1948/1867
f 1947/1947/1866 1948/1948/1867 1949/1949/1868
f 1947/1947/1866 1949/1949/1868 1950/1950/1869
f 1947/1947/1866 1950/1950/1869 833/833/784
f 1950/1950/1869 1949/1949/1868 1951/1951/1870
f 1950/1950/1869 1951/1951/1870 1952/1952/1871
f 1950/1950/1869 1952/1952/1871 1953/1953/1872
f 1950/1950/1869 1953/1953/1872 836/836/787
f 1950/1950/1869 836/836/787 834/834/785
f 1950/1950/1869 834/834/785 833/833/784
f 1953/1953/1872 1952/1952/1871 1954/1954/1873
f 1953/1953/1872 1954/1954/1873 1955/1955/1874
f 1953/1953/1872 1955/1955/1874 1956/1956/1875
f 1953/1953/1872 1956/1956/1875 1957/1957/1876
f 1953/1953/1872 1957/1957/1876 837/837/788
f 1953/1953/1872 837/837/788 836/836/787
f 1957/1957/1876 1956/1956/1875 1958/1958/1877
f 1957/1957/1876 1958/1958/1877 1959/1959/1878
f 1957/1957/1876 1959/1959/1878 838/838/789
f 1957/1957/1876 838/838/789 837/837/788
f 1959/1959/1878 1958/1958/1877 1960/1960/1879
f 1959/1959/1878 1960/1960/1879 1961/1961/1880
f 1959/1959/1878 1961/1961/1880 840/840/791
f 1959/1959/1878 840/840/791 838/838/789
f 1961/1961/1880 1960/1960/1879 1962/1962/1881
f 1961/1961/1880 1962/1962/1881 1963/1963/1882
f 1961/1961/1880 1963/1963/1882 842/842/793
f 1961/1961/1880 842/842/793 840/840/791
f 1963/1963/1882 1962/1962/1881 1964/1964/1883
f 1963/1963/1882 1964/1964/1883 1965/1965/1884
f 1963/1963/1882 1965/1965/1884 1966/1966/1885
f 1963/1963/1882 1966/1966/1885 842/842/793
f 1966/1966/1885 1965/1965/1884 1967/1967/1886
f 1966/1966/1885 1967/1967/1886 1968/1968/1887
f 1966/1966/1885 1968/1968/1887 1969/1969/1888
f 1966/1966/1885 1969/1969/1888 845/845/796
f 1966/1966/1885 845/845/796 843/843/794
f 1966/1966/1885 843/843/794 842/842/793
f 1969/1969/1888 1968/1968/1887 1970/1970/1889
f 1969/1969/1888 1970/1970/1889 1971/1971/1890
f 1969/1969/1888 1971/1971/1890 1972/1972/1891
f 1969/1969/1888 1972/1972/1891 1973/1973/1892
f 1969/1969/1888 1973/1973/1892 846/846/797
f 1969/1969/1888 846/846/797 845/845/796
f 1973/1973/1892 1972/1972/1891 1974/1974/1893
f 1973/1973/1892 1974/1974/1893 1975/1975/1894
f 1973/1973/1892 1975/1975/1894 847/847/798
f 1973/1973/1892 847/847/798 846/846/797
f 1975/1975/1894 1974/1974/1893 1976/1976/1895
f 1975/1975/1894 1976/1976/1895 1977/1977/1896
f 1975/1975/1894 1977/1977/1896 849/849/800
f 1975/1975/1894 849/849/800 847/847/798
f 1977/1977/1896 1976/1976/1895 1978/1978/1897
f 1977/1977/1896 1978/1978/1897 1979/1979/1898
f 1977/1977/1896 1979/1979/1898 851/851/802
f 1977/1977/1896 851/851/802 849/849/800
f 1979/1979/1898 1978/1978/1897 1980/1980/1899
f 1979/1979/1898 1980/1980/1899 1981/1981/1900
f 1979/1979/1898 1981/1981/1900 1982/1982/1901
f 1979/1979/1898 1982/1982/1901 851/851/802
f 1982/1982/1901 855/855/806 852/852/803
f 1982/1982/1901 852/852/803 851/851/802
f 1982/1982/1901 1981/1981/1900 1983/1983/1902
f 1982/1982/1901 1983/1983/1902 1984/1984/1903
f 1982/1982/1901 1984/1984/1903 1985/1985/1904
f 1982/1982/1901 1985/1985/1904 855/855/806
f 1985/1985/1904 860/860/811 856/856/807
f 1985/1985/1904 856/856/807 855/855/806
f 1985/1985/1904 1984/1984/1903 1986/1986/1905
f 1985/1985/1904 1986/1986/1905 1987/1987/1906
f 1985/1985/1904 1987/1987/1906 1988/1988/1907
f 1985/1985/1904 1988/1988/1907 860/860/811
f 1988/1988/1907 865/865/816 861/861/812
f 1988/1988/1907 861/861/812 860/860/811
f 1988/1988/1907 1987/1987/1906 1989/1989/1908
f 1988/1988/1907 1989/1989/1908 1990/1990/1909
f 1988/1988/1907 1990/1990/1909 1991/1991/1910
f 1988/1988/1907 1991/1991/1910 865/865/816
f 1991/1991/1910 870/870/821 866/866/817
f 1991/1991/1910 866/866/817 865/865/816
f 1991/1991/1910 1990/1990/1909 1992/1992/1911
f 1991/1991/1910 1992/1992/1911 1993/1993/1912
f 1991/1991/1910 1993/1993/1912 1994/1994/1913
f 1991/1991/1910 1994/1994/1913 870/870/821
f 1994/1994/1913 875/875/826 871/871/822
f 1994/1994/1913 871/871/822 870/870/821
f 1994/1994/1913 1993/1993/1912 1995/1995/1914
f 1994/1994/1913 1995/1995/1914 1996/1996/1915
f 1994/1994/1913 1996/1996/1915 1997/1997/1916
f 1994/1994/1913 1997/1997/1916 875/875/826
f 1997/1997/1916 880/880/831 876/876/827
f 1997/1997/1916 876/876/827 875/875/826
f 1997/1997/1916 1996/1996/1915 1998/1998/1917
f 1997/1997/1916 1998/1998/1917 1999/1999/1918
f 1997/1997/1916 1999/1999/1918 2000/2000/1919
f 1997/1997/1916 2000/2000/1919 880/880/831
f 2000/2000/1919 885/885/836 881/881/832
f 2000/2000/1919 881/881/832 880/880/831
f 2000/2000/1919 1999/1999/1918 2001/2001/1920
f 2000/2000/1919 2001/2001/1920 2002/2002/1921
f 2000/2000/1919 2002/2002/1921 2003/2003/1922
f 2000/2000/1919 2003/2003/1922 885/885/836
f 2003/2003/1922 890/890/841 886/886/837
f 2003/2003/1922 886/886/837 885/885/836
f 2003/2003/1922 2002/2002/1921 2004/2004/1923
f 2003/2003/1922 2004/2004/1923 2005/2005/1924
f 2003/2003/1922 2005/2005/1924 2006/2006/1925
f 2003/2003/1922 2006/2006/1925 890/890/841
f 2006/2006/1925 895/895/846 891/891/842
f 2006/2006/1925 891/891/842 890/890/841
f 2006/2006/1925 2005/2005/1924 2007/2007/1926
f 2006/2006/1925 2007/2007/1926 2008/2008/1927
f 2006/2006/1925 2008/2008/1927 2009/2009/1928
f 2006/2006/1925 2009/2009/1928 895/895/846
f 2009/2009/1928 900/900/851 896/896/847
f 2009/2009/1928 896/896/847 895/895/846
f 2009/2009/1928 2008/2008/1927 2010/2010/1929
f 2009/2009/1928 2010/2010/1929 2011/2011/1930
f 2009/2009/1928 2011/2011/1930 2012/2012/1931
f 2009/2009/1928 2012/2012/1931 900/900/851
f 2012/2012/1931 905/905/856 901/901/852
f 2012/2012/1931 901/901/852 900/900/851
f 2012/2012/1931 2011/2011/1930 2013/2013/1932
f 2012/2012/1931 2013/2013/1932 2014/2014/1933
f 2012/2012/1931 2014/2014/1933 2015/2015/1934
f 2012/2012/1931 2015/2015/1934 905/905/856
f 2015/2015/1934 908/908/859 906/906/857
f 2015/2015/1934 906/906/857 905/905/856
f 2016/2016/1934 2017/2017/1933 2018/2018/1935
f 2016/2016/1934 2018/2018/1935 2019/2019/1936
f 2016/2016/1934 2019/2019/1936 912/912/863
f 2016/2016/1934 912/912/863 911/911/862
f 2019/2019/1936 2018/2018/1935 2020/2020/1937
f 2019/2019/1936 2020/2020/1937 2021/2021/1938
f 2019/2019/1936 2021/2021/1938 2022/2022/1939
f 2019/2019/1936 2022/2022/1939 912/912/863
f 2022/2022/1939 918/918/869 913/913/864
f 2022/2022/1939 913/913/864 912/912/863
f 2022/2022/1939 2021/2021/1938 2023/2023/1940
f 2022/2022/1939 2023/2023/1940 2024/2024/1941
f 2022/2022/1939 2024/2024/1941 2025/2025/1942
f 2022/2022/1939 2025/2025/1942 918/918/869
f 2025/2025/1942 923/923/874 919/919/870
f 2025/2025/1942 919/919/870 918/918/869
f 2025/2025/1942 2024/2024/1941 2026/2026/1943
f 2025/2025/1942 2026/2026/1943 2027/2027/1944
f 2025/2025/1942 2027/2027/1944 2028/2028/1945
f 2025/2025/1942 2028/2028/1945 923/923/874
f 2028/2028/1945 928/928/879 924/924/875
f 2028/2028/1945 924/924/875 923/923/874
f 2028/2028/1945 2027/2027/1944 2029/2029/1946
f 2028/2028/1945 2029/2029/1946 2030/2030/1947
f 2028/2028/1945 2030/2030/1947 2031/2031/1948
f 2028/2028/1945 2031/2031/1948 928/928/879
f 2031/2031/1948 933/933/884 929/929/880
f 2031/2031/1948 929/929/880 928/928/879
f 2031/2031/1948 2030/2030/1947 2032/2032/1949
f 2031/2031/1948 2032/2032/1949 2033/2033/1950
f 2031/2031/1948 2033/2033/1950 2034/2034/1951
f 2031/2031/1948 2034/2034/1951 933/933/884
f 2034/2034/1951 938/938/889 934/934/885
f 2034/2034/1951 934/934/885 933/933/884
f 2034/2034/1951 2033/2033/1950 2035/2035/1952
f 2034/2034/1951 2035/2035/1952 2036/2036/1953
f 2034/2034/1951 2036/2036/1953 2037/2037/1954
f 2034/2034/1951 2037/2037/1954 938/938/889
f 2037/2037/1954 943/943/894 939/939/890
f 2037/2037/1954 939/939/890 938/938/889
f 2037/2037/1954 2036/2036/1953 2038/2038/1955
f 2037/2037/1954 2038/2038/1955 2039/2039/1956
f 2037/2037/1954 2039/2039/1956 2040/2040/1957
f 2037/2037/1954 2040/2040/1957 943/943/894
f 2040/2040/1957 948/948/899 944/944/895
f 2040/2040/1957 944/944/895 943/943/894
f 2040/2040/1957 2039/2039/1956 2041/2041/1958
f 2040/2040/1957 2041/2041/1958 2042/2042/1959
f 2040/2040/1957 2042/2042/1959 2043/2043/1960
f 2040/2040/1957 2043/2043/1960 948/948/899
f 2043/2043/1960 953/953/904 949/949/900
f 2043/2043/1960 949/949/900 948/948/899
f 2043/2043/1960 2042/2042/1959 2044/2044/1961
f 2043/2043/1960 2044/2044/1961 2045/2045/1962
f 2043/2043/1960 2045/2045/1962 2046/2046/1963
f 2043/2043/1960 2046/2046/1963 953/953/904
f 2046/2046/1963 958/958/909 954/954/905
f 2046/2046/1963 954/954/905 953/953/904
f 2046/2046/1963 2045/2045/1962 2047/2047/1964
f 2046/2046/1963 2047/2047/1964 2048/2048/1965
f 2046/2046/1963 2048/2048/1965 2049/2049/1966
f 2046/2046/1963 2049/2049/1966 958/958/909
f 2049/2049/1966 963/963/914 959/959/910
f 2049/2049/1966 959/959/910 958/958/909
f 2049/2049/1966 2048/2048/1965 2050/2050/1967
f 2049/2049/1966 2050/2050/1967 2051/2051/1968
f 2049/2049/1966 2051/2051/1968 2052/2052/1969
f 2049/2049/1966 2052/2052/1969 963/963/914
f 2052/2052/1969 968/968/919 964/964/915
f 2052/2052/1969 964/964/915 963/963/914
f 2052/2052/1969 2051/2051/1968 2053/2053/1970
f 2052/2052/1969 2053/2053/1970 2054/2054/1971
f 2052/2052/1969 2054/2054/1971 2055/2055/1972
f 2052/2052/1969 2055/2055/1972 968/968/919
f 2055/2055/1972 973/973/924 969/969/920
f 2055/2055/1972 969/969/920 968/968/919
f 2055/2055/1972 2054/2054/1971 2056/2056/1973
f 2055/2055/1972 2056/2056/1973 2057/2057/1974
f 2055/2055/1972 2057/2057/1974 2058/2058/1975
f 2055/2055/1972 2058/2058/1975 973/973/924
f 2058/2058/1975 978/978/929 974/974/925
f 2058/2058/1975 974/974/925 973/973/924
f 2058/2058/1975 2057/2057/1974 2059/2059/1976
f 2058/2058/1975 2059/2059/1976 2060/2060/1977
f 2058/2058/1975 2060/2060/1977 2061/2061/1978
f 2058/2058/1975 2061/2061/1978 978/978/929
f 2061/2061/1978 983/983/934 979/979/930
f 2061/2061/1978 979/979/930 978/978/929
f 2061/2061/1978 2060/2060/1977 2062/2062/1979
f 2061/2061/1978 2062/2062/1979 2063/2063/1980
f 2061/2061/1978 2063/2063/1980 2064/2064/1981
f 2061/2061/1978 2064/2064/1981 983/983/934
f 2064/2064/1981 988/988/939 984/984/935
f 2064/2064/1981 984/984/935 983/983/934
f 2064/2064/1981 2063/2063/1980 249/249/231
f 2064/2064/1981 249/249/231 248/248/230
f 2064/2064/1981 248/248/230 256/256/237
f 2064/2064/1981 256/256/237 988/988/939
f 2063/2063/1980 2062/2062/1979 1006/1006/956
f 2063/2063/1980 1006/1006/956 249/249/231
f 2062/2062/1979 2060/2060/1977 2059/2059/1976
f 2062/2062/1979 2059/2059/1976 2065/2065/1982
f 2062/2062/1979 2065/2065/1982 1007/1007/957
f 2062/2062/1979 1007/1007/957 1006/1006/956
f 2065/2065/1982 2059/2059/1976 2066/2066/1983
f 2065/2065/1982 2066/2066/1983 1018/1018/967
f 2065/2065/1982 1018/1018/967 1008/1008/958
f 2065/2065/1982 1008/1008/958 1007/1007/957
f 2066/2066/1983 2059/2059/1976 2057/2057/1974
f 2066/2066/1983 2057/2057/1974 2056/2056/1973
f 2066/2066/1983 2056/2056/1973 2067/2067/1984
f 2066/2066/1983 2067/2067/1984 1021/1021/970
f 2066/2066/1983 1021/1021/970 1019/1019/968
f 2066/2066/1983 1019/1019/968 1018/1018/967
f 2067/2067/1984 2056/2056/1973 2054/2054/1971
f 2067/2067/1984 2054/2054/1971 2053/2053/1970
f 2067/2067/1984 2053/2053/1970 2068/2068/1985
f 2067/2067/1984 2068/2068/1985 2069/2069/1986
f 2067/2067/1984 2069/2069/1986 1022/1022/971
f 2067/2067/1984 1022/1022/971 1021/1021/970
f 2069/2069/1986 2068/2068/1985 2070/2070/1987
f 2069/2069/1986 2070/2070/1987 2071/2071/1988
f 2069/2069/1986 2071/2071/1988 1023/1023/972
f 2069/2069/1986 1023/1023/972 1022/1022/971
f 2071/2071/1988 2070/2070/1987 2072/2072/1989
f 2071/2071/1988 2072/2072/1989 2073/2073/1990
f 2071/2071/1988 2073/2073/1990 1025/1025/974
f 2071/2071/1988 1025/1025/974 1023/1023/972
f 2073/2073/1990 2072/2072/1989 2074/2074/1991
f 2073/2073/1990 2074/2074/1991 2075/2075/1992
f 2073/2073/1990 2075/2075/1992 1027/1027/976
f 2073/2073/1990 1027/1027/976 1025/1025/974
f 2075/2075/1992 2074/2074/1991 2076/2076/1993
f 2075/2075/1992 2076/2076/1993 2077/2077/1994
f 2075/2075/1992 2077/2077/1994 2078/2078/1995
f 2075/2075/1992 2078/2078/1995 1027/1027/976
f 2078/2078/1995 2077/2077/1994 2079/2079/1996
f 2078/2078/1995 2079/2079/1996 2080/2080/1997
f 2078/2078/1995 2080/2080/1997 2081/2081/1998
f 2078/2078/1995 2081/2081/1998 1030/1030/979
f 2078/2078/1995 1030/1030/979 1028/1028/977
f 2078/2078/1995 1028/1028/977 1027/1027/976
f 2081/2081/1998 2080/2080/1997 2082/2082/1999
f 2081/2081/1998 2082/2082/1999 2083/2083/2000
f 2081/2081/1998 2083/2083/2000 171/171/159
f 2081/2081/1998 171/171/159 170/170/158
f 2081/2081/1998 170/170/158 178/178/165
f 2081/2081/1998 178/178/165 1030/1030/979
f 2083/2083/2000 2082/2082/1999 2084/2084/2001
f 2083/2083/2000 2084/2084/2001 2085/2085/2002
f 2083/2083/2000 2085/2085/2002 2086/2086/2003
f 2083/2083/2000 2086/2086/2003 171/171/159
f 2086/2086/2003 2085/2085/2002 2087/2087/2004
f 2086/2086/2003 2087/2087/2004 2088/2088/2005
f 2086/2086/2003 2088/2088/2005 2089/2089/2006
f 2086/2086/2003 2089/2089/2006 2090/2090/2007
f 2086/2086/2003 2090/2090/2007 172/172/160
f 2086/2086/2003 172/172/160 171/171/159
f 2088/2088/2005 2087/2087/2004 1045/1045/993
f 2088/2088/2005 1045/1045/993 1043/1043/991
f 2088/2088/2005 1043/1043/991 1042/1042/987
f 2088/2088/2005 1042/1042/987 2089/2089/2006
f 2087/2087/2004 2085/2085/2002 2084/2084/2001
f 2087/2087/2004 2084/2084/2001 2091/2091/2008
f 2087/2087/2004 2091/2091/2008 2092/2092/2009
f 2087/2087/2004 2092/2092/2009 1045/1045/993
f 2092/2092/2009 2091/2091/2008 2093/2093/2010
f 2092/2092/2009 2093/2093/2010 2094/2094/2011
f 2092/2092/2009 2094/2094/2011 1052/1052/1000
f 2092/2092/2009 1052/1052/1000 1048/1048/996
f 2092/2092/2009 1048/1048/996 1046/1046/994
f 2092/2092/2009 1046/1046/994 1045/1045/993
f 2094/2094/2011 2093/2093/2010 2095/2095/2012
f 2094/2094/2011 2095/2095/2012 2096/2096/2013
f 2094/2094/2011 2096/2096/2013 2097/2097/2014
f 2094/2094/2011 2097/2097/2014 1052/1052/1000
f 2097/2097/2014 2096/2096/2013 2098/2098/2015
f 2097/2097/2014 2098/2098/2015 2099/2099/2016
f 2097/2097/2014 2099/2099/2016 2100/2100/2017
f 2097/2097/2014 2100/2100/2017 1055/1055/1003
f 2097/2097/2014 1055/1055/1003 1053/1053/1001
f 2097/2097/2014 1053/1053/1001 1052/1052/1000
f 2100/2100/2017 2099/2099/2016 2101/2101/2018
f 2100/2100/2017 2101/2101/2018 2102/2102/2019
f 2100/2100/2017 2102/2102/2019 2103/2103/2020
f 2100/2100/2017 2103/2103/2020 2104/2104/2021
f 2100/2100/2017 2104/2104/2021 1056/1056/1004
f 2100/2100/2017 1056/1056/1004 1055/1055/1003
f 2103/2103/2020 2102/2102/2019 2105/2105/2022
f 2103/2103/2020 2105/2105/2022 2106/2106/2023
f 2107/2107/2024 2108/2108/2023 2109/2109/2025
f 2107/2107/2024 2109/2109/2025 1063/1063/1011
f 2107/2107/2024 1063/1063/1011 1061/1061/1009
f 2107/2107/2024 1061/1061/1009 1060/1060/1008
f 2109/2109/2025 2108/2108/2023 2110/2110/2026
f 2109/2109/2025 2110/2110/2026 2111/2111/2027
f 2109/2109/2025 2111/2111/2027 2112/2112/2028
f 2109/2109/2025 2112/2112/2028 1066/1066/1014
f 2109/2109/2025 1066/1066/1014 1064/1064/1012
f 2109/2109/2025 1064/1064/1012 1063/1063/1011
f 2112/2112/2028 2111/2111/2027 2113/2113/2029
f 2112/2112/2028 2113/2113/2029 2114/2114/2030
f 2112/2112/2028 2114/2114/2030 2115/2115/2031
f 2112/2112/2028 2115/2115/2031 1069/1069/1017
f 2112/2112/2028 1069/1069/1017 1067/1067/1015
f 2112/2112/2028 1067/1067/1015 1066/1066/1014
f 2115/2115/2031 2114/2114/2030 2116/2116/2032
f 2115/2115/2031 2116/2116/2032 2117/2117/2033
f 2115/2115/2031 2117/2117/2033 2118/2118/2034
f 2115/2115/2031 2118/2118/2034 1072/1072/1020
f 2115/2115/2031 1072/1072/1020 1070/1070/1018
f 2115/2115/2031 1070/1070/1018 1069/1069/1017
f 2118/2118/2034 2117/2117/2033 2119/2119/2035
f 2118/2118/2034 2119/2119/2035 2120/2120/2036
f 2118/2118/2034 2120/2120/2036 2121/2121/2037
f 2118/2118/2034 2121/2121/2037 1075/1075/1023
f 2118/2118/2034 1075/1075/1023 1073/1073/1021
f 2118/2118/2034 1073/1073/1021 1072/1072/1020
f 2121/2121/2037 2120/2120/2036 2122/2122/2038
f 2121/2121/2037 2122/2122/2038 2123/2123/2039
f 2121/2121/2037 2123/2123/2039 2124/2124/2040
f 2121/2121/2037 2124/2124/2040 1078/1078/1026
f 2121/2121/2037 1078/1078/1026 1076/1076/1024
f 2121/2121/2037 1076/1076/1024 1075/1075/1023
f 2124/2124/2040 2123/2123/2039 2125/2125/2041
f 2124/2124/2040 2125/2125/2041 2126/2126/2042
f 2124/2124/2040 2126/2126/2042 2127/2127/2043
f 2124/2124/2040 2127/2127/2043 1081/1081/1029
f 2124/2124/2040 1081/1081/1029 1079/1079/1027
f 2124/2124/2040 1079/1079/1027 1078/1078/1026
f 2127/2127/2043 2126/2126/2042 2128/2128/2044
f 2127/2127/2043 2128/2128/2044 2129/2129/2045
f 2127/2127/2043 2129/2129/2045 2130/2130/2046
f 2127/2127/2043 2130/2130/2046 1084/1084/1032
f 2127/2127/2043 1084/1084/1032 1082/1082/1030
f 2127/2127/2043 1082/1082/1030 1081/1081/1029
f 2130/2130/2046 2129/2129/2045 2131/2131/2047
f 2130/2130/2046 2131/2131/2047 2132/2132/2048
f 2130/2130/2046 2132/2132/2048 2133/2133/2049
f 2130/2130/2046 2133/2133/2049 1087/1087/1035
f 2130/2130/2046 1087/1087/1035 1085/1085/1033
f 2130/2130/2046 1085/1085/1033 1084/1084/1032
f 2133/2133/2049 2132/2132/2048 2134/2134/2050
f 2133/2133/2049 2134/2134/2050 2135/2135/2051
f 2133/2133/2049 2135/2135/2051 2136/2136/2052
f 2133/2133/2049 2136/2136/2052 1090/1090/1038
f 2133/2133/2049 1090/1090/1038 1088/1088/1036
f 2133/2133/2049 1088/1088/1036 1087/1087/1035
f 2136/2136/2052 2135/2135/2051 2137/2137/2053
f 2136/2136/2052 2137/2137/2053 2138/2138/2054
f 2136/2136/2052 2138/2138/2054 2139/2139/2055
f 2136/2136/2052 2139/2139/2055 1093/1093/1041
f 2136/2136/2052 1093/1093/1041 1091/1091/1039
f 2136/2136/2052 1091/1091/1039 1090/1090/1038
f 2140/2140/2055 2141/2141/2054 2142/2142/2056
f 2140/2140/2055 2142/2142/2056 2143/2143/2057
f 2140/2140/2055 2143/2143/2057 1101/1101/1048
f 2140/2140/2055 1101/1101/1048 1100/1100/1044
f 2139/2139/2055 1096/1096/1044 1094/1094/1042
f 2139/2139/2055 1094/1094/1042 1093/1093/1041
f 2143/2143/2057 2142/2142/2056 2144/2144/2058
f 2143/2143/2057 2144/2144/2058 2145/2145/2059
f 2143/2143/2057 2145/2145/2059 1103/1103/1050
f 2143/2143/2057 1103/1103/1050 1101/1101/1048
f 2145/2145/2059 2144/2144/2058 2146/2146/2060
f 2145/2145/2059 2146/2146/2060 2147/2147/2061
f 2145/2145/2059 2147/2147/2061 2148/2148/2062
f 2145/2145/2059 2148/2148/2062 1103/1103/1050
f 2148/2148/2062 2147/2147/2061 2149/2149/2063
f 2148/2148/2062 2149/2149/2063 2150/2150/2064
f 2148/2148/2062 2150/2150/2064 2151/2151/2065
f 2148/2148/2062 2151/2151/2065 1107/1107/1054
f 2148/2148/2062 1107/1107/1054 1104/1104/1051
f 2148/2148/2062 1104/1104/1051 1103/1103/1050
f 2151/2151/2065 1114/1114/1060 1108/1108/1055
f 2151/2151/2065 1108/1108/1055 1107/1107/1054
f 2151/2151/2065 2150/2150/2064 2152/2152/2066
f 2151/2151/2065 2152/2152/2066 2153/2153/2067
f 2151/2151/2065 2153/2153/2067 2154/2154/2068
f 2151/2151/2065 2154/2154/2068 1114/1114/1060
f 2154/2154/2068 2155/2155/2069 1115/1115/1061
f 2154/2154/2068 1115/1115/1061 1114/1114/1060
f 2154/2154/2068 2153/2153/2067 2156/2156/2070
f 2154/2154/2068 2156/2156/2070 2157/2157/2071
f 2154/2154/2068 2157/2157/2071 2158/2158/2072
f 2154/2154/2068 2158/2158/2072 2155/2155/2069
f 2159/2159/2073 1127/1127/1073 1121/1121/1067
f 2159/2159/2073 1121/1121/1067 1120/1120/1066
f 2160/2160/2072 2161/2161/2074 2162/2162/2075
f 2160/2160/2072 2162/2162/2075 2163/2163/2076
f 2160/2160/2072 2163/2163/2076 2164/2164/2077
f 2160/2160/2072 2164/2164/2077 2165/2165/1073
f 2164/2164/2077 2166/2166/1079 2167/2167/1078
f 2164/2164/2077 2167/2167/1078 2165/2165/1073
f 2164/2164/2077 2163/2163/2076 2168/2168/2078
f 2164/2164/2077 2168/2168/2078 2169/2169/2079
f 2164/2164/2077 2169/2169/2079 2170/2170/2080
f 2164/2164/2077 2170/2170/2080 2166/2166/1079
f 2171/2171/2080 1141/1141/1085 1136/1136/1080
f 2171/2171/2080 1136/1136/1080 1135/1135/1079
f 2170/2170/2080 2169/2169/2079 2172/2172/2081
f 2170/2170/2080 2172/2172/2081 2173/2173/2082
f 2171/2171/2080 2174/2174/2082 2175/2175/2083
f 2171/2171/2080 2175/2175/2083 1141/1141/1085
f 2175/2175/2083 1146/1146/1090 1142/1142/1086
f 2175/2175/2083 1142/1142/1086 1141/1141/1085
f 2175/2175/2083 2174/2174/2082 2176/2176/2084
f 2175/2175/2083 2176/2176/2084 2177/2177/2085
f 2175/2175/2083 2177/2177/2085 2178/2178/2086
f 2175/2175/2083 2178/2178/2086 1146/1146/1090
f 2178/2178/2086 1151/1151/1095 1147/1147/1091
f 2178/2178/2086 1147/1147/1091 1146/1146/1090
f 2178/2178/2086 2177/2177/2085 2179/2179/2087
f 2178/2178/2086 2179/2179/2087 2180/2180/2088
f 2178/2178/2086 2180/2180/2088 2181/2181/2089
f 2178/2178/2086 2181/2181/2089 1151/1151/1095
f 2181/2181/2089 1156/1156/1100 1152/1152/1096
f 2181/2181/2089 1152/1152/1096 1151/1151/1095
f 2181/2181/2089 2180/2180/2088 2182/2182/2090
f 2181/2181/2089 2182/2182/2090 2183/2183/2091
f 2181/2181/2089 2183/2183/2091 2184/2184/2092
f 2181/2181/2089 2184/2184/2092 1156/1156/1100
f 2184/2184/2092 1161/1161/1105 1157/1157/1101
f 2184/2184/2092 1157/1157/1101 1156/1156/1100
f 2184/2184/2092 2183/2183/2091 2185/2185/2093
f 2184/2184/2092 2185/2185/2093 2186/2186/2094
f 2184/2184/2092 2186/2186/2094 2187/2187/2095
f 2184/2184/2092 2187/2187/2095 1161/1161/1105
f 2187/2187/2095 1166/1166/1110 1162/1162/1106
f 2187/2187/2095 1162/1162/1106 1161/1161/1105
f 2187/2187/2095 2186/2186/2094 2188/2188/2096
f 2187/2187/2095 2188/2188/2096 2189/2189/2097
f 2187/2187/2095 2189/2189/2097 2190/2190/2098
f 2187/2187/2095 2190/2190/2098 1166/1166/1110
f 2190/2190/2098 1171/1171/1115 1167/1167/1111
f 2190/2190/2098 1167/1167/1111 1166/1166/1110
f 2190/2190/2098 2189/2189/2097 2191/2191/2099
f 2190/2190/2098 2191/2191/2099 2192/2192/2100
f 2190/2190/2098 2192/2192/2100 2193/2193/2101
f 2190/2190/2098 2193/2193/2101 1171/1171/1115
f 2193/2193/2101 1176/1176/1120 1172/1172/1116
f 2193/2193/2101 1172/1172/1116 1171/1171/1115
f 2193/2193/2101 2192/2192/2100 2194/2194/2102
f 2193/2193/2101 2194/2194/2102 2195/2195/2103
f 2193/2193/2101 2195/2195/2103 2196/2196/2104
f 2193/2193/2101 2196/2196/2104 1176/1176/1120
f 2196/2196/2104 1181/1181/1125 1177/1177/1121
f 2196/2196/2104 1177/1177/1121 1176/1176/1120
f 2196/2196/2104 2195/2195/2103 2197/2197/2105
f 2196/2196/2104 2197/2197/2105 2198/2198/2106
f 2196/2196/2104 2198/2198/2106 2199/2199/2107
f 2196/2196/2104 2199/2199/2107 1181/1181/1125
f 2199/2199/2107 1186/1186/1130 1182/1182/1126
f 2199/2199/2107 1182/1182/1126 1181/1181/1125
f 2199/2199/2107 2198/2198/2106 2200/2200/2108
f 2199/2199/2107 2200/2200/2108 2201/2201/2109
f 2199/2199/2107 2201/2201/2109 2202/2202/2110
f 2199/2199/2107 2202/2202/2110 1186/1186/1130
f 2202/2202/2110 1191/1191/1135 1187/1187/1131
f 2202/2202/2110 1187/1187/1131 1186/1186/1130
f 2202/2202/2110 2201/2201/2109 2203/2203/2111
f 2202/2202/2110 2203/2203/2111 2204/2204/2112
f 2202/2202/2110 2204/2204/2112 2205/2205/2113
f 2202/2202/2110 2205/2205/2113 1191/1191/1135
f 2205/2205/2113 1196/1196/1140 1192/1192/1136
f 2205/2205/2113 1192/1192/1136 1191/1191/1135
f 2205/2205/2113 2204/2204/2112 2206/2206/2114
f 2205/2205/2113 2206/2206/2114 2207/2207/2115
f 2205/2205/2113 2207/2207/2115 2208/2208/2116
f 2205/2205/2113 2208/2208/2116 1196/1196/1140
f 2208/2208/2116 1201/1201/1145 1197/1197/1141
f 2208/2208/2116 1197/1197/1141 1196/1196/1140
f 2208/2208/2116 2207/2207/2115 2209/2209/2117
f 2208/2208/2116 2209/2209/2117 2210/2210/2118
f 2208/2208/2116 2210/2210/2118 2211/2211/2119
f 2208/2208/2116 2211/2211/2119 1201/1201/1145
f 2211/2211/2119 1206/1206/1150 1202/1202/1146
f 2211/2211/2119 1202/1202/1146 1201/1201/1145
f 2211/2211/2119 2210/2210/2118 2212/2212/2120
f 2211/2211/2119 2212/2212/2120 2213/2213/2121
f 2211/2211/2119 2213/2213/2121 2214/2214/2122
f 2211/2211/2119 2214/2214/2122 1206/1206/1150
f 2214/2214/2122 1211/1211/1155 1207/1207/1151
f 2214/2214/2122 1207/1207/1151 1206/1206/1150
f 2214/2214/2122 2213/2213/2121 2215/2215/2123
f 2214/2214/2122 2215/2215/2123 2216/2216/2124
f 2214/2214/2122 2216/2216/2124 2217/2217/2125
f 2214/2214/2122 2217/2217/2125 1211/1211/1155
f 2217/2217/2125 1216/1216/1160 1212/1212/1156
f 2217/2217/2125 1212/1212/1156 1211/1211/1155
f 2217/2217/2125 2216/2216/2124 2218/2218/2126
f 2217/2217/2125 2218/2218/2126 2219/2219/2127
f 2217/2217/2125 2219/2219/2127 2220/2220/2128
f 2217/2217/2125 2220/2220/2128 1216/1216/1160
f 2220/2220/2128 1221/1221/1165 1217/1217/1161
f 2220/2220/2128 1217/1217/1161 1216/1216/1160
f 2220/2220/2128 2219/2219/2127 1273/1273/1215
f 2220/2220/2128 1273/1273/1215 2221/2221/2129
f 2220/2220/2128 2221/2221/2129 2222/2222/2130
f 2220/2220/2128 2222/2222/2130 1221/1221/1165
f 2222/2222/2130 1226/1226/1170 1222/1222/1166
f 2222/2222/2130 1222/1222/1166 1221/1221/1165
f 2222/2222/2130 2221/2221/2129 1269/1269/1211
f 2222/2222/2130 1269/1269/1211 2223/2223/2131
f 2222/2222/2130 2223/2223/2131 2224/2224/2132
f 2222/2222/2130 2224/2224/2132 1226/1226/1170
f 2224/2224/2132 128/128/120 1227/1227/1171
f 2224/2224/2132 1227/1227/1171 1226/1226/1170
f 2224/2224/2132 2223/2223/2131 2225/2225/2133
f 2224/2224/2132 2225/2225/2133 2226/2226/2134
f 2224/2224/2132 2226/2226/2134 129/129/121
f 2224/2224/2132 129/129/121 128/128/120
f 2227/2227/2134 2228/2228/2133 2229/2229/2135
f 2227/2227/2134 2229/2229/2135 2230/2230/2136
f 2227/2227/2134 2230/2230/2136 124/124/116
f 2227/2227/2134 124/124/116 123/123/115
f 2230/2230/2136 2229/2229/2135 269/269/250
f 2230/2230/2136 269/269/250 268/268/249
f 2230/2230/2136 268/268/249 272/272/253
f 2230/2230/2136 272/272/253 124/124/116
f 2229/2229/2135 2228/2228/2133 1265/1265/1207
f 2229/2229/2135 1265/1265/1207 1264/1264/1206
f 2229/2229/2135 1264/1264/1206 1258/1258/1200
f 2229/2229/2135 1258/1258/1200 269/269/250
f 2225/2225/2133 2223/2223/2131 1269/1269/1211
f 2225/2225/2133 1269/1269/1211 1268/1268/1210
f 2221/2221/2129 1273/1273/1215 1270/1270/1212
f 2221/2221/2129 1270/1270/1212 1269/1269/1211
f 2219/2219/2127 2218/2218/2126 1274/1274/1216
f 2219/2219/2127 1274/1274/1216 1273/1273/1215
f 2218/2218/2126 2216/2216/2124 2215/2215/2123
f 2218/2218/2126 2215/2215/2123 2231/2231/2137
f 2218/2218/2126 2231/2231/2137 1275/1275/1217
f 2218/2218/2126 1275/1275/1217 1274/1274/1216
f 2231/2231/2137 2215/2215/2123 2232/2232/2138
f 2231/2231/2137 2232/2232/2138 2233/2233/2139
f 2231/2231/2137 2233/2233/2139 1278/1278/1219
f 2231/2231/2137 1278/1278/1219 1275/1275/1217
f 2233/2233/2139 2232/2232/2138 2234/2234/2140
f 2233/2233/2139 2234/2234/2140 2235/2235/2141
f 2233/2233/2139 2235/2235/2141 1281/1281/1222
f 2233/2233/2139 1281/1281/1222 1278/1278/1219
f 2235/2235/2141 2234/2234/2140 2236/2236/2142
f 2235/2235/2141 2236/2236/2142 1288/1288/1229
f 2235/2235/2141 1288/1288/1229 1284/1284/1225
f 2235/2235/2141 1284/1284/1225 1281/1281/1222
f 2236/2236/2142 2234/2234/2140 2237/2237/2143
f 2236/2236/2142 2237/2237/2143 2238/2238/2144
f 2236/2236/2142 2238/2238/2144 2239/2239/2145
f 2236/2236/2142 2239/2239/2145 2240/2240/2146
f 2236/2236/2142 2240/2240/2146 1289/1289/1230
f 2236/2236/2142 1289/1289/1230 1288/1288/1229
f 2240/2240/2146 2239/2239/2145 2241/2241/2147
f 2240/2240/2146 2241/2241/2147 2242/2242/2148
f 2240/2240/2146 2242/2242/2148 1290/1290/1231
f 2240/2240/2146 1290/1290/1231 1289/1289/1230
f 2242/2242/2148 2241/2241/2147 2243/2243/2149
f 2242/2242/2148 2243/2243/2149 2244/2244/2150
f 2242/2242/2148 2244/2244/2150 1292/1292/1233
f 2242/2242/2148 1292/1292/1233 1290/1290/1231
f 2244/2244/2150 2243/2243/2149 2245/2245/2151
f 2244/2244/2150 2245/2245/2151 2246/2246/2152
f 2244/2244/2150 2246/2246/2152 1294/1294/1235
f 2244/2244/2150 1294/1294/1235 1292/1292/1233
f 2246/2246/2152 2245/2245/2151 2247/2247/2153
f 2246/2246/2152 2247/2247/2153 1301/1301/1242
f 2246/2246/2152 1301/1301/1242 1299/1299/1240
f 2246/2246/2152 1299/1299/1240 1294/1294/1235
f 2247/2247/2153 2245/2245/2151 2248/2248/2154
f 2247/2247/2153 2248/2248/2154 2249/2249/2155
f 2247/2247/2153 2249/2249/2155 2250/2250/2156
f 2247/2247/2153 2250/2250/2156 1304/1304/1245
f 2247/2247/2153 1304/1304/1245 1302/1302/1243
f 2247/2247/2153 1302/1302/1243 1301/1301/1242
f 2250/2250/2156 2249/2249/2155 2251/2251/2157
f 2250/2250/2156 2251/2251/2157 2252/2252/2158
f 2250/2250/2156 2252/2252/2158 2253/2253/2159
f 2250/2250/2156 2253/2253/2159 1307/1307/1248
f 2250/2250/2156 1307/1307/1248 1305/1305/1246
f 2250/2250/2156 1305/1305/1246 1304/1304/1245
f 2253/2253/2159 2252/2252/2158 2254/2254/2160
f 2253/2253/2159 2254/2254/2160 2255/2255/2161
f 2253/2253/2159 2255/2255/2161 2256/2256/2162
f 2253/2253/2159 2256/2256/2162 2257/2257/2163
f 2253/2253/2159 2257/2257/2163 1308/1308/1249
f 2253/2253/2159 1308/1308/1249 1307/1307/1248
f 2257/2257/2163 2256/2256/2162 2258/2258/2164
f 2257/2257/2163 2258/2258/2164 2259/2259/2165
f 2257/2257/2163 2259/2259/2165 1309/1309/1250
f 2257/2257/2163 1309/1309/1250 1308/1308/1249
f 2259/2259/2165 2258/2258/2164 2260/2260/2166
f 2259/2259/2165 2260/2260/2166 2261/2261/2167
f 2259/2259/2165 2261/2261/2167 1311/1311/1252
f 2259/2259/2165 1311/1311/1252 1309/1309/1250
f 2260/2260/2166 2258/2258/2164 2262/2262/2168
f 2260/2260/2166 2262/2262/2168 2263/2263/2169
f 2264/2264/2170 2265/2265/2169 2266/2266/2171
f 2264/2264/2170 2266/2266/2171 1319/1319/1260
f 2264/2264/2170 1319/1319/1260 1317/1317/1258
f 2264/2264/2170 1317/1317/1258 1316/1316/1257
f 2266/2266/2171 2265/2265/2169 2267/2267/2172
f 2266/2266/2171 2267/2267/2172 2268/2268/2173
f 2266/2266/2171 2268/2268/2173 2269/2269/2174
f 2266/2266/2171 2269/2269/2174 1322/1322/1263
f 2266/2266/2171 1322/1322/1263 1320/1320/1261
f 2266/2266/2171 1320/1320/1261 1319/1319/1260
f 2269/2269/2174 2268/2268/2173 2270/2270/2175
f 2269/2269/2174 2270/2270/2175 2271/2271/2176
f 2269/2269/2174 2271/2271/2176 2272/2272/2177
f 2269/2269/2174 2272/2272/2177 1325/1325/1266
f 2269/2269/2174 1325/1325/1266 1323/1323/1264
f 2269/2269/2174 1323/1323/1264 1322/1322/1263
f 2272/2272/2177 2271/2271/2176 2273/2273/2178
f 2272/2272/2177 2273/2273/2178 2274/2274/2179
f 2272/2272/2177 2274/2274/2179 2275/2275/2180
f 2272/2272/2177 2275/2275/2180 1328/1328/1269
f 2272/2272/2177 1328/1328/1269 1326/1326/1267
f 2272/2272/2177 1326/1326/1267 1325/1325/1266
f 2275/2275/2180 2274/2274/2179 2276/2276/2181
f 2275/2275/2180 2276/2276/2181 2277/2277/2182
f 2275/2275/2180 2277/2277/2182 2278/2278/2183
f 2275/2275/2180 2278/2278/2183 1331/1331/1272
f 2275/2275/2180 1331/1331/1272 1329/1329/1270
f 2275/2275/2180 1329/1329/1270 1328/1328/1269
f 2278/2278/2183 2277/2277/2182 2279/2279/2184
f 2278/2278/2183 2279/2279/2184 2280/2280/2185
f 2278/2278/2183 2280/2280/2185 2281/2281/2186
f 2278/2278/2183 2281/2281/2186 1334/1334/1275
f 2278/2278/2183 1334/1334/1275 1332/1332/1273
f 2278/2278/2183 1332/1332/1273 1331/1331/1272
f 2281/2281/2186 2280/2280/2185 2282/2282/2187
f 2281/2281/2186 2282/2282/2187 2283/2283/2188
f 2281/2281/2186 2283/2283/2188 2284/2284/2189
f 2281/2281/2186 2284/2284/2189 1337/1337/1278
f 2281/2281/2186 1337/1337/1278 1335/1335/1276
f 2281/2281/2186 1335/1335/1276 1334/1334/1275
f 2284/2284/2189 2283/2283/2188 2285/2285/2190
f 2284/2284/2189 2285/2285/2190 2286/2286/2191
f 2284/2284/2189 2286/2286/2191 2287/2287/2192
f 2284/2284/2189 2287/2287/2192 1340/1340/1281
f 2284/2284/2189 1340/1340/1281 1338/1338/1279
f 2284/2284/2189 1338/1338/1279 1337/1337/1278
f 2287/2287/2192 2286/2286/2191 2288/2288/2193
f 2287/2287/2192 2288/2288/2193 2289/2289/2194
f 2287/2287/2192 2289/2289/2194 2290/2290/2195
f 2287/2287/2192 2290/2290/2195 1343/1343/1284
f 2287/2287/2192 1343/1343/1284 1341/1341/1282
f 2287/2287/2192 1341/1341/1282 1340/1340/1281
f 2290/2290/2195 2289/2289/2194 2291/2291/2196
f 2290/2290/2195 2291/2291/2196 2292/2292/2197
f 2290/2290/2195 2292/2292/2197 2293/2293/2198
f 2290/2290/2195 2293/2293/2198 1346/1346/1287
f 2290/2290/2195 1346/1346/1287 1344/1344/1285
f 2290/2290/2195 1344/1344/1285 1343/1343/1284
f 2293/2293/2198 2292/2292/2197 2294/2294/2199
f 2293/2293/2198 2294/2294/2199 2295/2295/2200
f 2293/2293/2198 2295/2295/2200 2296/2296/2201
f 2293/2293/2198 2296/2296/2201 1349/1349/1290
f 2293/2293/2198 1349/1349/1290 1347/1347/1288
f 2293/2293/2198 1347/1347/1288 1346/1346/1287
f 2296/2296/2201 2295/2295/2200 2297/2297/2202
f 2296/2296/2201 2297/2297/2202 2298/2298/2203
f 2296/2296/2201 2298/2298/2203 2299/2299/2204
f 2296/2296/2201 2299/2299/2204 1352/1352/1293
f 2296/2296/2201 1352/1352/1293 1350/1350/1291
f 2296/2296/2201 1350/1350/1291 1349/1349/1290
f 2299/2299/2204 2298/2298/2203 2300/2300/192
f 2299/2299/2204 2300/2300/192 2301/2301/2205
f 2299/2299/2204 2301/2301/2205 2302/2302/2206
f 2299/2299/2204 2302/2302/2206 1355/1355/1296
f 2299/2299/2204 1355/1355/1296 1353/1353/1294
f 2299/2299/2204 1353/1353/1294 1352/1352/1293
f 2303/2303/2206 2304/2304/2205 2305/2305/2207
f 2303/2303/2206 2305/2305/2207 2306/2306/2208
f 2303/2303/2206 2306/2306/2208 1363/1363/1302
f 2303/2303/2206 1363/1363/1302 1362/1362/1299
f 2302/2302/2206 1358/1358/1299 1356/1356/1297
f 2302/2302/2206 1356/1356/1297 1355/1355/1296
f 2306/2306/2208 2305/2305/2207 2307/2307/2209
f 2306/2306/2208 2307/2307/2209 2308/2308/2210
f 2306/2306/2208 2308/2308/2210 1365/1365/1304
f 2306/2306/2208 1365/1365/1304 1363/1363/1302
f 2308/2308/2210 2307/2307/2209 2309/2309/2211
f 2308/2308/2210 2309/2309/2211 2310/2310/2212
f 2308/2308/2210 2310/2310/2212 1367/1367/1306
f 2308/2308/2210 1367/1367/1306 1365/1365/1304
f 2310/2310/2212 2309/2309/2211 2311/2311/2213
f 2310/2310/2212 2311/2311/2213 2312/2312/2214
f 2310/2310/2212 2312/2312/2214 2313/2313/2215
f 2310/2310/2212 2313/2313/2215 1367/1367/1306
f 2313/2313/2215 1371/1371/1310 1368/1368/1307
f 2313/2313/2215 1368/1368/1307 1367/1367/1306
f 2314/2314/2216 2315/2315/2217 2316/2316/2218
f 2314/2314/2216 2316/2316/2218 2317/2317/2219
f 2314/2314/2216 2317/2317/2219 2318/2318/2220
f 2314/2314/2216 2318/2318/2220 2319/2319/1310
f 2318/2318/2220 1378/1378/1314 1377/1377/1311
f 2318/2318/2220 1377/1377/1311 2319/2319/1310
f 2318/2318/2220 2317/2317/2219 2320/2320/2221
f 2318/2318/2220 2320/2320/2221 2321/2321/2222
f 2318/2318/2220 2321/2321/2222 2322/2322/2223
f 2318/2318/2220 2322/2322/2223 1378/1378/1314
f 2322/2322/2223 1384/1384/1320 1379/1379/1315
f 2322/2322/2223 1379/1379/1315 1378/1378/1314
f 2322/2322/2223 2321/2321/2222 2323/2323/2224
f 2322/2322/2223 2323/2323/2224 2324/2324/2225
f 2322/2322/2223 2324/2324/2225 2325/2325/2226
f 2322/2322/2223 2325/2325/2226 1384/1384/1320
f 2325/2325/2226 1389/1389/1325 1385/1385/1321
f 2325/2325/2226 1385/1385/1321 1384/1384/1320
f 2325/2325/2226 2324/2324/2225 2326/2326/2227
f 2325/2325/2226 2326/2326/2227 2327/2327/2228
f 2325/2325/2226 2327/2327/2228 2328/2328/2229
f 2325/2325/2226 2328/2328/2229 1389/1389/1325
f 2328/2328/2229 1394/1394/1330 1390/1390/1326
f 2328/2328/2229 1390/1390/1326 1389/1389/1325
f 2328/2328/2229 2327/2327/2228 2329/2329/2230
f 2328/2328/2229 2329/2329/2230 2330/2330/2231
f 2328/2328/2229 2330/2330/2231 2331/2331/2232
f 2328/2328/2229 2331/2331/2232 1394/1394/1330
f 2331/2331/2232 1399/1399/1335 1395/1395/1331
f 2331/2331/2232 1395/1395/1331 1394/1394/1330
f 2331/2331/2232 2330/2330/2231 2332/2332/2233
f 2331/2331/2232 2332/2332/2233 2333/2333/2234
f 2331/2331/2232 2333/2333/2234 2334/2334/2235
f 2331/2331/2232 2334/2334/2235 1399/1399/1335
f 2334/2334/2235 1406/1406/1342 1400/1400/1336
f 2334/2334/2235 1400/1400/1336 1399/1399/1335
f 2334/2334/2235 2333/2333/2234 2335/2335/2236
f 2334/2334/2235 2335/2335/2236 2336/2336/2237
f 2334/2334/2235 2336/2336/2237 2337/2337/2238
f 2334/2334/2235 2337/2337/2238 1406/1406/1342
f 2337/2337/2238 2338/2338/2239 1407/1407/1343
f 2337/2337/2238 1407/1407/1343 1406/1406/1342
f 2337/2337/2238 2336/2336/2237 2339/2339/2240
f 2337/2337/2238 2339/2339/2240 2340/2340/2241
f 2337/2337/2238 2340/2340/2241 2341/2341/2242
f 2337/2337/2238 2341/2341/2242 2338/2338/2239
f 2342/2342/2242 1417/1417/1353 1413/1413/1349
f 2342/2342/2242 1413/1413/1349 1412/1412/1348
f 2341/2341/2242 2340/2340/2241 2343/2343/2243
f 2341/2341/2242 2343/2343/2243 2344/2344/2244
f 2342/2342/2242 2345/2345/2245 2346/2346/2246
f 2342/2342/2242 2346/2346/2246 1417/1417/1353
f 2346/2346/2246 1422/1422/1358 1418/1418/1354
f 2346/2346/2246 1418/1418/1354 1417/1417/1353
f 2346/2346/2246 2345/2345/2245 2347/2347/2247
f 2346/2346/2246 2347/2347/2247 2348/2348/2248
f 2346/2346/2246 2348/2348/2248 2349/2349/2249
f 2346/2346/2246 2349/2349/2249 1422/1422/1358
f 2349/2349/2249 1427/1427/1363 1423/1423/1359
f 2349/2349/2249 1423/1423/1359 1422/1422/1358
f 2349/2349/2249 2348/2348/2248 2350/2350/2250
f 2349/2349/2249 2350/2350/2250 2351/2351/2251
f 2349/2349/2249 2351/2351/2251 2352/2352/2252
f 2349/2349/2249 2352/2352/2252 1427/1427/1363
f 2352/2352/2252 1432/1432/1368 1428/1428/1364
f 2352/2352/2252 1428/1428/1364 1427/1427/1363
f 2352/2352/2252 2351/2351/2251 2353/2353/2253
f 2352/2352/2252 2353/2353/2253 2354/2354/2254
f 2352/2352/2252 2354/2354/2254 2355/2355/2255
f 2352/2352/2252 2355/2355/2255 1432/1432/1368
f 2355/2355/2255 1437/1437/1373 1433/1433/1369
f 2355/2355/2255 1433/1433/1369 1432/1432/1368
f 2355/2355/2255 2354/2354/2254 2356/2356/2256
f 2355/2355/2255 2356/2356/2256 2357/2357/2257
f 2355/2355/2255 2357/2357/2257 2358/2358/2258
f 2355/2355/2255 2358/2358/2258 1437/1437/1373
f 2358/2358/2258 1442/1442/1378 1438/1438/1374
f 2358/2358/2258 1438/1438/1374 1437/1437/1373
f 2358/2358/2258 2357/2357/2257 2359/2359/2259
f 2358/2358/2258 2359/2359/2259 2360/2360/2260
f 2358/2358/2258 2360/2360/2260 2361/2361/2261
f 2358/2358/2258 2361/2361/2261 1442/1442/1378
f 2361/2361/2261 1447/1447/1383 1443/1443/1379
f 2361/2361/2261 1443/1443/1379 1442/1442/1378
f 2361/2361/2261 2360/2360/2260 2362/2362/2262
f 2361/2361/2261 2362/2362/2262 2363/2363/2263
f 2361/2361/2261 2363/2363/2263 2364/2364/2264
f 2361/2361/2261 2364/2364/2264 1447/1447/1383
f 2364/2364/2264 1452/1452/1388 1448/1448/1384
f 2364/2364/2264 1448/1448/1384 1447/1447/1383
f 2364/2364/2264 2363/2363/2263 2365/2365/2265
f 2364/2364/2264 2365/2365/2265 2366/2366/2266
f 2364/2364/2264 2366/2366/2266 2367/2367/2267
f 2364/2364/2264 2367/2367/2267 1452/1452/1388
f 2367/2367/2267 1457/1457/1393 1453/1453/1389
f 2367/2367/2267 1453/1453/1389 1452/1452/1388
f 2367/2367/2267 2366/2366/2266 2368/2368/2268
f 2367/2367/2267 2368/2368/2268 2369/2369/2269
f 2367/2367/2267 2369/2369/2269 2370/2370/2270
f 2367/2367/2267 2370/2370/2270 1457/1457/1393
f 2370/2370/2270 1462/1462/1398 1458/1458/1394
f 2370/2370/2270 1458/1458/1394 1457/1457/1393
f 2370/2370/2270 2369/2369/2269 2371/2371/2271
f 2370/2370/2270 2371/2371/2271 2372/2372/2272
f 2370/2370/2270 2372/2372/2272 2373/2373/2273
f 2370/2370/2270 2373/2373/2273 1462/1462/1398
f 2373/2373/2273 1467/1467/1403 1463/1463/1399
f 2373/2373/2273 1463/1463/1399 1462/1462/1398
f 2373/2373/2273 2372/2372/2272 79/79/73
f 2373/2373/2273 79/79/73 78/78/72
f 2373/2373/2273 78/78/72 82/82/76
f 2373/2373/2273 82/82/76 1467/1467/1403
f 2372/2372/2272 2371/2371/2271 2374/2374/2274
f 2372/2372/2272 2374/2374/2274 79/79/73
f 2374/2374/2274 2371/2371/2271 2375/2375/2275
f 2374/2374/2274 2375/2375/2275 2376/2376/2276
f 2374/2374/2274 2376/2376/2276 2377/2377/2277
f 2374/2374/2274 2377/2377/2277 2378/2378/2278
f 2374/2374/2274 2378/2378/2278 80/80/74
f 2374/2374/2274 80/80/74 79/79/73
f 2379/2379/2279 289/289/270 288/288/269
f 2379/2379/2279 288/288/269 2380/2380/2280
f 2379/2379/2279 2380/2380/2280 75/75/69
f 2379/2379/2279 75/75/69 74/74/68
f 2380/2380/2280 2381/2381/2281 2382/2382/2282
f 2380/2380/2280 2382/2382/2282 75/75/69
f 2380/2380/2280 288/288/269 290/290/271
f 2380/2380/2280 290/290/271 2381/2381/2281
f 2382/2382/2282 2383/2383/2283 2384/2384/2284
f 2382/2382/2282 2384/2384/2284 2385/2385/2285
f 2382/2382/2282 2385/2385/2285 76/76/70
f 2382/2382/2282 76/76/70 75/75/69
f 2382/2382/2282 2381/2381/2281 2386/2386/2286
f 2382/2382/2282 2386/2386/2286 2383/2383/2283
f 2386/2386/2286 1484/1484/1420 1482/1482/1418
f 2386/2386/2286 1482/1482/1418 2383/2383/2283
f 2386/2386/2286 2381/2381/2281 290/290/271
f 2386/2386/2286 290/290/271 2387/2387/2287
f 2386/2386/2286 2387/2387/2287 2388/2388/2288
f 2386/2386/2286 2388/2388/2288 1484/1484/1420
f 2388/2388/2288 1488/1488/1424 1485/1485/1421
f 2388/2388/2288 1485/1485/1421 1484/1484/1420
f 2388/2388/2288 2387/2387/2287 2389/2389/2289
f 2388/2388/2288 2389/2389/2289 2390/2390/2290
f 2388/2388/2288 2390/2390/2290 2391/2391/2291
f 2388/2388/2288 2391/2391/2291 1488/1488/1424
f 2391/2391/2291 236/236/219 1489/1489/1425
f 2391/2391/2291 1489/1489/1425 1488/1488/1424
f 2391/2391/2291 2390/2390/2290 2392/2392/2292
f 2391/2391/2291 2392/2392/2292 2393/2393/2293
f 2391/2391/2291 2393/2393/2293 237/237/220
f 2391/2391/2291 237/237/220 236/236/219
f 2394/2394/2294 2395/2395/2295 2396/2396/2296
f 2394/2394/2294 2396/2396/2296 2397/2397/2297
f 2394/2394/2294 2397/2397/2297 228/228/213
f 2394/2394/2294 228/228/213 227/227/212
f 2397/2397/2297 2396/2396/2296 2398/2398/2298
f 2397/2397/2297 2398/2398/2298 2399/2399/2299
f 2397/2397/2297 2399/2399/2299 2400/2400/2300
f 2397/2397/2297 2400/2400/2300 228/228/213
f 2400/2400/2300 2399/2399/2299 2401/2401/2301
f 2400/2400/2300 2401/2401/2301 2402/2402/2302
f 2400/2400/2300 2402/2402/2302 2403/2403/2303
f 2400/2400/2300 2403/2403/2303 2404/2404/2304
f 2400/2400/2300 2404/2404/2304 229/229/214
f 2400/2400/2300 229/229/214 228/228/213
f 2405/2405/2304 2406/2406/2305 2407/2407/2306
f 2405/2405/2304 2407/2407/2306 2408/2408/2307
f 2405/2405/2304 2408/2408/2307 232/232/216
f 2405/2405/2304 232/232/216 231/231/214
f 2408/2408/2307 2407/2407/2306 2409/2409/2308
f 2408/2408/2307 2409/2409/2308 1495/1495/1431
f 2408/2408/2307 1495/1495/1431 1492/1492/1428
f 2408/2408/2307 1492/1492/1428 232/232/216
f 2409/2409/2308 2407/2407/2306 2410/2410/2309
f 2409/2409/2308 2410/2410/2309 2411/2411/2310
f 2409/2409/2308 2411/2411/2310 2412/2412/2311
f 2409/2409/2308 2412/2412/2311 1498/1498/1434
f 2409/2409/2308 1498/1498/1434 1496/1496/1432
f 2409/2409/2308 1496/1496/1432 1495/1495/1431
f 2412/2412/2311 2411/2411/2310 2413/2413/2312
f 2412/2412/2311 2413/2413/2312 2414/2414/2313
f 2412/2412/2311 2414/2414/2313 2415/2415/2314
f 2412/2412/2311 2415/2415/2314 2416/2416/2315
f 2412/2412/2311 2416/2416/2315 1499/1499/1435
f 2412/2412/2311 1499/1499/1435 1498/1498/1434
f 2416/2416/2315 2415/2415/2314 2417/2417/2316
f 2416/2416/2315 2417/2417/2316 2418/2418/2317
f 2416/2416/2315 2418/2418/2317 1500/1500/1436
f 2416/2416/2315 1500/1500/1436 1499/1499/1435
f 2418/2418/2317 2417/2417/2316 2419/2419/2318
f 2418/2418/2317 2419/2419/2318 1505/1505/1441
f 2418/2418/2317 1505/1505/1441 1502/1502/1438
f 2418/2418/2317 1502/1502/1438 1500/1500/1436
f 2419/2419/2318 2417/2417/2316 2420/2420/2319
f 2419/2419/2318 2420/2420/2319 2421/2421/2320
f 2419/2419/2318 2421/2421/2320 2422/2422/2321
f 2419/2419/2318 2422/2422/2321 1508/1508/1444
f 2419/2419/2318 1508/1508/1444 1506/1506/1442
f 2419/2419/2318 1506/1506/1442 1505/1505/1441
f 2422/2422/2321 2421/2421/2320 2423/2423/2322
f 2422/2422/2321 2423/2423/2322 2424/2424/2323
f 2422/2422/2321 2424/2424/2323 2425/2425/2324
f 2422/2422/2321 2425/2425/2324 1511/1511/1447
f 2422/2422/2321 1511/1511/1447 1509/1509/1445
f 2422/2422/2321 1509/1509/1445 1508/1508/1444
f 2425/2425/2324 2424/2424/2323 2426/2426/2325
f 2425/2425/2324 2426/2426/2325 2427/2427/2326
f 2425/2425/2324 2427/2427/2326 2428/2428/2327
f 2425/2425/2324 2428/2428/2327 1514/1514/1450
f 2425/2425/2324 1514/1514/1450 1512/1512/1448
f 2425/2425/2324 1512/1512/1448 1511/1511/1447
f 2428/2428/2327 2427/2427/2326 2429/2429/2328
f 2428/2428/2327 2429/2429/2328 2430/2430/2329
f 2428/2428/2327 2430/2430/2329 2431/2431/2330
f 2428/2428/2327 2431/2431/2330 1517/1517/1453
f 2428/2428/2327 1517/1517/1453 1515/1515/1451
f 2428/2428/2327 1515/1515/1451 1514/1514/1450
f 2431/2431/2330 2430/2430/2329 2432/2432/2331
f 2431/2431/2330 2432/2432/2331 2433/2433/2332
f 2431/2431/2330 2433/2433/2332 2434/2434/2333
f 2431/2431/2330 2434/2434/2333 1520/1520/1456
f 2431/2431/2330 1520/1520/1456 1518/1518/1454
f 2431/2431/2330 1518/1518/1454 1517/1517/1453
f 2434/2434/2333 2433/2433/2332 2435/2435/2334
f 2434/2434/2333 2435/2435/2334 2436/2436/2335
f 2434/2434/2333 2436/2436/2335 2437/2437/2336
f 2434/2434/2333 2437/2437/2336 1523/1523/1459
f 2434/2434/2333 1523/1523/1459 1521/1521/1457
f 2434/2434/2333 1521/1521/1457 1520/1520/1456
f 2437/2437/2336 2436/2436/2335 2438/2438/2337
f 2437/2437/2336 2438/2438/2337 2439/2439/2338
f 2437/2437/2336 2439/2439/2338 2440/2440/2339
f 2437/2437/2336 2440/2440/2339 1526/1526/1462
f 2437/2437/2336 1526/1526/1462 1524/1524/1460
f 2437/2437/2336 1524/1524/1460 1523/1523/1459
f 2440/2440/2339 2439/2439/2338 2441/2441/2340
f 2440/2440/2339 2441/2441/2340 2442/2442/2341
f 2440/2440/2339 2442/2442/2341 2443/2443/2342
f 2440/2440/2339 2443/2443/2342 1529/1529/1465
f 2440/2440/2339 1529/1529/1465 1527/1527/1463
f 2440/2440/2339 1527/1527/1463 1526/1526/1462
f 2443/2443/2342 2442/2442/2341 2444/2444/2343
f 2443/2443/2342 2444/2444/2343 2445/2445/2344
f 2443/2443/2342 2445/2445/2344 2446/2446/2345
f 2443/2443/2342 2446/2446/2345 1532/1532/1468
f 2443/2443/2342 1532/1532/1468 1530/1530/1466
f 2443/2443/2342 1530/1530/1466 1529/1529/1465
f 2446/2446/2345 2445/2445/2344 2447/2447/2346
f 2446/2446/2345 2447/2447/2346 2448/2448/2347
f 2446/2446/2345 2448/2448/2347 2449/2449/2348
f 2446/2446/2345 2449/2449/2348 1535/1535/1471
f 2446/2446/2345 1535/1535/1471 1533/1533/1469
f 2446/2446/2345 1533/1533/1469 1532/1532/1468
f 2449/2449/2348 2448/2448/2347 2450/2450/2349
f 2449/2449/2348 2450/2450/2349 2451/2451/2350
f 2449/2449/2348 2451/2451/2350 2452/2452/2351
f 2449/2449/2348 2452/2452/2351 1538/1538/1474
f 2449/2449/2348 1538/1538/1474 1536/1536/1472
f 2449/2449/2348 1536/1536/1472 1535/1535/1471
f 2452/2452/2351 2451/2451/2350 2453/2453/2352
f 2452/2452/2351 2453/2453/2352 2454/2454/2353
f 2452/2452/2351 2454/2454/2353 2455/2455/2354
f 2452/2452/2351 2455/2455/2354 1541/1541/1477
f 2452/2452/2351 1541/1541/1477 1539/1539/1475
f 2452/2452/2351 1539/1539/1475 1538/1538/1474
f 2455/2455/2354 2454/2454/2353 2456/2456/2355
f 2455/2455/2354 2456/2456/2355 2457/2457/2356
f 2455/2455/2354 2457/2457/2356 2458/2458/2357
f 2455/2455/2354 2458/2458/2357 1544/1544/1480
f 2455/2455/2354 1544/1544/1480 1542/1542/1478
f 2455/2455/2354 1542/1542/1478 1541/1541/1477
f 2458/2458/2357 2457/2457/2356 2459/2459/2358
f 2458/2458/2357 2459/2459/2358 2460/2460/2359
f 2458/2458/2357 2460/2460/2359 50/50/45
f 2458/2458/2357 50/50/45 1547/1547/1483
f 2458/2458/2357 1547/1547/1483 1545/1545/1481
f 2458/2458/2357 1545/1545/1481 1544/1544/1480
f 2460/2460/2359 2459/2459/2358 2461/2461/2360
f 2460/2460/2359 2461/2461/2360 2462/2462/2361
f 2460/2460/2359 2462/2462/2361 51/51/46
f 2460/2460/2359 51/51/46 50/50/45
f 2463/2463/2362 2464/2464/2360 2465/2465/2363
f 2463/2463/2362 2465/2465/2363 2466/2466/2364
f 2463/2463/2362 2466/2466/2364 2467/2467/2365
f 2463/2463/2362 2467/2467/2365 2468/2468/46
f 2466/2466/2364 2465/2465/2363 2469/2469/2366
f 2466/2466/2364 2469/2469/2366 2470/2470/2367
f 2466/2466/2364 2470/2470/2367 2471/2471/2368
f 2466/2466/2364 2471/2471/2368 2467/2467/2365
f 2470/2470/2367 2469/2469/2366 2472/2472/2369
f 2470/2470/2367 2472/2472/2369 2473/2473/2370
f 2470/2470/2367 2473/2473/2370 2474/2474/284
f 2470/2470/2367 2474/2474/284 2471/2471/2368
f 2475/2475/2371 2476/2476/2369 2477/2477/2372
f 2475/2475/2371 2477/2477/2372 2478/2478/2373
f 2475/2475/2371 2478/2478/2373 2479/2479/2374
f 2475/2475/2371 2479/2479/2374 2480/2480/2375
f 2479/2479/2374 2481/2481/2376 2482/2482/2377
f 2479/2479/2374 2482/2482/2377 2480/2480/2375
f 2479/2479/2374 2478/2478/2373 2483/2483/2378
f 2479/2479/2374 2483/2483/2378 2484/2484/2379
f 2479/2479/2374 2484/2484/2379 2485/2485/2380
f 2479/2479/2374 2485/2485/2380 2481/2481/2376
f 2485/2485/2380 2486/2486/2381 2487/2487/2382
f 2485/2485/2380 2487/2487/2382 2481/2481/2376
f 2485/2485/2380 2484/2484/2379 2488/2488/2383
f 2485/2485/2380 2488/2488/2383 2489/2489/2384
f 2485/2485/2380 2489/2489/2384 2490/2490/2385
f 2485/2485/2380 2490/2490/2385 2486/2486/2381
f 2490/2490/2385 2491/2491/2386 2492/2492/2387
f 2490/2490/2385 2492/2492/2387 2486/2486/2381
f 2490/2490/2385 2489/2489/2384 2493/2493/2388
f 2490/2490/2385 2493/2493/2388 2494/2494/2389
f 2490/2490/2385 2494/2494/2389 2495/2495/2390
f 2490/2490/2385 2495/2495/2390 2491/2491/2386
f 2495/2495/2390 2496/2496/2391 2497/2497/2392
f 2495/2495/2390 2497/2497/2392 2491/2491/2386
f 2495/2495/2390 2494/2494/2389 2498/2498/2393
f 2495/2495/2390 2498/2498/2393 2499/2499/2394
f 2495/2495/2390 2499/2499/2394 2500/2500/2395
f 2495/2495/2390 2500/2500/2395 2496/2496/2391
f 2501/2501/2395 2502/2502/2396 2503/2503/2397
f 2501/2501/2395 2503/2503/2397 2504/2504/2398
f 2500/2500/2395 2499/2499/2394 2505/2505/2399
f 2500/2500/2395 2505/2505/2399 2506/2506/2400
f 2501/2501/2395 2507/2507/2400 2508/2508/2401
f 2501/2501/2395 2508/2508/2401 2502/2502/2396
f 2508/2508/2401 2509/2509/2402 2510/2510/2403
f 2508/2508/2401 2510/2510/2403 2502/2502/2396
f 2508/2508/2401 2507/2507/2400 2511/2511/2404
f 2508/2508/2401 2511/2511/2404 2512/2512/2405
f 2508/2508/2401 2512/2512/2405 2513/2513/2406
f 2508/2508/2401 2513/2513/2406 2509/2509/2402
f 2513/2513/2406 2514/2514/2407 2515/2515/2408
f 2513/2513/2406 2515/2515/2408 2509/2509/2402
f 2513/2513/2406 2512/2512/2405 2516/2516/2409
f 2513/2513/2406 2516/2516/2409 2517/2517/2410
f 2513/2513/2406 2517/2517/2410 2518/2518/2411
f 2513/2513/2406 2518/2518/2411 2514/2514/2407
f 2518/2518/2411 2519/2519/2412 2520/2520/2413
f 2518/2518/2411 2520/2520/2413 2514/2514/2407
f 2518/2518/2411 2517/2517/2410 2521/2521/2414
f 2518/2518/2411 2521/2521/2414 2522/2522/2415
f 2518/2518/2411 2522/2522/2415 2523/2523/2416
f 2518/2518/2411 2523/2523/2416 2519/2519/2412
f 2523/2523/2416 2524/2524/2417 2525/2525/2418
f 2523/2523/2416 2525/2525/2418 2519/2519/2412
f 2523/2523/2416 2522/2522/2415 2526/2526/2419
f 2523/2523/2416 2526/2526/2419 2527/2527/2420
f 2523/2523/2416 2527/2527/2420 2528/2528/2421
f 2523/2523/2416 2528/2528/2421 2524/2524/2417
f 2528/2528/2421 2529/2529/2422 2530/2530/2423
f 2528/2528/2421 2530/2530/2423 2524/2524/2417
f 2528/2528/2421 2527/2527/2420 2531/2531/2424
f 2528/2528/2421 2531/2531/2424 2532/2532/2425
f 2528/2528/2421 2532/2532/2425 2533/2533/2426
f 2528/2528/2421 2533/2533/2426 2529/2529/2422
f 2533/2533/2426 2534/2534/2427 2535/2535/2428
f 2533/2533/2426 2535/2535/2428 2529/2529/2422
f 2533/2533/2426 2532/2532/2425 2536/2536/2429
f 2533/2533/2426 2536/2536/2429 2537/2537/2430
f 2533/2533/2426 2537/2537/2430 2538/2538/2431
f 2533/2533/2426 2538/2538/2431 2534/2534/2427
f 2538/2538/2431 2539/2539/2432 2540/2540/2433
f 2538/2538/2431 2540/2540/2433 2534/2534/2427
f 2538/2538/2431 2537/2537/2430 64/64/58
f 2538/2538/2431 64/64/58 63/63/57
f 2538/2538/2431 63/63/57 62/62/56
f 2538/2538/2431 62/62/56 2539/2539/2432
f 2540/2540/2433 1762/1762/1689 1758/1758/1685
f 2540/2540/2433 1758/1758/1685 1757/1757/1684
f 2540/2540/2433 1757/1757/1684 2535/2535/2428
f 2540/2540/2433 2535/2535/2428 2534/2534/2427
f 2540/2540/2433 2539/2539/2432 2541/2541/2434
f 2540/2540/2433 2541/2541/2434 1762/1762/1689
f 2541/2541/2434 1767/1767/1694 1763/1763/1690
f 2541/2541/2434 1763/1763/1690 1762/1762/1689
f 2541/2541/2434 2539/2539/2432 62/62/56
f 2541/2541/2434 62/62/56 2542/2542/2435
f 2541/2541/2434 2542/2542/2435 364/364/342
f 2541/2541/2434 364/364/342 1767/1767/1694
f 2542/2542/2435 62/62/56 61/61/54
f 2542/2542/2435 61/61/54 2543/2543/2436
f 2542/2542/2435 2543/2543/2436 365/365/343
f 2542/2542/2435 365/365/343 364/364/342
f 2544/2544/2436 59/59/54 58/58/53
f 2544/2544/2436 58/58/53 2545/2545/2437
f 2544/2544/2436 2545/2545/2437 370/370/348
f 2544/2544/2436 370/370/348 369/369/347
f 2545/2545/2437 58/58/53 2546/2546/2438
f 2545/2545/2437 2546/2546/2438 2547/2547/2439
f 2545/2545/2437 2547/2547/2439 1781/1781/1708
f 2545/2545/2437 1781/1781/1708 370/370/348
f 2547/2547/2439 2546/2546/2438 1787/1787/1714
f 2547/2547/2439 1787/1787/1714 1785/1785/1712
f 2547/2547/2439 1785/1785/1712 1782/1782/1709
f 2547/2547/2439 1782/1782/1709 1781/1781/1708
f 2546/2546/2438 58/58/53 57/57/52
f 2546/2546/2438 57/57/52 2548/2548/2440
f 2546/2546/2438 2548/2548/2440 2549/2549/2441
f 2546/2546/2438 2549/2549/2441 1787/1787/1714
f 2550/2550/2442 2551/2551/2443 2552/2552/2444
f 2550/2550/2442 2552/2552/2444 2553/2553/2445
f 2550/2550/2442 2553/2553/2445 1794/1794/1721
f 2550/2550/2442 1794/1794/1721 1793/1793/1720
f 2549/2549/2441 1790/1790/1717 1788/1788/1715
f 2549/2549/2441 1788/1788/1715 1787/1787/1714
f 2553/2553/2445 2552/2552/2444 2536/2536/2429
f 2553/2553/2445 2536/2536/2429 2554/2554/2446
f 2553/2553/2445 2554/2554/2446 1796/1796/1723
f 2553/2553/2445 1796/1796/1723 1794/1794/1721
f 2554/2554/2446 2536/2536/2429 2532/2532/2425
f 2554/2554/2446 2532/2532/2425 2531/2531/2424
f 2554/2554/2446 2531/2531/2424 2555/2555/2447
f 2554/2554/2446 2555/2555/2447 1796/1796/1723
f 2555/2555/2447 2531/2531/2424 2527/2527/2420
f 2555/2555/2447 2527/2527/2420 2526/2526/2419
f 2555/2555/2447 2526/2526/2419 2556/2556/2448
f 2555/2555/2447 2556/2556/2448 1799/1799/1726
f 2555/2555/2447 1799/1799/1726 1797/1797/1724
f 2555/2555/2447 1797/1797/1724 1796/1796/1723
f 2556/2556/2448 2526/2526/2419 2522/2522/2415
f 2556/2556/2448 2522/2522/2415 2521/2521/2414
f 2556/2556/2448 2521/2521/2414 2557/2557/2449
f 2556/2556/2448 2557/2557/2449 2558/2558/2450
f 2556/2556/2448 2558/2558/2450 1800/1800/1727
f 2556/2556/2448 1800/1800/1727 1799/1799/1726
f 2558/2558/2450 2557/2557/2449 2559/2559/2451
f 2558/2558/2450 2559/2559/2451 2560/2560/2452
f 2558/2558/2450 2560/2560/2452 1801/1801/1728
f 2558/2558/2450 1801/1801/1728 1800/1800/1727
f 2561/2561/2452 2562/2562/2453 2563/2563/2454
f 2561/2561/2452 2563/2563/2454 2564/2564/2455
f 2561/2561/2452 2564/2564/2455 1805/1805/1731
f 2561/2561/2452 1805/1805/1731 1804/1804/1730
f 2564/2564/2455 2563/2563/2454 2565/2565/2456
f 2564/2564/2455 2565/2565/2456 2566/2566/2457
f 2564/2564/2455 2566/2566/2457 1807/1807/1733
f 2564/2564/2455 1807/1807/1733 1805/1805/1731
f 2566/2566/2457 2565/2565/2456 2567/2567/2458
f 2566/2566/2457 2567/2567/2458 2568/2568/2459
f 2566/2566/2457 2568/2568/2459 2569/2569/2460
f 2566/2566/2457 2569/2569/2460 1807/1807/1733
f 2569/2569/2460 2568/2568/2459 2570/2570/2461
f 2569/2569/2460 2570/2570/2461 1818/1818/1743
f 2569/2569/2460 1818/1818/1743 1814/1814/1739
f 2569/2569/2460 1814/1814/1739 1810/1810/1736
f 2569/2569/2460 1810/1810/1736 1808/1808/1734
f 2569/2569/2460 1808/1808/1734 1807/1807/1733
f 2570/2570/2461 2568/2568/2459 2567/2567/2458
f 2570/2570/2461 2567/2567/2458 2571/2571/2462
f 2570/2570/2461 2571/2571/2462 2572/2572/2463
f 2570/2570/2461 2572/2572/2463 1821/1821/1746
f 2570/2570/2461 1821/1821/1746 1819/1819/1744
f 2570/2570/2461 1819/1819/1744 1818/1818/1743
f 2572/2572/2463 2571/2571/2462 2573/2573/2464
f 2572/2572/2463 2573/2573/2464 2574/2574/2465
f 2572/2572/2463 2574/2574/2465 2575/2575/2466
f 2572/2572/2463 2575/2575/2466 1824/1824/1749
f 2572/2572/2463 1824/1824/1749 1822/1822/1747
f 2572/2572/2463 1822/1822/1747 1821/1821/1746
f 2575/2575/2466 2574/2574/2465 2576/2576/2467
f 2575/2575/2466 2576/2576/2467 2577/2577/2468
f 2575/2575/2466 2577/2577/2468 2578/2578/2469
f 2575/2575/2466 2578/2578/2469 1827/1827/1752
f 2575/2575/2466 1827/1827/1752 1825/1825/1750
f 2575/2575/2466 1825/1825/1750 1824/1824/1749
f 2578/2578/2469 2577/2577/2468 2579/2579/2470
f 2578/2578/2469 2579/2579/2470 2580/2580/2471
f 2578/2578/2469 2580/2580/2471 2581/2581/2472
f 2578/2578/2469 2581/2581/2472 1830/1830/1755
f 2578/2578/2469 1830/1830/1755 1828/1828/1753
f 2578/2578/2469 1828/1828/1753 1827/1827/1752
f 2581/2581/2472 2580/2580/2471 2582/2582/2473
f 2581/2581/2472 2582/2582/2473 2583/2583/2474
f 2581/2581/2472 2583/2583/2474 2584/2584/2475
f 2581/2581/2472 2584/2584/2475 1833/1833/1758
f 2581/2581/2472 1833/1833/1758 1831/1831/1756
f 2581/2581/2472 1831/1831/1756 1830/1830/1755
f 2584/2584/2475 2583/2583/2474 2585/2585/2476
f 2584/2584/2475 2585/2585/2476 2586/2586/2477
f 2584/2584/2475 2586/2586/2477 2587/2587/2478
f 2584/2584/2475 2587/2587/2478 1836/1836/1761
f 2584/2584/2475 1836/1836/1761 1834/1834/1759
f 2584/2584/2475 1834/1834/1759 1833/1833/1758
f 2587/2587/2478 2586/2586/2477 2588/2588/2479
f 2587/2587/2478 2588/2588/2479 2589/2589/2480
f 2587/2587/2478 2589/2589/2480 2590/2590/2481
f 2587/2587/2478 2590/2590/2481 1839/1839/1764
f 2587/2587/2478 1839/1839/1764 1837/1837/1762
f 2587/2587/2478 1837/1837/1762 1836/1836/1761
f 2590/2590/2481 2589/2589/2480 2591/2591/2482
f 2590/2590/2481 2591/2591/2482 2592/2592/2483
f 2590/2590/2481 2592/2592/2483 2593/2593/2484
f 2590/2590/2481 2593/2593/2484 1842/1842/1767
f 2590/2590/2481 1842/1842/1767 1840/1840/1765
f 2590/2590/2481 1840/1840/1765 1839/1839/1764
f 2593/2593/2484 2592/2592/2483 146/146/136
f 2593/2593/2484 146/146/136 2594/2594/2485
f 2593/2593/2484 2594/2594/2485 2595/2595/2486
f 2593/2593/2484 2595/2595/2486 1845/1845/1770
f 2593/2593/2484 1845/1845/1770 1843/1843/1768
f 2593/2593/2484 1843/1843/1768 1842/1842/1767
f 2595/2595/2486 2594/2594/2485 2596/2596/2487
f 2595/2595/2486 2596/2596/2487 2597/2597/2488
f 2595/2595/2486 2597/2597/2488 2598/2598/2489
f 2595/2595/2486 2598/2598/2489 1848/1848/1773
f 2595/2595/2486 1848/1848/1773 1846/1846/1771
f 2595/2595/2486 1846/1846/1771 1845/1845/1770
f 2599/2599/2489 2600/2600/2490 2601/2601/2491
f 2599/2599/2489 2601/2601/2491 2602/2602/2492
f 2599/2599/2489 2602/2602/2492 2603/2603/2493
f 2599/2599/2489 2603/2603/2493 2604/2604/1776
f 2598/2598/2489 1851/1851/1776 1849/1849/1774
f 2598/2598/2489 1849/1849/1774 1848/1848/1773
f 2603/2603/2493 2602/2602/2492 2605/2605/2494
f 2603/2603/2493 2605/2605/2494 2606/2606/2495
f 2603/2603/2493 2606/2606/2495 2607/2607/2496
f 2603/2603/2493 2607/2607/2496 1856/1856/1781
f 2603/2603/2493 1856/1856/1781 1855/1855/1780
f 2603/2603/2493 1855/1855/1780 2604/2604/1776
f 2607/2607/2496 2606/2606/2495 2608/2608/2497
f 2607/2607/2496 2608/2608/2497 2609/2609/2498
f 2607/2607/2496 2609/2609/2498 2610/2610/2499
f 2607/2607/2496 2610/2610/2499 1860/1860/1785
f 2607/2607/2496 1860/1860/1785 1857/1857/1782
f 2607/2607/2496 1857/1857/1782 1856/1856/1781
f 2610/2610/2499 2609/2609/2498 2611/2611/2500
f 2610/2610/2499 2611/2611/2500 2612/2612/2501
f 2610/2610/2499 2612/2612/2501 2613/2613/2502
f 2610/2610/2499 2613/2613/2502 1863/1863/1788
f 2610/2610/2499 1863/1863/1788 1861/1861/1786
f 2610/2610/2499 1861/1861/1786 1860/1860/1785
f 2613/2613/2502 2612/2612/2501 2614/2614/2503
f 2613/2613/2502 2614/2614/2503 2615/2615/2504
f 2613/2613/2502 2615/2615/2504 2616/2616/2505
f 2613/2613/2502 2616/2616/2505 1866/1866/1791
f 2613/2613/2502 1866/1866/1791 1864/1864/1789
f 2613/2613/2502 1864/1864/1789 1863/1863/1788
f 2616/2616/2505 2615/2615/2504 2617/2617/2506
f 2616/2616/2505 2617/2617/2506 2618/2618/2507
f 2616/2616/2505 2618/2618/2507 2619/2619/2508
f 2616/2616/2505 2619/2619/2508 1869/1869/1794
f 2616/2616/2505 1869/1869/1794 1867/1867/1792
f 2616/2616/2505 1867/1867/1792 1866/1866/1791
f 2619/2619/2508 2618/2618/2507 2620/2620/2509
f 2619/2619/2508 2620/2620/2509 2621/2621/2510
f 2619/2619/2508 2621/2621/2510 2622/2622/2511
f 2619/2619/2508 2622/2622/2511 1872/1872/1797
f 2619/2619/2508 1872/1872/1797 1870/1870/1795
f 2619/2619/2508 1870/1870/1795 1869/1869/1794
f 2622/2622/2511 2621/2621/2510 2623/2623/2512
f 2622/2622/2511 2623/2623/2512 2624/2624/2513
f 2622/2622/2511 2624/2624/2513 2625/2625/2514
f 2622/2622/2511 2625/2625/2514 1875/1875/1800
f 2622/2622/2511 1875/1875/1800 1873/1873/1798
f 2622/2622/2511 1873/1873/1798 1872/1872/1797
f 2625/2625/2514 2624/2624/2513 2626/2626/2515
f 2625/2625/2514 2626/2626/2515 2627/2627/2516
f 2625/2625/2514 2627/2627/2516 2628/2628/2517
f 2625/2625/2514 2628/2628/2517 1878/1878/1803
f 2625/2625/2514 1878/1878/1803 1876/1876/1801
f 2625/2625/2514 1876/1876/1801 1875/1875/1800
f 2628/2628/2517 2627/2627/2516 2629/2629/2518
f 2628/2628/2517 2629/2629/2518 2630/2630/2519
f 2628/2628/2517 2630/2630/2519 2631/2631/2520
f 2628/2628/2517 2631/2631/2520 1881/1881/1806
f 2628/2628/2517 1881/1881/1806 1879/1879/1804
f 2628/2628/2517 1879/1879/1804 1878/1878/1803
f 2631/2631/2520 2630/2630/2519 2632/2632/2521
f 2631/2631/2520 2632/2632/2521 2633/2633/2522
f 2631/2631/2520 2633/2633/2522 2634/2634/2523
f 2631/2631/2520 2634/2634/2523 1884/1884/1809
f 2631/2631/2520 1884/1884/1809 1882/1882/1807
f 2631/2631/2520 1882/1882/1807 1881/1881/1806
f 2634/2634/2523 2633/2633/2522 2635/2635/2524
f 2634/2634/2523 2635/2635/2524 2636/2636/2525
f 2634/2634/2523 2636/2636/2525 2637/2637/2526
f 2634/2634/2523 2637/2637/2526 1887/1887/1812
f 2634/2634/2523 1887/1887/1812 1885/1885/1810
f 2634/2634/2523 1885/1885/1810 1884/1884/1809
f 2637/2637/2526 2636/2636/2525 2638/2638/2527
f 2637/2637/2526 2638/2638/2527 2639/2639/2528
f 2637/2637/2526 2639/2639/2528 2640/2640/2529
f 2637/2637/2526 2640/2640/2529 1890/1890/1815
f 2637/2637/2526 1890/1890/1815 1888/1888/1813
f 2637/2637/2526 1888/1888/1813 1887/1887/1812
f 2640/2640/2529 2639/2639/2528 2641/2641/2530
f 2640/2640/2529 2641/2641/2530 2642/2642/2531
f 2640/2640/2529 2642/2642/2531 2643/2643/2532
f 2640/2640/2529 2643/2643/2532 1893/1893/1818
f 2640/2640/2529 1893/1893/1818 1891/1891/1816
f 2640/2640/2529 1891/1891/1816 1890/1890/1815
f 2643/2643/2532 2642/2642/2531 2644/2644/2533
f 2643/2643/2532 2644/2644/2533 2645/2645/2534
f 2643/2643/2532 2645/2645/2534 2646/2646/2535
f 2643/2643/2532 2646/2646/2535 1896/1896/1821
f 2643/2643/2532 1896/1896/1821 1894/1894/1819
f 2643/2643/2532 1894/1894/1819 1893/1893/1818
f 2646/2646/2535 2645/2645/2534 2647/2647/2536
f 2646/2646/2535 2647/2647/2536 2648/2648/2537
f 2646/2646/2535 2648/2648/2537 1901/1901/1826
f 2646/2646/2535 1901/1901/1826 1899/1899/1824
f 2646/2646/2535 1899/1899/1824 1897/1897/1822
f 2646/2646/2535 1897/1897/1822 1896/1896/1821
f 2648/2648/2537 2647/2647/2536 2649/2649/2538
f 2648/2648/2537 2649/2649/2538 2650/2650/2539
f 2648/2648/2537 2650/2650/2539 1903/1903/1828
f 2648/2648/2537 1903/1903/1828 1901/1901/1826
f 2650/2650/2539 2649/2649/2538 2651/2651/2540
f 2650/2650/2539 2651/2651/2540 1908/1908/1833
f 2650/2650/2539 1908/1908/1833 1905/1905/1830
f 2650/2650/2539 1905/1905/1830 1903/1903/1828
f 2651/2651/2540 2652/2652/2541 2653/2653/2542
f 2651/2651/2540 2653/2653/2542 2654/2654/2543
f 2651/2651/2540 2654/2654/2543 1909/1909/1834
f 2651/2651/2540 1909/1909/1834 1908/1908/1833
f 2651/2651/2540 2649/2649/2538 2655/2655/2544
f 2651/2651/2540 2655/2655/2544 2652/2652/2541
f 2655/2655/2544 2656/2656/2545 2657/2657/2546
f 2655/2655/2544 2657/2657/2546 2652/2652/2541
f 2655/2655/2544 2649/2649/2538 2647/2647/2536
f 2655/2655/2544 2647/2647/2536 2658/2658/2547
f 2655/2655/2544 2658/2658/2547 2659/2659/2548
f 2655/2655/2544 2659/2659/2548 2656/2656/2545
f 2659/2659/2548 2660/2660/2549 2661/2661/2550
f 2659/2659/2548 2661/2661/2550 2656/2656/2545
f 2659/2659/2548 2658/2658/2547 2644/2644/2533
f 2659/2659/2548 2644/2644/2533 2662/2662/2551
f 2659/2659/2548 2662/2662/2551 2663/2663/2552
f 2659/2659/2548 2663/2663/2552 2660/2660/2549
f 2663/2663/2552 2664/2664/2553 2665/2665/2554
f 2663/2663/2552 2665/2665/2554 2660/2660/2549
f 2663/2663/2552 2662/2662/2551 2641/2641/2530
f 2663/2663/2552 2641/2641/2530 2666/2666/2555
f 2663/2663/2552 2666/2666/2555 2667/2667/2556
f 2663/2663/2552 2667/2667/2556 2664/2664/2553
f 2667/2667/2556 2668/2668/2557 18/18/16
f 2667/2667/2556 18/18/16 2664/2664/2553
f 2667/2667/2556 2666/2666/2555 2638/2638/2527
f 2667/2667/2556 2638/2638/2527 2669/2669/2558
f 2667/2667/2556 2669/2669/2558 2670/2670/2559
f 2667/2667/2556 2670/2670/2559 2668/2668/2557
f 2670/2670/2559 2671/2671/2560 2672/2672/2561
f 2670/2670/2559 2672/2672/2561 2668/2668/2557
f 2670/2670/2559 2669/2669/2558 2635/2635/2524
f 2670/2670/2559 2635/2635/2524 2673/2673/2562
f 2670/2670/2559 2673/2673/2562 2674/2674/2563
f 2670/2670/2559 2674/2674/2563 2671/2671/2560
f 2674/2674/2563 2675/2675/2564 2676/2676/2565
f 2674/2674/2563 2676/2676/2565 2671/2671/2560
f 2674/2674/2563 2673/2673/2562 2632/2632/2521
f 2674/2674/2563 2632/2632/2521 2677/2677/2566
f 2674/2674/2563 2677/2677/2566 2678/2678/2567
f 2674/2674/2563 2678/2678/2567 2675/2675/2564
f 2678/2678/2567 2679/2679/2568 2680/2680/2569
f 2678/2678/2567 2680/2680/2569 2675/2675/2564
f 2678/2678/2567 2677/2677/2566 2629/2629/2518
f 2678/2678/2567 2629/2629/2518 2681/2681/2570
f 2678/2678/2567 2681/2681/2570 2682/2682/2571
f 2678/2678/2567 2682/2682/2571 2679/2679/2568
f 2682/2682/2571 2683/2683/2572 2684/2684/2573
f 2682/2682/2571 2684/2684/2573 2679/2679/2568
f 2682/2682/2571 2681/2681/2570 2626/2626/2515
f 2682/2682/2571 2626/2626/2515 2685/2685/2574
f 2682/2682/2571 2685/2685/2574 2686/2686/2575
f 2682/2682/2571 2686/2686/2575 2683/2683/2572
f 2686/2686/2575 2687/2687/2576 2688/2688/2577
f 2686/2686/2575 2688/2688/2577 2683/2683/2572
f 2686/2686/2575 2685/2685/2574 2623/2623/2512
f 2686/2686/2575 2623/2623/2512 2689/2689/2578
f 2686/2686/2575 2689/2689/2578 2690/2690/2579
f 2686/2686/2575 2690/2690/2579 2687/2687/2576
f 2690/2690/2579 2691/2691/2580 2692/2692/2581
f 2690/2690/2579 2692/2692/2581 2687/2687/2576
f 2690/2690/2579 2689/2689/2578 2620/2620/2509
f 2690/2690/2579 2620/2620/2509 2693/2693/2582
f 2690/2690/2579 2693/2693/2582 2694/2694/2583
f 2690/2690/2579 2694/2694/2583 2691/2691/2580
f 2694/2694/2583 2695/2695/2584 2696/2696/2585
f 2694/2694/2583 2696/2696/2585 2691/2691/2580
f 2694/2694/2583 2693/2693/2582 2617/2617/2506
f 2694/2694/2583 2617/2617/2506 2697/2697/2586
f 2694/2694/2583 2697/2697/2586 2698/2698/2587
f 2694/2694/2583 2698/2698/2587 2695/2695/2584
f 2698/2698/2587 2699/2699/2588 2700/2700/2589
f 2698/2698/2587 2700/2700/2589 2695/2695/2584
f 2698/2698/2587 2697/2697/2586 2614/2614/2503
f 2698/2698/2587 2614/2614/2503 2701/2701/2590
f 2698/2698/2587 2701/2701/2590 2702/2702/2591
f 2698/2698/2587 2702/2702/2591 2699/2699/2588
f 2702/2702/2591 2703/2703/2592 2704/2704/2593
f 2702/2702/2591 2704/2704/2593 2699/2699/2588
f 2702/2702/2591 2701/2701/2590 2611/2611/2500
f 2702/2702/2591 2611/2611/2500 2705/2705/2594
f 2702/2702/2591 2705/2705/2594 2706/2706/2595
f 2702/2702/2591 2706/2706/2595 2703/2703/2592
f 2706/2706/2595 2707/2707/2596 2708/2708/2597
f 2706/2706/2595 2708/2708/2597 2703/2703/2592
f 2706/2706/2595 2705/2705/2594 2608/2608/2497
f 2706/2706/2595 2608/2608/2497 2709/2709/2598
f 2706/2706/2595 2709/2709/2598 2710/2710/2599
f 2706/2706/2595 2710/2710/2599 2707/2707/2596
f 2710/2710/2599 2711/2711/2600 2712/2712/2601
f 2710/2710/2599 2712/2712/2601 2707/2707/2596
f 2710/2710/2599 2709/2709/2598 2605/2605/2494
f 2710/2710/2599 2605/2605/2494 2713/2713/2602
f 2710/2710/2599 2713/2713/2602 2714/2714/2603
f 2710/2710/2599 2714/2714/2603 2711/2711/2600
f 2714/2714/2603 2715/2715/2604 2716/2716/2605
f 2714/2714/2603 2716/2716/2605 2711/2711/2600
f 2714/2714/2603 2713/2713/2602 2601/2601/2491
f 2714/2714/2603 2601/2601/2491 2717/2717/2606
f 2714/2714/2603 2717/2717/2606 154/154/143
f 2714/2714/2603 154/154/143 2715/2715/2604
f 2717/2717/2606 2601/2601/2491 2600/2600/2490
f 2717/2717/2606 2600/2600/2490 2718/2718/2487
f 2717/2717/2606 2718/2718/2487 155/155/135
f 2717/2717/2606 155/155/135 154/154/143
f 2716/2716/2605 2719/2719/2607 2720/2720/2608
f 2716/2716/2605 2720/2720/2608 2721/2721/2609
f 2716/2716/2605 2721/2721/2609 2712/2712/2601
f 2716/2716/2605 2712/2712/2601 2711/2711/2600
f 2716/2716/2605 2715/2715/2604 2722/2722/2610
f 2716/2716/2605 2722/2722/2610 2719/2719/2607
f 2722/2722/2610 2723/2723/2611 2724/2724/2612
f 2722/2722/2610 2724/2724/2612 2719/2719/2607
f 2722/2722/2610 2715/2715/2604 154/154/143
f 2722/2722/2610 154/154/143 151/151/140
f 2722/2722/2610 151/151/140 150/150/139
f 2722/2722/2610 150/150/139 2723/2723/2611
f 2724/2724/2612 2725/2725/2613 2726/2726/2614
f 2724/2724/2612 2726/2726/2614 2727/2727/2615
f 2724/2724/2612 2727/2727/2615 2720/2720/2608
f 2724/2724/2612 2720/2720/2608 2719/2719/2607
f 2724/2724/2612 2723/2723/2611 2728/2728/2616
f 2724/2724/2612 2728/2728/2616 2725/2725/2613
f 2728/2728/2616 2729/2729/2617 2730/2730/2618
f 2728/2728/2616 2730/2730/2618 2725/2725/2613
f 2728/2728/2616 2723/2723/2611 150/150/139
f 2728/2728/2616 150/150/139 2731/2731/2619
f 2728/2728/2616 2731/2731/2619 2732/2732/2620
f 2728/2728/2616 2732/2732/2620 2729/2729/2617
f 2732/2732/2620 2733/2733/2621 2734/2734/2622
f 2732/2732/2620 2734/2734/2622 2729/2729/2617
f 2732/2732/2620 2731/2731/2619 2735/2735/2623
f 2732/2732/2620 2735/2735/2623 2736/2736/2624
f 2732/2732/2620 2736/2736/2624 2737/2737/2625
f 2732/2732/2620 2737/2737/2625 2733/2733/2621
f 2737/2737/2625 2738/2738/2626 2739/2739/2627
f 2737/2737/2625 2739/2739/2627 2733/2733/2621
f 2737/2737/2625 2736/2736/2624 317/317/298
f 2737/2737/2625 317/317/298 28/28/25
f 2737/2737/2625 28/28/25 27/27/24
f 2737/2737/2625 27/27/24 2738/2738/2626
f 2739/2739/2627 2740/2740/2628 2741/2741/2629
f 2739/2739/2627 2741/2741/2629 2742/2742/2630
f 2739/2739/2627 2742/2742/2630 2734/2734/2622
f 2739/2739/2627 2734/2734/2622 2733/2733/2621
f 2739/2739/2627 2738/2738/2626 2743/2743/2631
f 2739/2739/2627 2743/2743/2631 2740/2740/2628
f 2743/2743/2631 2744/2744/2632 2745/2745/2633
f 2743/2743/2631 2745/2745/2633 2740/2740/2628
f 2743/2743/2631 2738/2738/2626 27/27/24
f 2743/2743/2631 27/27/24 31/31/28
f 2743/2743/2631 31/31/28 212/212/197
f 2743/2743/2631 212/212/197 2744/2744/2632
f 2745/2745/2633 2746/2746/2634 2747/2747/2635
f 2745/2745/2633 2747/2747/2635 2748/2748/2636
f 2745/2745/2633 2748/2748/2636 2741/2741/2629
f 2745/2745/2633 2741/2741/2629 2740/2740/2628
f 2745/2745/2633 2744/2744/2632 2749/2749/2637
f 2745/2745/2633 2749/2749/2637 2746/2746/2634
f 2749/2749/2637 2750/2750/2638 2751/2751/2639
f 2749/2749/2637 2751/2751/2639 2746/2746/2634
f 2749/2749/2637 2744/2744/2632 212/212/197
f 2749/2749/2637 212/212/197 211/211/196
f 2749/2749/2637 211/211/196 210/210/195
f 2749/2749/2637 210/210/195 2750/2750/2638
f 2751/2751/2639 2752/2752/2640 2753/2753/2641
f 2751/2751/2639 2753/2753/2641 2754/2754/2642
f 2751/2751/2639 2754/2754/2642 2747/2747/2635
f 2751/2751/2639 2747/2747/2635 2746/2746/2634
f 2751/2751/2639 2750/2750/2638 2755/2755/2643
f 2751/2751/2639 2755/2755/2643 2752/2752/2640
f 2755/2755/2643 2756/2756/2644 2757/2757/2645
f 2755/2755/2643 2757/2757/2645 2752/2752/2640
f 2755/2755/2643 2750/2750/2638 210/210/195
f 2755/2755/2643 210/210/195 2758/2758/2646
f 2755/2755/2643 2758/2758/2646 2759/2759/2647
f 2755/2755/2643 2759/2759/2647 2756/2756/2644
f 2760/2760/2648 2761/2761/2649 2762/2762/2650
f 2760/2760/2648 2762/2762/2650 2763/2763/2644
f 2759/2759/2647 2758/2758/2646 2764/2764/2651
f 2759/2759/2647 2764/2764/2651 2765/2765/2652
f 2760/2760/2648 349/349/329 348/348/328
f 2760/2760/2648 348/348/328 2761/2761/2649
f 2764/2764/2651 2758/2758/2646 210/210/195
f 2764/2764/2651 210/210/195 209/209/194
f 2764/2764/2651 209/209/194 214/214/199
f 2764/2764/2651 214/214/199 2766/2766/2653
f 2764/2764/2651 2766/2766/2653 2767/2767/325
f 2764/2764/2651 2767/2767/325 2765/2765/2652
f 2768/2768/2653 2769/2769/199 2770/2770/2654
f 2768/2768/2653 2770/2770/2654 2771/2771/2655
f 2768/2768/2653 2771/2771/2655 345/345/326
f 2768/2768/2653 345/345/326 344/344/325
f 2771/2771/2655 2770/2770/2654 2294/2294/2199
f 2771/2771/2655 2294/2294/2199 2772/2772/2656
f 2771/2771/2655 2772/2772/2656 2773/2773/2657
f 2771/2771/2655 2773/2773/2657 345/345/326
f 2773/2773/2657 2774/2774/2658 346/346/327
f 2773/2773/2657 346/346/327 345/345/326
f 2773/2773/2657 2772/2772/2656 2291/2291/2196
f 2773/2773/2657 2291/2291/2196 2775/2775/2659
f 2773/2773/2657 2775/2775/2659 2776/2776/2660
f 2773/2773/2657 2776/2776/2660 2774/2774/2658
f 2776/2776/2660 2777/2777/2661 2778/2778/2662
f 2776/2776/2660 2778/2778/2662 2774/2774/2658
f 2776/2776/2660 2775/2775/2659 2288/2288/2193
f 2776/2776/2660 2288/2288/2193 2779/2779/2663
f 2776/2776/2660 2779/2779/2663 2780/2780/2664
f 2776/2776/2660 2780/2780/2664 2777/2777/2661
f 2780/2780/2664 2781/2781/2665 2782/2782/2666
f 2780/2780/2664 2782/2782/2666 2777/2777/2661
f 2780/2780/2664 2779/2779/2663 2285/2285/2190
f 2780/2780/2664 2285/2285/2190 2783/2783/2667
f 2780/2780/2664 2783/2783/2667 2784/2784/2668
f 2780/2780/2664 2784/2784/2668 2781/2781/2665
f 2784/2784/2668 2785/2785/2669 2786/2786/2670
f 2784/2784/2668 2786/2786/2670 2781/2781/2665
f 2784/2784/2668 2783/2783/2667 2282/2282/2187
f 2784/2784/2668 2282/2282/2187 2787/2787/2671
f 2784/2784/2668 2787/2787/2671 2788/2788/2672
f 2784/2784/2668 2788/2788/2672 2785/2785/2669
f 2788/2788/2672 2789/2789/2673 2790/2790/2674
f 2788/2788/2672 2790/2790/2674 2785/2785/2669
f 2788/2788/2672 2787/2787/2671 2279/2279/2184
f 2788/2788/2672 2279/2279/2184 2791/2791/2675
f 2788/2788/2672 2791/2791/2675 2792/2792/2676
f 2788/2788/2672 2792/2792/2676 2789/2789/2673
f 2792/2792/2676 2793/2793/2677 2794/2794/2678
f 2792/2792/2676 2794/2794/2678 2789/2789/2673
f 2792/2792/2676 2791/2791/2675 2276/2276/2181
f 2792/2792/2676 2276/2276/2181 2795/2795/2679
f 2792/2792/2676 2795/2795/2679 2796/2796/2680
f 2792/2792/2676 2796/2796/2680 2793/2793/2677
f 2796/2796/2680 2797/2797/2681 2798/2798/2682
f 2796/2796/2680 2798/2798/2682 2793/2793/2677
f 2796/2796/2680 2795/2795/2679 2273/2273/2178
f 2796/2796/2680 2273/2273/2178 2799/2799/2683
f 2796/2796/2680 2799/2799/2683 2800/2800/2684
f 2796/2796/2680 2800/2800/2684 2797/2797/2681
f 2801/2801/2685 2802/2802/2686 2803/2803/2687
f 2801/2801/2685 2803/2803/2687 2804/2804/2688
f 2800/2800/2684 2799/2799/2683 2270/2270/2175
f 2800/2800/2684 2270/2270/2175 2805/2805/2689
f 2801/2801/2685 2806/2806/2690 2807/2807/2691
f 2801/2801/2685 2807/2807/2691 2802/2802/2686
f 2807/2807/2691 2808/2808/2692 2809/2809/2693
f 2807/2807/2691 2809/2809/2693 2802/2802/2686
f 2807/2807/2691 2806/2806/2690 2810/2810/2694
f 2807/2807/2691 2810/2810/2694 2811/2811/2695
f 2807/2807/2691 2811/2811/2695 2812/2812/2696
f 2807/2807/2691 2812/2812/2696 2808/2808/2692
f 2812/2812/2696 2813/2813/2697 2814/2814/2698
f 2812/2812/2696 2814/2814/2698 2808/2808/2692
f 2812/2812/2696 2811/2811/2695 2262/2262/2168
f 2812/2812/2696 2262/2262/2168 2815/2815/2699
f 2812/2812/2696 2815/2815/2699 2816/2816/2700
f 2812/2812/2696 2816/2816/2700 2813/2813/2697
f 2816/2816/2700 2817/2817/2701 2818/2818/2702
f 2816/2816/2700 2818/2818/2702 2813/2813/2697
f 2816/2816/2700 2815/2815/2699 2256/2256/2162
f 2816/2816/2700 2256/2256/2162 2255/2255/2161
f 2816/2816/2700 2255/2255/2161 2254/2254/2160
f 2816/2816/2700 2254/2254/2160 2817/2817/2701
f 2818/2818/2702 2819/2819/2703 2820/2820/2704
f 2818/2818/2702 2820/2820/2704 2821/2821/2705
f 2818/2818/2702 2821/2821/2705 2814/2814/2698
f 2818/2818/2702 2814/2814/2698 2813/2813/2697
f 2818/2818/2702 2817/2817/2701 2822/2822/2706
f 2818/2818/2702 2822/2822/2706 2819/2819/2703
f 2822/2822/2706 2823/2823/2707 2824/2824/2708
f 2822/2822/2706 2824/2824/2708 2819/2819/2703
f 2822/2822/2706 2817/2817/2701 2254/2254/2160
f 2822/2822/2706 2254/2254/2160 2825/2825/2709
f 2822/2822/2706 2825/2825/2709 2826/2826/2710
f 2822/2822/2706 2826/2826/2710 2823/2823/2707
f 2826/2826/2710 2827/2827/2711 2828/2828/2712
f 2826/2826/2710 2828/2828/2712 2823/2823/2707
f 2826/2826/2710 2825/2825/2709 2251/2251/2157
f 2826/2826/2710 2251/2251/2157 2829/2829/2713
f 2826/2826/2710 2829/2829/2713 2830/2830/2714
f 2826/2826/2710 2830/2830/2714 2827/2827/2711
f 2830/2830/2714 2831/2831/2715 2832/2832/2716
f 2830/2830/2714 2832/2832/2716 2827/2827/2711
f 2830/2830/2714 2829/2829/2713 2248/2248/2154
f 2830/2830/2714 2248/2248/2154 2833/2833/2717
f 2830/2830/2714 2833/2833/2717 2834/2834/2718
f 2830/2830/2714 2834/2834/2718 2831/2831/2715
f 2834/2834/2718 2835/2835/2719 2836/2836/2720
f 2834/2834/2718 2836/2836/2720 2831/2831/2715
f 2834/2834/2718 2833/2833/2717 2243/2243/2149
f 2834/2834/2718 2243/2243/2149 2241/2241/2147
f 2834/2834/2718 2241/2241/2147 2239/2239/2145
f 2834/2834/2718 2239/2239/2145 2835/2835/2719
f 2836/2836/2720 2206/2206/2114 2204/2204/2112
f 2836/2836/2720 2204/2204/2112 2203/2203/2111
f 2836/2836/2720 2203/2203/2111 2832/2832/2716
f 2836/2836/2720 2832/2832/2716 2831/2831/2715
f 2836/2836/2720 2835/2835/2719 2837/2837/2721
f 2836/2836/2720 2837/2837/2721 2206/2206/2114
f 2837/2837/2721 2209/2209/2117 2207/2207/2115
f 2837/2837/2721 2207/2207/2115 2206/2206/2114
f 2837/2837/2721 2835/2835/2719 2239/2239/2145
f 2837/2837/2721 2239/2239/2145 2238/2238/2144
f 2837/2837/2721 2238/2238/2144 2237/2237/2143
f 2837/2837/2721 2237/2237/2143 2209/2209/2117
f 2833/2833/2717 2248/2248/2154 2245/2245/2151
f 2833/2833/2717 2245/2245/2151 2243/2243/2149
f 2832/2832/2716 2203/2203/2111 2201/2201/2109
f 2832/2832/2716 2201/2201/2109 2200/2200/2108
f 2832/2832/2716 2200/2200/2108 2828/2828/2712
f 2832/2832/2716 2828/2828/2712 2827/2827/2711
f 2829/2829/2713 2251/2251/2157 2249/2249/2155
f 2829/2829/2713 2249/2249/2155 2248/2248/2154
f 2828/2828/2712 2200/2200/2108 2198/2198/2106
f 2828/2828/2712 2198/2198/2106 2197/2197/2105
f 2828/2828/2712 2197/2197/2105 2824/2824/2708
f 2828/2828/2712 2824/2824/2708 2823/2823/2707
f 2825/2825/2709 2254/2254/2160 2252/2252/2158
f 2825/2825/2709 2252/2252/2158 2251/2251/2157
f 2824/2824/2708 2197/2197/2105 2195/2195/2103
f 2824/2824/2708 2195/2195/2103 2194/2194/2102
f 2824/2824/2708 2194/2194/2102 2820/2820/2704
f 2824/2824/2708 2820/2820/2704 2819/2819/2703
f 2821/2821/2705 2820/2820/2704 2191/2191/2099
f 2821/2821/2705 2191/2191/2099 2838/2838/2722
f 2821/2821/2705 2838/2838/2722 2839/2839/2723
f 2821/2821/2705 2839/2839/2723 2814/2814/2698
f 2839/2839/2723 2838/2838/2722 2188/2188/2096
f 2839/2839/2723 2188/2188/2096 2840/2840/2724
f 2839/2839/2723 2840/2840/2724 2841/2841/2725
f 2839/2839/2723 2841/2841/2725 2809/2809/2693
f 2839/2839/2723 2809/2809/2693 2808/2808/2692
f 2839/2839/2723 2808/2808/2692 2814/2814/2698
f 2841/2841/2725 2840/2840/2724 2185/2185/2093
f 2841/2841/2725 2185/2185/2093 2842/2842/2726
f 2841/2841/2725 2842/2842/2726 2843/2843/2727
f 2841/2841/2725 2843/2843/2727 2803/2803/2687
f 2841/2841/2725 2803/2803/2687 2802/2802/2686
f 2841/2841/2725 2802/2802/2686 2809/2809/2693
f 2843/2843/2727 2842/2842/2726 2182/2182/2090
f 2843/2843/2727 2182/2182/2090 2844/2844/2728
f 2843/2843/2727 2844/2844/2728 2845/2845/2729
f 2843/2843/2727 2845/2845/2729 2846/2846/2730
f 2843/2843/2727 2846/2846/2730 2804/2804/2688
f 2843/2843/2727 2804/2804/2688 2803/2803/2687
f 2845/2845/2729 2844/2844/2728 2179/2179/2087
f 2845/2845/2729 2179/2179/2087 2847/2847/2731
f 2848/2848/2732 2849/2849/2733 2850/2850/2734
f 2848/2848/2732 2850/2850/2734 2794/2794/2678
f 2848/2848/2732 2794/2794/2678 2793/2793/2677
f 2848/2848/2732 2793/2793/2677 2798/2798/2682
f 2850/2850/2734 2849/2849/2733 2851/2851/2084
f 2850/2850/2734 2851/2851/2084 2852/2852/2735
f 2850/2850/2734 2852/2852/2735 2853/2853/2736
f 2850/2850/2734 2853/2853/2736 2790/2790/2674
f 2850/2850/2734 2790/2790/2674 2789/2789/2673
f 2850/2850/2734 2789/2789/2673 2794/2794/2678
f 2853/2853/2736 2852/2852/2735 2172/2172/2081
f 2853/2853/2736 2172/2172/2081 2854/2854/2737
f 2853/2853/2736 2854/2854/2737 2855/2855/2738
f 2853/2853/2736 2855/2855/2738 2786/2786/2670
f 2853/2853/2736 2786/2786/2670 2785/2785/2669
f 2853/2853/2736 2785/2785/2669 2790/2790/2674
f 2855/2855/2738 2854/2854/2737 2168/2168/2078
f 2855/2855/2738 2168/2168/2078 2856/2856/2739
f 2855/2855/2738 2856/2856/2739 2857/2857/2740
f 2855/2855/2738 2857/2857/2740 2782/2782/2666
f 2855/2855/2738 2782/2782/2666 2781/2781/2665
f 2855/2855/2738 2781/2781/2665 2786/2786/2670
f 2857/2857/2740 2856/2856/2739 2162/2162/2075
f 2857/2857/2740 2162/2162/2075 2858/2858/2741
f 2857/2857/2740 2858/2858/2741 2859/2859/2742
f 2857/2857/2740 2859/2859/2742 2778/2778/2662
f 2857/2857/2740 2778/2778/2662 2777/2777/2661
f 2857/2857/2740 2777/2777/2661 2782/2782/2666
f 2859/2859/2742 2858/2858/2741 2860/2860/2070
f 2859/2859/2742 2860/2860/2070 2861/2861/2743
f 2859/2859/2742 2861/2861/2743 347/347/322
f 2859/2859/2742 347/347/322 346/346/327
f 2859/2859/2742 346/346/327 2774/2774/2658
f 2859/2859/2742 2774/2774/2658 2778/2778/2662
f 2862/2862/2743 2156/2156/2070 2153/2153/2067
f 2862/2862/2743 2153/2153/2067 2152/2152/2066
f 2862/2862/2743 2152/2152/2066 342/342/323
f 2862/2862/2743 342/342/323 341/341/322
f 2858/2858/2741 2162/2162/2075 2161/2161/2074
f 2858/2858/2741 2161/2161/2074 2860/2860/2070
f 2856/2856/2739 2168/2168/2078 2163/2163/2076
f 2856/2856/2739 2163/2163/2076 2162/2162/2075
f 2854/2854/2737 2172/2172/2081 2169/2169/2079
f 2854/2854/2737 2169/2169/2079 2168/2168/2078
f 2852/2852/2735 2851/2851/2084 2173/2173/2082
f 2852/2852/2735 2173/2173/2082 2172/2172/2081
f 2847/2847/2731 2179/2179/2087 2177/2177/2085
f 2847/2847/2731 2177/2177/2085 2176/2176/2084
f 2844/2844/2728 2182/2182/2090 2180/2180/2088
f 2844/2844/2728 2180/2180/2088 2179/2179/2087
f 2842/2842/2726 2185/2185/2093 2183/2183/2091
f 2842/2842/2726 2183/2183/2091 2182/2182/2090
f 2840/2840/2724 2188/2188/2096 2186/2186/2094
f 2840/2840/2724 2186/2186/2094 2185/2185/2093
f 2838/2838/2722 2191/2191/2099 2189/2189/2097
f 2838/2838/2722 2189/2189/2097 2188/2188/2096
f 2820/2820/2704 2194/2194/2102 2192/2192/2100
f 2820/2820/2704 2192/2192/2100 2191/2191/2099
f 2815/2815/2699 2262/2262/2168 2258/2258/2164
f 2815/2815/2699 2258/2258/2164 2256/2256/2162
f 2811/2811/2695 2810/2810/2694 2263/2263/2169
f 2811/2811/2695 2263/2263/2169 2262/2262/2168
f 2805/2805/2689 2270/2270/2175 2268/2268/2173
f 2805/2805/2689 2268/2268/2173 2267/2267/2172
f 2799/2799/2683 2273/2273/2178 2271/2271/2176
f 2799/2799/2683 2271/2271/2176 2270/2270/2175
f 2795/2795/2679 2276/2276/2181 2274/2274/2179
f 2795/2795/2679 2274/2274/2179 2273/2273/2178
f 2791/2791/2675 2279/2279/2184 2277/2277/2182
f 2791/2791/2675 2277/2277/2182 2276/2276/2181
f 2787/2787/2671 2282/2282/2187 2280/2280/2185
f 2787/2787/2671 2280/2280/2185 2279/2279/2184
f 2783/2783/2667 2285/2285/2190 2283/2283/2188
f 2783/2783/2667 2283/2283/2188 2282/2282/2187
f 2779/2779/2663 2288/2288/2193 2286/2286/2191
f 2779/2779/2663 2286/2286/2191 2285/2285/2190
f 2775/2775/2659 2291/2291/2196 2289/2289/2194
f 2775/2775/2659 2289/2289/2194 2288/2288/2193
f 2772/2772/2656 2294/2294/2199 2292/2292/2197
f 2772/2772/2656 2292/2292/2197 2291/2291/2196
f 2770/2770/2654 2769/2769/199 2863/2863/2744
f 2770/2770/2654 2863/2863/2744 2297/2297/2202
f 2770/2770/2654 2297/2297/2202 2295/2295/2200
f 2770/2770/2654 2295/2295/2200 2294/2294/2199
f 2762/2762/2650 2864/2864/2745 2865/2865/2746
f 2762/2762/2650 2865/2865/2746 2866/2866/2747
f 2762/2762/2650 2866/2866/2747 2867/2867/2748
f 2762/2762/2650 2867/2867/2748 2763/2763/2644
f 2762/2762/2650 2761/2761/2649 119/119/111
f 2762/2762/2650 119/119/111 2864/2864/2745
f 2866/2866/2747 2865/2865/2746 2868/2868/2749
f 2866/2866/2747 2868/2868/2749 2869/2869/2750
f 2866/2866/2747 2869/2869/2750 2870/2870/2751
f 2866/2866/2747 2870/2870/2751 2867/2867/2748
f 2870/2870/2751 2869/2869/2750 2871/2871/2752
f 2870/2870/2751 2871/2871/2752 2872/2872/2753
f 2873/2873/2751 2874/2874/2753 2875/2875/2754
f 2873/2873/2751 2875/2875/2754 2753/2753/2641
f 2873/2873/2751 2753/2753/2641 2752/2752/2640
f 2873/2873/2751 2752/2752/2640 2757/2757/2645
f 2875/2875/2754 2874/2874/2753 2876/2876/2755
f 2875/2875/2754 2876/2876/2755 2877/2877/2756
f 2875/2875/2754 2877/2877/2756 2878/2878/2757
f 2875/2875/2754 2878/2878/2757 2879/2879/2758
f 2875/2875/2754 2879/2879/2758 2754/2754/2642
f 2875/2875/2754 2754/2754/2642 2753/2753/2641
f 2879/2879/2758 2878/2878/2757 2880/2880/2759
f 2879/2879/2758 2880/2880/2759 2881/2881/2760
f 2879/2879/2758 2881/2881/2760 2747/2747/2635
f 2879/2879/2758 2747/2747/2635 2754/2754/2642
f 2881/2881/2760 2880/2880/2759 2882/2882/2761
f 2881/2881/2760 2882/2882/2761 2883/2883/2762
f 2881/2881/2760 2883/2883/2762 2748/2748/2636
f 2881/2881/2760 2748/2748/2636 2747/2747/2635
f 2883/2883/2762 2882/2882/2761 2884/2884/2763
f 2883/2883/2762 2884/2884/2763 2885/2885/2764
f 2883/2883/2762 2885/2885/2764 2741/2741/2629
f 2883/2883/2762 2741/2741/2629 2748/2748/2636
f 2885/2885/2764 2884/2884/2763 2886/2886/2765
f 2885/2885/2764 2886/2886/2765 2887/2887/2766
f 2885/2885/2764 2887/2887/2766 2742/2742/2630
f 2885/2885/2764 2742/2742/2630 2741/2741/2629
f 2887/2887/2766 2886/2886/2765 2888/2888/2767
f 2887/2887/2766 2888/2888/2767 2889/2889/2768
f 2887/2887/2766 2889/2889/2768 2734/2734/2622
f 2887/2887/2766 2734/2734/2622 2742/2742/2630
f 2889/2889/2768 2888/2888/2767 2890/2890/2769
f 2889/2889/2768 2890/2890/2769 2730/2730/2618
f 2889/2889/2768 2730/2730/2618 2729/2729/2617
f 2889/2889/2768 2729/2729/2617 2734/2734/2622
f 2890/2890/2769 2888/2888/2767 2891/2891/2770
f 2890/2890/2769 2891/2891/2770 2892/2892/2771
f 2890/2890/2769 2892/2892/2771 2893/2893/2772
f 2890/2890/2769 2893/2893/2772 2726/2726/2614
f 2890/2890/2769 2726/2726/2614 2725/2725/2613
f 2890/2890/2769 2725/2725/2613 2730/2730/2618
f 2893/2893/2772 2892/2892/2771 2894/2894/2773
f 2893/2893/2772 2894/2894/2773 2895/2895/2774
f 2893/2893/2772 2895/2895/2774 2896/2896/2775
f 2893/2893/2772 2896/2896/2775 2897/2897/2776
f 2893/2893/2772 2897/2897/2776 2727/2727/2615
f 2893/2893/2772 2727/2727/2615 2726/2726/2614
f 2897/2897/2776 2896/2896/2775 2898/2898/2777
f 2897/2897/2776 2898/2898/2777 2899/2899/2778
f 2897/2897/2776 2899/2899/2778 2720/2720/2608
f 2897/2897/2776 2720/2720/2608 2727/2727/2615
f 2899/2899/2778 2898/2898/2777 2900/2900/2779
f 2899/2899/2778 2900/2900/2779 2901/2901/2780
f 2899/2899/2778 2901/2901/2780 2721/2721/2609
f 2899/2899/2778 2721/2721/2609 2720/2720/2608
f 2901/2901/2780 2900/2900/2779 2902/2902/2781
f 2901/2901/2780 2902/2902/2781 2903/2903/2782
f 2901/2901/2780 2903/2903/2782 2712/2712/2601
f 2901/2901/2780 2712/2712/2601 2721/2721/2609
f 2903/2903/2782 2902/2902/2781 2904/2904/2783
f 2903/2903/2782 2904/2904/2783 2708/2708/2597
f 2903/2903/2782 2708/2708/2597 2707/2707/2596
f 2903/2903/2782 2707/2707/2596 2712/2712/2601
f 2904/2904/2783 2902/2902/2781 2905/2905/2784
f 2904/2904/2783 2905/2905/2784 2906/2906/2785
f 2904/2904/2783 2906/2906/2785 2907/2907/2786
f 2904/2904/2783 2907/2907/2786 2704/2704/2593
f 2904/2904/2783 2704/2704/2593 2703/2703/2592
f 2904/2904/2783 2703/2703/2592 2708/2708/2597
f 2907/2907/2786 2906/2906/2785 2908/2908/2787
f 2907/2907/2786 2908/2908/2787 2909/2909/2788
f 2907/2907/2786 2909/2909/2788 2910/2910/2789
f 2907/2907/2786 2910/2910/2789 2700/2700/2589
f 2907/2907/2786 2700/2700/2589 2699/2699/2588
f 2907/2907/2786 2699/2699/2588 2704/2704/2593
f 2910/2910/2789 2909/2909/2788 2911/2911/2790
f 2910/2910/2789 2911/2911/2790 2912/2912/2791
f 2910/2910/2789 2912/2912/2791 2913/2913/2792
f 2910/2910/2789 2913/2913/2792 2696/2696/2585
f 2910/2910/2789 2696/2696/2585 2695/2695/2584
f 2910/2910/2789 2695/2695/2584 2700/2700/2589
f 2913/2913/2792 2912/2912/2791 2914/2914/2793
f 2913/2913/2792 2914/2914/2793 2915/2915/2794
f 2913/2913/2792 2915/2915/2794 2916/2916/2795
f 2913/2913/2792 2916/2916/2795 2692/2692/2581
f 2913/2913/2792 2692/2692/2581 2691/2691/2580
f 2913/2913/2792 2691/2691/2580 2696/2696/2585
f 2916/2916/2795 2915/2915/2794 2917/2917/2796
f 2916/2916/2795 2917/2917/2796 2918/2918/2797
f 2916/2916/2795 2918/2918/2797 2919/2919/2798
f 2916/2916/2795 2919/2919/2798 2688/2688/2577
f 2916/2916/2795 2688/2688/2577 2687/2687/2576
f 2916/2916/2795 2687/2687/2576 2692/2692/2581
f 2919/2919/2798 2918/2918/2797 2920/2920/2799
f 2919/2919/2798 2920/2920/2799 2921/2921/2800
f 2919/2919/2798 2921/2921/2800 2922/2922/2801
f 2919/2919/2798 2922/2922/2801 2684/2684/2573
f 2919/2919/2798 2684/2684/2573 2683/2683/2572
f 2919/2919/2798 2683/2683/2572 2688/2688/2577
f 2922/2922/2801 2921/2921/2800 2923/2923/2802
f 2922/2922/2801 2923/2923/2802 2924/2924/2803
f 2922/2922/2801 2924/2924/2803 2925/2925/2804
f 2922/2922/2801 2925/2925/2804 2680/2680/2569
f 2922/2922/2801 2680/2680/2569 2679/2679/2568
f 2922/2922/2801 2679/2679/2568 2684/2684/2573
f 2925/2925/2804 2924/2924/2803 2926/2926/2805
f 2925/2925/2804 2926/2926/2805 2927/2927/2806
f 2925/2925/2804 2927/2927/2806 2928/2928/2807
f 2925/2925/2804 2928/2928/2807 2676/2676/2565
f 2925/2925/2804 2676/2676/2565 2675/2675/2564
f 2925/2925/2804 2675/2675/2564 2680/2680/2569
f 2928/2928/2807 2927/2927/2806 2929/2929/2808
f 2928/2928/2807 2929/2929/2808 2930/2930/2809
f 2928/2928/2807 2930/2930/2809 19/19/17
f 2928/2928/2807 19/19/17 2672/2672/2561
f 2928/2928/2807 2672/2672/2561 2671/2671/2560
f 2928/2928/2807 2671/2671/2560 2676/2676/2565
f 2930/2930/2809 2929/2929/2808 2931/2931/2810
f 2930/2930/2809 2931/2931/2810 2932/2932/2811
f 2930/2930/2809 2932/2932/2811 20/20/18
f 2930/2930/2809 20/20/18 19/19/17
f 2932/2932/2811 2931/2931/2810 2933/2933/2812
f 2932/2932/2811 2933/2933/2812 2934/2934/2813
f 2932/2932/2811 2934/2934/2813 21/21/19
f 2932/2932/2811 21/21/19 20/20/18
f 2934/2934/2813 2933/2933/2812 2935/2935/2814
f 2934/2934/2813 2935/2935/2814 2936/2936/2815
f 2934/2934/2813 2936/2936/2815 2937/2937/2816
f 2934/2934/2813 2937/2937/2816 21/21/19
f 2937/2937/2816 2936/2936/2815 2938/2938/2817
f 2937/2937/2816 2938/2938/2817 2939/2939/2818
f 2937/2937/2816 2939/2939/2818 266/266/247
f 2937/2937/2816 266/266/247 265/265/246
f 2937/2937/2816 265/265/246 15/15/13
f 2937/2937/2816 15/15/13 21/21/19
f 2939/2939/2818 2938/2938/2817 2940/2940/2819
f 2939/2939/2818 2940/2940/2819 2941/2941/2820
f 2939/2939/2818 2941/2941/2820 2942/2942/2821
f 2939/2939/2818 2942/2942/2821 266/266/247
f 2942/2942/2821 2941/2941/2820 2943/2943/2822
f 2942/2942/2821 2943/2943/2822 2944/2944/2823
f 2942/2942/2821 2944/2944/2823 2945/2945/2824
f 2942/2942/2821 2945/2945/2824 263/263/244
f 2942/2942/2821 263/263/244 257/257/238
f 2942/2942/2821 257/257/238 266/266/247
f 2945/2945/2824 2944/2944/2823 2946/2946/2825
f 2945/2945/2824 2946/2946/2825 2947/2947/2826
f 2945/2945/2824 2947/2947/2826 2948/2948/2827
f 2945/2945/2824 2948/2948/2827 2949/2949/2828
f 2945/2945/2824 2949/2949/2828 264/264/245
f 2945/2945/2824 264/264/245 263/263/244
f 2949/2949/2828 2948/2948/2827 2950/2950/2829
f 2949/2949/2828 2950/2950/2829 2951/2951/2830
f 2949/2949/2828 2951/2951/2830 2952/2952/2831
f 2949/2949/2828 2952/2952/2831 264/264/245
f 2952/2952/2831 2951/2951/2830 2953/2953/2832
f 2952/2952/2831 2953/2953/2832 2954/2954/2833
f 2952/2952/2831 2954/2954/2833 2955/2955/2834
f 2952/2952/2831 2955/2955/2834 2956/2956/2835
f 2952/2952/2831 2956/2956/2835 258/258/239
f 2952/2952/2831 258/258/239 264/264/245
f 2956/2956/2835 2955/2955/2834 2957/2957/2836
f 2956/2956/2835 2957/2957/2836 2958/2958/2837
f 2956/2956/2835 2958/2958/2837 259/259/240
f 2956/2956/2835 259/259/240 258/258/239
f 2958/2958/2837 2957/2957/2836 2959/2959/2838
f 2958/2958/2837 2959/2959/2838 2960/2960/2839
f 2958/2958/2837 2960/2960/2839 2961/2961/2840
f 2958/2958/2837 2961/2961/2840 259/259/240
f 2961/2961/2840 2962/2962/2841 260/260/241
f 2961/2961/2840 260/260/241 259/259/240
f 2961/2961/2840 2960/2960/2839 2963/2963/2842
f 2961/2961/2840 2963/2963/2842 2964/2964/2843
f 2961/2961/2840 2964/2964/2843 2965/2965/2844
f 2961/2961/2840 2965/2965/2844 2962/2962/2841
f 2965/2965/2844 2966/2966/2845 2967/2967/2846
f 2965/2965/2844 2967/2967/2846 2962/2962/2841
f 2965/2965/2844 2964/2964/2843 2968/2968/2847
f 2965/2965/2844 2968/2968/2847 2969/2969/2848
f 2965/2965/2844 2969/2969/2848 2970/2970/2849
f 2965/2965/2844 2970/2970/2849 2966/2966/2845
f 2970/2970/2849 330/330/311 329/329/310
f 2970/2970/2849 329/329/310 2966/2966/2845
f 2970/2970/2849 2969/2969/2848 2971/2971/2850
f 2970/2970/2849 2971/2971/2850 2972/2972/2851
f 2970/2970/2849 2972/2972/2851 2973/2973/2852
f 2970/2970/2849 2973/2973/2852 330/330/311
f 2973/2973/2852 2974/2974/2853 331/331/312
f 2973/2973/2852 331/331/312 330/330/311
f 2973/2973/2852 2972/2972/2851 2975/2975/2854
f 2973/2973/2852 2975/2975/2854 2976/2976/2855
f 2973/2973/2852 2976/2976/2855 2977/2977/2856
f 2973/2973/2852 2977/2977/2856 2974/2974/2853
f 2977/2977/2856 2978/2978/2857 2979/2979/2858
f 2977/2977/2856 2979/2979/2858 2974/2974/2853
f 2977/2977/2856 2976/2976/2855 2980/2980/2859
f 2977/2977/2856 2980/2980/2859 2981/2981/2860
f 2977/2977/2856 2981/2981/2860 2653/2653/2542
f 2977/2977/2856 2653/2653/2542 2978/2978/2857
f 2981/2981/2860 2980/2980/2859 2982/2982/2861
f 2981/2981/2860 2982/2982/2861 2983/2983/2862
f 2981/2981/2860 2983/2983/2862 2654/2654/2543
f 2981/2981/2860 2654/2654/2543 2653/2653/2542
f 2983/2983/2862 2982/2982/2861 1912/1912/1837
f 2983/2983/2862 1912/1912/1837 1910/1910/1835
f 2983/2983/2862 1910/1910/1835 1909/1909/1834
f 2983/2983/2862 1909/1909/1834 2654/2654/2543
f 2982/2982/2861 2980/2980/2859 2984/2984/2863
f 2982/2982/2861 2984/2984/2863 2985/2985/2864
f 2982/2982/2861 2985/2985/2864 1914/1914/1839
f 2982/2982/2861 1914/1914/1839 1912/1912/1837
f 2985/2985/2864 2984/2984/2863 2986/2986/2865
f 2985/2985/2864 2986/2986/2865 1919/1919/1844
f 2985/2985/2864 1919/1919/1844 1916/1916/1841
f 2985/2985/2864 1916/1916/1841 1914/1914/1839
f 2986/2986/2865 2984/2984/2863 2975/2975/2854
f 2986/2986/2865 2975/2975/2854 2987/2987/2866
f 2986/2986/2865 2987/2987/2866 2988/2988/2867
f 2986/2986/2865 2988/2988/2867 2989/2989/2868
f 2986/2986/2865 2989/2989/2868 1920/1920/1845
f 2986/2986/2865 1920/1920/1845 1919/1919/1844
f 2989/2989/2868 2988/2988/2867 2990/2990/2869
f 2989/2989/2868 2990/2990/2869 2991/2991/2870
f 2989/2989/2868 2991/2991/2870 1921/1921/1846
f 2989/2989/2868 1921/1921/1846 1920/1920/1845
f 2991/2991/2870 2990/2990/2869 2992/2992/2871
f 2991/2991/2870 2992/2992/2871 2993/2993/2872
f 2991/2991/2870 2993/2993/2872 1923/1923/1848
f 2991/2991/2870 1923/1923/1848 1921/1921/1846
f 2993/2993/2872 2992/2992/2871 2994/2994/2873
f 2993/2993/2872 2994/2994/2873 2995/2995/2874
f 2993/2993/2872 2995/2995/2874 1925/1925/1850
f 2993/2993/2872 1925/1925/1850 1923/1923/1848
f 2995/2995/2874 2994/2994/2873 2996/2996/2875
f 2995/2995/2874 2996/2996/2875 2997/2997/2876
f 2995/2995/2874 2997/2997/2876 1927/1927/1852
f 2995/2995/2874 1927/1927/1852 1925/1925/1850
f 2998/2998/2877 2999/2999/2878 3000/3000/2879
f 2998/2998/2877 3000/3000/2879 3001/3001/2880
f 2998/2998/2877 3001/3001/2880 1931/1931/1855
f 2998/2998/2877 1931/1931/1855 1930/1930/1852
f 3002/3002/2881 3003/3003/2882 3004/3004/2883
f 3002/3002/2881 3004/3004/2883 3005/3005/2884
f 3002/3002/2881 3005/3005/2884 1940/1940/1861
f 3002/3002/2881 1940/1940/1861 3006/3006/1857
f 3005/3005/2884 3004/3004/2883 1948/1948/1867
f 3005/3005/2884 1948/1948/1867 1946/1946/1865
f 3005/3005/2884 1946/1946/1865 1941/1941/1862
f 3005/3005/2884 1941/1941/1862 1940/1940/1861
f 3004/3004/2883 3003/3003/2882 3007/3007/2885
f 3004/3004/2883 3007/3007/2885 3008/3008/2886
f 3004/3004/2883 3008/3008/2886 3009/3009/2887
f 3004/3004/2883 3009/3009/2887 1948/1948/1867
f 3009/3009/2887 3008/3008/2886 3010/3010/2888
f 3009/3009/2887 3010/3010/2888 3011/3011/2889
f 3009/3009/2887 3011/3011/2889 3012/3012/2890
f 3009/3009/2887 3012/3012/2890 1951/1951/1870
f 3009/3009/2887 1951/1951/1870 1949/1949/1868
f 3009/3009/2887 1949/1949/1868 1948/1948/1867
f 3012/3012/2890 3011/3011/2889 3013/3013/2891
f 3012/3012/2890 3013/3013/2891 3014/3014/2892
f 3012/3012/2890 3014/3014/2892 3015/3015/2893
f 3012/3012/2890 3015/3015/2893 1954/1954/1873
f 3012/3012/2890 1954/1954/1873 1952/1952/1871
f 3012/3012/2890 1952/1952/1871 1951/1951/1870
f 3015/3015/2893 3014/3014/2892 3016/3016/2894
f 3015/3015/2893 3016/3016/2894 3017/3017/2895
f 3015/3015/2893 3017/3017/2895 3018/3018/2896
f 3015/3015/2893 3018/3018/2896 3019/3019/2897
f 3015/3015/2893 3019/3019/2897 1955/1955/1874
f 3015/3015/2893 1955/1955/1874 1954/1954/1873
f 3019/3019/2897 3018/3018/2896 3020/3020/2898
f 3019/3019/2897 3020/3020/2898 3021/3021/2899
f 3019/3019/2897 3021/3021/2899 1956/1956/1875
f 3019/3019/2897 1956/1956/1875 1955/1955/1874
f 3021/3021/2899 3020/3020/2898 3022/3022/2900
f 3021/3021/2899 3022/3022/2900 3023/3023/2901
f 3021/3021/2899 3023/3023/2901 1958/1958/1877
f 3021/3021/2899 1958/1958/1877 1956/1956/1875
f 3023/3023/2901 3022/3022/2900 3024/3024/2902
f 3023/3023/2901 3024/3024/2902 3025/3025/2903
f 3023/3023/2901 3025/3025/2903 1960/1960/1879
f 3023/3023/2901 1960/1960/1879 1958/1958/1877
f 3025/3025/2903 3024/3024/2902 3026/3026/2904
f 3025/3025/2903 3026/3026/2904 3027/3027/2905
f 3025/3025/2903 3027/3027/2905 1962/1962/1881
f 3025/3025/2903 1962/1962/1881 1960/1960/1879
f 3027/3027/2905 3026/3026/2904 3028/3028/2906
f 3027/3027/2905 3028/3028/2906 3029/3029/2907
f 3027/3027/2905 3029/3029/2907 1964/1964/1883
f 3027/3027/2905 1964/1964/1883 1962/1962/1881
f 3029/3029/2907 3028/3028/2906 3030/3030/2908
f 3029/3029/2907 3030/3030/2908 3031/3031/2909
f 3029/3029/2907 3031/3031/2909 3032/3032/2910
f 3029/3029/2907 3032/3032/2910 1964/1964/1883
f 3032/3032/2910 3031/3031/2909 3033/3033/2911
f 3032/3032/2910 3033/3033/2911 3034/3034/2912
f 3032/3032/2910 3034/3034/2912 3035/3035/2913
f 3032/3032/2910 3035/3035/2913 1967/1967/1886
f 3032/3032/2910 1967/1967/1886 1965/1965/1884
f 3032/3032/2910 1965/1965/1884 1964/1964/1883
f 3035/3035/2913 3034/3034/2912 3036/3036/2914
f 3035/3035/2913 3036/3036/2914 3037/3037/2915
f 3035/3035/2913 3037/3037/2915 3038/3038/2916
f 3035/3035/2913 3038/3038/2916 1970/1970/1889
f 3035/3035/2913 1970/1970/1889 1968/1968/1887
f 3035/3035/2913 1968/1968/1887 1967/1967/1886
f 3038/3038/2916 3037/3037/2915 3039/3039/2917
f 3038/3038/2916 3039/3039/2917 3040/3040/2918
f 3038/3038/2916 3040/3040/2918 3041/3041/2919
f 3038/3038/2916 3041/3041/2919 3042/3042/2920
f 3038/3038/2916 3042/3042/2920 1971/1971/1890
f 3038/3038/2916 1971/1971/1890 1970/1970/1889
f 3042/3042/2920 3041/3041/2919 3043/3043/2921
f 3042/3042/2920 3043/3043/2921 3044/3044/2922
f 3042/3042/2920 3044/3044/2922 1972/1972/1891
f 3042/3042/2920 1972/1972/1891 1971/1971/1890
f 3044/3044/2922 3043/3043/2921 3045/3045/2923
f 3044/3044/2922 3045/3045/2923 3046/3046/2924
f 3044/3044/2922 3046/3046/2924 1974/1974/1893
f 3044/3044/2922 1974/1974/1893 1972/1972/1891
f 3046/3046/2924 3045/3045/2923 3047/3047/2925
f 3046/3046/2924 3047/3047/2925 3048/3048/2926
f 3046/3046/2924 3048/3048/2926 1976/1976/1895
f 3046/3046/2924 1976/1976/1895 1974/1974/1893
f 3048/3048/2926 3047/3047/2925 3049/3049/2927
f 3048/3048/2926 3049/3049/2927 3050/3050/2928
f 3048/3048/2926 3050/3050/2928 1978/1978/1897
f 3048/3048/2926 1978/1978/1897 1976/1976/1895
f 3050/3050/2928 3049/3049/2927 3051/3051/2929
f 3050/3050/2928 3051/3051/2929 3052/3052/2930
f 3050/3050/2928 3052/3052/2930 1980/1980/1899
f 3050/3050/2928 1980/1980/1899 1978/1978/1897
f 3052/3052/2930 3051/3051/2929 3053/3053/2931
f 3052/3052/2930 3053/3053/2931 3054/3054/2932
f 3052/3052/2930 3054/3054/2932 3055/3055/2933
f 3052/3052/2930 3055/3055/2933 1980/1980/1899
f 3055/3055/2933 1983/1983/1902 1981/1981/1900
f 3055/3055/2933 1981/1981/1900 1980/1980/1899
f 3055/3055/2933 3054/3054/2932 3056/3056/2934
f 3055/3055/2933 3056/3056/2934 3057/3057/2935
f 3055/3055/2933 3057/3057/2935 3058/3058/2936
f 3055/3055/2933 3058/3058/2936 1983/1983/1902
f 3058/3058/2936 1986/1986/1905 1984/1984/1903
f 3058/3058/2936 1984/1984/1903 1983/1983/1902
f 3058/3058/2936 3057/3057/2935 3059/3059/2937
f 3058/3058/2936 3059/3059/2937 3060/3060/2938
f 3058/3058/2936 3060/3060/2938 3061/3061/2939
f 3058/3058/2936 3061/3061/2939 1986/1986/1905
f 3061/3061/2939 1989/1989/1908 1987/1987/1906
f 3061/3061/2939 1987/1987/1906 1986/1986/1905
f 3061/3061/2939 3060/3060/2938 3062/3062/2940
f 3061/3061/2939 3062/3062/2940 3063/3063/2941
f 3061/3061/2939 3063/3063/2941 3064/3064/2942
f 3061/3061/2939 3064/3064/2942 1989/1989/1908
f 3064/3064/2942 1992/1992/1911 1990/1990/1909
f 3064/3064/2942 1990/1990/1909 1989/1989/1908
f 3064/3064/2942 3063/3063/2941 3065/3065/2943
f 3064/3064/2942 3065/3065/2943 3066/3066/2944
f 3064/3064/2942 3066/3066/2944 3067/3067/2945
f 3064/3064/2942 3067/3067/2945 1992/1992/1911
f 3067/3067/2945 1995/1995/1914 1993/1993/1912
f 3067/3067/2945 1993/1993/1912 1992/1992/1911
f 3067/3067/2945 3066/3066/2944 3068/3068/2946
f 3067/3067/2945 3068/3068/2946 3069/3069/2947
f 3067/3067/2945 3069/3069/2947 3070/3070/2948
f 3067/3067/2945 3070/3070/2948 1995/1995/1914
f 3070/3070/2948 1998/1998/1917 1996/1996/1915
f 3070/3070/2948 1996/1996/1915 1995/1995/1914
f 3070/3070/2948 3069/3069/2947 3071/3071/2949
f 3070/3070/2948 3071/3071/2949 3072/3072/2950
f 3070/3070/2948 3072/3072/2950 3073/3073/2951
f 3070/3070/2948 3073/3073/2951 1998/1998/1917
f 3073/3073/2951 2001/2001/1920 1999/1999/1918
f 3073/3073/2951 1999/1999/1918 1998/1998/1917
f 3073/3073/2951 3072/3072/2950 3074/3074/2952
f 3073/3073/2951 3074/3074/2952 3075/3075/2953
f 3073/3073/2951 3075/3075/2953 3076/3076/2954
f 3073/3073/2951 3076/3076/2954 2001/2001/1920
f 3076/3076/2954 2004/2004/1923 2002/2002/1921
f 3076/3076/2954 2002/2002/1921 2001/2001/1920
f 3076/3076/2954 3075/3075/2953 3077/3077/2955
f 3076/3076/2954 3077/3077/2955 3078/3078/2956
f 3076/3076/2954 3078/3078/2956 3079/3079/2957
f 3076/3076/2954 3079/3079/2957 2004/2004/1923
f 3079/3079/2957 2007/2007/1926 2005/2005/1924
f 3079/3079/2957 2005/2005/1924 2004/2004/1923
f 3079/3079/2957 3078/3078/2956 3080/3080/2958
f 3079/3079/2957 3080/3080/2958 3081/3081/2959
f 3079/3079/2957 3081/3081/2959 3082/3082/2960
f 3079/3079/2957 3082/3082/2960 2007/2007/1926
f 3082/3082/2960 2010/2010/1929 2008/2008/1927
f 3082/3082/2960 2008/2008/1927 2007/2007/1926
f 3082/3082/2960 3081/3081/2959 3083/3083/2961
f 3082/3082/2960 3083/3083/2961 3084/3084/2962
f 3082/3082/2960 3084/3084/2962 3085/3085/2963
f 3082/3082/2960 3085/3085/2963 2010/2010/1929
f 3085/3085/2963 2013/2013/1932 2011/2011/1930
f 3085/3085/2963 2011/2011/1930 2010/2010/1929
f 3086/3086/2964 3087/3087/2965 3088/3088/2966
f 3086/3086/2964 3088/3088/2966 3089/3089/2967
f 3090/3090/2968 3091/3091/2969 3092/3092/2970
f 3090/3090/2968 3092/3092/2970 3093/3093/2971
f 3092/3092/2970 2018/2018/1935 2017/2017/1933
f 3092/3092/2970 2017/2017/1933 3093/3093/2971
f 3092/3092/2970 3091/3091/2969 3094/3094/2972
f 3092/3092/2970 3094/3094/2972 3095/3095/2973
f 3092/3092/2970 3095/3095/2973 2020/2020/1937
f 3092/3092/2970 2020/2020/1937 2018/2018/1935
f 3095/3095/2973 3094/3094/2972 3096/3096/2974
f 3095/3095/2973 3096/3096/2974 3097/3097/2975
f 3095/3095/2973 3097/3097/2975 3098/3098/2976
f 3095/3095/2973 3098/3098/2976 2020/2020/1937
f 3098/3098/2976 2023/2023/1940 2021/2021/1938
f 3098/3098/2976 2021/2021/1938 2020/2020/1937
f 3098/3098/2976 3097/3097/2975 3099/3099/2977
f 3098/3098/2976 3099/3099/2977 3100/3100/2978
f 3098/3098/2976 3100/3100/2978 3101/3101/2979
f 3098/3098/2976 3101/3101/2979 2023/2023/1940
f 3101/3101/2979 2026/2026/1943 2024/2024/1941
f 3101/3101/2979 2024/2024/1941 2023/2023/1940
f 3101/3101/2979 3100/3100/2978 3102/3102/2980
f 3101/3101/2979 3102/3102/2980 3103/3103/2981
f 3101/3101/2979 3103/3103/2981 3104/3104/2982
f 3101/3101/2979 3104/3104/2982 2026/2026/1943
f 3104/3104/2982 2029/2029/1946 2027/2027/1944
f 3104/3104/2982 2027/2027/1944 2026/2026/1943
f 3104/3104/2982 3103/3103/2981 3105/3105/2983
f 3104/3104/2982 3105/3105/2983 3106/3106/2984
f 3104/3104/2982 3106/3106/2984 3107/3107/2985
f 3104/3104/2982 3107/3107/2985 2029/2029/1946
f 3107/3107/2985 2032/2032/1949 2030/2030/1947
f 3107/3107/2985 2030/2030/1947 2029/2029/1946
f 3107/3107/2985 3106/3106/2984 3108/3108/2986
f 3107/3107/2985 3108/3108/2986 3109/3109/2987
f 3107/3107/2985 3109/3109/2987 3110/3110/2988
f 3107/3107/2985 3110/3110/2988 2032/2032/1949
f 3110/3110/2988 2035/2035/1952 2033/2033/1950
f 3110/3110/2988 2033/2033/1950 2032/2032/1949
f 3110/3110/2988 3109/3109/2987 3111/3111/2989
f 3110/3110/2988 3111/3111/2989 3112/3112/2990
f 3110/3110/2988 3112/3112/2990 3113/3113/2991
f 3110/3110/2988 3113/3113/2991 2035/2035/1952
f 3113/3113/2991 2038/2038/1955 2036/2036/1953
f 3113/3113/2991 2036/2036/1953 2035/2035/1952
f 3113/3113/2991 3112/3112/2990 3114/3114/2992
f 3113/3113/2991 3114/3114/2992 3115/3115/2993
f 3113/3113/2991 3115/3115/2993 3116/3116/2994
f 3113/3113/2991 3116/3116/2994 2038/2038/1955
f 3116/3116/2994 2041/2041/1958 2039/2039/1956
f 3116/3116/2994 2039/2039/1956 2038/2038/1955
f 3116/3116/2994 3115/3115/2993 3117/3117/2995
f 3116/3116/2994 3117/3117/2995 3118/3118/2996
f 3116/3116/2994 3118/3118/2996 3119/3119/2997
f 3116/3116/2994 3119/3119/2997 2041/2041/1958
f 3119/3119/2997 2044/2044/1961 2042/2042/1959
f 3119/3119/2997 2042/2042/1959 2041/2041/1958
f 3119/3119/2997 3118/3118/2996 3120/3120/2998
f 3119/3119/2997 3120/3120/2998 3121/3121/2999
f 3119/3119/2997 3121/3121/2999 3122/3122/3000
f 3119/3119/2997 3122/3122/3000 2044/2044/1961
f 3122/3122/3000 2047/2047/1964 2045/2045/1962
f 3122/3122/3000 2045/2045/1962 2044/2044/1961
f 3122/3122/3000 3121/3121/2999 3123/3123/3001
f 3122/3122/3000 3123/3123/3001 3124/3124/3002
f 3122/3122/3000 3124/3124/3002 3125/3125/3003
f 3122/3122/3000 3125/3125/3003 2047/2047/1964
f 3125/3125/3003 2050/2050/1967 2048/2048/1965
f 3125/3125/3003 2048/2048/1965 2047/2047/1964
f 3125/3125/3003 3124/3124/3002 2072/2072/1989
f 3125/3125/3003 2072/2072/1989 2070/2070/1987
f 3125/3125/3003 2070/2070/1987 2068/2068/1985
f 3125/3125/3003 2068/2068/1985 2050/2050/1967
f 3124/3124/3002 3123/3123/3001 2074/2074/1991
f 3124/3124/3002 2074/2074/1991 2072/2072/1989
f 3123/3123/3001 3121/3121/2999 3120/3120/2998
f 3123/3123/3001 3120/3120/2998 3126/3126/3004
f 3123/3123/3001 3126/3126/3004 2076/2076/1993
f 3123/3123/3001 2076/2076/1993 2074/2074/1991
f 3126/3126/3004 3120/3120/2998 3127/3127/3005
f 3126/3126/3004 3127/3127/3005 3128/3128/3006
f 3126/3126/3004 3128/3128/3006 3129/3129/3007
f 3126/3126/3004 3129/3129/3007 2076/2076/1993
f 3129/3129/3007 3128/3128/3006 3130/3130/3008
f 3129/3129/3007 3130/3130/3008 3131/3131/3009
f 3129/3129/3007 3131/3131/3009 3132/3132/3010
f 3129/3129/3007 3132/3132/3010 2079/2079/1996
f 3129/3129/3007 2079/2079/1996 2077/2077/1994
f 3129/3129/3007 2077/2077/1994 2076/2076/1993
f 3132/3132/3010 3131/3131/3009 3133/3133/3011
f 3132/3132/3010 3133/3133/3011 3134/3134/3012
f 3132/3132/3010 3134/3134/3012 2084/2084/2001
f 3132/3132/3010 2084/2084/2001 2082/2082/1999
f 3132/3132/3010 2082/2082/1999 2080/2080/1997
f 3132/3132/3010 2080/2080/1997 2079/2079/1996
f 3134/3134/3012 3133/3133/3011 2095/2095/2012
f 3134/3134/3012 2095/2095/2012 2093/2093/2010
f 3134/3134/3012 2093/2093/2010 2091/2091/2008
f 3134/3134/3012 2091/2091/2008 2084/2084/2001
f 3133/3133/3011 3131/3131/3009 3130/3130/3008
f 3133/3133/3011 3130/3130/3008 3135/3135/3013
f 3133/3133/3011 3135/3135/3013 3136/3136/3014
f 3133/3133/3011 3136/3136/3014 2095/2095/2012
f 3136/3136/3014 3135/3135/3013 3137/3137/3015
f 3136/3136/3014 3137/3137/3015 3138/3138/3016
f 3136/3136/3014 3138/3138/3016 3139/3139/3017
f 3136/3136/3014 3139/3139/3017 2098/2098/2015
f 3136/3136/3014 2098/2098/2015 2096/2096/2013
f 3136/3136/3014 2096/2096/2013 2095/2095/2012
f 3139/3139/3017 3138/3138/3016 3140/3140/3018
f 3139/3139/3017 3140/3140/3018 3141/3141/3019
f 3139/3139/3017 3141/3141/3019 3142/3142/3020
f 3139/3139/3017 3142/3142/3020 2101/2101/2018
f 3139/3139/3017 2101/2101/2018 2099/2099/2016
f 3139/3139/3017 2099/2099/2016 2098/2098/2015
f 3142/3142/3020 3141/3141/3019 3143/3143/3021
f 3142/3142/3020 3143/3143/3021 3144/3144/3022
f 3142/3142/3020 3144/3144/3022 3145/3145/3023
f 3142/3142/3020 3145/3145/3023 2105/2105/2022
f 3142/3142/3020 2105/2105/2022 2102/2102/2019
f 3142/3142/3020 2102/2102/2019 2101/2101/2018
f 3145/3145/3023 3144/3144/3022 3146/3146/3024
f 3145/3145/3023 3146/3146/3024 3147/3147/3025
f 3145/3145/3023 3147/3147/3025 3148/3148/3026
f 3145/3145/3023 3148/3148/3026 3149/3149/3027
f 3145/3145/3023 3149/3149/3027 2106/2106/2023
f 3145/3145/3023 2106/2106/2023 2105/2105/2022
f 3148/3148/3026 3147/3147/3025 3150/3150/3028
f 3148/3148/3026 3150/3150/3028 3151/3151/3029
f 3152/3152/3030 3153/3153/3031 3154/3154/3032
f 3152/3152/3030 3154/3154/3032 2113/2113/2029
f 3152/3152/3030 2113/2113/2029 2111/2111/2027
f 3152/3152/3030 2111/2111/2027 2110/2110/2026
f 3154/3154/3032 3153/3153/3031 3155/3155/3033
f 3154/3154/3032 3155/3155/3033 3156/3156/3034
f 3154/3154/3032 3156/3156/3034 3157/3157/3035
f 3154/3154/3032 3157/3157/3035 2116/2116/2032
f 3154/3154/3032 2116/2116/2032 2114/2114/2030
f 3154/3154/3032 2114/2114/2030 2113/2113/2029
f 3157/3157/3035 3156/3156/3034 3158/3158/3036
f 3157/3157/3035 3158/3158/3036 3159/3159/3037
f 3157/3157/3035 3159/3159/3037 3160/3160/3038
f 3157/3157/3035 3160/3160/3038 2119/2119/2035
f 3157/3157/3035 2119/2119/2035 2117/2117/2033
f 3157/3157/3035 2117/2117/2033 2116/2116/2032
f 3160/3160/3038 3159/3159/3037 3161/3161/3039
f 3160/3160/3038 3161/3161/3039 3162/3162/3040
f 3160/3160/3038 3162/3162/3040 3163/3163/3041
f 3160/3160/3038 3163/3163/3041 2122/2122/2038
f 3160/3160/3038 2122/2122/2038 2120/2120/2036
f 3160/3160/3038 2120/2120/2036 2119/2119/2035
f 3163/3163/3041 3162/3162/3040 3164/3164/3042
f 3163/3163/3041 3164/3164/3042 3165/3165/3043
f 3163/3163/3041 3165/3165/3043 3166/3166/3044
f 3163/3163/3041 3166/3166/3044 2125/2125/2041
f 3163/3163/3041 2125/2125/2041 2123/2123/2039
f 3163/3163/3041 2123/2123/2039 2122/2122/2038
f 3166/3166/3044 3165/3165/3043 3167/3167/3045
f 3166/3166/3044 3167/3167/3045 3168/3168/3046
f 3166/3166/3044 3168/3168/3046 3169/3169/3047
f 3166/3166/3044 3169/3169/3047 2128/2128/2044
f 3166/3166/3044 2128/2128/2044 2126/2126/2042
f 3166/3166/3044 2126/2126/2042 2125/2125/2041
f 3169/3169/3047 3168/3168/3046 3170/3170/3048
f 3169/3169/3047 3170/3170/3048 3171/3171/3049
f 3169/3169/3047 3171/3171/3049 3172/3172/3050
f 3169/3169/3047 3172/3172/3050 2131/2131/2047
f 3169/3169/3047 2131/2131/2047 2129/2129/2045
f 3169/3169/3047 2129/2129/2045 2128/2128/2044
f 3172/3172/3050 3171/3171/3049 3173/3173/3051
f 3172/3172/3050 3173/3173/3051 3174/3174/3052
f 3172/3172/3050 3174/3174/3052 3175/3175/3053
f 3172/3172/3050 3175/3175/3053 2134/2134/2050
f 3172/3172/3050 2134/2134/2050 2132/2132/2048
f 3172/3172/3050 2132/2132/2048 2131/2131/2047
f 3176/3176/3053 3177/3177/3054 3178/3178/3055
f 3176/3176/3053 3178/3178/3055 3179/3179/3056
f 3176/3176/3053 3179/3179/3056 3180/3180/3057
f 3176/3176/3053 3180/3180/3057 3181/3181/3058
f 3175/3175/3053 2137/2137/2053 2135/2135/2051
f 3175/3175/3053 2135/2135/2051 2134/2134/2050
f 3180/3180/3057 3179/3179/3056 118/118/110
f 3180/3180/3057 118/118/110 117/117/109
f 3180/3180/3057 117/117/109 2144/2144/2058
f 3180/3180/3057 2144/2144/2058 2142/2142/2056
f 3180/3180/3057 2142/2142/2056 2141/2141/2054
f 3180/3180/3057 2141/2141/2054 3181/3181/3058
f 3179/3179/3056 3178/3178/3055 3182/3182/3059
f 3179/3179/3056 3182/3182/3059 118/118/110
f 3182/3182/3059 3183/3183/3060 3184/3184/3061
f 3182/3182/3059 3184/3184/3061 3185/3185/3062
f 3182/3182/3059 3185/3185/3062 121/121/113
f 3182/3182/3059 121/121/113 118/118/110
f 3182/3182/3059 3178/3178/3055 3186/3186/3063
f 3182/3182/3059 3186/3186/3063 3183/3183/3060
f 3186/3186/3063 3187/3187/3064 3188/3188/3065
f 3186/3186/3063 3188/3188/3065 3183/3183/3060
f 3186/3186/3063 3178/3178/3055 3177/3177/3054
f 3186/3186/3063 3177/3177/3054 3189/3189/3051
f 3186/3186/3063 3189/3189/3051 3190/3190/3066
f 3186/3186/3063 3190/3190/3066 3187/3187/3064
f 3190/3190/3066 3191/3191/3067 3192/3192/3068
f 3190/3190/3066 3192/3192/3068 3187/3187/3064
f 3193/3193/3069 3173/3173/3051 3171/3171/3049
f 3193/3193/3069 3171/3171/3049 3170/3170/3048
f 3193/3193/3069 3170/3170/3048 3194/3194/3070
f 3193/3193/3069 3194/3194/3070 3195/3195/3071
f 3194/3194/3070 3196/3196/3072 3197/3197/3073
f 3194/3194/3070 3197/3197/3073 3195/3195/3071
f 3194/3194/3070 3170/3170/3048 3168/3168/3046
f 3194/3194/3070 3168/3168/3046 3167/3167/3045
f 3194/3194/3070 3167/3167/3045 3198/3198/3074
f 3194/3194/3070 3198/3198/3074 3196/3196/3072
f 3198/3198/3074 3199/3199/3075 3200/3200/3076
f 3198/3198/3074 3200/3200/3076 3196/3196/3072
f 3198/3198/3074 3167/3167/3045 3165/3165/3043
f 3198/3198/3074 3165/3165/3043 3164/3164/3042
f 3198/3198/3074 3164/3164/3042 3201/3201/3077
f 3198/3198/3074 3201/3201/3077 3199/3199/3075
f 3201/3201/3077 3202/3202/3078 3203/3203/3079
f 3201/3201/3077 3203/3203/3079 3199/3199/3075
f 3201/3201/3077 3164/3164/3042 3162/3162/3040
f 3201/3201/3077 3162/3162/3040 3161/3161/3039
f 3201/3201/3077 3161/3161/3039 3204/3204/3080
f 3201/3201/3077 3204/3204/3080 3202/3202/3078
f 3204/3204/3080 3205/3205/3081 3206/3206/2974
f 3204/3204/3080 3206/3206/2974 3202/3202/3078
f 3204/3204/3080 3161/3161/3039 3159/3159/3037
f 3204/3204/3080 3159/3159/3037 3158/3158/3036
f 3204/3204/3080 3158/3158/3036 3207/3207/3082
f 3204/3204/3080 3207/3207/3082 3205/3205/3081
f 3208/3208/3083 3209/3209/3084 3099/3099/2977
f 3208/3208/3083 3099/3099/2977 3210/3210/3081
f 3207/3207/3082 3158/3158/3036 3156/3156/3034
f 3207/3207/3082 3156/3156/3034 3155/3155/3033
f 3208/3208/3083 3211/3211/3033 3212/3212/3085
f 3208/3208/3083 3212/3212/3085 3209/3209/3084
f 3212/3212/3085 3213/3213/3086 3102/3102/2980
f 3212/3212/3085 3102/3102/2980 3209/3209/3084
f 3212/3212/3085 3211/3211/3033 3151/3151/3029
f 3212/3212/3085 3151/3151/3029 3150/3150/3028
f 3212/3212/3085 3150/3150/3028 3214/3214/3087
f 3212/3212/3085 3214/3214/3087 3213/3213/3086
f 3214/3214/3087 3215/3215/3088 3105/3105/2983
f 3214/3214/3087 3105/3105/2983 3213/3213/3086
f 3214/3214/3087 3150/3150/3028 3147/3147/3025
f 3214/3214/3087 3147/3147/3025 3146/3146/3024
f 3214/3214/3087 3146/3146/3024 3216/3216/3089
f 3214/3214/3087 3216/3216/3089 3215/3215/3088
f 3216/3216/3089 3217/3217/3090 3108/3108/2986
f 3216/3216/3089 3108/3108/2986 3215/3215/3088
f 3216/3216/3089 3146/3146/3024 3144/3144/3022
f 3216/3216/3089 3144/3144/3022 3143/3143/3021
f 3216/3216/3089 3143/3143/3021 3218/3218/3091
f 3216/3216/3089 3218/3218/3091 3217/3217/3090
f 3218/3218/3091 3219/3219/3092 3111/3111/2989
f 3218/3218/3091 3111/3111/2989 3217/3217/3090
f 3218/3218/3091 3143/3143/3021 3141/3141/3019
f 3218/3218/3091 3141/3141/3019 3140/3140/3018
f 3218/3218/3091 3140/3140/3018 3220/3220/3093
f 3218/3218/3091 3220/3220/3093 3219/3219/3092
f 3220/3220/3093 3221/3221/3094 3114/3114/2992
f 3220/3220/3093 3114/3114/2992 3219/3219/3092
f 3220/3220/3093 3140/3140/3018 3138/3138/3016
f 3220/3220/3093 3138/3138/3016 3137/3137/3015
f 3220/3220/3093 3137/3137/3015 3222/3222/3095
f 3220/3220/3093 3222/3222/3095 3221/3221/3094
f 3222/3222/3095 3127/3127/3005 3117/3117/2995
f 3222/3222/3095 3117/3117/2995 3221/3221/3094
f 3222/3222/3095 3137/3137/3015 3135/3135/3013
f 3222/3222/3095 3135/3135/3013 3130/3130/3008
f 3222/3222/3095 3130/3130/3008 3128/3128/3006
f 3222/3222/3095 3128/3128/3006 3127/3127/3005
f 3221/3221/3094 3117/3117/2995 3115/3115/2993
f 3221/3221/3094 3115/3115/2993 3114/3114/2992
f 3219/3219/3092 3114/3114/2992 3112/3112/2990
f 3219/3219/3092 3112/3112/2990 3111/3111/2989
f 3217/3217/3090 3111/3111/2989 3109/3109/2987
f 3217/3217/3090 3109/3109/2987 3108/3108/2986
f 3215/3215/3088 3108/3108/2986 3106/3106/2984
f 3215/3215/3088 3106/3106/2984 3105/3105/2983
f 3213/3213/3086 3105/3105/2983 3103/3103/2981
f 3213/3213/3086 3103/3103/2981 3102/3102/2980
f 3209/3209/3084 3102/3102/2980 3100/3100/2978
f 3209/3209/3084 3100/3100/2978 3099/3099/2977
f 3210/3210/3081 3099/3099/2977 3097/3097/2975
f 3210/3210/3081 3097/3097/2975 3096/3096/2974
f 3203/3203/3079 3223/3223/3096 3089/3089/2967
f 3203/3203/3079 3089/3089/2967 3088/3088/2966
f 3203/3203/3079 3088/3088/2966 3200/3200/3076
f 3203/3203/3079 3200/3200/3076 3199/3199/3075
f 3203/3203/3079 3202/3202/3078 3206/3206/2974
f 3203/3203/3079 3206/3206/2974 3223/3223/3096
f 3200/3200/3076 3088/3088/2966 3087/3087/2965
f 3200/3200/3076 3087/3087/2965 3224/3224/2961
f 3200/3200/3076 3224/3224/2961 3197/3197/3073
f 3200/3200/3076 3197/3197/3073 3196/3196/3072
f 3225/3225/3073 3083/3083/2961 3081/3081/2959
f 3225/3225/3073 3081/3081/2959 3080/3080/2958
f 3225/3225/3073 3080/3080/2958 3192/3192/3068
f 3225/3225/3073 3192/3192/3068 3191/3191/3067
f 3192/3192/3068 3080/3080/2958 3078/3078/2956
f 3192/3192/3068 3078/3078/2956 3077/3077/2955
f 3192/3192/3068 3077/3077/2955 3188/3188/3065
f 3192/3192/3068 3188/3188/3065 3187/3187/3064
f 3188/3188/3065 3077/3077/2955 3075/3075/2953
f 3188/3188/3065 3075/3075/2953 3074/3074/2952
f 3188/3188/3065 3074/3074/2952 3184/3184/3061
f 3188/3188/3065 3184/3184/3061 3183/3183/3060
f 3185/3185/3062 3184/3184/3061 3071/3071/2949
f 3185/3185/3062 3071/3071/2949 3226/3226/3097
f 3185/3185/3062 3226/3226/3097 3227/3227/3098
f 3185/3185/3062 3227/3227/3098 121/121/113
f 3227/3227/3098 3226/3226/3097 3068/3068/2946
f 3227/3227/3098 3068/3068/2946 3228/3228/3099
f 3227/3227/3098 3228/3228/3099 2865/2865/2746
f 3227/3227/3098 2865/2865/2746 2864/2864/2745
f 3227/3227/3098 2864/2864/2745 119/119/111
f 3227/3227/3098 119/119/111 121/121/113
f 3228/3228/3099 3068/3068/2946 3066/3066/2944
f 3228/3228/3099 3066/3066/2944 3065/3065/2943
f 3228/3228/3099 3065/3065/2943 2868/2868/2749
f 3228/3228/3099 2868/2868/2749 2865/2865/2746
f 3226/3226/3097 3071/3071/2949 3069/3069/2947
f 3226/3226/3097 3069/3069/2947 3068/3068/2946
f 3184/3184/3061 3074/3074/2952 3072/3072/2950
f 3184/3184/3061 3072/3072/2950 3071/3071/2949
f 3127/3127/3005 3120/3120/2998 3118/3118/2996
f 3127/3127/3005 3118/3118/2996 3117/3117/2995
f 3065/3065/2943 3063/3063/2941 3062/3062/2940
f 3065/3065/2943 3062/3062/2940 2868/2868/2749
f 3062/3062/2940 3060/3060/2938 3059/3059/2937
f 3062/3062/2940 3059/3059/2937 2871/2871/2752
f 3062/3062/2940 2871/2871/2752 2869/2869/2750
f 3062/3062/2940 2869/2869/2750 2868/2868/2749
f 3059/3059/2937 3057/3057/2935 3056/3056/2934
f 3059/3059/2937 3056/3056/2934 3229/3229/2755
f 3059/3059/2937 3229/3229/2755 2872/2872/2753
f 3059/3059/2937 2872/2872/2753 2871/2871/2752
f 3056/3056/2934 3054/3054/2932 3053/3053/2931
f 3056/3056/2934 3053/3053/2931 3230/3230/3100
f 3231/3231/2934 3232/3232/3100 2877/2877/2756
f 3231/3231/2934 2877/2877/2756 2876/2876/2755
f 3233/3233/3100 3234/3234/3101 3235/3235/3102
f 3233/3233/3100 3235/3235/3102 3236/3236/3103
f 3237/3237/3100 3236/3236/3103 2878/2878/2757
f 3237/3237/3100 2878/2878/2757 2877/2877/2756
f 3236/3236/3103 3235/3235/3102 3238/3238/3104
f 3236/3236/3103 3238/3238/3104 3239/3239/3105
f 3236/3236/3103 3239/3239/3105 2880/2880/2759
f 3236/3236/3103 2880/2880/2759 2878/2878/2757
f 3239/3239/3105 3238/3238/3104 3240/3240/3106
f 3239/3239/3105 3240/3240/3106 3241/3241/3107
f 3239/3239/3105 3241/3241/3107 2882/2882/2761
f 3239/3239/3105 2882/2882/2761 2880/2880/2759
f 3241/3241/3107 3240/3240/3106 3242/3242/3108
f 3241/3241/3107 3242/3242/3108 3243/3243/3109
f 3241/3241/3107 3243/3243/3109 2884/2884/2763
f 3241/3241/3107 2884/2884/2763 2882/2882/2761
f 3243/3243/3109 3242/3242/3108 3244/3244/3110
f 3243/3243/3109 3244/3244/3110 3245/3245/3111
f 3243/3243/3109 3245/3245/3111 2886/2886/2765
f 3243/3243/3109 2886/2886/2765 2884/2884/2763
f 3245/3245/3111 3244/3244/3110 3246/3246/3112
f 3245/3245/3111 3246/3246/3112 2891/2891/2770
f 3245/3245/3111 2891/2891/2770 2888/2888/2767
f 3245/3245/3111 2888/2888/2767 2886/2886/2765
f 3246/3246/3112 3244/3244/3110 3247/3247/3113
f 3246/3246/3112 3247/3247/3113 3248/3248/3114
f 3246/3246/3112 3248/3248/3114 3249/3249/3115
f 3246/3246/3112 3249/3249/3115 2894/2894/2773
f 3246/3246/3112 2894/2894/2773 2892/2892/2771
f 3246/3246/3112 2892/2892/2771 2891/2891/2770
f 3249/3249/3115 3248/3248/3114 3250/3250/3116
f 3249/3249/3115 3250/3250/3116 3251/3251/3117
f 3249/3249/3115 3251/3251/3117 3252/3252/3118
f 3249/3249/3115 3252/3252/3118 3253/3253/3119
f 3249/3249/3115 3253/3253/3119 2895/2895/2774
f 3249/3249/3115 2895/2895/2774 2894/2894/2773
f 3253/3253/3119 3252/3252/3118 3254/3254/3120
f 3253/3253/3119 3254/3254/3120 3255/3255/3121
f 3253/3253/3119 3255/3255/3121 2896/2896/2775
f 3253/3253/3119 2896/2896/2775 2895/2895/2774
f 3255/3255/3121 3254/3254/3120 3256/3256/3122
f 3255/3255/3121 3256/3256/3122 3257/3257/3123
f 3255/3255/3121 3257/3257/3123 2898/2898/2777
f 3255/3255/3121 2898/2898/2777 2896/2896/2775
f 3257/3257/3123 3256/3256/3122 3258/3258/3124
f 3257/3257/3123 3258/3258/3124 3259/3259/3125
f 3257/3257/3123 3259/3259/3125 2900/2900/2779
f 3257/3257/3123 2900/2900/2779 2898/2898/2777
f 3259/3259/3125 3258/3258/3124 3260/3260/3126
f 3259/3259/3125 3260/3260/3126 2905/2905/2784
f 3259/3259/3125 2905/2905/2784 2902/2902/2781
f 3259/3259/3125 2902/2902/2781 2900/2900/2779
f 3260/3260/3126 3258/3258/3124 3261/3261/3127
f 3260/3260/3126 3261/3261/3127 3262/3262/3128
f 3260/3260/3126 3262/3262/3128 3263/3263/3129
f 3260/3260/3126 3263/3263/3129 2908/2908/2787
f 3260/3260/3126 2908/2908/2787 2906/2906/2785
f 3260/3260/3126 2906/2906/2785 2905/2905/2784
f 3263/3263/3129 3262/3262/3128 3264/3264/3130
f 3263/3263/3129 3264/3264/3130 3265/3265/3131
f 3263/3263/3129 3265/3265/3131 3266/3266/3132
f 3263/3263/3129 3266/3266/3132 2911/2911/2790
f 3263/3263/3129 2911/2911/2790 2909/2909/2788
f 3263/3263/3129 2909/2909/2788 2908/2908/2787
f 3266/3266/3132 3265/3265/3131 3267/3267/3133
f 3266/3266/3132 3267/3267/3133 3268/3268/3134
f 3266/3266/3132 3268/3268/3134 3269/3269/3135
f 3266/3266/3132 3269/3269/3135 2914/2914/2793
f 3266/3266/3132 2914/2914/2793 2912/2912/2791
f 3266/3266/3132 2912/2912/2791 2911/2911/2790
f 3269/3269/3135 3268/3268/3134 3270/3270/3136
f 3269/3269/3135 3270/3270/3136 3271/3271/3137
f 3269/3269/3135 3271/3271/3137 3272/3272/3138
f 3269/3269/3135 3272/3272/3138 2917/2917/2796
f 3269/3269/3135 2917/2917/2796 2915/2915/2794
f 3269/3269/3135 2915/2915/2794 2914/2914/2793
f 3272/3272/3138 3271/3271/3137 3273/3273/3139
f 3272/3272/3138 3273/3273/3139 3274/3274/3140
f 3272/3272/3138 3274/3274/3140 3275/3275/3141
f 3272/3272/3138 3275/3275/3141 2920/2920/2799
f 3272/3272/3138 2920/2920/2799 2918/2918/2797
f 3272/3272/3138 2918/2918/2797 2917/2917/2796
f 3275/3275/3141 3274/3274/3140 3276/3276/3142
f 3275/3275/3141 3276/3276/3142 3277/3277/3143
f 3275/3275/3141 3277/3277/3143 3278/3278/3144
f 3275/3275/3141 3278/3278/3144 2923/2923/2802
f 3275/3275/3141 2923/2923/2802 2921/2921/2800
f 3275/3275/3141 2921/2921/2800 2920/2920/2799
f 3278/3278/3144 3277/3277/3143 3279/3279/3145
f 3278/3278/3144 3279/3279/3145 3280/3280/3146
f 3278/3278/3144 3280/3280/3146 3281/3281/3147
f 3278/3278/3144 3281/3281/3147 2926/2926/2805
f 3278/3278/3144 2926/2926/2805 2924/2924/2803
f 3278/3278/3144 2924/2924/2803 2923/2923/2802
f 3281/3281/3147 3280/3280/3146 3282/3282/3148
f 3281/3281/3147 3282/3282/3148 3283/3283/3149
f 3281/3281/3147 3283/3283/3149 2931/2931/2810
f 3281/3281/3147 2931/2931/2810 2929/2929/2808
f 3281/3281/3147 2929/2929/2808 2927/2927/2806
f 3281/3281/3147 2927/2927/2806 2926/2926/2805
f 3283/3283/3149 3282/3282/3148 3284/3284/3150
f 3283/3283/3149 3284/3284/3150 3285/3285/3151
f 3283/3283/3149 3285/3285/3151 2933/2933/2812
f 3283/3283/3149 2933/2933/2812 2931/2931/2810
f 3285/3285/3151 3284/3284/3150 3286/3286/3152
f 3285/3285/3151 3286/3286/3152 3287/3287/3153
f 3285/3285/3151 3287/3287/3153 2935/2935/2814
f 3285/3285/3151 2935/2935/2814 2933/2933/2812
f 3287/3287/3153 3286/3286/3152 3288/3288/3154
f 3287/3287/3153 3288/3288/3154 3289/3289/3155
f 3287/3287/3153 3289/3289/3155 3290/3290/3156
f 3287/3287/3153 3290/3290/3156 2935/2935/2814
f 3290/3290/3156 3289/3289/3155 3291/3291/3157
f 3290/3290/3156 3291/3291/3157 3292/3292/3158
f 3290/3290/3156 3292/3292/3158 2940/2940/2819
f 3290/3290/3156 2940/2940/2819 2938/2938/2817
f 3290/3290/3156 2938/2938/2817 2936/2936/2815
f 3290/3290/3156 2936/2936/2815 2935/2935/2814
f 3292/3292/3158 3291/3291/3157 3293/3293/3159
f 3292/3292/3158 3293/3293/3159 3294/3294/3160
f 3292/3292/3158 3294/3294/3160 3295/3295/3161
f 3292/3292/3158 3295/3295/3161 2940/2940/2819
f 3295/3295/3161 3294/3294/3160 3296/3296/3162
f 3295/3295/3161 3296/3296/3162 3297/3297/3163
f 3295/3295/3161 3297/3297/3163 3298/3298/3164
f 3295/3295/3161 3298/3298/3164 2943/2943/2822
f 3295/3295/3161 2943/2943/2822 2941/2941/2820
f 3295/3295/3161 2941/2941/2820 2940/2940/2819
f 3298/3298/3164 3297/3297/3163 3299/3299/3165
f 3298/3298/3164 3299/3299/3165 3300/3300/3166
f 3298/3298/3164 3300/3300/3166 3301/3301/3167
f 3298/3298/3164 3301/3301/3167 2946/2946/2825
f 3298/3298/3164 2946/2946/2825 2944/2944/2823
f 3298/3298/3164 2944/2944/2823 2943/2943/2822
f 3301/3301/3167 3300/3300/3166 3302/3302/3168
f 3301/3301/3167 3302/3302/3168 3303/3303/3169
f 3301/3301/3167 3303/3303/3169 3304/3304/3170
f 3301/3301/3167 3304/3304/3170 3305/3305/3171
f 3301/3301/3167 3305/3305/3171 2947/2947/2826
f 3301/3301/3167 2947/2947/2826 2946/2946/2825
f 3305/3305/3171 3304/3304/3170 3306/3306/3172
f 3305/3305/3171 3306/3306/3172 3307/3307/3173
f 3305/3305/3171 3307/3307/3173 2948/2948/2827
f 3305/3305/3171 2948/2948/2827 2947/2947/2826
f 3307/3307/3173 3306/3306/3172 3308/3308/3174
f 3307/3307/3173 3308/3308/3174 3309/3309/3175
f 3307/3307/3173 3309/3309/3175 2950/2950/2829
f 3307/3307/3173 2950/2950/2829 2948/2948/2827
f 3309/3309/3175 3308/3308/3174 3310/3310/3176
f 3309/3309/3175 3310/3310/3176 3311/3311/3177
f 3309/3309/3175 3311/3311/3177 3312/3312/3178
f 3309/3309/3175 3312/3312/3178 2950/2950/2829
f 3312/3312/3178 3311/3311/3177 3313/3313/3179
f 3312/3312/3178 3313/3313/3179 3314/3314/3180
f 3312/3312/3178 3314/3314/3180 3315/3315/3181
f 3312/3312/3178 3315/3315/3181 2953/2953/2832
f 3312/3312/3178 2953/2953/2832 2951/2951/2830
f 3312/3312/3178 2951/2951/2830 2950/2950/2829
f 3315/3315/3181 3314/3314/3180 3316/3316/3182
f 3315/3315/3181 3316/3316/3182 3317/3317/3183
f 3315/3315/3181 3317/3317/3183 3318/3318/3184
f 3315/3315/3181 3318/3318/3184 3319/3319/3185
f 3315/3315/3181 3319/3319/3185 2954/2954/2833
f 3315/3315/3181 2954/2954/2833 2953/2953/2832
f 3319/3319/3185 3318/3318/3184 3320/3320/3186
f 3319/3319/3185 3320/3320/3186 3321/3321/3187
f 3319/3319/3185 3321/3321/3187 2955/2955/2834
f 3319/3319/3185 2955/2955/2834 2954/2954/2833
f 3321/3321/3187 3320/3320/3186 3322/3322/3188
f 3321/3321/3187 3322/3322/3188 3323/3323/3189
f 3321/3321/3187 3323/3323/3189 2957/2957/2836
f 3321/3321/3187 2957/2957/2836 2955/2955/2834
f 3323/3323/3189 3322/3322/3188 3324/3324/3190
f 3323/3323/3189 3324/3324/3190 3325/3325/3191
f 3323/3323/3189 3325/3325/3191 2959/2959/2838
f 3323/3323/3189 2959/2959/2838 2957/2957/2836
f 3325/3325/3191 3324/3324/3190 3326/3326/3192
f 3325/3325/3191 3326/3326/3192 3327/3327/3193
f 3325/3325/3191 3327/3327/3193 3328/3328/3194
f 3325/3325/3191 3328/3328/3194 2959/2959/2838
f 3328/3328/3194 2963/2963/2842 2960/2960/2839
f 3328/3328/3194 2960/2960/2839 2959/2959/2838
f 3328/3328/3194 3327/3327/3193 3329/3329/3195
f 3328/3328/3194 3329/3329/3195 3330/3330/3196
f 3328/3328/3194 3330/3330/3196 3331/3331/3197
f 3328/3328/3194 3331/3331/3197 2963/2963/2842
f 3331/3331/3197 2968/2968/2847 2964/2964/2843
f 3331/3331/3197 2964/2964/2843 2963/2963/2842
f 3331/3331/3197 3330/3330/3196 3332/3332/3198
f 3331/3331/3197 3332/3332/3198 3333/3333/3199
f 3331/3331/3197 3333/3333/3199 3334/3334/3200
f 3331/3331/3197 3334/3334/3200 2968/2968/2847
f 3334/3334/3200 2971/2971/2850 2969/2969/2848
f 3334/3334/3200 2969/2969/2848 2968/2968/2847
f 3334/3334/3200 3333/3333/3199 2990/2990/2869
f 3334/3334/3200 2990/2990/2869 2988/2988/2867
f 3334/3334/3200 2988/2988/2867 2987/2987/2866
f 3334/3334/3200 2987/2987/2866 2971/2971/2850
f 3333/3333/3199 3332/3332/3198 2992/2992/2871
f 3333/3333/3199 2992/2992/2871 2990/2990/2869
f 3332/3332/3198 3330/3330/3196 3329/3329/3195
f 3332/3332/3198 3329/3329/3195 3335/3335/3201
f 3332/3332/3198 3335/3335/3201 2994/2994/2873
f 3332/3332/3198 2994/2994/2873 2992/2992/2871
f 3335/3335/3201 3329/3329/3195 3336/3336/3202
f 3335/3335/3201 3336/3336/3202 3337/3337/3203
f 3335/3335/3201 3337/3337/3203 2996/2996/2875
f 3335/3335/3201 2996/2996/2875 2994/2994/2873
f 3338/3338/3203 3339/3339/3204 3340/3340/3205
f 3338/3338/3203 3340/3340/3205 3341/3341/3206
f 3338/3338/3203 3341/3341/3206 3000/3000/2879
f 3338/3338/3203 3000/3000/2879 2999/2999/2878
f 3340/3340/3205 3339/3339/3204 3342/3342/3207
f 3340/3340/3205 3342/3342/3207 3343/3343/3208
f 3344/3344/3209 3345/3345/3210 3346/3346/3211
f 3344/3344/3209 3346/3346/3211 3010/3010/2888
f 3344/3344/3209 3010/3010/2888 3008/3008/2886
f 3344/3344/3209 3008/3008/2886 3007/3007/2885
f 3346/3346/3211 3345/3345/3210 3347/3347/3212
f 3346/3346/3211 3347/3347/3212 3348/3348/3213
f 3346/3346/3211 3348/3348/3213 3349/3349/3214
f 3346/3346/3211 3349/3349/3214 3013/3013/2891
f 3346/3346/3211 3013/3013/2891 3011/3011/2889
f 3346/3346/3211 3011/3011/2889 3010/3010/2888
f 3349/3349/3214 3348/3348/3213 3350/3350/3215
f 3349/3349/3214 3350/3350/3215 3351/3351/3216
f 3349/3349/3214 3351/3351/3216 3352/3352/3217
f 3349/3349/3214 3352/3352/3217 3016/3016/2894
f 3349/3349/3214 3016/3016/2894 3014/3014/2892
f 3349/3349/3214 3014/3014/2892 3013/3013/2891
f 3352/3352/3217 3351/3351/3216 3353/3353/3218
f 3352/3352/3217 3353/3353/3218 3354/3354/3219
f 3352/3352/3217 3354/3354/3219 3355/3355/3220
f 3352/3352/3217 3355/3355/3220 3356/3356/3221
f 3352/3352/3217 3356/3356/3221 3017/3017/2895
f 3352/3352/3217 3017/3017/2895 3016/3016/2894
f 3356/3356/3221 3355/3355/3220 3357/3357/3222
f 3356/3356/3221 3357/3357/3222 3358/3358/3223
f 3356/3356/3221 3358/3358/3223 3018/3018/2896
f 3356/3356/3221 3018/3018/2896 3017/3017/2895
f 3358/3358/3223 3357/3357/3222 3359/3359/3224
f 3358/3358/3223 3359/3359/3224 3360/3360/3225
f 3358/3358/3223 3360/3360/3225 3020/3020/2898
f 3358/3358/3223 3020/3020/2898 3018/3018/2896
f 3360/3360/3225 3359/3359/3224 3361/3361/3226
f 3360/3360/3225 3361/3361/3226 3362/3362/3227
f 3360/3360/3225 3362/3362/3227 3022/3022/2900
f 3360/3360/3225 3022/3022/2900 3020/3020/2898
f 3362/3362/3227 3361/3361/3226 3363/3363/3228
f 3362/3362/3227 3363/3363/3228 3364/3364/3229
f 3362/3362/3227 3364/3364/3229 3024/3024/2902
f 3362/3362/3227 3024/3024/2902 3022/3022/2900
f 3364/3364/3229 3363/3363/3228 3365/3365/3230
f 3364/3364/3229 3365/3365/3230 3366/3366/3231
f 3364/3364/3229 3366/3366/3231 3026/3026/2904
f 3364/3364/3229 3026/3026/2904 3024/3024/2902
f 3366/3366/3231 3365/3365/3230 3367/3367/3232
f 3366/3366/3231 3367/3367/3232 3368/3368/3233
f 3366/3366/3231 3368/3368/3233 3028/3028/2906
f 3366/3366/3231 3028/3028/2906 3026/3026/2904
f 3368/3368/3233 3367/3367/3232 3369/3369/3234
f 3368/3368/3233 3369/3369/3234 3370/3370/3235
f 3368/3368/3233 3370/3370/3235 3030/3030/2908
f 3368/3368/3233 3030/3030/2908 3028/3028/2906
f 3370/3370/3235 3369/3369/3234 3371/3371/3236
f 3370/3370/3235 3371/3371/3236 3372/3372/3237
f 3370/3370/3235 3372/3372/3237 3373/3373/3238
f 3370/3370/3235 3373/3373/3238 3030/3030/2908
f 3373/3373/3238 3372/3372/3237 3374/3374/3239
f 3373/3373/3238 3374/3374/3239 3375/3375/3240
f 3373/3373/3238 3375/3375/3240 3376/3376/3241
f 3373/3373/3238 3376/3376/3241 3033/3033/2911
f 3373/3373/3238 3033/3033/2911 3031/3031/2909
f 3373/3373/3238 3031/3031/2909 3030/3030/2908
f 3376/3376/3241 3375/3375/3240 3377/3377/3242
f 3376/3376/3241 3377/3377/3242 3378/3378/3243
f 3376/3376/3241 3378/3378/3243 3379/3379/3244
f 3376/3376/3241 3379/3379/3244 3036/3036/2914
f 3376/3376/3241 3036/3036/2914 3034/3034/2912
f 3376/3376/3241 3034/3034/2912 3033/3033/2911
f 3380/3380/3244 3381/3381/3243 3382/3382/3245
f 3380/3380/3244 3382/3382/3245 3383/3383/3246
f 3380/3380/3244 3383/3383/3246 3384/3384/3247
f 3380/3380/3244 3384/3384/3247 3385/3385/2917
f 3379/3379/3244 3039/3039/2917 3037/3037/2915
f 3379/3379/3244 3037/3037/2915 3036/3036/2914
f 3384/3384/3247 3383/3383/3246 3386/3386/3248
f 3384/3384/3247 3386/3386/3248 3387/3387/3249
f 3384/3384/3247 3387/3387/3249 3388/3388/3250
f 3384/3384/3247 3388/3388/3250 3389/3389/3251
f 3384/3384/3247 3389/3389/3251 3390/3390/2918
f 3384/3384/3247 3390/3390/2918 3385/3385/2917
f 3389/3389/3251 3388/3388/3250 3391/3391/3252
f 3389/3389/3251 3391/3391/3252 3392/3392/3253
f 3389/3389/3251 3392/3392/3253 3393/3393/3254
f 3389/3389/3251 3393/3393/3254 3390/3390/2918
f 3392/3392/3253 3391/3391/3252 3394/3394/3255
f 3392/3392/3253 3394/3394/3255 3395/3395/3256
f 3392/3392/3253 3395/3395/3256 3396/3396/2921
f 3392/3392/3253 3396/3396/2921 3393/3393/3254
f 3395/3395/3256 3394/3394/3255 3397/3397/3257
f 3395/3395/3256 3397/3397/3257 3398/3398/3258
f 3395/3395/3256 3398/3398/3258 3399/3399/3259
f 3395/3395/3256 3399/3399/3259 3396/3396/2921
f 3398/3398/3258 3397/3397/3257 3400/3400/3260
f 3398/3398/3258 3400/3400/3260 3401/3401/3261
f 3398/3398/3258 3401/3401/3261 3402/3402/2925
f 3398/3398/3258 3402/3402/2925 3399/3399/3259
f 3401/3401/3261 3400/3400/3260 3403/3403/3262
f 3401/3401/3261 3403/3403/3262 3404/3404/3263
f 3401/3401/3261 3404/3404/3263 3405/3405/2927
f 3401/3401/3261 3405/3405/2927 3402/3402/2925
f 3404/3404/3263 3403/3403/3262 3406/3406/3264
f 3404/3404/3263 3406/3406/3264 3407/3407/3265
f 3404/3404/3263 3407/3407/3265 3408/3408/2929
f 3404/3404/3263 3408/3408/2929 3405/3405/2927
f 3407/3407/3265 3406/3406/3264 3238/3238/3104
f 3407/3407/3265 3238/3238/3104 3235/3235/3102
f 3407/3407/3265 3235/3235/3102 3234/3234/3101
f 3407/3407/3265 3234/3234/3101 3408/3408/2929
f 3406/3406/3264 3403/3403/3262 3409/3409/3266
f 3406/3406/3264 3409/3409/3266 3410/3410/3267
f 3406/3406/3264 3410/3410/3267 3240/3240/3106
f 3406/3406/3264 3240/3240/3106 3238/3238/3104
f 3410/3410/3267 3409/3409/3266 3411/3411/3268
f 3410/3410/3267 3411/3411/3268 3412/3412/3269
f 3410/3410/3267 3412/3412/3269 3242/3242/3108
f 3410/3410/3267 3242/3242/3108 3240/3240/3106
f 3412/3412/3269 3411/3411/3268 3413/3413/3270
f 3412/3412/3269 3413/3413/3270 3247/3247/3113
f 3412/3412/3269 3247/3247/3113 3244/3244/3110
f 3412/3412/3269 3244/3244/3110 3242/3242/3108
f 3413/3413/3270 3411/3411/3268 3414/3414/3271
f 3413/3413/3270 3414/3414/3271 3415/3415/3272
f 3413/3413/3270 3415/3415/3272 3416/3416/3273
f 3413/3413/3270 3416/3416/3273 3250/3250/3116
f 3413/3413/3270 3250/3250/3116 3248/3248/3114
f 3413/3413/3270 3248/3248/3114 3247/3247/3113
f 3416/3416/3273 3415/3415/3272 3417/3417/3274
f 3416/3416/3273 3417/3417/3274 3418/3418/3275
f 3416/3416/3273 3418/3418/3275 3419/3419/3276
f 3416/3416/3273 3419/3419/3276 3420/3420/3277
f 3416/3416/3273 3420/3420/3277 3251/3251/3117
f 3416/3416/3273 3251/3251/3117 3250/3250/3116
f 3420/3420/3277 3419/3419/3276 3421/3421/3278
f 3420/3420/3277 3421/3421/3278 3422/3422/3279
f 3420/3420/3277 3422/3422/3279 3252/3252/3118
f 3420/3420/3277 3252/3252/3118 3251/3251/3117
f 3422/3422/3279 3421/3421/3278 3423/3423/3280
f 3422/3422/3279 3423/3423/3280 3424/3424/3281
f 3422/3422/3279 3424/3424/3281 3254/3254/3120
f 3422/3422/3279 3254/3254/3120 3252/3252/3118
f 3424/3424/3281 3423/3423/3280 3425/3425/3282
f 3424/3424/3281 3425/3425/3282 3426/3426/3283
f 3424/3424/3281 3426/3426/3283 3256/3256/3122
f 3424/3424/3281 3256/3256/3122 3254/3254/3120
f 3426/3426/3283 3425/3425/3282 3427/3427/3284
f 3426/3426/3283 3427/3427/3284 3261/3261/3127
f 3426/3426/3283 3261/3261/3127 3258/3258/3124
f 3426/3426/3283 3258/3258/3124 3256/3256/3122
f 3427/3427/3284 3425/3425/3282 3428/3428/3285
f 3427/3427/3284 3428/3428/3285 3429/3429/3286
f 3427/3427/3284 3429/3429/3286 3430/3430/3287
f 3427/3427/3284 3430/3430/3287 3264/3264/3130
f 3427/3427/3284 3264/3264/3130 3262/3262/3128
f 3427/3427/3284 3262/3262/3128 3261/3261/3127
f 3430/3430/3287 3429/3429/3286 3431/3431/3288
f 3430/3430/3287 3431/3431/3288 3432/3432/3289
f 3430/3430/3287 3432/3432/3289 3433/3433/3290
f 3430/3430/3287 3433/3433/3290 3267/3267/3133
f 3430/3430/3287 3267/3267/3133 3265/3265/3131
f 3430/3430/3287 3265/3265/3131 3264/3264/3130
f 3433/3433/3290 3432/3432/3289 3434/3434/3291
f 3433/3433/3290 3434/3434/3291 3435/3435/3292
f 3433/3433/3290 3435/3435/3292 3436/3436/3293
f 3433/3433/3290 3436/3436/3293 3270/3270/3136
f 3433/3433/3290 3270/3270/3136 3268/3268/3134
f 3433/3433/3290 3268/3268/3134 3267/3267/3133
f 3436/3436/3293 3435/3435/3292 3437/3437/3294
f 3436/3436/3293 3437/3437/3294 3438/3438/3295
f 3436/3436/3293 3438/3438/3295 3439/3439/3296
f 3436/3436/3293 3439/3439/3296 3273/3273/3139
f 3436/3436/3293 3273/3273/3139 3271/3271/3137
f 3436/3436/3293 3271/3271/3137 3270/3270/3136
f 3439/3439/3296 3438/3438/3295 3440/3440/3297
f 3439/3439/3296 3440/3440/3297 3441/3441/3298
f 3439/3439/3296 3441/3441/3298 3442/3442/3299
f 3439/3439/3296 3442/3442/3299 3276/3276/3142
f 3439/3439/3296 3276/3276/3142 3274/3274/3140
f 3439/3439/3296 3274/3274/3140 3273/3273/3139
f 3442/3442/3299 3441/3441/3298 3443/3443/3300
f 3442/3442/3299 3443/3443/3300 3444/3444/3301
f 3442/3442/3299 3444/3444/3301 3445/3445/3302
f 3442/3442/3299 3445/3445/3302 3279/3279/3145
f 3442/3442/3299 3279/3279/3145 3277/3277/3143
f 3442/3442/3299 3277/3277/3143 3276/3276/3142
f 3445/3445/3302 3444/3444/3301 3446/3446/3303
f 3445/3445/3302 3446/3446/3303 3447/3447/3304
f 3445/3445/3302 3447/3447/3304 3284/3284/3150
f 3445/3445/3302 3284/3284/3150 3282/3282/3148
f 3445/3445/3302 3282/3282/3148 3280/3280/3146
f 3445/3445/3302 3280/3280/3146 3279/3279/3145
f 3447/3447/3304 3446/3446/3303 3448/3448/3305
f 3447/3447/3304 3448/3448/3305 3449/3449/3306
f 3447/3447/3304 3449/3449/3306 3286/3286/3152
f 3447/3447/3304 3286/3286/3152 3284/3284/3150
f 3449/3449/3306 3448/3448/3305 3450/3450/3307
f 3449/3449/3306 3450/3450/3307 3451/3451/3308
f 3449/3449/3306 3451/3451/3308 3288/3288/3154
f 3449/3449/3306 3288/3288/3154 3286/3286/3152
f 3451/3451/3308 3450/3450/3307 3452/3452/3309
f 3451/3451/3308 3452/3452/3309 3453/3453/3310
f 3451/3451/3308 3453/3453/3310 3454/3454/3311
f 3451/3451/3308 3454/3454/3311 3288/3288/3154
f 3454/3454/3311 3453/3453/3310 3455/3455/3312
f 3454/3454/3311 3455/3455/3312 3456/3456/3313
f 3454/3454/3311 3456/3456/3313 3293/3293/3159
f 3454/3454/3311 3293/3293/3159 3291/3291/3157
f 3454/3454/3311 3291/3291/3157 3289/3289/3155
f 3454/3454/3311 3289/3289/3155 3288/3288/3154
f 3456/3456/3313 3455/3455/3312 3457/3457/3314
f 3456/3456/3313 3457/3457/3314 3458/3458/3315
f 3456/3456/3313 3458/3458/3315 3459/3459/3316
f 3456/3456/3313 3459/3459/3316 3293/3293/3159
f 3459/3459/3316 3458/3458/3315 3460/3460/3317
f 3459/3459/3316 3460/3460/3317 3461/3461/3318
f 3459/3459/3316 3461/3461/3318 3462/3462/3319
f 3459/3459/3316 3462/3462/3319 3296/3296/3162
f 3459/3459/3316 3296/3296/3162 3294/3294/3160
f 3459/3459/3316 3294/3294/3160 3293/3293/3159
f 3462/3462/3319 3461/3461/3318 3463/3463/3320
f 3462/3462/3319 3463/3463/3320 3464/3464/3321
f 3462/3462/3319 3464/3464/3321 3465/3465/3322
f 3462/3462/3319 3465/3465/3322 3299/3299/3165
f 3462/3462/3319 3299/3299/3165 3297/3297/3163
f 3462/3462/3319 3297/3297/3163 3296/3296/3162
f 3465/3465/3322 3464/3464/3321 3466/3466/3323
f 3465/3465/3322 3466/3466/3323 3467/3467/3324
f 3465/3465/3322 3467/3467/3324 3468/3468/3325
f 3465/3465/3322 3468/3468/3325 3302/3302/3168
f 3465/3465/3322 3302/3302/3168 3300/3300/3166
f 3465/3465/3322 3300/3300/3166 3299/3299/3165
f 3468/3468/3325 3467/3467/3324 3469/3469/3326
f 3468/3468/3325 3469/3469/3326 3470/3470/3327
f 3468/3468/3325 3470/3470/3327 3471/3471/3328
f 3468/3468/3325 3471/3471/3328 3472/3472/3329
f 3468/3468/3325 3472/3472/3329 3303/3303/3169
f 3468/3468/3325 3303/3303/3169 3302/3302/3168
f 3472/3472/3329 3471/3471/3328 3473/3473/3330
f 3472/3472/3329 3473/3473/3330 3474/3474/3331
f 3472/3472/3329 3474/3474/3331 3304/3304/3170
f 3472/3472/3329 3304/3304/3170 3303/3303/3169
f 3474/3474/3331 3473/3473/3330 3475/3475/3332
f 3474/3474/3331 3475/3475/3332 3476/3476/3333
f 3474/3474/3331 3476/3476/3333 3306/3306/3172
f 3474/3474/3331 3306/3306/3172 3304/3304/3170
f 3476/3476/3333 3475/3475/3332 3477/3477/3334
f 3476/3476/3333 3477/3477/3334 3478/3478/3335
f 3476/3476/3333 3478/3478/3335 3308/3308/3174
f 3476/3476/3333 3308/3308/3174 3306/3306/3172
f 3478/3478/3335 3477/3477/3334 3479/3479/3336
f 3478/3478/3335 3479/3479/3336 3480/3480/3337
f 3478/3478/3335 3480/3480/3337 3310/3310/3176
f 3478/3478/3335 3310/3310/3176 3308/3308/3174
f 3480/3480/3337 3479/3479/3336 3481/3481/3338
f 3480/3480/3337 3481/3481/3338 3482/3482/3339
f 3480/3480/3337 3482/3482/3339 3483/3483/3340
f 3480/3480/3337 3483/3483/3340 3310/3310/3176
f 3483/3483/3340 3482/3482/3339 3484/3484/3341
f 3483/3483/3340 3484/3484/3341 3485/3485/3342
f 3483/3483/3340 3485/3485/3342 3486/3486/3343
f 3483/3483/3340 3486/3486/3343 3313/3313/3179
f 3483/3483/3340 3313/3313/3179 3311/3311/3177
f 3483/3483/3340 3311/3311/3177 3310/3310/3176
f 3486/3486/3343 3485/3485/3342 3487/3487/3344
f 3486/3486/3343 3487/3487/3344 3488/3488/3345
f 3486/3486/3343 3488/3488/3345 3489/3489/3346
f 3486/3486/3343 3489/3489/3346 3316/3316/3182
f 3486/3486/3343 3316/3316/3182 3314/3314/3180
f 3486/3486/3343 3314/3314/3180 3313/3313/3179
f 3489/3489/3346 3488/3488/3345 3490/3490/3347
f 3489/3489/3346 3490/3490/3347 3491/3491/3348
f 3489/3489/3346 3491/3491/3348 3492/3492/3349
f 3489/3489/3346 3492/3492/3349 3493/3493/3350
f 3489/3489/3346 3493/3493/3350 3317/3317/3183
f 3489/3489/3346 3317/3317/3183 3316/3316/3182
f 3493/3493/3350 3492/3492/3349 3494/3494/3351
f 3493/3493/3350 3494/3494/3351 3495/3495/3352
f 3493/3493/3350 3495/3495/3352 3318/3318/3184
f 3493/3493/3350 3318/3318/3184 3317/3317/3183
f 3495/3495/3352 3494/3494/3351 3496/3496/3353
f 3495/3495/3352 3496/3496/3353 3497/3497/3354
f 3495/3495/3352 3497/3497/3354 3320/3320/3186
f 3495/3495/3352 3320/3320/3186 3318/3318/3184
f 3497/3497/3354 3496/3496/3353 3498/3498/3215
f 3497/3497/3354 3498/3498/3215 3499/3499/3355
f 3497/3497/3354 3499/3499/3355 3322/3322/3188
f 3497/3497/3354 3322/3322/3188 3320/3320/3186
f 3500/3500/3356 3501/3501/3215 3502/3502/3213
f 3500/3500/3356 3502/3502/3213 3503/3503/3212
f 3499/3499/3355 3504/3504/3357 3324/3324/3190
f 3499/3499/3355 3324/3324/3190 3322/3322/3188
f 3505/3505/3353 3506/3506/3358 3507/3507/3359
f 3505/3505/3353 3507/3507/3359 3353/3353/3218
f 3505/3505/3353 3353/3353/3218 3351/3351/3216
f 3505/3505/3353 3351/3351/3216 3350/3350/3215
f 3507/3507/3359 3506/3506/3358 3508/3508/3349
f 3507/3507/3359 3508/3508/3349 3509/3509/3360
f 3507/3507/3359 3509/3509/3360 3510/3510/3361
f 3507/3507/3359 3510/3510/3361 3511/3511/3362
f 3507/3507/3359 3511/3511/3362 3354/3354/3219
f 3507/3507/3359 3354/3354/3219 3353/3353/3218
f 3511/3511/3362 3510/3510/3361 3512/3512/3363
f 3511/3511/3362 3512/3512/3363 3513/3513/3364
f 3511/3511/3362 3513/3513/3364 3355/3355/3220
f 3511/3511/3362 3355/3355/3220 3354/3354/3219
f 3513/3513/3364 3512/3512/3363 3514/3514/3365
f 3513/3513/3364 3514/3514/3365 3515/3515/3366
f 3513/3513/3364 3515/3515/3366 3357/3357/3222
f 3513/3513/3364 3357/3357/3222 3355/3355/3220
f 3515/3515/3366 3514/3514/3365 3516/3516/3367
f 3515/3515/3366 3516/3516/3367 3517/3517/3368
f 3515/3515/3366 3517/3517/3368 3359/3359/3224
f 3515/3515/3366 3359/3359/3224 3357/3357/3222
f 3517/3517/3368 3516/3516/3367 3518/3518/3369
f 3517/3517/3368 3518/3518/3369 3519/3519/3370
f 3517/3517/3368 3519/3519/3370 3361/3361/3226
f 3517/3517/3368 3361/3361/3226 3359/3359/3224
f 3519/3519/3370 3518/3518/3369 3520/3520/3371
f 3519/3519/3370 3520/3520/3371 3521/3521/3372
f 3519/3519/3370 3521/3521/3372 3363/3363/3228
f 3519/3519/3370 3363/3363/3228 3361/3361/3226
f 3521/3521/3372 3520/3520/3371 3522/3522/3373
f 3521/3521/3372 3522/3522/3373 3523/3523/3374
f 3521/3521/3372 3523/3523/3374 3365/3365/3230
f 3521/3521/3372 3365/3365/3230 3363/3363/3228
f 3523/3523/3374 3522/3522/3373 3524/3524/3375
f 3523/3523/3374 3524/3524/3375 3525/3525/3376
f 3523/3523/3374 3526/3526/3377 3367/3367/3232
f 3523/3523/3374 3367/3367/3232 3365/3365/3230
f 3527/3527/3376 3528/3528/3375 3529/3529/3378
f 3527/3527/3376 3529/3529/3378 3530/3530/3379
f 3531/3531/3377 3530/3530/3379 3532/3532/3234
f 3531/3531/3377 3532/3532/3234 3533/3533/3232
f 3530/3530/3379 3529/3529/3378 3534/3534/3380
f 3530/3530/3379 3534/3534/3380 3535/3535/3381
f 3530/3530/3379 3535/3535/3381 3536/3536/3236
f 3530/3530/3379 3536/3536/3236 3532/3532/3234
f 3535/3535/3381 3534/3534/3380 3537/3537/3382
f 3535/3535/3381 3537/3537/3382 3538/3538/3383
f 3535/3535/3381 3538/3538/3383 3539/3539/3384
f 3535/3535/3381 3539/3539/3384 3536/3536/3236
f 3539/3539/3384 3538/3538/3383 3540/3540/3385
f 3539/3539/3384 3540/3540/3385 3541/3541/3386
f 3542/3542/3384 3543/3543/3386 3544/3544/3387
f 3542/3542/3384 3544/3544/3387 3374/3374/3239
f 3542/3542/3384 3374/3374/3239 3372/3372/3237
f 3542/3542/3384 3372/3372/3237 3371/3371/3236
f 3545/3545/3388 3541/3541/3386 3546/3546/3389
f 3545/3545/3388 3546/3546/3389 3547/3547/3390
f 3545/3545/3388 3547/3547/3390 3548/3548/3391
f 3545/3545/3388 3548/3548/3391 3549/3549/3242
f 3544/3544/3387 3377/3377/3242 3375/3375/3240
f 3544/3544/3387 3375/3375/3240 3374/3374/3239
f 3548/3548/3391 3547/3547/3390 3550/3550/3392
f 3548/3548/3391 3550/3550/3392 3551/3551/3393
f 3548/3548/3391 3551/3551/3393 3552/3552/3394
f 3548/3548/3391 3552/3552/3394 3382/3382/3245
f 3548/3548/3391 3382/3382/3245 3381/3381/3243
f 3548/3548/3391 3381/3381/3243 3549/3549/3242
f 3552/3552/3394 3551/3551/3393 3553/3553/3395
f 3552/3552/3394 3553/3553/3395 3554/3554/3396
f 3552/3552/3394 3554/3554/3396 3555/3555/3397
f 3552/3552/3394 3555/3555/3397 3386/3386/3248
f 3552/3552/3394 3386/3386/3248 3383/3383/3246
f 3552/3552/3394 3383/3383/3246 3382/3382/3245
f 3555/3555/3397 3554/3554/3396 3556/3556/3398
f 3555/3555/3397 3556/3556/3398 3557/3557/3399
f 3555/3555/3397 3557/3557/3399 3558/3558/3400
f 3555/3555/3397 3558/3558/3400 3559/3559/3401
f 3555/3555/3397 3559/3559/3401 3387/3387/3249
f 3555/3555/3397 3387/3387/3249 3386/3386/3248
f 3559/3559/3401 3558/3558/3400 3560/3560/3402
f 3559/3559/3401 3560/3560/3402 3561/3561/3403
f 3559/3559/3401 3561/3561/3403 3388/3388/3250
f 3559/3559/3401 3388/3388/3250 3387/3387/3249
f 3561/3561/3403 3560/3560/3402 3562/3562/3404
f 3561/3561/3403 3562/3562/3404 3563/3563/3405
f 3561/3561/3403 3563/3563/3405 3391/3391/3252
f 3561/3561/3403 3391/3391/3252 3388/3388/3250
f 3563/3563/3405 3562/3562/3404 3564/3564/3406
f 3563/3563/3405 3564/3564/3406 3565/3565/3407
f 3563/3563/3405 3565/3565/3407 3394/3394/3255
f 3563/3563/3405 3394/3394/3255 3391/3391/3252
f 3565/3565/3407 3564/3564/3406 3566/3566/3408
f 3565/3565/3407 3566/3566/3408 3567/3567/3409
f 3565/3565/3407 3567/3567/3409 3397/3397/3257
f 3565/3565/3407 3397/3397/3257 3394/3394/3255
f 3567/3567/3409 3566/3566/3408 3414/3414/3271
f 3567/3567/3409 3414/3414/3271 3568/3568/3410
f 3567/3567/3409 3568/3568/3410 3400/3400/3260
f 3567/3567/3409 3400/3400/3260 3397/3397/3257
f 3568/3568/3410 3414/3414/3271 3411/3411/3268
f 3568/3568/3410 3411/3411/3268 3409/3409/3266
f 3568/3568/3410 3409/3409/3266 3403/3403/3262
f 3568/3568/3410 3403/3403/3262 3400/3400/3260
f 3566/3566/3408 3564/3564/3406 3569/3569/3411
f 3566/3566/3408 3569/3569/3411 3417/3417/3274
f 3566/3566/3408 3417/3417/3274 3415/3415/3272
f 3566/3566/3408 3415/3415/3272 3414/3414/3271
f 3569/3569/3411 3564/3564/3406 3562/3562/3404
f 3569/3569/3411 3562/3562/3404 3570/3570/3412
f 3569/3569/3411 3570/3570/3412 3571/3571/3413
f 3569/3569/3411 3571/3571/3413 3572/3572/3414
f 3569/3569/3411 3572/3572/3414 3418/3418/3275
f 3569/3569/3411 3418/3418/3275 3417/3417/3274
f 3572/3572/3414 3571/3571/3413 3573/3573/3415
f 3572/3572/3414 3573/3573/3415 3574/3574/3416
f 3572/3572/3414 3574/3574/3416 3419/3419/3276
f 3572/3572/3414 3419/3419/3276 3418/3418/3275
f 3574/3574/3416 3573/3573/3415 3575/3575/3417
f 3574/3574/3416 3575/3575/3417 3576/3576/3418
f 3574/3574/3416 3576/3576/3418 3421/3421/3278
f 3574/3574/3416 3421/3421/3278 3419/3419/3276
f 3576/3576/3418 3575/3575/3417 3577/3577/3419
f 3576/3576/3418 3577/3577/3419 3578/3578/3420
f 3576/3576/3418 3578/3578/3420 3423/3423/3280
f 3576/3576/3418 3423/3423/3280 3421/3421/3278
f 3578/3578/3420 3577/3577/3419 3579/3579/3421
f 3578/3578/3420 3579/3579/3421 3428/3428/3285
f 3578/3578/3420 3428/3428/3285 3425/3425/3282
f 3578/3578/3420 3425/3425/3282 3423/3423/3280
f 3579/3579/3421 3577/3577/3419 3580/3580/3422
f 3579/3579/3421 3580/3580/3422 3581/3581/3423
f 3579/3579/3421 3581/3581/3423 3582/3582/3424
f 3579/3579/3421 3582/3582/3424 3431/3431/3288
f 3579/3579/3421 3431/3431/3288 3429/3429/3286
f 3579/3579/3421 3429/3429/3286 3428/3428/3285
f 3582/3582/3424 3581/3581/3423 3583/3583/3425
f 3582/3582/3424 3583/3583/3425 3584/3584/3426
f 3582/3582/3424 3584/3584/3426 3585/3585/3427
f 3582/3582/3424 3585/3585/3427 3434/3434/3291
f 3582/3582/3424 3434/3434/3291 3432/3432/3289
f 3582/3582/3424 3432/3432/3289 3431/3431/3288
f 3585/3585/3427 3584/3584/3426 3586/3586/3428
f 3585/3585/3427 3586/3586/3428 3587/3587/3429
f 3585/3585/3427 3587/3587/3429 3588/3588/3430
f 3585/3585/3427 3588/3588/3430 3437/3437/3294
f 3585/3585/3427 3437/3437/3294 3435/3435/3292
f 3585/3585/3427 3435/3435/3292 3434/3434/3291
f 3588/3588/3430 3587/3587/3429 3589/3589/3431
f 3588/3588/3430 3589/3589/3431 3590/3590/3432
f 3588/3588/3430 3590/3590/3432 3591/3591/3433
f 3588/3588/3430 3591/3591/3433 3440/3440/3297
f 3588/3588/3430 3440/3440/3297 3438/3438/3295
f 3588/3588/3430 3438/3438/3295 3437/3437/3294
f 3591/3591/3433 3590/3590/3432 3592/3592/3434
f 3591/3591/3433 3592/3592/3434 3593/3593/3435
f 3591/3591/3433 3593/3593/3435 3594/3594/3436
f 3591/3591/3433 3594/3594/3436 3443/3443/3300
f 3591/3591/3433 3443/3443/3300 3441/3441/3298
f 3591/3591/3433 3441/3441/3298 3440/3440/3297
f 3594/3594/3436 3593/3593/3435 3595/3595/3437
f 3594/3594/3436 3595/3595/3437 3596/3596/3438
f 3594/3594/3436 3596/3596/3438 3448/3448/3305
f 3594/3594/3436 3448/3448/3305 3446/3446/3303
f 3594/3594/3436 3446/3446/3303 3444/3444/3301
f 3594/3594/3436 3444/3444/3301 3443/3443/3300
f 3596/3596/3438 3595/3595/3437 3597/3597/3439
f 3596/3596/3438 3597/3597/3439 3598/3598/3440
f 3596/3596/3438 3598/3598/3440 3450/3450/3307
f 3596/3596/3438 3450/3450/3307 3448/3448/3305
f 3598/3598/3440 3597/3597/3439 3599/3599/3441
f 3598/3598/3440 3599/3599/3441 3600/3600/3442
f 3598/3598/3440 3600/3600/3442 3452/3452/3309
f 3598/3598/3440 3452/3452/3309 3450/3450/3307
f 3600/3600/3442 3599/3599/3441 3601/3601/3443
f 3600/3600/3442 3601/3601/3443 3602/3602/3444
f 3600/3600/3442 3602/3602/3444 3603/3603/3445
f 3600/3600/3442 3603/3603/3445 3452/3452/3309
f 3603/3603/3445 3602/3602/3444 3604/3604/3446
f 3603/3603/3445 3604/3604/3446 3605/3605/3447
f 3603/3603/3445 3605/3605/3447 3457/3457/3314
f 3603/3603/3445 3457/3457/3314 3455/3455/3312
f 3603/3603/3445 3455/3455/3312 3453/3453/3310
f 3603/3603/3445 3453/3453/3310 3452/3452/3309
f 3605/3605/3447 3604/3604/3446 3606/3606/3448
f 3605/3605/3447 3606/3606/3448 3607/3607/3449
f 3605/3605/3447 3607/3607/3449 3608/3608/3450
f 3605/3605/3447 3608/3608/3450 3457/3457/3314
f 3608/3608/3450 3607/3607/3449 3609/3609/3451
f 3608/3608/3450 3609/3609/3451 3610/3610/3452
f 3608/3608/3450 3610/3610/3452 3611/3611/3453
f 3608/3608/3450 3611/3611/3453 3460/3460/3317
f 3608/3608/3450 3460/3460/3317 3458/3458/3315
f 3608/3608/3450 3458/3458/3315 3457/3457/3314
f 3611/3611/3453 3610/3610/3452 3612/3612/3454
f 3611/3611/3453 3612/3612/3454 3613/3613/3455
f 3611/3611/3453 3613/3613/3455 3614/3614/3456
f 3611/3611/3453 3614/3614/3456 3463/3463/3320
f 3611/3611/3453 3463/3463/3320 3461/3461/3318
f 3611/3611/3453 3461/3461/3318 3460/3460/3317
f 3614/3614/3456 3613/3613/3455 3615/3615/3457
f 3614/3614/3456 3615/3615/3457 3616/3616/3458
f 3614/3614/3456 3616/3616/3458 3617/3617/3459
f 3614/3614/3456 3617/3617/3459 3466/3466/3323
f 3614/3614/3456 3466/3466/3323 3464/3464/3321
f 3614/3614/3456 3464/3464/3321 3463/3463/3320
f 3617/3617/3459 3616/3616/3458 3618/3618/3460
f 3617/3617/3459 3618/3618/3460 3619/3619/3461
f 3617/3617/3459 3619/3619/3461 3620/3620/3462
f 3617/3617/3459 3620/3620/3462 3469/3469/3326
f 3617/3617/3459 3469/3469/3326 3467/3467/3324
f 3617/3617/3459 3467/3467/3324 3466/3466/3323
f 3620/3620/3462 3619/3619/3461 3621/3621/3463
f 3620/3620/3462 3621/3621/3463 3622/3622/3464
f 3620/3620/3462 3622/3622/3464 3623/3623/3465
f 3620/3620/3462 3623/3623/3465 3624/3624/3466
f 3620/3620/3462 3624/3624/3466 3470/3470/3327
f 3620/3620/3462 3470/3470/3327 3469/3469/3326
f 3624/3624/3466 3623/3623/3465 3625/3625/3467
f 3624/3624/3466 3625/3625/3467 3626/3626/3468
f 3624/3624/3466 3626/3626/3468 3471/3471/3328
f 3624/3624/3466 3471/3471/3328 3470/3470/3327
f 3626/3626/3468 3625/3625/3467 3627/3627/3469
f 3626/3626/3468 3627/3627/3469 3628/3628/3470
f 3626/3626/3468 3628/3628/3470 3473/3473/3330
f 3626/3626/3468 3473/3473/3330 3471/3471/3328
f 3628/3628/3470 3627/3627/3469 3629/3629/3471
f 3628/3628/3470 3629/3629/3471 3630/3630/3472
f 3628/3628/3470 3630/3630/3472 3475/3475/3332
f 3628/3628/3470 3475/3475/3332 3473/3473/3330
f 3630/3630/3472 3629/3629/3471 3631/3631/3473
f 3630/3630/3472 3631/3631/3473 3632/3632/3474
f 3630/3630/3472 3632/3632/3474 3477/3477/3334
f 3630/3630/3472 3477/3477/3334 3475/3475/3332
f 3632/3632/3474 3631/3631/3473 3633/3633/3475
f 3632/3632/3474 3633/3633/3475 3634/3634/3476
f 3632/3632/3474 3634/3634/3476 3479/3479/3336
f 3632/3632/3474 3479/3479/3336 3477/3477/3334
f 3634/3634/3476 3633/3633/3475 3635/3635/3477
f 3634/3634/3476 3635/3635/3477 3636/3636/3478
f 3634/3634/3476 3636/3636/3478 3481/3481/3338
f 3634/3634/3476 3481/3481/3338 3479/3479/3336
f 3636/3636/3478 3635/3635/3477 3637/3637/3479
f 3636/3636/3478 3637/3637/3479 3638/3638/3480
f 3636/3636/3478 3638/3638/3480 3639/3639/3481
f 3636/3636/3478 3639/3639/3481 3481/3481/3338
f 3639/3639/3481 3638/3638/3480 3640/3640/3482
f 3639/3639/3481 3640/3640/3482 3641/3641/3483
f 3639/3639/3481 3641/3641/3483 3642/3642/3484
f 3639/3639/3481 3642/3642/3484 3484/3484/3341
f 3639/3639/3481 3484/3484/3341 3482/3482/3339
f 3639/3639/3481 3482/3482/3339 3481/3481/3338
f 3642/3642/3484 3641/3641/3483 3643/3643/3485
f 3642/3642/3484 3643/3643/3485 3644/3644/3486
f 3642/3642/3484 3644/3644/3486 3645/3645/3487
f 3642/3642/3484 3645/3645/3487 3487/3487/3344
f 3642/3642/3484 3487/3487/3344 3485/3485/3342
f 3642/3642/3484 3485/3485/3342 3484/3484/3341
f 3645/3645/3487 3644/3644/3486 3646/3646/3488
f 3645/3645/3487 3646/3646/3488 3647/3647/3489
f 3645/3645/3487 3647/3647/3489 3648/3648/3490
f 3645/3645/3487 3648/3648/3490 3490/3490/3347
f 3645/3645/3487 3490/3490/3347 3488/3488/3345
f 3645/3645/3487 3488/3488/3345 3487/3487/3344
f 3648/3648/3490 3647/3647/3489 3649/3649/3491
f 3648/3648/3490 3649/3649/3491 3650/3650/3492
f 3648/3648/3490 3650/3650/3492 3651/3651/3493
f 3648/3648/3490 3651/3651/3493 3652/3652/3494
f 3653/3653/3495 3654/3654/3496 3655/3655/3497
f 3653/3653/3495 3655/3655/3497 3656/3656/3347
f 3657/3657/3494 3658/3658/3498 3659/3659/3361
f 3657/3657/3494 3659/3659/3361 3660/3660/3499
f 3661/3661/3494 3509/3509/3360 3508/3508/3349
f 3661/3661/3494 3508/3508/3349 3662/3662/3497
f 3651/3651/3493 3650/3650/3492 3663/3663/3500
f 3651/3651/3493 3663/3663/3500 3664/3664/3501
f 3651/3651/3493 3664/3664/3501 3665/3665/3502
f 3651/3651/3493 3665/3665/3502 3666/3666/3503
f 3664/3664/3501 3663/3663/3500 3667/3667/3504
f 3664/3664/3501 3667/3667/3504 3668/3668/3505
f 3664/3664/3501 3668/3668/3505 3669/3669/3365
f 3664/3664/3501 3669/3669/3365 3665/3665/3502
f 3668/3668/3505 3667/3667/3504 3670/3670/3506
f 3668/3668/3505 3670/3670/3506 3671/3671/3507
f 3668/3668/3505 3671/3671/3507 3672/3672/3367
f 3668/3668/3505 3672/3672/3367 3669/3669/3365
f 3671/3671/3507 3670/3670/3506 3673/3673/3508
f 3671/3671/3507 3673/3673/3508 3674/3674/3509
f 3671/3671/3507 3674/3674/3509 3675/3675/3369
f 3671/3671/3507 3675/3675/3369 3672/3672/3367
f 3674/3674/3509 3673/3673/3508 3676/3676/3510
f 3674/3674/3509 3676/3676/3510 3677/3677/3511
f 3674/3674/3509 3677/3677/3511 3678/3678/3371
f 3674/3674/3509 3678/3678/3371 3675/3675/3369
f 3677/3677/3511 3676/3676/3510 3679/3679/3512
f 3677/3677/3511 3679/3679/3512 3680/3680/3513
f 3677/3677/3511 3680/3680/3513 3681/3681/3373
f 3677/3677/3511 3681/3681/3373 3678/3678/3371
f 3680/3680/3513 3679/3679/3512 3682/3682/3514
f 3680/3680/3513 3682/3682/3514 3683/3683/3515
f 3680/3680/3513 3683/3683/3515 3684/3684/3516
f 3680/3680/3513 3684/3684/3516 3681/3681/3373
f 3685/3685/3515 3686/3686/3514 3687/3687/3517
f 3685/3685/3515 3687/3687/3517 3688/3688/3518
f 3685/3685/3515 3688/3688/3518 3529/3529/3378
f 3685/3685/3515 3529/3529/3378 3528/3528/3375
f 3688/3688/3518 3687/3687/3517 3689/3689/3519
f 3688/3688/3518 3689/3689/3519 3690/3690/3520
f 3688/3688/3518 3690/3690/3520 3534/3534/3380
f 3688/3688/3518 3534/3534/3380 3529/3529/3378
f 3690/3690/3520 3689/3689/3519 3691/3691/3521
f 3690/3690/3520 3691/3691/3521 3692/3692/3522
f 3690/3690/3520 3692/3692/3522 3537/3537/3382
f 3690/3690/3520 3537/3537/3382 3534/3534/3380
f 3692/3692/3522 3691/3691/3521 3693/3693/3523
f 3692/3692/3522 3693/3693/3523 3694/3694/3524
f 3692/3692/3522 3694/3694/3524 3695/3695/3525
f 3692/3692/3522 3695/3695/3525 3537/3537/3382
f 3695/3695/3525 3694/3694/3524 3696/3696/3526
f 3695/3695/3525 3696/3696/3526 3697/3697/3527
f 3695/3695/3525 3697/3697/3527 3698/3698/3528
f 3695/3695/3525 3698/3698/3528 3540/3540/3385
f 3695/3695/3525 3540/3540/3385 3538/3538/3383
f 3695/3695/3525 3538/3538/3383 3537/3537/3382
f 3698/3698/3528 3697/3697/3527 3699/3699/3529
f 3698/3698/3528 3699/3699/3529 3700/3700/3530
f 3698/3698/3528 3700/3700/3530 3701/3701/3531
f 3698/3698/3528 3701/3701/3531 3546/3546/3389
f 3698/3698/3528 3546/3546/3389 3541/3541/3386
f 3698/3698/3528 3541/3541/3386 3540/3540/3385
f 3701/3701/3531 3700/3700/3530 3702/3702/3532
f 3701/3701/3531 3702/3702/3532 3703/3703/3533
f 3701/3701/3531 3703/3703/3533 3704/3704/3534
f 3701/3701/3531 3704/3704/3534 3550/3550/3392
f 3701/3701/3531 3550/3550/3392 3547/3547/3390
f 3701/3701/3531 3547/3547/3390 3546/3546/3389
f 3704/3704/3534 3703/3703/3533 3705/3705/3535
f 3704/3704/3534 3705/3705/3535 3706/3706/3536
f 3704/3704/3534 3706/3706/3536 3707/3707/3537
f 3704/3704/3534 3707/3707/3537 3553/3553/3395
f 3704/3704/3534 3553/3553/3395 3551/3551/3393
f 3704/3704/3534 3551/3551/3393 3550/3550/3392
f 3707/3707/3537 3706/3706/3536 3708/3708/3538
f 3707/3707/3537 3708/3708/3538 3709/3709/3539
f 3707/3707/3537 3709/3709/3539 3710/3710/3540
f 3707/3707/3537 3710/3710/3540 3556/3556/3398
f 3707/3707/3537 3556/3556/3398 3554/3554/3396
f 3707/3707/3537 3554/3554/3396 3553/3553/3395
f 3710/3710/3540 3709/3709/3539 3711/3711/3541
f 3710/3710/3540 3711/3711/3541 3712/3712/3542
f 3710/3710/3540 3712/3712/3542 3713/3713/3543
f 3710/3710/3540 3713/3713/3543 3714/3714/3544
f 3710/3710/3540 3714/3714/3544 3557/3557/3399
f 3710/3710/3540 3557/3557/3399 3556/3556/3398
f 3714/3714/3544 3713/3713/3543 3715/3715/3545
f 3714/3714/3544 3715/3715/3545 3716/3716/3546
f 3714/3714/3544 3716/3716/3546 3558/3558/3400
f 3714/3714/3544 3558/3558/3400 3557/3557/3399
f 3716/3716/3546 3715/3715/3545 3717/3717/3547
f 3716/3716/3546 3717/3717/3547 3718/3718/3548
f 3716/3716/3546 3718/3718/3548 3560/3560/3402
f 3716/3716/3546 3560/3560/3402 3558/3558/3400
f 3718/3718/3548 3717/3717/3547 3571/3571/3413
f 3718/3718/3548 3571/3571/3413 3570/3570/3412
f 3718/3718/3548 3570/3570/3412 3562/3562/3404
f 3718/3718/3548 3562/3562/3404 3560/3560/3402
f 3717/3717/3547 3715/3715/3545 3719/3719/3549
f 3717/3717/3547 3719/3719/3549 3720/3720/3550
f 3717/3717/3547 3720/3720/3550 3573/3573/3415
f 3717/3717/3547 3573/3573/3415 3571/3571/3413
f 3720/3720/3550 3719/3719/3549 3721/3721/3551
f 3720/3720/3550 3721/3721/3551 3722/3722/3552
f 3720/3720/3550 3722/3722/3552 3575/3575/3417
f 3720/3720/3550 3575/3575/3417 3573/3573/3415
f 3722/3722/3552 3721/3721/3551 3723/3723/3553
f 3722/3722/3552 3723/3723/3553 3580/3580/3422
f 3722/3722/3552 3580/3580/3422 3577/3577/3419
f 3722/3722/3552 3577/3577/3419 3575/3575/3417
f 3723/3723/3553 3721/3721/3551 3724/3724/3554
f 3723/3723/3553 3724/3724/3554 3725/3725/3555
f 3723/3723/3553 3725/3725/3555 3726/3726/3556
f 3723/3723/3553 3726/3726/3556 3583/3583/3425
f 3723/3723/3553 3583/3583/3425 3581/3581/3423
f 3723/3723/3553 3581/3581/3423 3580/3580/3422
f 3726/3726/3556 3725/3725/3555 3727/3727/3557
f 3726/3726/3556 3727/3727/3557 3728/3728/3558
f 3726/3726/3556 3728/3728/3558 3729/3729/3559
f 3726/3726/3556 3729/3729/3559 3586/3586/3428
f 3726/3726/3556 3586/3586/3428 3584/3584/3426
f 3726/3726/3556 3584/3584/3426 3583/3583/3425
f 3729/3729/3559 3728/3728/3558 3730/3730/3560
f 3729/3729/3559 3730/3730/3560 3731/3731/3561
f 3729/3729/3559 3731/3731/3561 3732/3732/3562
f 3729/3729/3559 3732/3732/3562 3589/3589/3431
f 3729/3729/3559 3589/3589/3431 3587/3587/3429
f 3729/3729/3559 3587/3587/3429 3586/3586/3428
f 3732/3732/3562 3731/3731/3561 3733/3733/3563
f 3732/3732/3562 3733/3733/3563 3734/3734/3564
f 3732/3732/3562 3734/3734/3564 3735/3735/3565
f 3732/3732/3562 3735/3735/3565 3592/3592/3434
f 3732/3732/3562 3592/3592/3434 3590/3590/3432
f 3732/3732/3562 3590/3590/3432 3589/3589/3431
f 3735/3735/3565 3734/3734/3564 3736/3736/3566
f 3735/3735/3565 3736/3736/3566 3737/3737/3567
f 3735/3735/3565 3737/3737/3567 3597/3597/3439
f 3735/3735/3565 3597/3597/3439 3595/3595/3437
f 3735/3735/3565 3595/3595/3437 3593/3593/3435
f 3735/3735/3565 3593/3593/3435 3592/3592/3434
f 3737/3737/3567 3736/3736/3566 3738/3738/3568
f 3737/3737/3567 3738/3738/3568 3739/3739/3569
f 3737/3737/3567 3739/3739/3569 3599/3599/3441
f 3737/3737/3567 3599/3599/3441 3597/3597/3439
f 3739/3739/3569 3738/3738/3568 3740/3740/3570
f 3739/3739/3569 3740/3740/3570 3741/3741/3571
f 3739/3739/3569 3741/3741/3571 3601/3601/3443
f 3739/3739/3569 3601/3601/3443 3599/3599/3441
f 3741/3741/3571 3740/3740/3570 3742/3742/3572
f 3741/3741/3571 3742/3742/3572 3743/3743/3573
f 3741/3741/3571 3743/3743/3573 3744/3744/3574
f 3741/3741/3571 3744/3744/3574 3601/3601/3443
f 3744/3744/3574 3743/3743/3573 3745/3745/3575
f 3744/3744/3574 3745/3745/3575 3746/3746/3576
f 3744/3744/3574 3746/3746/3576 3606/3606/3448
f 3744/3744/3574 3606/3606/3448 3604/3604/3446
f 3744/3744/3574 3604/3604/3446 3602/3602/3444
f 3744/3744/3574 3602/3602/3444 3601/3601/3443
f 3746/3746/3576 3745/3745/3575 3747/3747/3577
f 3746/3746/3576 3747/3747/3577 3748/3748/3578
f 3746/3746/3576 3748/3748/3578 3749/3749/3579
f 3746/3746/3576 3749/3749/3579 3606/3606/3448
f 3749/3749/3579 3748/3748/3578 3750/3750/3580
f 3749/3749/3579 3750/3750/3580 3751/3751/3581
f 3749/3749/3579 3751/3751/3581 3752/3752/3582
f 3749/3749/3579 3752/3752/3582 3609/3609/3451
f 3749/3749/3579 3609/3609/3451 3607/3607/3449
f 3749/3749/3579 3607/3607/3449 3606/3606/3448
f 3752/3752/3582 3751/3751/3581 3753/3753/3583
f 3752/3752/3582 3753/3753/3583 3754/3754/3584
f 3752/3752/3582 3754/3754/3584 3755/3755/3585
f 3752/3752/3582 3755/3755/3585 3612/3612/3454
f 3752/3752/3582 3612/3612/3454 3610/3610/3452
f 3752/3752/3582 3610/3610/3452 3609/3609/3451
f 3755/3755/3585 3754/3754/3584 3756/3756/3586
f 3755/3755/3585 3756/3756/3586 3757/3757/3587
f 3755/3755/3585 3757/3757/3587 3758/3758/3588
f 3755/3755/3585 3758/3758/3588 3615/3615/3457
f 3755/3755/3585 3615/3615/3457 3613/3613/3455
f 3755/3755/3585 3613/3613/3455 3612/3612/3454
f 3758/3758/3588 3757/3757/3587 3759/3759/3589
f 3758/3758/3588 3759/3759/3589 3760/3760/3590
f 3758/3758/3588 3760/3760/3590 3761/3761/3591
f 3758/3758/3588 3761/3761/3591 3618/3618/3460
f 3758/3758/3588 3618/3618/3460 3616/3616/3458
f 3758/3758/3588 3616/3616/3458 3615/3615/3457
f 3761/3761/3591 3760/3760/3590 3762/3762/3592
f 3761/3761/3591 3762/3762/3592 3763/3763/3593
f 3761/3761/3591 3763/3763/3593 3764/3764/3594
f 3761/3761/3591 3764/3764/3594 3621/3621/3463
f 3761/3761/3591 3621/3621/3463 3619/3619/3461
f 3761/3761/3591 3619/3619/3461 3618/3618/3460
f 3764/3764/3594 3763/3763/3593 3765/3765/3595
f 3764/3764/3594 3765/3765/3595 3766/3766/3596
f 3764/3764/3594 3766/3766/3596 3767/3767/3597
f 3764/3764/3594 3767/3767/3597 3768/3768/3598
f 3764/3764/3594 3768/3768/3598 3622/3622/3464
f 3764/3764/3594 3622/3622/3464 3621/3621/3463
f 3768/3768/3598 3767/3767/3597 3769/3769/3599
f 3768/3768/3598 3769/3769/3599 3770/3770/3600
f 3768/3768/3598 3770/3770/3600 3623/3623/3465
f 3768/3768/3598 3623/3623/3465 3622/3622/3464
f 3770/3770/3600 3769/3769/3599 3771/3771/3601
f 3770/3770/3600 3771/3771/3601 3772/3772/3602
f 3770/3770/3600 3772/3772/3602 3625/3625/3467
f 3770/3770/3600 3625/3625/3467 3623/3623/3465
f 3772/3772/3602 3771/3771/3601 3773/3773/3603
f 3772/3772/3602 3773/3773/3603 3774/3774/3604
f 3772/3772/3602 3774/3774/3604 3627/3627/3469
f 3772/3772/3602 3627/3627/3469 3625/3625/3467
f 3774/3774/3604 3773/3773/3603 3775/3775/3605
f 3774/3774/3604 3775/3775/3605 3776/3776/3606
f 3774/3774/3604 3776/3776/3606 3629/3629/3471
f 3774/3774/3604 3629/3629/3471 3627/3627/3469
f 3776/3776/3606 3775/3775/3605 3777/3777/3607
f 3776/3776/3606 3777/3777/3607 3778/3778/3608
f 3776/3776/3606 3778/3778/3608 3631/3631/3473
f 3776/3776/3606 3631/3631/3473 3629/3629/3471
f 3778/3778/3608 3777/3777/3607 3779/3779/3609
f 3778/3778/3608 3779/3779/3609 3780/3780/3610
f 3778/3778/3608 3780/3780/3610 3633/3633/3475
f 3778/3778/3608 3633/3633/3475 3631/3631/3473
f 3780/3780/3610 3779/3779/3609 3781/3781/3611
f 3780/3780/3610 3781/3781/3611 3782/3782/3612
f 3780/3780/3610 3782/3782/3612 3635/3635/3477
f 3780/3780/3610 3635/3635/3477 3633/3633/3475
f 3782/3782/3612 3781/3781/3611 3783/3783/3613
f 3782/3782/3612 3783/3783/3613 3784/3784/3614
f 3782/3782/3612 3784/3784/3614 3637/3637/3479
f 3782/3782/3612 3637/3637/3479 3635/3635/3477
f 3784/3784/3614 3783/3783/3613 3785/3785/3615
f 3784/3784/3614 3785/3785/3615 3786/3786/3616
f 3784/3784/3614 3786/3786/3616 3787/3787/3617
f 3784/3784/3614 3787/3787/3617 3637/3637/3479
f 3787/3787/3617 3786/3786/3616 3788/3788/3618
f 3787/3787/3617 3788/3788/3618 3789/3789/3619
f 3787/3787/3617 3789/3789/3619 3790/3790/3620
f 3787/3787/3617 3790/3790/3620 3640/3640/3482
f 3787/3787/3617 3640/3640/3482 3638/3638/3480
f 3787/3787/3617 3638/3638/3480 3637/3637/3479
f 3790/3790/3620 3789/3789/3619 3791/3791/3621
f 3790/3790/3620 3791/3791/3621 3792/3792/3622
f 3790/3790/3620 3792/3792/3622 3793/3793/3623
f 3790/3790/3620 3793/3793/3623 3643/3643/3485
f 3790/3790/3620 3643/3643/3485 3641/3641/3483
f 3790/3790/3620 3641/3641/3483 3640/3640/3482
f 3793/3793/3623 3792/3792/3622 3794/3794/3624
f 3793/3793/3623 3794/3794/3624 3795/3795/3625
f 3793/3793/3623 3795/3795/3625 3796/3796/3626
f 3793/3793/3623 3796/3796/3626 3646/3646/3488
f 3793/3793/3623 3646/3646/3488 3644/3644/3486
f 3793/3793/3623 3644/3644/3486 3643/3643/3485
f 3796/3796/3626 3795/3795/3625 3797/3797/3627
f 3796/3796/3626 3797/3797/3627 3798/3798/3628
f 3796/3796/3626 3798/3798/3628 3799/3799/3629
f 3796/3796/3626 3799/3799/3629 3649/3649/3491
f 3796/3796/3626 3649/3649/3491 3647/3647/3489
f 3796/3796/3626 3647/3647/3489 3646/3646/3488
f 3799/3799/3629 3798/3798/3628 3800/3800/3630
f 3799/3799/3629 3800/3800/3630 3801/3801/3631
f 3799/3799/3629 3801/3801/3631 3667/3667/3504
f 3799/3799/3629 3667/3667/3504 3663/3663/3500
f 3799/3799/3629 3663/3663/3500 3650/3650/3492
f 3799/3799/3629 3650/3650/3492 3649/3649/3491
f 3801/3801/3631 3800/3800/3630 3802/3802/3632
f 3801/3801/3631 3802/3802/3632 3803/3803/3633
f 3801/3801/3631 3803/3803/3633 3670/3670/3506
f 3801/3801/3631 3670/3670/3506 3667/3667/3504
f 3803/3803/3633 3802/3802/3632 3804/3804/3634
f 3803/3803/3633 3804/3804/3634 3805/3805/3635
f 3803/3803/3633 3805/3805/3635 3673/3673/3508
f 3803/3803/3633 3673/3673/3508 3670/3670/3506
f 3805/3805/3635 3804/3804/3634 3806/3806/3636
f 3805/3805/3635 3806/3806/3636 3807/3807/3637
f 3805/3805/3635 3807/3807/3637 3676/3676/3510
f 3805/3805/3635 3676/3676/3510 3673/3673/3508
f 3807/3807/3637 3806/3806/3636 3808/3808/3638
f 3807/3807/3637 3808/3808/3638 3809/3809/3639
f 3807/3807/3637 3809/3809/3639 3679/3679/3512
f 3807/3807/3637 3679/3679/3512 3676/3676/3510
f 3809/3809/3639 3808/3808/3638 3810/3810/3640
f 3809/3809/3639 3810/3810/3640 3811/3811/3641
f 3809/3809/3639 3811/3811/3641 3682/3682/3514
f 3809/3809/3639 3682/3682/3514 3679/3679/3512
f 3812/3812/3641 3813/3813/3640 3814/3814/3642
f 3812/3812/3641 3814/3814/3642 3815/3815/3643
f 3812/3812/3641 3815/3815/3643 3687/3687/3517
f 3812/3812/3641 3687/3687/3517 3686/3686/3514
f 3815/3815/3643 3814/3814/3642 3816/3816/3644
f 3815/3815/3643 3816/3816/3644 3817/3817/3645
f 3815/3815/3643 3817/3817/3645 3689/3689/3519
f 3815/3815/3643 3689/3689/3519 3687/3687/3517
f 3817/3817/3645 3816/3816/3644 3818/3818/3646
f 3817/3817/3645 3818/3818/3646 3819/3819/3647
f 3817/3817/3645 3819/3819/3647 3691/3691/3521
f 3817/3817/3645 3691/3691/3521 3689/3689/3519
f 3819/3819/3647 3818/3818/3646 3820/3820/3648
f 3819/3819/3647 3820/3820/3648 3821/3821/3649
f 3819/3819/3647 3821/3821/3649 3693/3693/3523
f 3819/3819/3647 3693/3693/3523 3691/3691/3521
f 3821/3821/3649 3820/3820/3648 3822/3822/3650
f 3821/3821/3649 3822/3822/3650 3823/3823/3651
f 3821/3821/3649 3823/3823/3651 3824/3824/3652
f 3821/3821/3649 3824/3824/3652 3693/3693/3523
f 3824/3824/3652 3823/3823/3651 3825/3825/3653
f 3824/3824/3652 3825/3825/3653 3826/3826/3654
f 3824/3824/3652 3826/3826/3654 3827/3827/3655
f 3824/3824/3652 3827/3827/3655 3696/3696/3526
f 3824/3824/3652 3696/3696/3526 3694/3694/3524
f 3824/3824/3652 3694/3694/3524 3693/3693/3523
f 3827/3827/3655 3826/3826/3654 3828/3828/3656
f 3827/3827/3655 3828/3828/3656 3829/3829/3657
f 3827/3827/3655 3829/3829/3657 3830/3830/3658
f 3827/3827/3655 3830/3830/3658 3699/3699/3529
f 3827/3827/3655 3699/3699/3529 3697/3697/3527
f 3827/3827/3655 3697/3697/3527 3696/3696/3526
f 3830/3830/3658 3829/3829/3657 3831/3831/3659
f 3830/3830/3658 3831/3831/3659 3832/3832/3660
f 3830/3830/3658 3832/3832/3660 3833/3833/3661
f 3830/3830/3658 3833/3833/3661 3702/3702/3532
f 3830/3830/3658 3702/3702/3532 3700/3700/3530
f 3830/3830/3658 3700/3700/3530 3699/3699/3529
f 3833/3833/3661 3832/3832/3660 3834/3834/3662
f 3833/3833/3661 3834/3834/3662 3835/3835/3663
f 3833/3833/3661 3835/3835/3663 3836/3836/3664
f 3833/3833/3661 3836/3836/3664 3705/3705/3535
f 3833/3833/3661 3705/3705/3535 3703/3703/3533
f 3833/3833/3661 3703/3703/3533 3702/3702/3532
f 3836/3836/3664 3835/3835/3663 3837/3837/3665
f 3836/3836/3664 3837/3837/3665 3838/3838/3666
f 3836/3836/3664 3838/3838/3666 3839/3839/3667
f 3836/3836/3664 3839/3839/3667 3708/3708/3538
f 3836/3836/3664 3708/3708/3538 3706/3706/3536
f 3836/3836/3664 3706/3706/3536 3705/3705/3535
f 3839/3839/3667 3838/3838/3666 3840/3840/3668
f 3839/3839/3667 3840/3840/3668 3841/3841/3669
f 3839/3839/3667 3841/3841/3669 3842/3842/3670
f 3839/3839/3667 3842/3842/3670 3711/3711/3541
f 3839/3839/3667 3711/3711/3541 3709/3709/3539
f 3839/3839/3667 3709/3709/3539 3708/3708/3538
f 3842/3842/3670 3841/3841/3669 3843/3843/3671
f 3842/3842/3670 3843/3843/3671 3844/3844/3672
f 3842/3842/3670 3844/3844/3672 3845/3845/3673
f 3842/3842/3670 3845/3845/3673 3846/3846/3674
f 3842/3842/3670 3846/3846/3674 3712/3712/3542
f 3842/3842/3670 3712/3712/3542 3711/3711/3541
f 3846/3846/3674 3845/3845/3673 3724/3724/3554
f 3846/3846/3674 3724/3724/3554 3847/3847/3675
f 3846/3846/3674 3847/3847/3675 3713/3713/3543
f 3846/3846/3674 3713/3713/3543 3712/3712/3542
f 3847/3847/3675 3724/3724/3554 3721/3721/3551
f 3847/3847/3675 3721/3721/3551 3719/3719/3549
f 3847/3847/3675 3719/3719/3549 3715/3715/3545
f 3847/3847/3675 3715/3715/3545 3713/3713/3543
f 3845/3845/3673 3844/3844/3672 3848/3848/3676
f 3845/3845/3673 3848/3848/3676 3727/3727/3557
f 3845/3845/3673 3727/3727/3557 3725/3725/3555
f 3845/3845/3673 3725/3725/3555 3724/3724/3554
f 3848/3848/3676 3844/3844/3672 3843/3843/3671
f 3848/3848/3676 3843/3843/3671 3849/3849/3677
f 3848/3848/3676 3849/3849/3677 3850/3850/3678
f 3848/3848/3676 3850/3850/3678 3730/3730/3560
f 3848/3848/3676 3730/3730/3560 3728/3728/3558
f 3848/3848/3676 3728/3728/3558 3727/3727/3557
f 3850/3850/3678 3849/3849/3677 3851/3851/3679
f 3850/3850/3678 3851/3851/3679 3852/3852/3680
f 3850/3850/3678 3852/3852/3680 3853/3853/3681
f 3850/3850/3678 3853/3853/3681 3733/3733/3563
f 3850/3850/3678 3733/3733/3563 3731/3731/3561
f 3850/3850/3678 3731/3731/3561 3730/3730/3560
f 3853/3853/3681 3852/3852/3680 3854/3854/3682
f 3853/3853/3681 3854/3854/3682 3855/3855/3683
f 3853/3853/3681 3855/3855/3683 3738/3738/3568
f 3853/3853/3681 3738/3738/3568 3736/3736/3566
f 3853/3853/3681 3736/3736/3566 3734/3734/3564
f 3853/3853/3681 3734/3734/3564 3733/3733/3563
f 3855/3855/3683 3854/3854/3682 3856/3856/3684
f 3855/3855/3683 3856/3856/3684 3857/3857/3685
f 3855/3855/3683 3857/3857/3685 3740/3740/3570
f 3855/3855/3683 3740/3740/3570 3738/3738/3568
f 3857/3857/3685 3856/3856/3684 3858/3858/3686
f 3857/3857/3685 3858/3858/3686 3859/3859/3687
f 3857/3857/3685 3859/3859/3687 3742/3742/3572
f 3857/3857/3685 3742/3742/3572 3740/3740/3570
f 3859/3859/3687 3858/3858/3686 3860/3860/3688
f 3859/3859/3687 3860/3860/3688 3861/3861/3689
f 3859/3859/3687 3861/3861/3689 3862/3862/3690
f 3859/3859/3687 3862/3862/3690 3742/3742/3572
f 3862/3862/3690 3861/3861/3689 3863/3863/3691
f 3862/3862/3690 3863/3863/3691 3864/3864/3692
f 3862/3862/3690 3864/3864/3692 3747/3747/3577
f 3862/3862/3690 3747/3747/3577 3745/3745/3575
f 3862/3862/3690 3745/3745/3575 3743/3743/3573
f 3862/3862/3690 3743/3743/3573 3742/3742/3572
f 3864/3864/3692 3863/3863/3691 3865/3865/3693
f 3864/3864/3692 3865/3865/3693 3866/3866/3694
f 3864/3864/3692 3866/3866/3694 3867/3867/3695
f 3864/3864/3692 3867/3867/3695 3747/3747/3577
f 3867/3867/3695 3866/3866/3694 3868/3868/3696
f 3867/3867/3695 3868/3868/3696 3869/3869/3697
f 3867/3867/3695 3869/3869/3697 3870/3870/3698
f 3867/3867/3695 3870/3870/3698 3750/3750/3580
f 3867/3867/3695 3750/3750/3580 3748/3748/3578
f 3867/3867/3695 3748/3748/3578 3747/3747/3577
f 3870/3870/3698 3869/3869/3697 3871/3871/3699
f 3870/3870/3698 3871/3871/3699 3872/3872/3700
f 3870/3870/3698 3872/3872/3700 3873/3873/3701
f 3870/3870/3698 3873/3873/3701 3753/3753/3583
f 3870/3870/3698 3753/3753/3583 3751/3751/3581
f 3870/3870/3698 3751/3751/3581 3750/3750/3580
f 3873/3873/3701 3872/3872/3700 3874/3874/3702
f 3873/3873/3701 3874/3874/3702 3875/3875/3703
f 3873/3873/3701 3875/3875/3703 3876/3876/3704
f 3873/3873/3701 3876/3876/3704 3756/3756/3586
f 3873/3873/3701 3756/3756/3586 3754/3754/3584
f 3873/3873/3701 3754/3754/3584 3753/3753/3583
f 3876/3876/3704 3875/3875/3703 3877/3877/3705
f 3876/3876/3704 3877/3877/3705 3878/3878/3706
f 3876/3876/3704 3878/3878/3706 3879/3879/3707
f 3876/3876/3704 3879/3879/3707 3759/3759/3589
f 3876/3876/3704 3759/3759/3589 3757/3757/3587
f 3876/3876/3704 3757/3757/3587 3756/3756/3586
f 3879/3879/3707 3878/3878/3706 3880/3880/3708
f 3879/3879/3707 3880/3880/3708 3881/3881/3709
f 3879/3879/3707 3881/3881/3709 3882/3882/3710
f 3879/3879/3707 3882/3882/3710 3762/3762/3592
f 3879/3879/3707 3762/3762/3592 3760/3760/3590
f 3879/3879/3707 3760/3760/3590 3759/3759/3589
f 3882/3882/3710 3881/3881/3709 3883/3883/3711
f 3882/3882/3710 3883/3883/3711 3884/3884/3712
f 3882/3882/3710 3884/3884/3712 3885/3885/3713
f 3882/3882/3710 3885/3885/3713 3765/3765/3595
f 3882/3882/3710 3765/3765/3595 3763/3763/3593
f 3882/3882/3710 3763/3763/3593 3762/3762/3592
f 3885/3885/3713 3884/3884/3712 3886/3886/3714
f 3885/3885/3713 3886/3886/3714 3887/3887/3715
f 3885/3885/3713 3887/3887/3715 3888/3888/3716
f 3885/3885/3713 3888/3888/3716 3889/3889/3717
f 3885/3885/3713 3889/3889/3717 3766/3766/3596
f 3885/3885/3713 3766/3766/3596 3765/3765/3595
f 3889/3889/3717 3888/3888/3716 3890/3890/3718
f 3889/3889/3717 3890/3890/3718 3891/3891/3719
f 3889/3889/3717 3891/3891/3719 3767/3767/3597
f 3889/3889/3717 3767/3767/3597 3766/3766/3596
f 3891/3891/3719 3890/3890/3718 3892/3892/3720
f 3891/3891/3719 3892/3892/3720 3893/3893/3721
f 3891/3891/3719 3893/3893/3721 3769/3769/3599
f 3891/3891/3719 3769/3769/3599 3767/3767/3597
f 3893/3893/3721 3892/3892/3720 3894/3894/3722
f 3893/3893/3721 3894/3894/3722 3895/3895/3723
f 3893/3893/3721 3895/3895/3723 3771/3771/3601
f 3893/3893/3721 3771/3771/3601 3769/3769/3599
f 3895/3895/3723 3894/3894/3722 3896/3896/3724
f 3895/3895/3723 3896/3896/3724 3897/3897/3725
f 3895/3895/3723 3897/3897/3725 3773/3773/3603
f 3895/3895/3723 3773/3773/3603 3771/3771/3601
f 3897/3897/3725 3896/3896/3724 3898/3898/3726
f 3897/3897/3725 3898/3898/3726 3899/3899/3727
f 3897/3897/3725 3899/3899/3727 3775/3775/3605
f 3897/3897/3725 3775/3775/3605 3773/3773/3603
f 3899/3899/3727 3898/3898/3726 3900/3900/3728
f 3899/3899/3727 3900/3900/3728 3901/3901/3729
f 3899/3899/3727 3901/3901/3729 3777/3777/3607
f 3899/3899/3727 3777/3777/3607 3775/3775/3605
f 3901/3901/3729 3900/3900/3728 3902/3902/3730
f 3901/3901/3729 3902/3902/3730 3903/3903/3731
f 3901/3901/3729 3903/3903/3731 3779/3779/3609
f 3901/3901/3729 3779/3779/3609 3777/3777/3607
f 3903/3903/3731 3902/3902/3730 3904/3904/3732
f 3903/3903/3731 3904/3904/3732 3905/3905/3733
f 3903/3903/3731 3905/3905/3733 3781/3781/3611
f 3903/3903/3731 3781/3781/3611 3779/3779/3609
f 3905/3905/3733 3904/3904/3732 3906/3906/3734
f 3905/3905/3733 3906/3906/3734 3907/3907/3735
f 3905/3905/3733 3907/3907/3735 3783/3783/3613
f 3905/3905/3733 3783/3783/3613 3781/3781/3611
f 3907/3907/3735 3906/3906/3734 3908/3908/3736
f 3907/3907/3735 3908/3908/3736 3909/3909/3737
f 3907/3907/3735 3909/3909/3737 3785/3785/3615
f 3907/3907/3735 3785/3785/3615 3783/3783/3613
f 3909/3909/3737 3908/3908/3736 3910/3910/3738
f 3909/3909/3737 3910/3910/3738 3911/3911/3739
f 3909/3909/3737 3911/3911/3739 3912/3912/3740
f 3909/3909/3737 3912/3912/3740 3785/3785/3615
f 3912/3912/3740 3911/3911/3739 3913/3913/3741
f 3912/3912/3740 3913/3913/3741 3914/3914/3742
f 3912/3912/3740 3914/3914/3742 3915/3915/3743
f 3912/3912/3740 3915/3915/3743 3788/3788/3618
f 3912/3912/3740 3788/3788/3618 3786/3786/3616
f 3912/3912/3740 3786/3786/3616 3785/3785/3615
f 3915/3915/3743 3914/3914/3742 3916/3916/3744
f 3915/3915/3743 3916/3916/3744 3917/3917/3745
f 3915/3915/3743 3917/3917/3745 3918/3918/3746
f 3915/3915/3743 3918/3918/3746 3791/3791/3621
f 3915/3915/3743 3791/3791/3621 3789/3789/3619
f 3915/3915/3743 3789/3789/3619 3788/3788/3618
f 3918/3918/3746 3917/3917/3745 3919/3919/3747
f 3918/3918/3746 3919/3919/3747 3920/3920/3748
f 3918/3918/3746 3920/3920/3748 3921/3921/3749
f 3918/3918/3746 3921/3921/3749 3794/3794/3624
f 3918/3918/3746 3794/3794/3624 3792/3792/3622
f 3918/3918/3746 3792/3792/3622 3791/3791/3621
f 3921/3921/3749 3920/3920/3748 3922/3922/3750
f 3921/3921/3749 3922/3922/3750 3923/3923/3751
f 3921/3921/3749 3923/3923/3751 3924/3924/3752
f 3921/3921/3749 3924/3924/3752 3797/3797/3627
f 3921/3921/3749 3797/3797/3627 3795/3795/3625
f 3921/3921/3749 3795/3795/3625 3794/3794/3624
f 3924/3924/3752 3923/3923/3751 3925/3925/3753
f 3924/3924/3752 3925/3925/3753 3926/3926/3754
f 3924/3924/3752 3926/3926/3754 3802/3802/3632
f 3924/3924/3752 3802/3802/3632 3800/3800/3630
f 3924/3924/3752 3800/3800/3630 3798/3798/3628
f 3924/3924/3752 3798/3798/3628 3797/3797/3627
f 3926/3926/3754 3925/3925/3753 3927/3927/3755
f 3926/3926/3754 3927/3927/3755 3928/3928/3756
f 3926/3926/3754 3928/3928/3756 3804/3804/3634
f 3926/3926/3754 3804/3804/3634 3802/3802/3632
f 3928/3928/3756 3927/3927/3755 3929/3929/3757
f 3928/3928/3756 3929/3929/3757 3930/3930/3758
f 3928/3928/3756 3930/3930/3758 3806/3806/3636
f 3928/3928/3756 3806/3806/3636 3804/3804/3634
f 3930/3930/3758 3929/3929/3757 3931/3931/3759
f 3930/3930/3758 3931/3931/3759 3932/3932/3760
f 3930/3930/3758 3932/3932/3760 3808/3808/3638
f 3930/3930/3758 3808/3808/3638 3806/3806/3636
f 3932/3932/3760 3931/3931/3759 3933/3933/3761
f 3932/3932/3760 3933/3933/3761 3934/3934/3762
f 3932/3932/3760 3934/3934/3762 3810/3810/3640
f 3932/3932/3760 3810/3810/3640 3808/3808/3638
f 3935/3935/3762 3936/3936/3761 3937/3937/3763
f 3935/3935/3762 3937/3937/3763 3938/3938/3764
f 3935/3935/3762 3938/3938/3764 3814/3814/3642
f 3935/3935/3762 3814/3814/3642 3813/3813/3640
f 3938/3938/3764 3937/3937/3763 3939/3939/3765
f 3938/3938/3764 3939/3939/3765 3940/3940/3766
f 3938/3938/3764 3940/3940/3766 3816/3816/3644
f 3938/3938/3764 3816/3816/3644 3814/3814/3642
f 3940/3940/3766 3939/3939/3765 3941/3941/3767
f 3940/3940/3766 3941/3941/3767 3942/3942/3768
f 3940/3940/3766 3942/3942/3768 3818/3818/3646
f 3940/3940/3766 3818/3818/3646 3816/3816/3644
f 3942/3942/3768 3941/3941/3767 3943/3943/3769
f 3942/3942/3768 3943/3943/3769 3944/3944/3770
f 3942/3942/3768 3944/3944/3770 3820/3820/3648
f 3942/3942/3768 3820/3820/3648 3818/3818/3646
f 3944/3944/3770 3943/3943/3769 3945/3945/3771
f 3944/3944/3770 3945/3945/3771 3946/3946/3772
f 3944/3944/3770 3946/3946/3772 3822/3822/3650
f 3944/3944/3770 3822/3822/3650 3820/3820/3648
f 3946/3946/3772 3945/3945/3771 3947/3947/3773
f 3946/3946/3772 3947/3947/3773 3948/3948/3774
f 3946/3946/3772 3948/3948/3774 3949/3949/3775
f 3946/3946/3772 3949/3949/3775 3822/3822/3650
f 3949/3949/3775 3948/3948/3774 3950/3950/3776
f 3949/3949/3775 3950/3950/3776 3951/3951/3777
f 3949/3949/3775 3951/3951/3777 3952/3952/3778
f 3949/3949/3775 3952/3952/3778 3825/3825/3653
f 3949/3949/3775 3825/3825/3653 3823/3823/3651
f 3949/3949/3775 3823/3823/3651 3822/3822/3650
f 3952/3952/3778 3951/3951/3777 3953/3953/3779
f 3952/3952/3778 3953/3953/3779 3954/3954/3780
f 3952/3952/3778 3954/3954/3780 3955/3955/3781
f 3952/3952/3778 3955/3955/3781 3828/3828/3656
f 3952/3952/3778 3828/3828/3656 3826/3826/3654
f 3952/3952/3778 3826/3826/3654 3825/3825/3653
f 3955/3955/3781 3954/3954/3780 3956/3956/3782
f 3955/3955/3781 3956/3956/3782 3957/3957/3783
f 3955/3955/3781 3957/3957/3783 3958/3958/3784
f 3955/3955/3781 3958/3958/3784 3831/3831/3659
f 3955/3955/3781 3831/3831/3659 3829/3829/3657
f 3955/3955/3781 3829/3829/3657 3828/3828/3656
f 3958/3958/3784 3957/3957/3783 3959/3959/3785
f 3958/3958/3784 3959/3959/3785 3960/3960/3786
f 3958/3958/3784 3960/3960/3786 3961/3961/3787
f 3958/3958/3784 3961/3961/3787 3834/3834/3662
f 3958/3958/3784 3834/3834/3662 3832/3832/3660
f 3958/3958/3784 3832/3832/3660 3831/3831/3659
f 3961/3961/3787 3960/3960/3786 3962/3962/3788
f 3961/3961/3787 3962/3962/3788 3963/3963/3789
f 3961/3961/3787 3963/3963/3789 3964/3964/3790
f 3961/3961/3787 3964/3964/3790 3837/3837/3665
f 3961/3961/3787 3837/3837/3665 3835/3835/3663
f 3961/3961/3787 3835/3835/3663 3834/3834/3662
f 3964/3964/3790 3963/3963/3789 3965/3965/3791
f 3964/3964/3790 3965/3965/3791 3966/3966/3792
f 3964/3964/3790 3966/3966/3792 3967/3967/3793
f 3964/3964/3790 3967/3967/3793 3840/3840/3668
f 3964/3964/3790 3840/3840/3668 3838/3838/3666
f 3964/3964/3790 3838/3838/3666 3837/3837/3665
f 3967/3967/3793 3966/3966/3792 3968/3968/3794
f 3967/3967/3793 3968/3968/3794 3851/3851/3679
f 3967/3967/3793 3851/3851/3679 3849/3849/3677
f 3967/3967/3793 3849/3849/3677 3843/3843/3671
f 3967/3967/3793 3843/3843/3671 3841/3841/3669
f 3967/3967/3793 3841/3841/3669 3840/3840/3668
f 3968/3968/3794 3966/3966/3792 3965/3965/3791
f 3968/3968/3794 3965/3965/3791 3969/3969/3795
f 3968/3968/3794 3969/3969/3795 3856/3856/3684
f 3968/3968/3794 3856/3856/3684 3854/3854/3682
f 3968/3968/3794 3854/3854/3682 3852/3852/3680
f 3968/3968/3794 3852/3852/3680 3851/3851/3679
f 3969/3969/3795 3965/3965/3791 3970/3970/3796
f 3969/3969/3795 3970/3970/3796 3971/3971/3797
f 3969/3969/3795 3971/3971/3797 3858/3858/3686
f 3969/3969/3795 3858/3858/3686 3856/3856/3684
f 3971/3971/3797 3970/3970/3796 3972/3972/3798
f 3971/3971/3797 3972/3972/3798 3973/3973/3799
f 3971/3971/3797 3973/3973/3799 3860/3860/3688
f 3971/3971/3797 3860/3860/3688 3858/3858/3686
f 3973/3973/3799 3972/3972/3798 3974/3974/3800
f 3973/3973/3799 3974/3974/3800 3975/3975/3801
f 3973/3973/3799 3975/3975/3801 3976/3976/3802
f 3973/3973/3799 3976/3976/3802 3860/3860/3688
f 3976/3976/3802 3975/3975/3801 3977/3977/3803
f 3976/3976/3802 3977/3977/3803 3978/3978/3804
f 3976/3976/3802 3978/3978/3804 3865/3865/3693
f 3976/3976/3802 3865/3865/3693 3863/3863/3691
f 3976/3976/3802 3863/3863/3691 3861/3861/3689
f 3976/3976/3802 3861/3861/3689 3860/3860/3688
f 3978/3978/3804 3977/3977/3803 3979/3979/3805
f 3978/3978/3804 3979/3979/3805 3980/3980/3806
f 3978/3978/3804 3980/3980/3806 3981/3981/3807
f 3978/3978/3804 3981/3981/3807 3865/3865/3693
f 3981/3981/3807 3980/3980/3806 3982/3982/3808
f 3981/3981/3807 3982/3982/3808 3983/3983/3809
f 3981/3981/3807 3983/3983/3809 3984/3984/3810
f 3981/3981/3807 3984/3984/3810 3868/3868/3696
f 3981/3981/3807 3868/3868/3696 3866/3866/3694
f 3981/3981/3807 3866/3866/3694 3865/3865/3693
f 3984/3984/3810 3983/3983/3809 3985/3985/3811
f 3984/3984/3810 3985/3985/3811 3986/3986/3812
f 3984/3984/3810 3986/3986/3812 3987/3987/3813
f 3984/3984/3810 3987/3987/3813 3871/3871/3699
f 3984/3984/3810 3871/3871/3699 3869/3869/3697
f 3984/3984/3810 3869/3869/3697 3868/3868/3696
f 3987/3987/3813 3986/3986/3812 3988/3988/3814
f 3987/3987/3813 3988/3988/3814 3989/3989/3815
f 3987/3987/3813 3989/3989/3815 3990/3990/3816
f 3987/3987/3813 3990/3990/3816 3874/3874/3702
f 3987/3987/3813 3874/3874/3702 3872/3872/3700
f 3987/3987/3813 3872/3872/3700 3871/3871/3699
f 3990/3990/3816 3989/3989/3815 3991/3991/3817
f 3990/3990/3816 3991/3991/3817 3992/3992/3818
f 3990/3990/3816 3992/3992/3818 3993/3993/3819
f 3990/3990/3816 3993/3993/3819 3877/3877/3705
f 3990/3990/3816 3877/3877/3705 3875/3875/3703
f 3990/3990/3816 3875/3875/3703 3874/3874/3702
f 3993/3993/3819 3992/3992/3818 3994/3994/3820
f 3993/3993/3819 3994/3994/3820 3995/3995/3821
f 3993/3993/3819 3995/3995/3821 3996/3996/3822
f 3993/3993/3819 3996/3996/3822 3880/3880/3708
f 3993/3993/3819 3880/3880/3708 3878/3878/3706
f 3993/3993/3819 3878/3878/3706 3877/3877/3705
f 3996/3996/3822 3995/3995/3821 3997/3997/3823
f 3996/3996/3822 3997/3997/3823 3998/3998/3824
f 3996/3996/3822 3998/3998/3824 3999/3999/3825
f 3996/3996/3822 3999/3999/3825 3883/3883/3711
f 3996/3996/3822 3883/3883/3711 3881/3881/3709
f 3996/3996/3822 3881/3881/3709 3880/3880/3708
f 3999/3999/3825 3998/3998/3824 4000/4000/3826
f 3999/3999/3825 4000/4000/3826 4001/4001/3827
f 3999/3999/3825 4001/4001/3827 4002/4002/3828
f 3999/3999/3825 4002/4002/3828 3886/3886/3714
f 3999/3999/3825 3886/3886/3714 3884/3884/3712
f 3999/3999/3825 3884/3884/3712 3883/3883/3711
f 4002/4002/3828 4001/4001/3827 4003/4003/3829
f 4002/4002/3828 4003/4003/3829 4004/4004/3830
f 4002/4002/3828 4004/4004/3830 4005/4005/3831
f 4002/4002/3828 4005/4005/3831 4006/4006/3832
f 4002/4002/3828 4006/4006/3832 3887/3887/3715
f 4002/4002/3828 3887/3887/3715 3886/3886/3714
f 4006/4006/3832 4005/4005/3831 4007/4007/3833
f 4006/4006/3832 4007/4007/3833 4008/4008/3834
f 4006/4006/3832 4008/4008/3834 3888/3888/3716
f 4006/4006/3832 3888/3888/3716 3887/3887/3715
f 4008/4008/3834 4007/4007/3833 4009/4009/3835
f 4008/4008/3834 4009/4009/3835 4010/4010/3836
f 4008/4008/3834 4010/4010/3836 3890/3890/3718
f 4008/4008/3834 3890/3890/3718 3888/3888/3716
f 4010/4010/3836 4009/4009/3835 4011/4011/3837
f 4010/4010/3836 4011/4011/3837 4012/4012/3838
f 4010/4010/3836 4012/4012/3838 3892/3892/3720
f 4010/4010/3836 3892/3892/3720 3890/3890/3718
f 4012/4012/3838 4011/4011/3837 4013/4013/3839
f 4012/4012/3838 4013/4013/3839 4014/4014/3840
f 4012/4012/3838 4014/4014/3840 3894/3894/3722
f 4012/4012/3838 3894/3894/3722 3892/3892/3720
f 4014/4014/3840 4013/4013/3839 4015/4015/3841
f 4014/4014/3840 4015/4015/3841 4016/4016/3842
f 4014/4014/3840 4016/4016/3842 3896/3896/3724
f 4014/4014/3840 3896/3896/3724 3894/3894/3722
f 4016/4016/3842 4015/4015/3841 4017/4017/3843
f 4016/4016/3842 4017/4017/3843 4018/4018/3844
f 4016/4016/3842 4018/4018/3844 3898/3898/3726
f 4016/4016/3842 3898/3898/3726 3896/3896/3724
f 4018/4018/3844 4017/4017/3843 4019/4019/3845
f 4018/4018/3844 4019/4019/3845 4020/4020/3846
f 4018/4018/3844 4020/4020/3846 3900/3900/3728
f 4018/4018/3844 3900/3900/3728 3898/3898/3726
f 4020/4020/3846 4019/4019/3845 4021/4021/3847
f 4020/4020/3846 4021/4021/3847 4022/4022/3848
f 4020/4020/3846 4022/4022/3848 3902/3902/3730
f 4020/4020/3846 3902/3902/3730 3900/3900/3728
f 4022/4022/3848 4021/4021/3847 4023/4023/3849
f 4022/4022/3848 4023/4023/3849 4024/4024/3850
f 4022/4022/3848 4024/4024/3850 3904/3904/3732
f 4022/4022/3848 3904/3904/3732 3902/3902/3730
f 4024/4024/3850 4023/4023/3849 4025/4025/3851
f 4024/4024/3850 4025/4025/3851 4026/4026/3852
f 4024/4024/3850 4026/4026/3852 3906/3906/3734
f 4024/4024/3850 3906/3906/3734 3904/3904/3732
f 4026/4026/3852 4025/4025/3851 4027/4027/3853
f 4026/4026/3852 4027/4027/3853 4028/4028/3854
f 4026/4026/3852 4028/4028/3854 3908/3908/3736
f 4026/4026/3852 3908/3908/3736 3906/3906/3734
f 4028/4028/3854 4027/4027/3853 4029/4029/3855
f 4028/4028/3854 4029/4029/3855 4030/4030/3856
f 4028/4028/3854 4030/4030/3856 3910/3910/3738
f 4028/4028/3854 3910/3910/3738 3908/3908/3736
f 4030/4030/3856 4029/4029/3855 4031/4031/3857
f 4030/4030/3856 4031/4031/3857 4032/4032/3858
f 4030/4030/3856 4032/4032/3858 4033/4033/3859
f 4030/4030/3856 4033/4033/3859 3910/3910/3738
f 4033/4033/3859 4032/4032/3858 4034/4034/3860
f 4033/4033/3859 4034/4034/3860 4035/4035/3861
f 4033/4033/3859 4035/4035/3861 4036/4036/3862
f 4033/4033/3859 4036/4036/3862 3913/3913/3741
f 4033/4033/3859 3913/3913/3741 3911/3911/3739
f 4033/4033/3859 3911/3911/3739 3910/3910/3738
f 4036/4036/3862 4035/4035/3861 4037/4037/3863
f 4036/4036/3862 4037/4037/3863 4038/4038/3864
f 4036/4036/3862 4038/4038/3864 4039/4039/3865
f 4036/4036/3862 4039/4039/3865 3916/3916/3744
f 4036/4036/3862 3916/3916/3744 3914/3914/3742
f 4036/4036/3862 3914/3914/3742 3913/3913/3741
f 4039/4039/3865 4038/4038/3864 4040/4040/3866
f 4039/4039/3865 4040/4040/3866 4041/4041/3867
f 4039/4039/3865 4041/4041/3867 4042/4042/3868
f 4039/4039/3865 4042/4042/3868 3919/3919/3747
f 4039/4039/3865 3919/3919/3747 3917/3917/3745
f 4039/4039/3865 3917/3917/3745 3916/3916/3744
f 4042/4042/3868 4041/4041/3867 4043/4043/3869
f 4042/4042/3868 4043/4043/3869 4044/4044/3870
f 4042/4042/3868 4044/4044/3870 4045/4045/3871
f 4042/4042/3868 4045/4045/3871 3922/3922/3750
f 4042/4042/3868 3922/3922/3750 3920/3920/3748
f 4042/4042/3868 3920/3920/3748 3919/3919/3747
f 4045/4045/3871 4044/4044/3870 4046/4046/3872
f 4045/4045/3871 4046/4046/3872 4047/4047/3873
f 4045/4045/3871 4047/4047/3873 3927/3927/3755
f 4045/4045/3871 3927/3927/3755 3925/3925/3753
f 4045/4045/3871 3925/3925/3753 3923/3923/3751
f 4045/4045/3871 3923/3923/3751 3922/3922/3750
f 4047/4047/3873 4046/4046/3872 4048/4048/3874
f 4047/4047/3873 4048/4048/3874 4049/4049/3875
f 4047/4047/3873 4049/4049/3875 3929/3929/3757
f 4047/4047/3873 3929/3929/3757 3927/3927/3755
f 4049/4049/3875 4048/4048/3874 4050/4050/3876
f 4049/4049/3875 4050/4050/3876 4051/4051/3877
f 4052/4052/3875 4053/4053/3877 4054/4054/3878
f 4052/4052/3875 4054/4054/3878 4055/4055/3757
f 4056/4056/3877 4057/4057/3879 4058/4058/3880
f 4056/4056/3877 4058/4058/3880 4059/4059/3881
f 4060/4060/3877 4061/4061/3882 4062/4062/3883
f 4060/4060/3877 4062/4062/3883 4063/4063/3759
f 4064/4064/3884 4065/4065/3885 4066/4066/3886
f 4064/4064/3884 4066/4066/3886 4067/4067/3887
f 4064/4064/3884 4067/4067/3887 3937/3937/3763
f 4064/4064/3884 3937/3937/3763 3936/3936/3761
f 4067/4067/3887 4066/4066/3886 4068/4068/3888
f 4067/4067/3887 4068/4068/3888 4069/4069/3889
f 4067/4067/3887 4069/4069/3889 3939/3939/3765
f 4067/4067/3887 3939/3939/3765 3937/3937/3763
f 4069/4069/3889 4068/4068/3888 4070/4070/3890
f 4069/4069/3889 4070/4070/3890 4071/4071/3891
f 4069/4069/3889 4071/4071/3891 3941/3941/3767
f 4069/4069/3889 3941/3941/3767 3939/3939/3765
f 4071/4071/3891 4070/4070/3890 4072/4072/3892
f 4071/4071/3891 4072/4072/3892 4073/4073/3893
f 4071/4071/3891 4073/4073/3893 3943/3943/3769
f 4071/4071/3891 3943/3943/3769 3941/3941/3767
f 4073/4073/3893 4072/4072/3892 4074/4074/3894
f 4073/4073/3893 4074/4074/3894 4075/4075/3895
f 4073/4073/3893 4075/4075/3895 3945/3945/3771
f 4073/4073/3893 3945/3945/3771 3943/3943/3769
f 4075/4075/3895 4074/4074/3894 4076/4076/3896
f 4075/4075/3895 4076/4076/3896 4077/4077/3897
f 4075/4075/3895 4077/4077/3897 3947/3947/3773
f 4075/4075/3895 3947/3947/3773 3945/3945/3771
f 4077/4077/3897 4076/4076/3896 4078/4078/3898
f 4077/4077/3897 4078/4078/3898 4079/4079/3899
f 4077/4077/3897 4079/4079/3899 4080/4080/3900
f 4077/4077/3897 4080/4080/3900 3947/3947/3773
f 4080/4080/3900 4079/4079/3899 4081/4081/3901
f 4080/4080/3900 4081/4081/3901 4082/4082/3902
f 4080/4080/3900 4082/4082/3902 4083/4083/3903
f 4080/4080/3900 4083/4083/3903 3950/3950/3776
f 4080/4080/3900 3950/3950/3776 3948/3948/3774
f 4080/4080/3900 3948/3948/3774 3947/3947/3773
f 4083/4083/3903 4082/4082/3902 4084/4084/3904
f 4083/4083/3903 4084/4084/3904 4085/4085/3905
f 4083/4083/3903 4085/4085/3905 4086/4086/3906
f 4083/4083/3903 4086/4086/3906 3953/3953/3779
f 4083/4083/3903 3953/3953/3779 3951/3951/3777
f 4083/4083/3903 3951/3951/3777 3950/3950/3776
f 4086/4086/3906 4085/4085/3905 4087/4087/3907
f 4086/4086/3906 4087/4087/3907 4088/4088/3908
f 4086/4086/3906 4088/4088/3908 4089/4089/3909
f 4086/4086/3906 4089/4089/3909 3956/3956/3782
f 4086/4086/3906 3956/3956/3782 3954/3954/3780
f 4086/4086/3906 3954/3954/3780 3953/3953/3779
f 4089/4089/3909 4088/4088/3908 4090/4090/3910
f 4089/4089/3909 4090/4090/3910 4091/4091/3911
f 4089/4089/3909 4091/4091/3911 4092/4092/3912
f 4089/4089/3909 4092/4092/3912 3959/3959/3785
f 4089/4089/3909 3959/3959/3785 3957/3957/3783
f 4089/4089/3909 3957/3957/3783 3956/3956/3782
f 4092/4092/3912 4091/4091/3911 3974/3974/3800
f 4092/4092/3912 3974/3974/3800 3972/3972/3798
f 4092/4092/3912 3972/3972/3798 3970/3970/3796
f 4092/4092/3912 3970/3970/3796 3962/3962/3788
f 4092/4092/3912 3962/3962/3788 3960/3960/3786
f 4092/4092/3912 3960/3960/3786 3959/3959/3785
f 4091/4091/3911 4090/4090/3910 4093/4093/3913
f 4091/4091/3911 4093/4093/3913 3974/3974/3800
f 4093/4093/3913 4090/4090/3910 4094/4094/3914
f 4093/4093/3913 4094/4094/3914 4095/4095/3915
f 4093/4093/3913 4095/4095/3915 3979/3979/3805
f 4093/4093/3913 3979/3979/3805 3977/3977/3803
f 4093/4093/3913 3977/3977/3803 3975/3975/3801
f 4093/4093/3913 3975/3975/3801 3974/3974/3800
f 4095/4095/3915 4094/4094/3914 4096/4096/3916
f 4095/4095/3915 4096/4096/3916 4097/4097/3917
f 4095/4095/3915 4097/4097/3917 4098/4098/3918
f 4095/4095/3915 4098/4098/3918 3979/3979/3805
f 4098/4098/3918 4097/4097/3917 4099/4099/3919
f 4098/4098/3918 4099/4099/3919 4100/4100/3920
f 4098/4098/3918 4100/4100/3920 4101/4101/3921
f 4098/4098/3918 4101/4101/3921 3982/3982/3808
f 4098/4098/3918 3982/3982/3808 3980/3980/3806
f 4098/4098/3918 3980/3980/3806 3979/3979/3805
f 4101/4101/3921 4100/4100/3920 4102/4102/3922
f 4101/4101/3921 4102/4102/3922 4103/4103/3923
f 4101/4101/3921 4103/4103/3923 4104/4104/3924
f 4101/4101/3921 4104/4104/3924 3985/3985/3811
f 4101/4101/3921 3985/3985/3811 3983/3983/3809
f 4101/4101/3921 3983/3983/3809 3982/3982/3808
f 4104/4104/3924 4103/4103/3923 4105/4105/3925
f 4104/4104/3924 4105/4105/3925 4106/4106/3926
f 4104/4104/3924 4106/4106/3926 4107/4107/3927
f 4104/4104/3924 4107/4107/3927 3988/3988/3814
f 4104/4104/3924 3988/3988/3814 3986/3986/3812
f 4104/4104/3924 3986/3986/3812 3985/3985/3811
f 4107/4107/3927 4106/4106/3926 4108/4108/3928
f 4107/4107/3927 4108/4108/3928 4109/4109/3929
f 4107/4107/3927 4109/4109/3929 4110/4110/3930
f 4107/4107/3927 4110/4110/3930 3991/3991/3817
f 4107/4107/3927 3991/3991/3817 3989/3989/3815
f 4107/4107/3927 3989/3989/3815 3988/3988/3814
f 4110/4110/3930 4109/4109/3929 4111/4111/3931
f 4110/4110/3930 4111/4111/3931 4112/4112/3932
f 4110/4110/3930 4112/4112/3932 4113/4113/3933
f 4110/4110/3930 4113/4113/3933 3994/3994/3820
f 4110/4110/3930 3994/3994/3820 3992/3992/3818
f 4110/4110/3930 3992/3992/3818 3991/3991/3817
f 4113/4113/3933 4112/4112/3932 4114/4114/3934
f 4113/4113/3933 4114/4114/3934 4115/4115/3935
f 4113/4113/3933 4115/4115/3935 4116/4116/3936
f 4113/4113/3933 4116/4116/3936 3997/3997/3823
f 4113/4113/3933 3997/3997/3823 3995/3995/3821
f 4113/4113/3933 3995/3995/3821 3994/3994/3820
f 4116/4116/3936 4115/4115/3935 4117/4117/3937
f 4116/4116/3936 4117/4117/3937 4118/4118/3938
f 4116/4116/3936 4118/4118/3938 4119/4119/3939
f 4116/4116/3936 4119/4119/3939 4000/4000/3826
f 4116/4116/3936 4000/4000/3826 3998/3998/3824
f 4116/4116/3936 3998/3998/3824 3997/3997/3823
f 4119/4119/3939 4118/4118/3938 4120/4120/3940
f 4119/4119/3939 4120/4120/3940 4121/4121/3941
f 4119/4119/3939 4121/4121/3941 4122/4122/3942
f 4119/4119/3939 4122/4122/3942 4003/4003/3829
f 4119/4119/3939 4003/4003/3829 4001/4001/3827
f 4119/4119/3939 4001/4001/3827 4000/4000/3826
f 4122/4122/3942 4121/4121/3941 4123/4123/3943
f 4122/4122/3942 4123/4123/3943 4124/4124/3944
f 4122/4122/3942 4124/4124/3944 4125/4125/3945
f 4122/4122/3942 4125/4125/3945 4126/4126/3946
f 4122/4122/3942 4126/4126/3946 4004/4004/3830
f 4122/4122/3942 4004/4004/3830 4003/4003/3829
f 4126/4126/3946 4125/4125/3945 4127/4127/3947
f 4126/4126/3946 4127/4127/3947 4128/4128/3948
f 4126/4126/3946 4128/4128/3948 4005/4005/3831
f 4126/4126/3946 4005/4005/3831 4004/4004/3830
f 4128/4128/3948 4127/4127/3947 4129/4129/3949
f 4128/4128/3948 4129/4129/3949 4130/4130/3950
f 4128/4128/3948 4130/4130/3950 4007/4007/3833
f 4128/4128/3948 4007/4007/3833 4005/4005/3831
f 4130/4130/3950 4129/4129/3949 4131/4131/3951
f 4130/4130/3950 4131/4131/3951 4132/4132/3952
f 4130/4130/3950 4132/4132/3952 4009/4009/3835
f 4130/4130/3950 4009/4009/3835 4007/4007/3833
f 4132/4132/3952 4131/4131/3951 4133/4133/3953
f 4132/4132/3952 4133/4133/3953 4134/4134/3954
f 4132/4132/3952 4134/4134/3954 4011/4011/3837
f 4132/4132/3952 4011/4011/3837 4009/4009/3835
f 4134/4134/3954 4133/4133/3953 4135/4135/3955
f 4134/4134/3954 4135/4135/3955 4136/4136/3956
f 4134/4134/3954 4136/4136/3956 4013/4013/3839
f 4134/4134/3954 4013/4013/3839 4011/4011/3837
f 4136/4136/3956 4135/4135/3955 4137/4137/3957
f 4136/4136/3956 4137/4137/3957 4138/4138/3958
f 4136/4136/3956 4138/4138/3958 4015/4015/3841
f 4136/4136/3956 4015/4015/3841 4013/4013/3839
f 4138/4138/3958 4137/4137/3957 4139/4139/3959
f 4138/4138/3958 4139/4139/3959 4140/4140/3960
f 4138/4138/3958 4140/4140/3960 4017/4017/3843
f 4138/4138/3958 4017/4017/3843 4015/4015/3841
f 4140/4140/3960 4139/4139/3959 4141/4141/3961
f 4140/4140/3960 4141/4141/3961 4142/4142/3962
f 4140/4140/3960 4142/4142/3962 4019/4019/3845
f 4140/4140/3960 4019/4019/3845 4017/4017/3843
f 4142/4142/3962 4141/4141/3961 4143/4143/3963
f 4142/4142/3962 4143/4143/3963 4144/4144/3964
f 4142/4142/3962 4144/4144/3964 4021/4021/3847
f 4142/4142/3962 4021/4021/3847 4019/4019/3845
f 4144/4144/3964 4143/4143/3963 4145/4145/3965
f 4144/4144/3964 4145/4145/3965 4146/4146/3966
f 4144/4144/3964 4146/4146/3966 4023/4023/3849
f 4144/4144/3964 4023/4023/3849 4021/4021/3847
f 4146/4146/3966 4145/4145/3965 4147/4147/3967
f 4146/4146/3966 4147/4147/3967 4148/4148/3968
f 4146/4146/3966 4148/4148/3968 4025/4025/3851
f 4146/4146/3966 4025/4025/3851 4023/4023/3849
f 4148/4148/3968 4147/4147/3967 4149/4149/3969
f 4148/4148/3968 4149/4149/3969 4150/4150/3970
f 4148/4148/3968 4150/4150/3970 4027/4027/3853
f 4148/4148/3968 4027/4027/3853 4025/4025/3851
f 4150/4150/3970 4149/4149/3969 4151/4151/3971
f 4150/4150/3970 4151/4151/3971 4152/4152/3972
f 4150/4150/3970 4152/4152/3972 4029/4029/3855
f 4150/4150/3970 4029/4029/3855 4027/4027/3853
f 4152/4152/3972 4151/4151/3971 4153/4153/3973
f 4152/4152/3972 4153/4153/3973 4154/4154/3974
f 4152/4152/3972 4154/4154/3974 4031/4031/3857
f 4152/4152/3972 4031/4031/3857 4029/4029/3855
f 4154/4154/3974 4153/4153/3973 4155/4155/3975
f 4154/4154/3974 4155/4155/3975 4156/4156/3976
f 4154/4154/3974 4156/4156/3976 4157/4157/3977
f 4154/4154/3974 4157/4157/3977 4031/4031/3857
f 4157/4157/3977 4156/4156/3976 4158/4158/3978
f 4157/4157/3977 4158/4158/3978 4159/4159/3979
f 4157/4157/3977 4159/4159/3979 4160/4160/3980
f 4157/4157/3977 4160/4160/3980 4034/4034/3860
f 4157/4157/3977 4034/4034/3860 4032/4032/3858
f 4157/4157/3977 4032/4032/3858 4031/4031/3857
f 4160/4160/3980 4159/4159/3979 4161/4161/3981
f 4160/4160/3980 4161/4161/3981 4162/4162/3982
f 4160/4160/3980 4162/4162/3982 4163/4163/3983
f 4160/4160/3980 4163/4163/3983 4037/4037/3863
f 4160/4160/3980 4037/4037/3863 4035/4035/3861
f 4160/4160/3980 4035/4035/3861 4034/4034/3860
f 4163/4163/3983 4162/4162/3982 4164/4164/3984
f 4163/4163/3983 4164/4164/3984 4165/4165/3985
f 4163/4163/3983 4165/4165/3985 4166/4166/3986
f 4163/4163/3983 4166/4166/3986 4040/4040/3866
f 4163/4163/3983 4040/4040/3866 4038/4038/3864
f 4163/4163/3983 4038/4038/3864 4037/4037/3863
f 4166/4166/3986 4165/4165/3985 4167/4167/3987
f 4166/4166/3986 4167/4167/3987 4168/4168/3988
f 4166/4166/3986 4168/4168/3988 4169/4169/3989
f 4166/4166/3986 4169/4169/3989 4043/4043/3869
f 4166/4166/3986 4043/4043/3869 4041/4041/3867
f 4166/4166/3986 4041/4041/3867 4040/4040/3866
f 4169/4169/3989 4168/4168/3988 4170/4170/3990
f 4169/4169/3989 4170/4170/3990 4171/4171/3991
f 4169/4169/3989 4171/4171/3991 4048/4048/3874
f 4169/4169/3989 4048/4048/3874 4046/4046/3872
f 4169/4169/3989 4046/4046/3872 4044/4044/3870
f 4169/4169/3989 4044/4044/3870 4043/4043/3869
f 4171/4171/3991 4170/4170/3990 4172/4172/3992
f 4171/4171/3991 4172/4172/3992 4173/4173/3993
f 4171/4171/3991 4173/4173/3993 4050/4050/3876
f 4171/4171/3991 4050/4050/3876 4048/4048/3874
f 4173/4173/3993 4172/4172/3992 4174/4174/3994
f 4173/4173/3993 4174/4174/3994 4175/4175/3995
f 4173/4173/3993 4175/4175/3995 4176/4176/3996
f 4173/4173/3993 4176/4176/3996 4050/4050/3876
f 4177/4177/3995 4178/4178/3997 4179/4179/3998
f 4177/4177/3995 4179/4179/3998 4180/4180/3999
f 4177/4177/3995 4180/4180/3999 4066/4066/3886
f 4177/4177/3995 4066/4066/3886 4065/4065/3885
f 4180/4180/3999 4179/4179/3998 4181/4181/4000
f 4180/4180/3999 4181/4181/4000 4182/4182/4001
f 4180/4180/3999 4182/4182/4001 4068/4068/3888
f 4180/4180/3999 4068/4068/3888 4066/4066/3886
f 4182/4182/4001 4181/4181/4000 4183/4183/4002
f 4182/4182/4001 4183/4183/4002 4184/4184/4003
f 4182/4182/4001 4184/4184/4003 4070/4070/3890
f 4182/4182/4001 4070/4070/3890 4068/4068/3888
f 4184/4184/4003 4183/4183/4002 4185/4185/4004
f 4184/4184/4003 4185/4185/4004 4186/4186/4005
f 4184/4184/4003 4186/4186/4005 4072/4072/3892
f 4184/4184/4003 4072/4072/3892 4070/4070/3890
f 4186/4186/4005 4185/4185/4004 4187/4187/4006
f 4186/4186/4005 4187/4187/4006 4188/4188/4007
f 4186/4186/4005 4188/4188/4007 4074/4074/3894
f 4186/4186/4005 4074/4074/3894 4072/4072/3892
f 4188/4188/4007 4187/4187/4006 4189/4189/4008
f 4188/4188/4007 4189/4189/4008 4190/4190/4009
f 4188/4188/4007 4190/4190/4009 4076/4076/3896
f 4188/4188/4007 4076/4076/3896 4074/4074/3894
f 4190/4190/4009 4189/4189/4008 4191/4191/4010
f 4190/4190/4009 4191/4191/4010 4192/4192/4011
f 4190/4190/4009 4192/4192/4011 4078/4078/3898
f 4190/4190/4009 4078/4078/3898 4076/4076/3896
f 4192/4192/4011 4191/4191/4010 4193/4193/4012
f 4192/4192/4011 4193/4193/4012 4194/4194/4013
f 4192/4192/4011 4194/4194/4013 4195/4195/4014
f 4192/4192/4011 4195/4195/4014 4078/4078/3898
f 4195/4195/4014 4194/4194/4013 4196/4196/4015
f 4195/4195/4014 4196/4196/4015 4197/4197/4016
f 4195/4195/4014 4197/4197/4016 4198/4198/4017
f 4195/4195/4014 4198/4198/4017 4081/4081/3901
f 4195/4195/4014 4081/4081/3901 4079/4079/3899
f 4195/4195/4014 4079/4079/3899 4078/4078/3898
f 4198/4198/4017 4197/4197/4016 4199/4199/4018
f 4198/4198/4017 4199/4199/4018 4200/4200/4019
f 4198/4198/4017 4200/4200/4019 4201/4201/4020
f 4198/4198/4017 4201/4201/4020 4084/4084/3904
f 4198/4198/4017 4084/4084/3904 4082/4082/3902
f 4198/4198/4017 4082/4082/3902 4081/4081/3901
f 4201/4201/4020 4200/4200/4019 4202/4202/4021
f 4201/4201/4020 4202/4202/4021 4096/4096/3916
f 4201/4201/4020 4096/4096/3916 4094/4094/3914
f 4201/4201/4020 4094/4094/3914 4087/4087/3907
f 4201/4201/4020 4087/4087/3907 4085/4085/3905
f 4201/4201/4020 4085/4085/3905 4084/4084/3904
f 4202/4202/4021 4200/4200/4019 4199/4199/4018
f 4202/4202/4021 4199/4199/4018 4203/4203/4022
f 4202/4202/4021 4203/4203/4022 4204/4204/4023
f 4202/4202/4021 4204/4204/4023 4099/4099/3919
f 4202/4202/4021 4099/4099/3919 4097/4097/3917
f 4202/4202/4021 4097/4097/3917 4096/4096/3916
f 4204/4204/4023 4203/4203/4022 4205/4205/4024
f 4204/4204/4023 4205/4205/4024 4206/4206/4025
f 4204/4204/4023 4206/4206/4025 4207/4207/4026
f 4204/4204/4023 4207/4207/4026 4102/4102/3922
f 4204/4204/4023 4102/4102/3922 4100/4100/3920
f 4204/4204/4023 4100/4100/3920 4099/4099/3919
f 4207/4207/4026 4206/4206/4025 4208/4208/4027
f 4207/4207/4026 4208/4208/4027 4209/4209/4028
f 4207/4207/4026 4209/4209/4028 4210/4210/4029
f 4207/4207/4026 4210/4210/4029 4105/4105/3925
f 4207/4207/4026 4105/4105/3925 4103/4103/3923
f 4207/4207/4026 4103/4103/3923 4102/4102/3922
f 4210/4210/4029 4209/4209/4028 4211/4211/4030
f 4210/4210/4029 4211/4211/4030 4212/4212/4031
f 4210/4210/4029 4212/4212/4031 4213/4213/4032
f 4210/4210/4029 4213/4213/4032 4108/4108/3928
f 4210/4210/4029 4108/4108/3928 4106/4106/3926
f 4210/4210/4029 4106/4106/3926 4105/4105/3925
f 4213/4213/4032 4212/4212/4031 4214/4214/4033
f 4213/4213/4032 4214/4214/4033 4215/4215/4034
f 4213/4213/4032 4215/4215/4034 4216/4216/4035
f 4213/4213/4032 4216/4216/4035 4111/4111/3931
f 4213/4213/4032 4111/4111/3931 4109/4109/3929
f 4213/4213/4032 4109/4109/3929 4108/4108/3928
f 4216/4216/4035 4215/4215/4034 4217/4217/4036
f 4216/4216/4035 4217/4217/4036 4218/4218/4037
f 4216/4216/4035 4218/4218/4037 4219/4219/4038
f 4216/4216/4035 4219/4219/4038 4114/4114/3934
f 4216/4216/4035 4114/4114/3934 4112/4112/3932
f 4216/4216/4035 4112/4112/3932 4111/4111/3931
f 4219/4219/4038 4218/4218/4037 4220/4220/4039
f 4219/4219/4038 4220/4220/4039 4221/4221/4040
f 4219/4219/4038 4221/4221/4040 4222/4222/4041
f 4219/4219/4038 4222/4222/4041 4117/4117/3937
f 4219/4219/4038 4117/4117/3937 4115/4115/3935
f 4219/4219/4038 4115/4115/3935 4114/4114/3934
f 4222/4222/4041 4221/4221/4040 4223/4223/4042
f 4222/4222/4041 4223/4223/4042 4224/4224/4043
f 4222/4222/4041 4224/4224/4043 4225/4225/4044
f 4222/4222/4041 4225/4225/4044 4120/4120/3940
f 4222/4222/4041 4120/4120/3940 4118/4118/3938
f 4222/4222/4041 4118/4118/3938 4117/4117/3937
f 4225/4225/4044 4224/4224/4043 4226/4226/4045
f 4225/4225/4044 4226/4226/4045 4227/4227/4046
f 4225/4225/4044 4227/4227/4046 4228/4228/4047
f 4225/4225/4044 4228/4228/4047 4123/4123/3943
f 4225/4225/4044 4123/4123/3943 4121/4121/3941
f 4225/4225/4044 4121/4121/3941 4120/4120/3940
f 4228/4228/4047 4227/4227/4046 4229/4229/4048
f 4228/4228/4047 4229/4229/4048 4230/4230/4049
f 4228/4228/4047 4230/4230/4049 4231/4231/4050
f 4228/4228/4047 4231/4231/4050 4232/4232/4051
f 4228/4228/4047 4232/4232/4051 4124/4124/3944
f 4228/4228/4047 4124/4124/3944 4123/4123/3943
f 4232/4232/4051 4231/4231/4050 4233/4233/4052
f 4232/4232/4051 4233/4233/4052 4234/4234/4053
f 4232/4232/4051 4234/4234/4053 4125/4125/3945
f 4232/4232/4051 4125/4125/3945 4124/4124/3944
f 4234/4234/4053 4233/4233/4052 4235/4235/4054
f 4234/4234/4053 4235/4235/4054 4236/4236/4055
f 4234/4234/4053 4236/4236/4055 4127/4127/3947
f 4234/4234/4053 4127/4127/3947 4125/4125/3945
f 4236/4236/4055 4235/4235/4054 4237/4237/4056
f 4236/4236/4055 4237/4237/4056 4238/4238/4057
f 4236/4236/4055 4238/4238/4057 4129/4129/3949
f 4236/4236/4055 4129/4129/3949 4127/4127/3947
f 4238/4238/4057 4237/4237/4056 4239/4239/4058
f 4238/4238/4057 4239/4239/4058 4240/4240/4059
f 4238/4238/4057 4240/4240/4059 4131/4131/3951
f 4238/4238/4057 4131/4131/3951 4129/4129/3949
f 4240/4240/4059 4239/4239/4058 4241/4241/4060
f 4240/4240/4059 4241/4241/4060 4242/4242/4061
f 4240/4240/4059 4242/4242/4061 4133/4133/3953
f 4240/4240/4059 4133/4133/3953 4131/4131/3951
f 4242/4242/4061 4241/4241/4060 4243/4243/4062
f 4242/4242/4061 4243/4243/4062 4244/4244/4063
f 4242/4242/4061 4244/4244/4063 4135/4135/3955
f 4242/4242/4061 4135/4135/3955 4133/4133/3953
f 4244/4244/4063 4243/4243/4062 4245/4245/4064
f 4244/4244/4063 4245/4245/4064 4246/4246/4065
f 4244/4244/4063 4246/4246/4065 4137/4137/3957
f 4244/4244/4063 4137/4137/3957 4135/4135/3955
f 4246/4246/4065 4245/4245/4064 4247/4247/4066
f 4246/4246/4065 4247/4247/4066 4248/4248/4067
f 4246/4246/4065 4248/4248/4067 4139/4139/3959
f 4246/4246/4065 4139/4139/3959 4137/4137/3957
f 4248/4248/4067 4247/4247/4066 4249/4249/4068
f 4248/4248/4067 4249/4249/4068 4250/4250/4069
f 4248/4248/4067 4250/4250/4069 4141/4141/3961
f 4248/4248/4067 4141/4141/3961 4139/4139/3959
f 4250/4250/4069 4249/4249/4068 4251/4251/4070
f 4250/4250/4069 4251/4251/4070 4252/4252/4071
f 4250/4250/4069 4252/4252/4071 4143/4143/3963
f 4250/4250/4069 4143/4143/3963 4141/4141/3961
f 4252/4252/4071 4251/4251/4070 4253/4253/4072
f 4252/4252/4071 4253/4253/4072 4254/4254/4073
f 4252/4252/4071 4254/4254/4073 4145/4145/3965
f 4252/4252/4071 4145/4145/3965 4143/4143/3963
f 4254/4254/4073 4253/4253/4072 4255/4255/4074
f 4254/4254/4073 4255/4255/4074 4256/4256/4075
f 4254/4254/4073 4256/4256/4075 4147/4147/3967
f 4254/4254/4073 4147/4147/3967 4145/4145/3965
f 4256/4256/4075 4255/4255/4074 4257/4257/4076
f 4256/4256/4075 4257/4257/4076 4258/4258/4077
f 4256/4256/4075 4258/4258/4077 4149/4149/3969
f 4256/4256/4075 4149/4149/3969 4147/4147/3967
f 4258/4258/4077 4257/4257/4076 4259/4259/4078
f 4258/4258/4077 4259/4259/4078 4260/4260/4079
f 4258/4258/4077 4260/4260/4079 4151/4151/3971
f 4258/4258/4077 4151/4151/3971 4149/4149/3969
f 4260/4260/4079 4259/4259/4078 4261/4261/4080
f 4260/4260/4079 4261/4261/4080 4262/4262/4081
f 4260/4260/4079 4262/4262/4081 4153/4153/3973
f 4260/4260/4079 4153/4153/3973 4151/4151/3971
f 4262/4262/4081 4261/4261/4080 4263/4263/4082
f 4262/4262/4081 4263/4263/4082 4264/4264/4083
f 4262/4262/4081 4264/4264/4083 4155/4155/3975
f 4262/4262/4081 4155/4155/3975 4153/4153/3973
f 4264/4264/4083 4263/4263/4082 4265/4265/4084
f 4264/4264/4083 4265/4265/4084 4266/4266/4085
f 4264/4264/4083 4266/4266/4085 4267/4267/4086
f 4264/4264/4083 4267/4267/4086 4155/4155/3975
f 4267/4267/4086 4266/4266/4085 4268/4268/4087
f 4267/4267/4086 4268/4268/4087 4269/4269/4088
f 4267/4267/4086 4269/4269/4088 4270/4270/4089
f 4267/4267/4086 4270/4270/4089 4158/4158/3978
f 4267/4267/4086 4158/4158/3978 4156/4156/3976
f 4267/4267/4086 4156/4156/3976 4155/4155/3975
f 4270/4270/4089 4269/4269/4088 4271/4271/4090
f 4270/4270/4089 4271/4271/4090 4272/4272/4091
f 4270/4270/4089 4272/4272/4091 4273/4273/4092
f 4270/4270/4089 4273/4273/4092 4161/4161/3981
f 4270/4270/4089 4161/4161/3981 4159/4159/3979
f 4270/4270/4089 4159/4159/3979 4158/4158/3978
f 4273/4273/4092 4272/4272/4091 4274/4274/4093
f 4273/4273/4092 4274/4274/4093 4275/4275/4094
f 4273/4273/4092 4275/4275/4094 4276/4276/4095
f 4273/4273/4092 4276/4276/4095 4164/4164/3984
f 4273/4273/4092 4164/4164/3984 4162/4162/3982
f 4273/4273/4092 4162/4162/3982 4161/4161/3981
f 4276/4276/4095 4275/4275/4094 4277/4277/4096
f 4276/4276/4095 4277/4277/4096 4278/4278/4097
f 4276/4276/4095 4278/4278/4097 4279/4279/4098
f 4276/4276/4095 4279/4279/4098 4167/4167/3987
f 4276/4276/4095 4167/4167/3987 4165/4165/3985
f 4276/4276/4095 4165/4165/3985 4164/4164/3984
f 4279/4279/4098 4278/4278/4097 4280/4280/4099
f 4279/4279/4098 4280/4280/4099 4281/4281/4100
f 4279/4279/4098 4281/4281/4100 4172/4172/3992
f 4279/4279/4098 4172/4172/3992 4170/4170/3990
f 4279/4279/4098 4170/4170/3990 4168/4168/3988
f 4279/4279/4098 4168/4168/3988 4167/4167/3987
f 4281/4281/4100 4280/4280/4099 4282/4282/4101
f 4281/4281/4100 4282/4282/4101 4283/4283/4102
f 4281/4281/4100 4283/4283/4102 4174/4174/3994
f 4281/4281/4100 4174/4174/3994 4172/4172/3992
f 4284/4284/4102 4285/4285/4103 4286/4286/4104
f 4284/4284/4102 4286/4286/4104 4287/4287/4105
f 4284/4284/4102 4287/4287/4105 4179/4179/3998
f 4284/4284/4102 4179/4179/3998 4178/4178/3997
f 4287/4287/4105 4286/4286/4104 4288/4288/4106
f 4287/4287/4105 4288/4288/4106 4289/4289/4107
f 4287/4287/4105 4289/4289/4107 4181/4181/4000
f 4287/4287/4105 4181/4181/4000 4179/4179/3998
f 4289/4289/4107 4288/4288/4106 4290/4290/4108
f 4289/4289/4107 4290/4290/4108 4291/4291/4109
f 4289/4289/4107 4291/4291/4109 4183/4183/4002
f 4289/4289/4107 4183/4183/4002 4181/4181/4000
f 4291/4291/4109 4290/4290/4108 4292/4292/4110
f 4291/4291/4109 4292/4292/4110 4293/4293/4111
f 4291/4291/4109 4293/4293/4111 4185/4185/4004
f 4291/4291/4109 4185/4185/4004 4183/4183/4002
f 4293/4293/4111 4292/4292/4110 4294/4294/4112
f 4293/4293/4111 4294/4294/4112 4295/4295/4113
f 4293/4293/4111 4295/4295/4113 4187/4187/4006
f 4293/4293/4111 4187/4187/4006 4185/4185/4004
f 4295/4295/4113 4294/4294/4112 4296/4296/4114
f 4295/4295/4113 4296/4296/4114 4297/4297/4115
f 4295/4295/4113 4297/4297/4115 4189/4189/4008
f 4295/4295/4113 4189/4189/4008 4187/4187/4006
f 4297/4297/4115 4296/4296/4114 4298/4298/4116
f 4297/4297/4115 4298/4298/4116 4299/4299/4117
f 4297/4297/4115 4299/4299/4117 4191/4191/4010
f 4297/4297/4115 4191/4191/4010 4189/4189/4008
f 4299/4299/4117 4298/4298/4116 4300/4300/4118
f 4299/4299/4117 4300/4300/4118 4301/4301/4119
f 4299/4299/4117 4301/4301/4119 4193/4193/4012
f 4299/4299/4117 4193/4193/4012 4191/4191/4010
f 4301/4301/4119 4300/4300/4118 4302/4302/4120
f 4301/4301/4119 4302/4302/4120 4303/4303/4121
f 4301/4301/4119 4303/4303/4121 4304/4304/4122
f 4301/4301/4119 4304/4304/4122 4193/4193/4012
f 4304/4304/4122 4303/4303/4121 4305/4305/4123
f 4304/4304/4122 4305/4305/4123 4306/4306/4124
f 4304/4304/4122 4306/4306/4124 4307/4307/4125
f 4304/4304/4122 4307/4307/4125 4196/4196/4015
f 4304/4304/4122 4196/4196/4015 4194/4194/4013
f 4304/4304/4122 4194/4194/4013 4193/4193/4012
f 4307/4307/4125 4306/4306/4124 4308/4308/4126
f 4307/4307/4125 4308/4308/4126 4205/4205/4024
f 4307/4307/4125 4205/4205/4024 4203/4203/4022
f 4307/4307/4125 4203/4203/4022 4199/4199/4018
f 4307/4307/4125 4199/4199/4018 4197/4197/4016
f 4307/4307/4125 4197/4197/4016 4196/4196/4015
f 4309/4309/4126 4306/4306/4124 4305/4305/4123
f 4309/4309/4126 4305/4305/4123 4310/4310/4127
f 4311/4311/4128 4312/4312/4127 4313/4313/4129
f 4311/4311/4128 4313/4313/4129 4208/4208/4027
f 4314/4314/4126 4208/4208/4027 4206/4206/4025
f 4314/4314/4126 4206/4206/4025 4205/4205/4024
f 4313/4313/4129 4312/4312/4127 4315/4315/4130
f 4313/4313/4129 4315/4315/4130 4316/4316/4131
f 4313/4313/4129 4316/4316/4131 4317/4317/4132
f 4313/4313/4129 4317/4317/4132 4211/4211/4030
f 4313/4313/4129 4211/4211/4030 4209/4209/4028
f 4313/4313/4129 4209/4209/4028 4208/4208/4027
f 4317/4317/4132 4316/4316/4131 4318/4318/4133
f 4317/4317/4132 4318/4318/4133 4319/4319/4134
f 4317/4317/4132 4319/4319/4134 4320/4320/4135
f 4317/4317/4132 4320/4320/4135 4214/4214/4033
f 4317/4317/4132 4214/4214/4033 4212/4212/4031
f 4317/4317/4132 4212/4212/4031 4211/4211/4030
f 4320/4320/4135 4319/4319/4134 4321/4321/4136
f 4320/4320/4135 4321/4321/4136 4322/4322/4137
f 4320/4320/4135 4322/4322/4137 4323/4323/4138
f 4320/4320/4135 4323/4323/4138 4217/4217/4036
f 4320/4320/4135 4217/4217/4036 4215/4215/4034
f 4320/4320/4135 4215/4215/4034 4214/4214/4033
f 4323/4323/4138 4322/4322/4137 4324/4324/4139
f 4323/4323/4138 4324/4324/4139 4325/4325/4140
f 4323/4323/4138 4325/4325/4140 4326/4326/4141
f 4323/4323/4138 4326/4326/4141 4220/4220/4039
f 4323/4323/4138 4220/4220/4039 4218/4218/4037
f 4323/4323/4138 4218/4218/4037 4217/4217/4036
f 4326/4326/4141 4325/4325/4140 4327/4327/4142
f 4326/4326/4141 4327/4327/4142 4328/4328/4143
f 4326/4326/4141 4328/4328/4143 4329/4329/4144
f 4326/4326/4141 4329/4329/4144 4223/4223/4042
f 4326/4326/4141 4223/4223/4042 4221/4221/4040
f 4326/4326/4141 4221/4221/4040 4220/4220/4039
f 4329/4329/4144 4328/4328/4143 4330/4330/4145
f 4329/4329/4144 4330/4330/4145 4331/4331/4146
f 4329/4329/4144 4331/4331/4146 4332/4332/4147
f 4329/4329/4144 4332/4332/4147 4226/4226/4045
f 4329/4329/4144 4226/4226/4045 4224/4224/4043
f 4329/4329/4144 4224/4224/4043 4223/4223/4042
f 4241/4241/4060 4239/4239/4058 4333/4333/4148
f 4241/4241/4060 4333/4333/4148 4334/4334/4149
f 4335/4335/4150 4336/4336/4151 4337/4337/4152
f 4335/4335/4150 4337/4337/4152 4338/4338/4153
f 4332/4332/4147 4229/4229/4048 4227/4227/4046
f 4332/4332/4147 4227/4227/4046 4226/4226/4045
f 4339/4339/4154 4243/4243/4062 4241/4241/4060
f 4339/4339/4154 4241/4241/4060 4334/4334/4149
f 4340/4340/4155 4247/4247/4066 4245/4245/4064
f 4340/4340/4155 4245/4245/4064 4341/4341/4156
f 4249/4249/4068 4247/4247/4066 4340/4340/4155
f 4249/4249/4068 4340/4340/4155 4342/4342/4157
f 4338/4338/4153 4251/4251/4070 4249/4249/4068
f 4338/4338/4153 4249/4249/4068 4342/4342/4157
f 4337/4337/4152 4253/4253/4072 4251/4251/4070
f 4337/4337/4152 4251/4251/4070 4338/4338/4153
f 4343/4343/4158 4255/4255/4074 4253/4253/4072
f 4343/4343/4158 4253/4253/4072 4337/4337/4152
f 4257/4257/4076 4255/4255/4074 4343/4343/4158
f 4257/4257/4076 4343/4343/4158 4344/4344/4159
f 4345/4345/4160 4259/4259/4078 4257/4257/4076
f 4345/4345/4160 4257/4257/4076 4344/4344/4159
f 4346/4346/4161 4261/4261/4080 4259/4259/4078
f 4346/4346/4161 4259/4259/4078 4345/4345/4160
f 4347/4347/4162 4263/4263/4082 4261/4261/4080
f 4347/4347/4162 4261/4261/4080 4346/4346/4161
f 4265/4265/4084 4263/4263/4082 4347/4347/4162
f 4265/4265/4084 4347/4347/4162 4348/4348/4163
f 4349/4349/4164 4350/4350/4165 4265/4265/4084
f 4349/4349/4164 4265/4265/4084 4348/4348/4163
f 4351/4351/4166 4352/4352/4167 4350/4350/4165
f 4351/4351/4166 4350/4350/4165 4349/4349/4164
f 4353/4353/4168 4354/4354/4169 4355/4355/4170
f 4353/4353/4168 4355/4355/4170 4330/4330/4145
f 4331/4331/4146 4330/4330/4145 4355/4355/4170
f 4331/4331/4146 4355/4355/4170 4356/4356/4171
f 4356/4356/4171 4357/4357/4172 4358/4358/4173
f 4356/4356/4171 4358/4358/4173 4359/4359/4174
f 4350/4350/4165 4352/4352/4167 4360/4360/4175
f 4350/4350/4165 4360/4360/4175 4268/4268/4087
f 4350/4350/4165 4268/4268/4087 4266/4266/4085
f 4350/4350/4165 4266/4266/4085 4265/4265/4084
f 4360/4360/4175 4352/4352/4167 4361/4361/4176
f 4360/4360/4175 4361/4361/4176 4362/4362/4177
f 4360/4360/4175 4362/4362/4177 4363/4363/4178
f 4360/4360/4175 4363/4363/4178 4271/4271/4090
f 4360/4360/4175 4271/4271/4090 4269/4269/4088
f 4360/4360/4175 4269/4269/4088 4268/4268/4087
f 4363/4363/4178 4362/4362/4177 4364/4364/4179
f 4363/4363/4178 4364/4364/4179 4365/4365/4180
f 4363/4363/4178 4365/4365/4180 4366/4366/4181
f 4363/4363/4178 4366/4366/4181 4274/4274/4093
f 4363/4363/4178 4274/4274/4093 4272/4272/4091
f 4363/4363/4178 4272/4272/4091 4271/4271/4090
f 4366/4366/4181 4365/4365/4180 4367/4367/4182
f 4366/4366/4181 4367/4367/4182 4368/4368/4183
f 4366/4366/4181 4368/4368/4183 4369/4369/4184
f 4366/4366/4181 4369/4369/4184 4277/4277/4096
f 4366/4366/4181 4277/4277/4096 4275/4275/4094
f 4366/4366/4181 4275/4275/4094 4274/4274/4093
f 4369/4369/4184 4368/4368/4183 4370/4370/4185
f 4369/4369/4184 4370/4370/4185 4371/4371/4186
f 4369/4369/4184 4371/4371/4186 4282/4282/4101
f 4369/4369/4184 4282/4282/4101 4280/4280/4099
f 4369/4369/4184 4280/4280/4099 4278/4278/4097
f 4369/4369/4184 4278/4278/4097 4277/4277/4096
f 4372/4372/4187 4373/4373/4185 4374/4374/4188
f 4372/4372/4187 4374/4374/4188 4375/4375/4189
f 4372/4372/4187 4375/4375/4189 4286/4286/4104
f 4372/4372/4187 4286/4286/4104 4285/4285/4103
f 4375/4375/4189 4374/4374/4188 4376/4376/4190
f 4375/4375/4189 4376/4376/4190 4377/4377/4191
f 4375/4375/4189 4377/4377/4191 4288/4288/4106
f 4375/4375/4189 4288/4288/4106 4286/4286/4104
f 4377/4377/4191 4376/4376/4190 4378/4378/4192
f 4377/4377/4191 4378/4378/4192 4379/4379/4193
f 4377/4377/4191 4379/4379/4193 4290/4290/4108
f 4377/4377/4191 4290/4290/4108 4288/4288/4106
f 4379/4379/4193 4378/4378/4192 4380/4380/4194
f 4379/4379/4193 4380/4380/4194 4381/4381/4195
f 4379/4379/4193 4381/4381/4195 4292/4292/4110
f 4379/4379/4193 4292/4292/4110 4290/4290/4108
f 4381/4381/4195 4380/4380/4194 4382/4382/4196
f 4381/4381/4195 4382/4382/4196 4383/4383/4197
f 4381/4381/4195 4383/4383/4197 4294/4294/4112
f 4381/4381/4195 4294/4294/4112 4292/4292/4110
f 4383/4383/4197 4382/4382/4196 4384/4384/4198
f 4383/4383/4197 4384/4384/4198 4385/4385/4199
f 4383/4383/4197 4385/4385/4199 4296/4296/4114
f 4383/4383/4197 4296/4296/4114 4294/4294/4112
f 4385/4385/4199 4384/4384/4198 4386/4386/4200
f 4385/4385/4199 4386/4386/4200 4387/4387/4201
f 4385/4385/4199 4387/4387/4201 4298/4298/4116
f 4385/4385/4199 4298/4298/4116 4296/4296/4114
f 4387/4387/4201 4386/4386/4200 4388/4388/4202
f 4387/4387/4201 4388/4388/4202 4389/4389/4203
f 4387/4387/4201 4389/4389/4203 4300/4300/4118
f 4387/4387/4201 4300/4300/4118 4298/4298/4116
f 4389/4389/4203 4388/4388/4202 4390/4390/4204
f 4389/4389/4203 4390/4390/4204 4391/4391/4205
f 4389/4389/4203 4391/4391/4205 4302/4302/4120
f 4389/4389/4203 4302/4302/4120 4300/4300/4118
f 4391/4391/4205 4390/4390/4204 4392/4392/4206
f 4391/4391/4205 4392/4392/4206 4393/4393/4207
f 4391/4391/4205 4393/4393/4207 4394/4394/4208
f 4391/4391/4205 4394/4394/4208 4302/4302/4120
f 4394/4394/4208 4393/4393/4207 4395/4395/4209
f 4394/4394/4208 4395/4395/4209 4396/4396/4130
f 4394/4394/4208 4396/4396/4130 4310/4310/4127
f 4394/4394/4208 4310/4310/4127 4305/4305/4123
f 4394/4394/4208 4305/4305/4123 4303/4303/4121
f 4394/4394/4208 4303/4303/4121 4302/4302/4120
f 4395/4395/4209 4393/4393/4207 4392/4392/4206
f 4395/4395/4209 4392/4392/4206 4397/4397/4210
f 4398/4398/4209 4399/4399/4211 4400/4400/4212
f 4398/4398/4209 4400/4400/4212 4318/4318/4133
f 4398/4398/4209 4318/4318/4133 4316/4316/4131
f 4398/4398/4209 4316/4316/4131 4315/4315/4130
f 4400/4400/4212 4399/4399/4211 4401/4401/4213
f 4400/4400/4212 4401/4401/4213 4402/4402/4214
f 4400/4400/4212 4402/4402/4214 4403/4403/4215
f 4400/4400/4212 4403/4403/4215 4321/4321/4136
f 4400/4400/4212 4321/4321/4136 4319/4319/4134
f 4400/4400/4212 4319/4319/4134 4318/4318/4133
f 4403/4403/4215 4402/4402/4214 4404/4404/4216
f 4403/4403/4215 4404/4404/4216 4405/4405/4217
f 4403/4403/4215 4405/4405/4217 4406/4406/4218
f 4403/4403/4215 4406/4406/4218 4324/4324/4139
f 4403/4403/4215 4324/4324/4139 4322/4322/4137
f 4403/4403/4215 4322/4322/4137 4321/4321/4136
f 4406/4406/4218 4405/4405/4217 4407/4407/4219
f 4406/4406/4218 4407/4407/4219 4408/4408/4220
f 4406/4406/4218 4408/4408/4220 4353/4353/4168
f 4406/4406/4218 4353/4353/4168 4327/4327/4142
f 4406/4406/4218 4327/4327/4142 4325/4325/4140
f 4406/4406/4218 4325/4325/4140 4324/4324/4139
f 4409/4409/4221 4410/4410/4222 4411/4411/4223
f 4409/4409/4221 4411/4411/4223 4412/4412/4224
f 4353/4353/4168 4330/4330/4145 4328/4328/4143
f 4353/4353/4168 4328/4328/4143 4327/4327/4142
f 4413/4413/4225 4414/4414/4226 4333/4333/4148
f 4413/4413/4225 4333/4333/4148 4415/4415/4227
f 4414/4414/4226 4416/4416/4228 4334/4334/4149
f 4414/4414/4226 4334/4334/4149 4333/4333/4148
f 4417/4417/4229 4418/4418/4230 4341/4341/4156
f 4417/4417/4229 4341/4341/4156 4339/4339/4154
f 4418/4418/4230 4419/4419/4231 4340/4340/4155
f 4418/4418/4230 4340/4340/4155 4341/4341/4156
f 4419/4419/4231 4420/4420/4232 4342/4342/4157
f 4419/4419/4231 4342/4342/4157 4340/4340/4155
f 4420/4420/4232 4335/4335/4150 4338/4338/4153
f 4420/4420/4232 4338/4338/4153 4342/4342/4157
f 4421/4421/4233 4422/4422/4234 4423/4423/4235
f 4421/4421/4233 4423/4423/4235 4424/4424/4236
f 4425/4425/4237 4230/4230/4049 4229/4229/4048
f 4425/4425/4237 4229/4229/4048 4426/4426/4238
f 4336/4336/4151 4427/4427/4239 4343/4343/4158
f 4336/4336/4151 4343/4343/4158 4337/4337/4152
f 4427/4427/4239 4428/4428/4240 4344/4344/4159
f 4427/4427/4239 4344/4344/4159 4343/4343/4158
f 4428/4428/4240 4429/4429/4241 4345/4345/4160
f 4428/4428/4240 4345/4345/4160 4344/4344/4159
f 4430/4430/4241 4431/4431/4242 4346/4346/4161
f 4430/4430/4241 4346/4346/4161 4345/4345/4160
f 4431/4431/4242 4432/4432/4243 4347/4347/4162
f 4431/4431/4242 4347/4347/4162 4346/4346/4161
f 4432/4432/4243 4433/4433/4244 4348/4348/4163
f 4432/4432/4243 4348/4348/4163 4347/4347/4162
f 4433/4433/4244 4434/4434/4245 4349/4349/4164
f 4433/4433/4244 4349/4349/4164 4348/4348/4163
f 4434/4434/4245 4435/4435/4246 4351/4351/4166
f 4434/4434/4245 4351/4351/4166 4349/4349/4164
f 4415/4415/4227 4237/4237/4056 4235/4235/4054
f 4415/4415/4227 4235/4235/4054 4436/4436/4247
f 4437/4437/4248 4438/4438/4249 4361/4361/4176
f 4437/4437/4248 4361/4361/4176 4439/4439/4250
f 4440/4440/4251 4441/4441/4252 4354/4354/4169
f 4440/4440/4251 4354/4354/4169 4442/4442/4253
f 4443/4443/4254 4444/4444/4255 4438/4438/4249
f 4443/4443/4254 4438/4438/4249 4437/4437/4248
f 4439/4439/4250 4351/4351/4166 4435/4435/4246
f 4439/4439/4250 4435/4435/4246 4445/4445/4256
f 4446/4446/4257 4447/4447/4258 4448/4448/4259
f 4446/4446/4257 4448/4448/4259 4449/4449/4260
f 4450/4450/4261 4443/4443/4254 4437/4437/4248
f 4450/4450/4261 4437/4437/4248 4451/4451/4262
f 4412/4412/4224 4231/4231/4050 4230/4230/4049
f 4412/4412/4224 4230/4230/4049 4425/4425/4237
f 4356/4356/4171 4355/4355/4170 4452/4452/4263
f 4356/4356/4171 4452/4452/4263 4357/4357/4172
f 4453/4453/4264 4454/4454/4265 4455/4455/4266
f 4453/4453/4264 4455/4455/4266 4456/4456/4267
f 4457/4457/4268 4413/4413/4225 4415/4415/4227
f 4457/4457/4268 4415/4415/4227 4436/4436/4247
f 4458/4458/4269 4459/4459/4270 4444/4444/4255
f 4458/4458/4269 4444/4444/4255 4443/4443/4254
f 4421/4421/4233 4460/4460/4271 4461/4461/4272
f 4421/4421/4233 4461/4461/4272 4422/4422/4234
f 4462/4462/4273 4463/4463/4274 4464/4464/4275
f 4462/4462/4273 4464/4464/4275 4465/4465/4276
f 4466/4466/4277 4467/4467/4278 4462/4462/4273
f 4466/4466/4277 4462/4462/4273 4465/4465/4276
f 4438/4438/4249 4444/4444/4255 4468/4468/4279
f 4438/4438/4249 4468/4468/4279 4364/4364/4179
f 4438/4438/4249 4364/4364/4179 4362/4362/4177
f 4438/4438/4249 4362/4362/4177 4361/4361/4176
f 4468/4468/4279 4444/4444/4255 4459/4459/4270
f 4468/4468/4279 4459/4459/4270 4469/4469/4280
f 4468/4468/4279 4469/4469/4280 4470/4470/4281
f 4468/4468/4279 4470/4470/4281 4367/4367/4182
f 4468/4468/4279 4367/4367/4182 4365/4365/4180
f 4468/4468/4279 4365/4365/4180 4364/4364/4179
f 4471/4471/4281 4472/4472/4282 4473/4473/4283
f 4471/4471/4281 4473/4473/4283 4474/4474/4284
f 4471/4471/4281 4474/4474/4284 4374/4374/4188
f 4471/4471/4281 4374/4374/4188 4373/4373/4185
f 4470/4470/4281 4370/4370/4185 4368/4368/4183
f 4470/4470/4281 4368/4368/4183 4367/4367/4182
f 4474/4474/4284 4473/4473/4283 4475/4475/4285
f 4474/4474/4284 4475/4475/4285 4476/4476/4286
f 4474/4474/4284 4476/4476/4286 4376/4376/4190
f 4474/4474/4284 4376/4376/4190 4374/4374/4188
f 4476/4476/4286 4475/4475/4285 4477/4477/4287
f 4476/4476/4286 4477/4477/4287 4478/4478/4288
f 4476/4476/4286 4478/4478/4288 4378/4378/4192
f 4476/4476/4286 4378/4378/4192 4376/4376/4190
f 4478/4478/4288 4477/4477/4287 4479/4479/4289
f 4478/4478/4288 4479/4479/4289 4480/4480/4290
f 4478/4478/4288 4480/4480/4290 4380/4380/4194
f 4478/4478/4288 4380/4380/4194 4378/4378/4192
f 4480/4480/4290 4479/4479/4289 4481/4481/4291
f 4480/4480/4290 4481/4481/4291 4482/4482/4292
f 4480/4480/4290 4482/4482/4292 4382/4382/4196
f 4480/4480/4290 4382/4382/4196 4380/4380/4194
f 4482/4482/4292 4481/4481/4291 4483/4483/4293
f 4482/4482/4292 4483/4483/4293 4484/4484/4294
f 4482/4482/4292 4484/4484/4294 4384/4384/4198
f 4482/4482/4292 4384/4384/4198 4382/4382/4196
f 4484/4484/4294 4483/4483/4293 4485/4485/4295
f 4484/4484/4294 4485/4485/4295 4486/4486/4296
f 4484/4484/4294 4486/4486/4296 4386/4386/4200
f 4484/4484/4294 4386/4386/4200 4384/4384/4198
f 4486/4486/4296 4485/4485/4295 4487/4487/4297
f 4486/4486/4296 4487/4487/4297 4488/4488/4298
f 4486/4486/4296 4488/4488/4298 4388/4388/4202
f 4486/4486/4296 4388/4388/4202 4386/4386/4200
f 4488/4488/4298 4487/4487/4297 4489/4489/4299
f 4488/4488/4298 4489/4489/4299 4490/4490/4300
f 4488/4488/4298 4490/4490/4300 4390/4390/4204
f 4488/4488/4298 4390/4390/4204 4388/4388/4202
f 4490/4490/4300 4489/4489/4299 4491/4491/4301
f 4490/4490/4300 4491/4491/4301 4492/4492/4302
f 4490/4490/4300 4492/4492/4302 4392/4392/4206
f 4490/4490/4300 4392/4392/4206 4390/4390/4204
f 4492/4492/4302 4491/4491/4301 4493/4493/4303
f 4492/4492/4302 4493/4493/4303 4494/4494/4213
f 4492/4492/4302 4494/4494/4213 4397/4397/4210
f 4492/4492/4302 4397/4397/4210 4392/4392/4206
f 4493/4493/4303 4491/4491/4301 4495/4495/4304
f 4493/4493/4303 4495/4495/4304 4496/4496/4305
f 4497/4497/4306 4424/4424/4236 4423/4423/4235
f 4497/4497/4306 4423/4423/4235 4404/4404/4216
f 4497/4497/4306 4404/4404/4216 4402/4402/4214
f 4497/4497/4306 4402/4402/4214 4401/4401/4213
f 4463/4463/4274 4462/4462/4273 4498/4498/4307
f 4463/4463/4274 4498/4498/4307 4499/4499/4308
f 4423/4423/4235 4407/4407/4219 4405/4405/4217
f 4423/4423/4235 4405/4405/4217 4404/4404/4216
f 4467/4467/4278 4453/4453/4264 4456/4456/4267
f 4467/4467/4278 4456/4456/4267 4500/4500/4309
f 4356/4356/4171 4359/4359/4174 4332/4332/4147
f 4356/4356/4171 4332/4332/4147 4331/4331/4146
f 4452/4452/4263 4355/4355/4170 4354/4354/4169
f 4452/4452/4263 4354/4354/4169 4441/4441/4252
f 4501/4501/4310 4502/4502/4311 4459/4459/4270
f 4501/4501/4310 4459/4459/4270 4458/4458/4269
f 4357/4357/4172 4452/4452/4263 4503/4503/4312
f 4357/4357/4172 4503/4503/4312 4504/4504/4313
f 4357/4357/4172 4504/4504/4313 4505/4505/4314
f 4357/4357/4172 4505/4505/4314 4358/4358/4173
f 4506/4506/4315 4507/4507/4316 4508/4508/4317
f 4506/4506/4315 4508/4508/4317 4509/4509/4318
f 4416/4416/4228 4417/4417/4229 4339/4339/4154
f 4416/4416/4228 4339/4339/4154 4334/4334/4149
f 4510/4510/4319 4511/4511/4317 4512/4512/4320
f 4510/4510/4319 4512/4512/4320 4513/4513/4321
f 4513/4513/4321 4512/4512/4320 4514/4514/4322
f 4513/4513/4321 4514/4514/4322 4409/4409/4221
f 4409/4409/4221 4514/4514/4322 4515/4515/4323
f 4409/4409/4221 4515/4515/4323 4410/4410/4222
f 4410/4410/4222 4515/4515/4323 4516/4516/4324
f 4410/4410/4222 4516/4516/4324 4457/4457/4268
f 4457/4457/4268 4516/4516/4324 4517/4517/4325
f 4457/4457/4268 4517/4517/4325 4413/4413/4225
f 4413/4413/4225 4517/4517/4325 4518/4518/4326
f 4413/4413/4225 4518/4518/4326 4414/4414/4226
f 4414/4414/4226 4518/4518/4326 4519/4519/4327
f 4414/4414/4226 4519/4519/4327 4416/4416/4228
f 4416/4416/4228 4519/4519/4327 4520/4520/4328
f 4416/4416/4228 4520/4520/4328 4417/4417/4229
f 4417/4417/4229 4520/4520/4328 4521/4521/4329
f 4417/4417/4229 4521/4521/4329 4418/4418/4230
f 4418/4418/4230 4521/4521/4329 4522/4522/4330
f 4418/4418/4230 4522/4522/4330 4419/4419/4231
f 4419/4419/4231 4522/4522/4330 4523/4523/4331
f 4419/4419/4231 4523/4523/4331 4420/4420/4232
f 4420/4420/4232 4523/4523/4331 4524/4524/4332
f 4420/4420/4232 4524/4524/4332 4335/4335/4150
f 4335/4335/4150 4524/4524/4332 4525/4525/4333
f 4335/4335/4150 4525/4525/4333 4336/4336/4151
f 4336/4336/4151 4525/4525/4333 4526/4526/4334
f 4336/4336/4151 4526/4526/4334 4427/4427/4239
f 4427/4427/4239 4526/4526/4334 4527/4527/4335
f 4427/4427/4239 4527/4527/4335 4428/4428/4240
f 4428/4428/4240 4527/4527/4335 4528/4528/4336
f 4428/4428/4240 4528/4528/4336 4529/4529/4337
f 4530/4530/4337 4531/4531/4336 4532/4532/4338
f 4530/4530/4337 4532/4532/4338 4533/4533/4242
f 4431/4431/4242 4534/4534/4338 4535/4535/4339
f 4431/4431/4242 4535/4535/4339 4432/4432/4243
f 4432/4432/4243 4535/4535/4339 4536/4536/4340
f 4432/4432/4243 4536/4536/4340 4433/4433/4244
f 4433/4433/4244 4536/4536/4340 4537/4537/4341
f 4433/4433/4244 4537/4537/4341 4434/4434/4245
f 4434/4434/4245 4537/4537/4341 4538/4538/4342
f 4434/4434/4245 4538/4538/4342 4435/4435/4246
f 4435/4435/4246 4538/4538/4342 4539/4539/4343
f 4435/4435/4246 4539/4539/4343 4445/4445/4256
f 4408/4408/4220 4407/4407/4219 4540/4540/4344
f 4408/4408/4220 4540/4540/4344 4442/4442/4253
f 4541/4541/4345 4542/4542/4346 4543/4543/4347
f 4541/4541/4345 4543/4543/4347 4544/4544/4310
f 4541/4541/4345 4463/4463/4274 4499/4499/4308
f 4541/4541/4345 4499/4499/4308 4542/4542/4346
f 4462/4462/4273 4467/4467/4278 4500/4500/4309
f 4462/4462/4273 4500/4500/4309 4498/4498/4307
f 4545/4545/4348 4448/4448/4259 4546/4546/4349
f 4545/4545/4348 4546/4546/4349 4547/4547/4350
f 4546/4546/4349 4448/4448/4259 4447/4447/4258
f 4546/4546/4349 4447/4447/4258 4495/4495/4304
f 4548/4548/4347 4542/4542/4346 4475/4475/4285
f 4548/4548/4347 4475/4475/4285 4473/4473/4283
f 4549/4549/4311 4550/4550/4283 4551/4551/4351
f 4549/4549/4311 4551/4551/4351 4552/4552/4270
f 4233/4233/4052 4231/4231/4050 4412/4412/4224
f 4233/4233/4052 4412/4412/4224 4411/4411/4223
f 4542/4542/4346 4499/4499/4308 4477/4477/4287
f 4542/4542/4346 4477/4477/4287 4475/4475/4285
f 4496/4496/4305 4495/4495/4304 4447/4447/4258
f 4496/4496/4305 4447/4447/4258 4553/4553/4352
f 4499/4499/4308 4498/4498/4307 4479/4479/4289
f 4499/4499/4308 4479/4479/4289 4477/4477/4287
f 4464/4464/4275 4463/4463/4274 4541/4541/4345
f 4464/4464/4275 4541/4541/4345 4554/4554/4353
f 4498/4498/4307 4500/4500/4309 4481/4481/4291
f 4498/4498/4307 4481/4481/4291 4479/4479/4289
f 4500/4500/4309 4456/4456/4267 4483/4483/4293
f 4500/4500/4309 4483/4483/4293 4481/4481/4291
f 4555/4555/4354 4458/4458/4269 4443/4443/4254
f 4555/4555/4354 4443/4443/4254 4450/4450/4261
f 4456/4456/4267 4455/4455/4266 4485/4485/4295
f 4456/4456/4267 4485/4485/4295 4483/4483/4293
f 4556/4556/4355 4501/4501/4310 4458/4458/4269
f 4556/4556/4355 4458/4458/4269 4555/4555/4354
f 4455/4455/4266 4547/4547/4350 4487/4487/4297
f 4455/4455/4266 4487/4487/4297 4485/4485/4295
f 4547/4547/4350 4546/4546/4349 4489/4489/4299
f 4547/4547/4350 4489/4489/4299 4487/4487/4297
f 4557/4557/4356 4545/4545/4348 4454/4454/4265
f 4557/4557/4356 4454/4454/4265 4558/4558/4357
f 4546/4546/4349 4495/4495/4304 4491/4491/4301
f 4546/4546/4349 4491/4491/4301 4489/4489/4299
f 4554/4554/4353 4541/4541/4345 4544/4544/4310
f 4554/4554/4353 4544/4544/4310 4559/4559/4358
f 4341/4341/4156 4245/4245/4064 4243/4243/4062
f 4341/4341/4156 4243/4243/4062 4339/4339/4154
f 4540/4540/4344 4422/4422/4234 4461/4461/4272
f 4540/4540/4344 4461/4461/4272 4560/4560/4359
f 4557/4557/4356 4449/4449/4260 4448/4448/4259
f 4557/4557/4356 4448/4448/4259 4545/4545/4348
f 4561/4561/4360 4560/4560/4359 4562/4562/4361
f 4561/4561/4360 4562/4562/4361 4563/4563/4362
f 4564/4564/4363 4565/4565/4362 4566/4566/4364
f 4564/4564/4363 4566/4566/4364 4441/4441/4252
f 4567/4567/4365 4568/4568/4366 4569/4569/4367
f 4567/4567/4365 4569/4569/4367 4570/4570/4368
f 4567/4567/4365 4570/4570/4368 4571/4571/4369
f 4567/4567/4365 4571/4571/4369 4572/4572/4370
f 4566/4566/4364 4503/4503/4312 4452/4452/4263
f 4566/4566/4364 4452/4452/4263 4441/4441/4252
f 4573/4573/4371 4570/4570/4368 4569/4569/4367
f 4573/4573/4371 4569/4569/4367 304/304/285
f 4571/4571/4369 4574/4574/4372 4575/4575/4373
f 4571/4571/4369 4575/4575/4373 4572/4572/4370
f 4576/4576/4374 4577/4577/4375 4578/4578/4376
f 4576/4576/4374 4578/4578/4376 4579/4579/4377
f 4574/4574/4372 4580/4580/4378 4581/4581/4314
f 4574/4574/4372 4581/4581/4314 4575/4575/4373
f 4582/4582/4379 4583/4583/4380 4584/4584/4381
f 4582/4582/4379 4584/4584/4381 4585/4585/4382
f 4580/4580/4378 4586/4586/4383 4587/4587/4384
f 4580/4580/4378 4587/4587/4384 4581/4581/4314
f 4586/4586/4383 4588/4588/4385 4589/4589/4386
f 4586/4586/4383 4589/4589/4386 4587/4587/4384
f 4590/4590/4387 4591/4591/4388 4592/4592/4389
f 4590/4590/4387 4592/4592/4389 4593/4593/4390
f 4588/4588/4385 4594/4594/4391 4595/4595/4392
f 4588/4588/4385 4595/4595/4392 4589/4589/4386
f 4591/4591/4388 4596/4596/4393 4597/4597/4394
f 4591/4591/4388 4597/4597/4394 4592/4592/4389
f 4594/4594/4391 4598/4598/4395 4599/4599/4323
f 4594/4594/4391 4599/4599/4323 4595/4595/4392
f 4596/4596/4393 4600/4600/4396 4601/4601/4397
f 4596/4596/4393 4601/4601/4397 4597/4597/4394
f 4598/4598/4395 4602/4602/4398 4603/4603/4324
f 4598/4598/4395 4603/4603/4324 4599/4599/4323
f 4604/4604/4399 4605/4605/4400 4606/4606/4401
f 4604/4604/4399 4606/4606/4401 4607/4607/4402
f 4602/4602/4398 4608/4608/4403 4609/4609/4325
f 4602/4602/4398 4609/4609/4325 4603/4603/4324
f 4610/4610/4404 4576/4576/4374 4579/4579/4377
f 4610/4610/4404 4579/4579/4377 4611/4611/4405
f 4608/4608/4403 4612/4612/4406 4613/4613/4407
f 4608/4608/4403 4613/4613/4407 4609/4609/4325
f 4614/4614/4408 308/308/289 4580/4580/4378
f 4614/4614/4408 4580/4580/4378 4574/4574/4372
f 4612/4612/4406 4585/4585/4382 4615/4615/4409
f 4612/4612/4406 4615/4615/4409 4613/4613/4407
f 4616/4616/4375 4617/4617/4410 4618/4618/4411
f 4616/4616/4375 4618/4618/4411 4619/4619/4376
f 4585/4585/4382 4584/4584/4381 4620/4620/4328
f 4585/4585/4382 4620/4620/4328 4615/4615/4409
f 4621/4621/4412 4622/4622/4413 4623/4623/4414
f 4621/4621/4412 4623/4623/4414 4624/4624/4415
f 4584/4584/4381 4593/4593/4390 4625/4625/4416
f 4584/4584/4381 4625/4625/4416 4620/4620/4328
f 4622/4622/4413 4626/4626/4417 4627/4627/4418
f 4622/4622/4413 4627/4627/4418 4623/4623/4414
f 4593/4593/4390 4592/4592/4389 4628/4628/4419
f 4593/4593/4390 4628/4628/4419 4625/4625/4416
f 4626/4626/4417 4629/4629/4420 4630/4630/4421
f 4626/4626/4417 4630/4630/4421 4627/4627/4418
f 4592/4592/4389 4597/4597/4394 4631/4631/4422
f 4592/4592/4389 4631/4631/4422 4628/4628/4419
f 4629/4629/4420 4604/4604/4399 4607/4607/4402
f 4629/4629/4420 4607/4607/4402 4630/4630/4421
f 4597/4597/4394 4601/4601/4397 4632/4632/4423
f 4597/4597/4394 4632/4632/4423 4631/4631/4422
f 4633/4633/4424 4634/4634/4425 4608/4608/4403
f 4633/4633/4424 4608/4608/4403 4602/4602/4398
f 4601/4601/4397 4611/4611/4405 4635/4635/4333
f 4601/4601/4397 4635/4635/4333 4632/4632/4423
f 4611/4611/4405 4579/4579/4377 4636/4636/4334
f 4611/4611/4405 4636/4636/4334 4635/4635/4333
f 4637/4637/4426 4638/4638/4427 4639/4639/4428
f 4637/4637/4426 4639/4639/4428 4640/4640/4429
f 4579/4579/4377 4578/4578/4376 4641/4641/4430
f 4579/4579/4377 4641/4641/4430 4636/4636/4334
f 4619/4619/4376 4618/4618/4411 4642/4642/4336
f 4619/4619/4376 4642/4642/4336 4643/4643/4430
f 4614/4614/4408 4644/4644/4431 4645/4645/4432
f 4614/4614/4408 4645/4645/4432 4646/4646/4433
f 4624/4624/4415 4623/4623/4414 4647/4647/4434
f 4624/4624/4415 4647/4647/4434 4648/4648/4336
f 4605/4605/4400 4637/4637/4426 4640/4640/4429
f 4605/4605/4400 4640/4640/4429 4606/4606/4401
f 4623/4623/4414 4627/4627/4418 4649/4649/4339
f 4623/4623/4414 4649/4649/4339 4647/4647/4434
f 309/309/290 308/308/289 4614/4614/4408
f 309/309/290 4614/4614/4408 4646/4646/4433
f 4627/4627/4418 4630/4630/4421 4650/4650/4435
f 4627/4627/4418 4650/4650/4435 4649/4649/4339
f 4651/4651/4436 305/305/286 4652/4652/4437
f 4651/4651/4436 4652/4652/4437 4653/4653/4438
f 4630/4630/4421 4607/4607/4402 4654/4654/4439
f 4630/4630/4421 4654/4654/4439 4650/4650/4435
f 4655/4655/4440 4656/4656/4441 4657/4657/4393
f 4655/4655/4440 4657/4657/4393 4658/4658/4442
f 4607/4607/4402 4606/4606/4401 4659/4659/4443
f 4607/4607/4402 4659/4659/4443 4654/4654/4439
f 4606/4606/4401 4640/4640/4429 4660/4660/4444
f 4606/4606/4401 4660/4660/4444 4659/4659/4443
f 4573/4573/4371 304/304/285 307/307/288
f 4573/4573/4371 307/307/288 4661/4661/4445
f 4640/4640/4429 4639/4639/4428 4662/4662/4446
f 4640/4640/4429 4662/4662/4446 4660/4660/4444
f 4662/4662/4446 4639/4639/4428 4663/4663/4447
f 4662/4662/4446 4663/4663/4447 4664/4664/4448
f 4665/4665/4449 4666/4666/4450 4450/4450/4261
f 4665/4665/4449 4450/4450/4261 4451/4451/4262
f 4665/4665/4449 4451/4451/4262 4445/4445/4256
f 4665/4665/4449 4445/4445/4256 4539/4539/4343
f 4450/4450/4261 4666/4666/4450 4667/4667/4451
f 4450/4450/4261 4667/4667/4451 4555/4555/4354
f 4439/4439/4250 4361/4361/4176 4352/4352/4167
f 4439/4439/4250 4352/4352/4167 4351/4351/4166
f 4553/4553/4352 4447/4447/4258 4446/4446/4257
f 4553/4553/4352 4446/4446/4257 4668/4668/4271
f 4510/4510/4319 4513/4513/4321 4425/4425/4237
f 4510/4510/4319 4425/4425/4237 4669/4669/4452
f 4453/4453/4264 4467/4467/4278 4466/4466/4277
f 4453/4453/4264 4466/4466/4277 4670/4670/4453
f 4454/4454/4265 4453/4453/4264 4670/4670/4453
f 4454/4454/4265 4670/4670/4453 4558/4558/4357
f 4671/4671/4238 4672/4672/4174 4506/4506/4315
f 4671/4671/4238 4506/4506/4315 4509/4509/4318
f 4332/4332/4147 4359/4359/4174 4673/4673/4238
f 4332/4332/4147 4673/4673/4238 4229/4229/4048
f 4442/4442/4253 4354/4354/4169 4353/4353/4168
f 4442/4442/4253 4353/4353/4168 4408/4408/4220
f 4410/4410/4222 4457/4457/4268 4436/4436/4247
f 4410/4410/4222 4436/4436/4247 4411/4411/4223
f 4513/4513/4321 4409/4409/4221 4412/4412/4224
f 4513/4513/4321 4412/4412/4224 4425/4425/4237
f 4668/4668/4271 4446/4446/4257 4674/4674/4454
f 4668/4668/4271 4674/4674/4454 4675/4675/4455
f 4460/4460/4271 4676/4676/4456 4677/4677/4457
f 4460/4460/4271 4677/4677/4457 4461/4461/4272
f 4333/4333/4148 4239/4239/4058 4237/4237/4056
f 4333/4333/4148 4237/4237/4056 4415/4415/4227
f 4678/4678/4458 4679/4679/4459 4680/4680/4460
f 4678/4678/4458 4680/4680/4460 4653/4653/4438
f 4678/4678/4458 4653/4653/4438 4652/4652/4437
f 4678/4678/4458 4652/4652/4437 4681/4681/4461
f 4677/4677/4457 4562/4562/4361 4560/4560/4359
f 4677/4677/4457 4560/4560/4359 4461/4461/4272
f 4653/4653/4438 4680/4680/4460 4682/4682/4462
f 4653/4653/4438 4682/4682/4462 4651/4651/4436
f 4683/4683/4463 4596/4596/4393 4591/4591/4388
f 4683/4683/4463 4591/4591/4388 4684/4684/4464
f 4652/4652/4437 4569/4569/4367 4568/4568/4366
f 4652/4652/4437 4568/4568/4366 4681/4681/4461
f 310/310/291 4657/4657/4393 4594/4594/4391
f 310/310/291 4594/4594/4391 4588/4588/4385
f 323/323/304 4626/4626/4417 4622/4622/4413
f 323/323/304 4622/4622/4413 324/324/305
f 4685/4685/4465 4686/4686/4466 4687/4687/4467
f 4685/4685/4465 4687/4687/4467 4688/4688/4468
f 4689/4689/4469 4663/4663/4447 4639/4639/4428
f 4689/4689/4469 4639/4639/4428 4638/4638/4427
f 4690/4690/4470 4691/4691/4471 4692/4692/4472
f 4690/4690/4470 4692/4692/4472 4693/4693/4473
f 4694/4694/4474 4638/4638/4427 4637/4637/4426
f 4694/4694/4474 4637/4637/4426 4695/4695/4475
f 4652/4652/4437 305/305/286 304/304/285
f 4652/4652/4437 304/304/285 4569/4569/4367
f 4610/4610/4404 4600/4600/4396 4696/4696/4476
f 4610/4610/4404 4696/4696/4476 4697/4697/4477
f 324/324/305 4622/4622/4413 4621/4621/4412
f 324/324/305 4621/4621/4412 4698/4698/4478
f 4422/4422/4234 4540/4540/4344 4407/4407/4219
f 4422/4422/4234 4407/4407/4219 4423/4423/4235
f 4699/4699/4479 4700/4700/4480 4701/4701/4481
f 4699/4699/4479 4701/4701/4481 4702/4702/4482
f 4703/4703/4483 4704/4704/4484 4705/4705/4485
f 4703/4703/4483 4705/4705/4485 4706/4706/4486
f 4644/4644/4431 4614/4614/4408 4574/4574/4372
f 4644/4644/4431 4574/4574/4372 4571/4571/4369
f 4707/4707/4487 4634/4634/4425 4708/4708/4488
f 4707/4707/4487 4708/4708/4488 4709/4709/4489
f 4710/4710/4490 4711/4711/4471 4712/4712/4491
f 4710/4710/4490 4712/4712/4491 4713/4713/4492
f 4645/4645/4432 4644/4644/4431 4573/4573/4371
f 4645/4645/4432 4573/4573/4371 4661/4661/4445
f 4591/4591/4388 4590/4590/4387 4714/4714/4493
f 4591/4591/4388 4714/4714/4493 4684/4684/4464
f 4687/4687/4467 4686/4686/4466 4715/4715/4494
f 4687/4687/4467 4715/4715/4494 4716/4716/4495
f 4687/4687/4467 4716/4716/4495 4664/4664/4448
f 4687/4687/4467 4664/4664/4448 4663/4663/4447
f 4715/4715/4494 4686/4686/4466 4717/4717/4496
f 4715/4715/4494 4717/4717/4496 4718/4718/4497
f 4719/4719/4498 4720/4720/4497 4554/4554/4353
f 4719/4719/4498 4554/4554/4353 4559/4559/4358
f 4721/4721/4498 4556/4556/4355 4555/4555/4354
f 4721/4721/4498 4555/4555/4354 4667/4667/4451
f 4554/4554/4353 4720/4720/4497 4722/4722/4499
f 4554/4554/4353 4722/4722/4499 4464/4464/4275
f 4723/4723/4500 4442/4442/4253 4540/4540/4344
f 4723/4723/4500 4540/4540/4344 4560/4560/4359
f 4454/4454/4265 4545/4545/4348 4547/4547/4350
f 4454/4454/4265 4547/4547/4350 4455/4455/4266
f 4451/4451/4262 4437/4437/4248 4439/4439/4250
f 4451/4451/4262 4439/4439/4250 4445/4445/4256
f 4436/4436/4247 4235/4235/4054 4233/4233/4052
f 4436/4436/4247 4233/4233/4052 4411/4411/4223
f 4557/4557/4356 4558/4558/4357 4724/4724/4501
f 4557/4557/4356 4724/4724/4501 4725/4725/4502
f 4557/4557/4356 4725/4725/4502 4726/4726/4503
f 4557/4557/4356 4726/4726/4503 4449/4449/4260
f 4727/4727/4504 4728/4728/4505 4729/4729/4506
f 4727/4727/4504 4729/4729/4506 4713/4713/4492
f 4730/4730/4503 4731/4731/4492 4732/4732/4507
f 4730/4730/4503 4732/4732/4507 4733/4733/4454
f 4726/4726/4503 4674/4674/4454 4446/4446/4257
f 4726/4726/4503 4446/4446/4257 4449/4449/4260
f 4582/4582/4379 4707/4707/4487 4709/4709/4489
f 4582/4582/4379 4709/4709/4489 4734/4734/4508
f 4735/4735/4507 4680/4680/4460 4679/4679/4459
f 4735/4735/4507 4679/4679/4459 4736/4736/4454
f 308/308/289 311/311/292 4586/4586/4383
f 308/308/289 4586/4586/4383 4580/4580/4378
f 4696/4696/4476 4600/4600/4396 4596/4596/4393
f 4696/4696/4476 4596/4596/4393 4683/4683/4463
f 4737/4737/4491 4691/4691/4471 4690/4690/4470
f 4737/4737/4491 4690/4690/4470 4738/4738/4460
f 4646/4646/4433 4645/4645/4432 4739/4739/4509
f 4646/4646/4433 4739/4739/4509 4740/4740/4510
f 4646/4646/4433 4740/4740/4510 4658/4658/4442
f 4646/4646/4433 4658/4658/4442 309/309/290
f 4658/4658/4442 4740/4740/4510 4741/4741/4511
f 4658/4658/4442 4741/4741/4511 4655/4655/4440
f 4651/4651/4436 4682/4682/4462 4742/4742/4473
f 4651/4651/4436 4742/4742/4473 4743/4743/4512
f 311/311/292 310/310/291 4588/4588/4385
f 311/311/292 4588/4588/4385 4586/4586/4383
f 4700/4700/4480 4744/4744/4513 4745/4745/4514
f 4700/4700/4480 4745/4745/4514 4701/4701/4481
f 4746/4746/4515 4576/4576/4374 4610/4610/4404
f 4746/4746/4515 4610/4610/4404 4697/4697/4477
f 4747/4747/4516 4577/4577/4375 4576/4576/4374
f 4747/4747/4516 4576/4576/4374 4746/4746/4515
f 4748/4748/4478 4617/4617/4410 4616/4616/4375
f 4748/4748/4478 4616/4616/4375 4749/4749/4517
f 4750/4750/4518 4685/4685/4465 4688/4688/4468
f 4750/4750/4518 4688/4688/4468 4751/4751/4519
f 4717/4717/4496 4686/4686/4466 4685/4685/4465
f 4717/4717/4496 4685/4685/4465 4752/4752/4520
f 4708/4708/4488 4634/4634/4425 4633/4633/4424
f 4708/4708/4488 4633/4633/4424 4753/4753/4521
f 4707/4707/4487 4582/4582/4379 4585/4585/4382
f 4707/4707/4487 4585/4585/4382 4612/4612/4406
f 4754/4754/4522 4755/4755/4523 4744/4744/4513
f 4754/4754/4522 4744/4744/4513 4700/4700/4480
f 4713/4713/4492 4729/4729/4506 4756/4756/4524
f 4713/4713/4492 4756/4756/4524 4710/4710/4490
f 4590/4590/4387 4583/4583/4380 4757/4757/4525
f 4590/4590/4387 4757/4757/4525 4714/4714/4493
f 4705/4705/4485 4758/4758/4526 4756/4756/4524
f 4705/4705/4485 4756/4756/4524 4706/4706/4486
f 4759/4759/4527 4752/4752/4520 4685/4685/4465
f 4759/4759/4527 4685/4685/4465 4750/4750/4518
f 4600/4600/4396 4610/4610/4404 4611/4611/4405
f 4600/4600/4396 4611/4611/4405 4601/4601/4397
f 4573/4573/4371 4644/4644/4431 4571/4571/4369
f 4573/4573/4371 4571/4571/4369 4570/4570/4368
f 4710/4710/4490 4756/4756/4524 4758/4758/4526
f 4710/4710/4490 4758/4758/4526 4760/4760/4528
f 4753/4753/4521 4633/4633/4424 4656/4656/4441
f 4753/4753/4521 4656/4656/4441 4655/4655/4440
f 4695/4695/4475 4637/4637/4426 4605/4605/4400
f 4695/4695/4475 4605/4605/4400 4761/4761/4529
f 4754/4754/4522 4700/4700/4480 4699/4699/4479
f 4754/4754/4522 4699/4699/4479 4762/4762/4530
f 4703/4703/4483 4706/4706/4486 4763/4763/4531
f 4703/4703/4483 4763/4763/4531 4764/4764/4532
f 4702/4702/4482 4701/4701/4481 4752/4752/4520
f 4702/4702/4482 4752/4752/4520 4759/4759/4527
f 4757/4757/4525 4583/4583/4380 4582/4582/4379
f 4757/4757/4525 4582/4582/4379 4734/4734/4508
f 4745/4745/4514 4744/4744/4513 4765/4765/4533
f 4745/4745/4514 4765/4765/4533 4766/4766/4499
f 4745/4745/4514 4766/4766/4499 4718/4718/4497
f 4745/4745/4514 4718/4718/4497 4717/4717/4496
f 4765/4765/4533 4744/4744/4513 4755/4755/4523
f 4765/4765/4533 4755/4755/4523 4767/4767/4534
f 4768/4768/4535 4769/4769/4536 4466/4466/4277
f 4768/4768/4535 4466/4466/4277 4465/4465/4276
f 4768/4768/4535 4465/4465/4276 4464/4464/4275
f 4768/4768/4535 4464/4464/4275 4722/4722/4499
f 4767/4767/4534 4755/4755/4523 4764/4764/4532
f 4767/4767/4534 4764/4764/4532 4770/4770/4537
f 4769/4769/4536 4771/4771/4538 4670/4670/4453
f 4769/4769/4536 4670/4670/4453 4466/4466/4277
f 4770/4770/4537 4764/4764/4532 4763/4763/4531
f 4770/4770/4537 4763/4763/4531 4772/4772/4539
f 4771/4771/4538 4724/4724/4501 4558/4558/4357
f 4771/4771/4538 4558/4558/4357 4670/4670/4453
f 4656/4656/4441 4633/4633/4424 4602/4602/4398
f 4656/4656/4441 4602/4602/4398 4598/4598/4395
f 4763/4763/4531 4729/4729/4506 4728/4728/4505
f 4763/4763/4531 4728/4728/4505 4772/4772/4539
f 4657/4657/4393 310/310/291 309/309/290
f 4657/4657/4393 309/309/290 4658/4658/4442
f 4764/4764/4532 4755/4755/4523 4754/4754/4522
f 4764/4764/4532 4754/4754/4522 4703/4703/4483
f 4688/4688/4468 4689/4689/4469 4773/4773/4540
f 4688/4688/4468 4773/4773/4540 4751/4751/4519
f 4743/4743/4512 4742/4742/4473 4774/4774/4541
f 4743/4743/4512 4774/4774/4541 4775/4775/4542
f 4743/4743/4512 4775/4775/4542 4776/4776/4543
f 4743/4743/4512 4776/4776/4543 306/306/287
f 4583/4583/4380 4590/4590/4387 4593/4593/4390
f 4583/4583/4380 4593/4593/4390 4584/4584/4381
f 4776/4776/4543 4775/4775/4542 4777/4777/4544
f 4776/4776/4543 4777/4777/4544 4778/4778/4545
f 4776/4776/4543 4778/4778/4545 4779/4779/4546
f 4776/4776/4543 4779/4779/4546 4780/4780/4547
f 4776/4776/4543 4780/4780/4547 307/307/288
f 4776/4776/4543 307/307/288 306/306/287
f 4780/4780/4547 4779/4779/4546 4781/4781/4548
f 4780/4780/4547 4781/4781/4548 4782/4782/4549
f 4780/4780/4547 4782/4782/4549 4661/4661/4445
f 4780/4780/4547 4661/4661/4445 307/307/288
f 4782/4782/4549 4781/4781/4548 4783/4783/4550
f 4782/4782/4549 4783/4783/4550 4739/4739/4509
f 4782/4782/4549 4739/4739/4509 4645/4645/4432
f 4782/4782/4549 4645/4645/4432 4661/4661/4445
f 4783/4783/4550 4781/4781/4548 4784/4784/4551
f 4783/4783/4550 4784/4784/4551 4785/4785/4552
f 4783/4783/4550 4785/4785/4552 4786/4786/4553
f 4783/4783/4550 4786/4786/4553 4741/4741/4511
f 4783/4783/4550 4741/4741/4511 4740/4740/4510
f 4783/4783/4550 4740/4740/4510 4739/4739/4509
f 4786/4786/4553 4785/4785/4552 4787/4787/4554
f 4786/4786/4553 4787/4787/4554 4788/4788/4555
f 4786/4786/4553 4788/4788/4555 4708/4708/4488
f 4786/4786/4553 4708/4708/4488 4753/4753/4521
f 4786/4786/4553 4753/4753/4521 4655/4655/4440
f 4786/4786/4553 4655/4655/4440 4741/4741/4511
f 4788/4788/4555 4787/4787/4554 4789/4789/4556
f 4788/4788/4555 4789/4789/4556 4790/4790/4557
f 4788/4788/4555 4790/4790/4557 4709/4709/4489
f 4788/4788/4555 4709/4709/4489 4708/4708/4488
f 4790/4790/4557 4789/4789/4556 4791/4791/4558
f 4790/4790/4557 4791/4791/4558 4792/4792/4559
f 4790/4790/4557 4792/4792/4559 4734/4734/4508
f 4790/4790/4557 4734/4734/4508 4709/4709/4489
f 4792/4792/4559 4791/4791/4558 4793/4793/4560
f 4792/4792/4559 4793/4793/4560 4794/4794/4561
f 4792/4792/4559 4794/4794/4561 4757/4757/4525
f 4792/4792/4559 4757/4757/4525 4734/4734/4508
f 4794/4794/4561 4793/4793/4560 4795/4795/4562
f 4794/4794/4561 4795/4795/4562 4796/4796/4563
f 4794/4794/4561 4796/4796/4563 4714/4714/4493
f 4794/4794/4561 4714/4714/4493 4757/4757/4525
f 4796/4796/4563 4795/4795/4562 4797/4797/4564
f 4796/4796/4563 4797/4797/4564 4798/4798/4565
f 4796/4796/4563 4798/4798/4565 4684/4684/4464
f 4796/4796/4563 4684/4684/4464 4714/4714/4493
f 4798/4798/4565 4797/4797/4564 4799/4799/4566
f 4798/4798/4565 4799/4799/4566 4800/4800/4567
f 4798/4798/4565 4800/4800/4567 4683/4683/4463
f 4798/4798/4565 4683/4683/4463 4684/4684/4464
f 4800/4800/4567 4799/4799/4566 4801/4801/4568
f 4800/4800/4567 4801/4801/4568 4802/4802/4569
f 4800/4800/4567 4802/4802/4569 4696/4696/4476
f 4800/4800/4567 4696/4696/4476 4683/4683/4463
f 4802/4802/4569 4801/4801/4568 4803/4803/4570
f 4802/4802/4569 4803/4803/4570 4804/4804/4571
f 4802/4802/4569 4804/4804/4571 4697/4697/4477
f 4802/4802/4569 4697/4697/4477 4696/4696/4476
f 4804/4804/4571 4803/4803/4570 4805/4805/4572
f 4804/4804/4571 4805/4805/4572 4806/4806/4573
f 4804/4804/4571 4806/4806/4573 4746/4746/4515
f 4804/4804/4571 4746/4746/4515 4697/4697/4477
f 4806/4806/4573 4805/4805/4572 4807/4807/4574
f 4806/4806/4573 4807/4807/4574 4808/4808/4575
f 4806/4806/4573 4808/4808/4575 4747/4747/4516
f 4806/4806/4573 4747/4747/4516 4746/4746/4515
f 4808/4808/4575 4807/4807/4574 4809/4809/4576
f 4808/4808/4575 4809/4809/4576 4810/4810/4577
f 4811/4811/4575 4812/4812/4578 4813/4813/4478
f 4811/4811/4575 4813/4813/4478 4814/4814/4516
f 4810/4810/4577 4809/4809/4576 321/321/302
f 4810/4810/4577 321/321/302 320/320/301
f 4815/4815/4578 4816/4816/301 4817/4817/305
f 4815/4815/4578 4817/4817/305 4818/4818/4579
f 4809/4809/4576 4807/4807/4574 4819/4819/4580
f 4809/4809/4576 4819/4819/4580 4820/4820/4581
f 4809/4809/4576 4820/4820/4581 4821/4821/4582
f 4809/4809/4576 4821/4821/4582 321/321/302
f 4821/4821/4582 4820/4820/4581 4822/4822/4583
f 4821/4821/4582 4822/4822/4583 4823/4823/4584
f 4821/4821/4582 4823/4823/4584 4824/4824/4585
f 4821/4821/4582 4824/4824/4585 4825/4825/4586
f 4821/4821/4582 4825/4825/4586 322/322/303
f 4821/4821/4582 322/322/303 321/321/302
f 4825/4825/4586 4824/4824/4585 4761/4761/4529
f 4825/4825/4586 4761/4761/4529 4826/4826/4587
f 4825/4825/4586 4826/4826/4587 325/325/306
f 4825/4825/4586 325/325/306 322/322/303
f 4824/4824/4585 4823/4823/4584 4827/4827/4588
f 4824/4824/4585 4827/4827/4588 4828/4828/4589
f 4824/4824/4585 4828/4828/4589 4695/4695/4475
f 4824/4824/4585 4695/4695/4475 4761/4761/4529
f 4828/4828/4589 4827/4827/4588 4829/4829/4590
f 4828/4828/4589 4829/4829/4590 4830/4830/4591
f 4828/4828/4589 4830/4830/4591 4694/4694/4474
f 4828/4828/4589 4694/4694/4474 4695/4695/4475
f 4830/4830/4591 4829/4829/4590 4831/4831/4592
f 4830/4830/4591 4831/4831/4592 4832/4832/4593
f 4830/4830/4591 4832/4832/4593 4773/4773/4540
f 4830/4830/4591 4773/4773/4540 4694/4694/4474
f 4832/4832/4593 4831/4831/4592 4833/4833/4594
f 4832/4832/4593 4833/4833/4594 4834/4834/4595
f 4832/4832/4593 4834/4834/4595 4751/4751/4519
f 4832/4832/4593 4751/4751/4519 4773/4773/4540
f 4834/4834/4595 4833/4833/4594 383/383/361
f 4834/4834/4595 383/383/361 4835/4835/4596
f 4834/4834/4595 4835/4835/4596 4750/4750/4518
f 4834/4834/4595 4750/4750/4518 4751/4751/4519
f 4750/4750/4518 4835/4835/4596 4836/4836/4597
f 4750/4750/4518 4836/4836/4597 4759/4759/4527
f 4657/4657/4393 4656/4656/4441 4598/4598/4395
f 4657/4657/4393 4598/4598/4395 4594/4594/4391
f 4773/4773/4540 4689/4689/4469 4638/4638/4427
f 4773/4773/4540 4638/4638/4427 4694/4694/4474
f 4826/4826/4587 4604/4604/4399 4629/4629/4420
f 4826/4826/4587 4629/4629/4420 325/325/306
f 4703/4703/4483 4754/4754/4522 4762/4762/4530
f 4703/4703/4483 4762/4762/4530 4704/4704/4484
f 325/325/306 4629/4629/4420 4626/4626/4417
f 325/325/306 4626/4626/4417 323/323/304
f 4688/4688/4468 4687/4687/4467 4663/4663/4447
f 4688/4688/4468 4663/4663/4447 4689/4689/4469
f 4710/4710/4490 4760/4760/4528 4837/4837/4472
f 4710/4710/4490 4837/4837/4472 4711/4711/4471
f 4760/4760/4528 4758/4758/4526 4838/4838/4598
f 4760/4760/4528 4838/4838/4598 4839/4839/4599
f 4760/4760/4528 4839/4839/4599 4840/4840/4600
f 4760/4760/4528 4840/4840/4600 4837/4837/4472
f 4763/4763/4531 4706/4706/4486 4756/4756/4524
f 4763/4763/4531 4756/4756/4524 4729/4729/4506
f 4840/4840/4600 4839/4839/4599 4841/4841/4601
f 4840/4840/4600 4841/4841/4601 4842/4842/4602
f 4843/4843/4600 4844/4844/4602 4845/4845/4603
f 4843/4843/4600 4845/4845/4603 4846/4846/4604
f 4843/4843/4600 4846/4846/4604 4693/4693/4473
f 4843/4843/4600 4693/4693/4473 4692/4692/4472
f 4847/4847/4603 4848/4848/4602 4849/4849/4605
f 4847/4847/4603 4849/4849/4605 4850/4850/4606
f 4851/4851/4607 4852/4852/4608 4853/4853/4609
f 4851/4851/4607 4853/4853/4609 4777/4777/4544
f 4851/4851/4607 4777/4777/4544 4775/4775/4542
f 4851/4851/4607 4775/4775/4542 4774/4774/4541
f 4853/4853/4609 4852/4852/4608 4854/4854/4610
f 4853/4853/4609 4854/4854/4610 4855/4855/4611
f 4853/4853/4609 4855/4855/4611 4856/4856/4612
f 4853/4853/4609 4856/4856/4612 4857/4857/4613
f 4853/4853/4609 4857/4857/4613 4778/4778/4545
f 4853/4853/4609 4778/4778/4545 4777/4777/4544
f 4857/4857/4613 4856/4856/4612 4858/4858/4614
f 4857/4857/4613 4858/4858/4614 4859/4859/4615
f 4857/4857/4613 4859/4859/4615 4779/4779/4546
f 4857/4857/4613 4779/4779/4546 4778/4778/4545
f 4859/4859/4615 4858/4858/4614 4860/4860/4616
f 4859/4859/4615 4860/4860/4616 4784/4784/4551
f 4859/4859/4615 4784/4784/4551 4781/4781/4548
f 4859/4859/4615 4781/4781/4548 4779/4779/4546
f 4860/4860/4616 4858/4858/4614 4861/4861/4617
f 4860/4860/4616 4861/4861/4617 4862/4862/4618
f 4860/4860/4616 4862/4862/4618 4789/4789/4556
f 4860/4860/4616 4789/4789/4556 4787/4787/4554
f 4860/4860/4616 4787/4787/4554 4785/4785/4552
f 4860/4860/4616 4785/4785/4552 4784/4784/4551
f 4862/4862/4618 4861/4861/4617 4863/4863/4619
f 4862/4862/4618 4863/4863/4619 4864/4864/4620
f 4862/4862/4618 4864/4864/4620 4791/4791/4558
f 4862/4862/4618 4791/4791/4558 4789/4789/4556
f 4864/4864/4620 4863/4863/4619 4865/4865/4621
f 4864/4864/4620 4865/4865/4621 4866/4866/4622
f 4864/4864/4620 4866/4866/4622 4793/4793/4560
f 4864/4864/4620 4793/4793/4560 4791/4791/4558
f 4866/4866/4622 4865/4865/4621 4867/4867/4623
f 4866/4866/4622 4867/4867/4623 4868/4868/4624
f 4866/4866/4622 4868/4868/4624 4795/4795/4562
f 4866/4866/4622 4795/4795/4562 4793/4793/4560
f 4868/4868/4624 4867/4867/4623 4869/4869/4625
f 4868/4868/4624 4869/4869/4625 4870/4870/4626
f 4868/4868/4624 4870/4870/4626 4797/4797/4564
f 4868/4868/4624 4797/4797/4564 4795/4795/4562
f 4870/4870/4626 4869/4869/4625 4871/4871/4627
f 4870/4870/4626 4871/4871/4627 4872/4872/4628
f 4870/4870/4626 4872/4872/4628 4799/4799/4566
f 4870/4870/4626 4799/4799/4566 4797/4797/4564
f 4872/4872/4628 4871/4871/4627 4873/4873/4629
f 4872/4872/4628 4873/4873/4629 4874/4874/4630
f 4872/4872/4628 4874/4874/4630 4801/4801/4568
f 4872/4872/4628 4801/4801/4568 4799/4799/4566
f 4874/4874/4630 4873/4873/4629 4875/4875/4631
f 4874/4874/4630 4875/4875/4631 4876/4876/4632
f 4874/4874/4630 4876/4876/4632 4803/4803/4570
f 4874/4874/4630 4803/4803/4570 4801/4801/4568
f 4876/4876/4632 4875/4875/4631 4877/4877/4633
f 4876/4876/4632 4877/4877/4633 4878/4878/4634
f 4876/4876/4632 4878/4878/4634 4805/4805/4572
f 4876/4876/4632 4805/4805/4572 4803/4803/4570
f 4878/4878/4634 4877/4877/4633 4879/4879/4635
f 4878/4878/4634 4879/4879/4635 4819/4819/4580
f 4878/4878/4634 4819/4819/4580 4807/4807/4574
f 4878/4878/4634 4807/4807/4574 4805/4805/4572
f 4879/4879/4635 4877/4877/4633 4880/4880/4636
f 4879/4879/4635 4880/4880/4636 4881/4881/4637
f 4879/4879/4635 4881/4881/4637 4882/4882/4638
f 4879/4879/4635 4882/4882/4638 4822/4822/4583
f 4879/4879/4635 4822/4822/4583 4820/4820/4581
f 4879/4879/4635 4820/4820/4581 4819/4819/4580
f 4882/4882/4638 4881/4881/4637 4883/4883/4639
f 4882/4882/4638 4883/4883/4639 4884/4884/4640
f 4882/4882/4638 4884/4884/4640 4829/4829/4590
f 4882/4882/4638 4829/4829/4590 4827/4827/4588
f 4882/4882/4638 4827/4827/4588 4823/4823/4584
f 4882/4882/4638 4823/4823/4584 4822/4822/4583
f 4884/4884/4640 4883/4883/4639 4885/4885/4641
f 4884/4884/4640 4885/4885/4641 4886/4886/4642
f 4884/4884/4640 4886/4886/4642 4831/4831/4592
f 4884/4884/4640 4831/4831/4592 4829/4829/4590
f 4886/4886/4642 4885/4885/4641 4887/4887/4643
f 4886/4886/4642 4887/4887/4643 4888/4888/4644
f 4886/4886/4642 4888/4888/4644 4833/4833/4594
f 4886/4886/4642 4833/4833/4594 4831/4831/4592
f 4888/4888/4644 4887/4887/4643 385/385/363
f 4888/4888/4644 385/385/363 384/384/362
f 4888/4888/4644 384/384/362 383/383/361
f 4888/4888/4644 383/383/361 4833/4833/4594
f 4887/4887/4643 4889/4889/4645 4890/4890/4646
f 4887/4887/4643 4890/4890/4646 385/385/363
f 4887/4887/4643 4885/4885/4641 4891/4891/4647
f 4887/4887/4643 4891/4891/4647 4889/4889/4645
f 4891/4891/4647 4892/4892/4648 4893/4893/4649
f 4891/4891/4647 4893/4893/4649 4889/4889/4645
f 4891/4891/4647 4885/4885/4641 4883/4883/4639
f 4891/4891/4647 4883/4883/4639 4894/4894/4650
f 4891/4891/4647 4894/4894/4650 4895/4895/4651
f 4891/4891/4647 4895/4895/4651 4892/4892/4648
f 4895/4895/4651 4896/4896/4652 4897/4897/4653
f 4895/4895/4651 4897/4897/4653 4892/4892/4648
f 4895/4895/4651 4894/4894/4650 4880/4880/4636
f 4895/4895/4651 4880/4880/4636 4898/4898/4654
f 4895/4895/4651 4898/4898/4654 4899/4899/4655
f 4895/4895/4651 4899/4899/4655 4896/4896/4652
f 4899/4899/4655 4900/4900/4656 4901/4901/4657
f 4899/4899/4655 4901/4901/4657 4896/4896/4652
f 4899/4899/4655 4898/4898/4654 4875/4875/4631
f 4899/4899/4655 4875/4875/4631 4873/4873/4629
f 4899/4899/4655 4873/4873/4629 4871/4871/4627
f 4899/4899/4655 4871/4871/4627 4900/4900/4656
f 4901/4901/4657 4902/4902/4658 4903/4903/4659
f 4901/4901/4657 4903/4903/4659 4904/4904/4660
f 4901/4901/4657 4904/4904/4660 4897/4897/4653
f 4901/4901/4657 4897/4897/4653 4896/4896/4652
f 4901/4901/4657 4900/4900/4656 4905/4905/4661
f 4901/4901/4657 4905/4905/4661 4902/4902/4658
f 4905/4905/4661 4906/4906/4662 4907/4907/4663
f 4905/4905/4661 4907/4907/4663 4902/4902/4658
f 4905/4905/4661 4900/4900/4656 4871/4871/4627
f 4905/4905/4661 4871/4871/4627 4869/4869/4625
f 4905/4905/4661 4869/4869/4625 4867/4867/4623
f 4905/4905/4661 4867/4867/4623 4906/4906/4662
f 4907/4907/4663 71/71/65 70/70/64
f 4907/4907/4663 70/70/64 4908/4908/4664
f 4907/4907/4663 4908/4908/4664 4903/4903/4659
f 4907/4907/4663 4903/4903/4659 4902/4902/4658
f 4907/4907/4663 4906/4906/4662 4909/4909/4665
f 4907/4907/4663 4909/4909/4665 71/71/65
f 4909/4909/4665 4910/4910/4666 67/67/61
f 4909/4909/4665 67/67/61 71/71/65
f 4909/4909/4665 4906/4906/4662 4867/4867/4623
f 4909/4909/4665 4867/4867/4623 4865/4865/4621
f 4909/4909/4665 4865/4865/4621 4863/4863/4619
f 4909/4909/4665 4863/4863/4619 4910/4910/4666
f 4910/4910/4666 4911/4911/4667 68/68/62
f 4910/4910/4666 68/68/62 67/67/61
f 4910/4910/4666 4863/4863/4619 4861/4861/4617
f 4910/4910/4666 4861/4861/4617 4911/4911/4667
f 4911/4911/4667 4856/4856/4612 4855/4855/4611
f 4911/4911/4667 4855/4855/4611 68/68/62
f 4911/4911/4667 4861/4861/4617 4858/4858/4614
f 4911/4911/4667 4858/4858/4614 4856/4856/4612
f 4908/4908/4664 70/70/64 72/72/66
f 4908/4908/4664 72/72/66 4912/4912/4668
f 4908/4908/4664 4912/4912/4668 4913/4913/4669
f 4908/4908/4664 4913/4913/4669 4903/4903/4659
f 4913/4913/4669 4914/4914/4670 4904/4904/4660
f 4913/4913/4669 4904/4904/4660 4903/4903/4659
f 4913/4913/4669 4912/4912/4668 4915/4915/4671
f 4913/4913/4669 4915/4915/4671 4916/4916/4672
f 4913/4913/4669 4916/4916/4672 4917/4917/4673
f 4913/4913/4669 4917/4917/4673 4914/4914/4670
f 4917/4917/4673 4918/4918/4674 4919/4919/4675
f 4917/4917/4673 4919/4919/4675 4914/4914/4670
f 4917/4917/4673 4916/4916/4672 4920/4920/4676
f 4917/4917/4673 4920/4920/4676 4921/4921/4677
f 4917/4917/4673 4921/4921/4677 4922/4922/4678
f 4917/4917/4673 4922/4922/4678 4918/4918/4674
f 4922/4922/4678 4923/4923/4679 4924/4924/4680
f 4922/4922/4678 4924/4924/4680 4918/4918/4674
f 4922/4922/4678 4921/4921/4677 4925/4925/4681
f 4922/4922/4678 4925/4925/4681 4926/4926/4682
f 4922/4922/4678 4926/4926/4682 4927/4927/4683
f 4922/4922/4678 4927/4927/4683 4923/4923/4679
f 4927/4927/4683 4928/4928/4684 4929/4929/4685
f 4927/4927/4683 4929/4929/4685 4923/4923/4679
f 4927/4927/4683 4926/4926/4682 4930/4930/4686
f 4927/4927/4683 4930/4930/4686 4931/4931/4687
f 4927/4927/4683 4931/4931/4687 4932/4932/4688
f 4927/4927/4683 4932/4932/4688 4928/4928/4684
f 4932/4932/4688 4933/4933/4689 381/381/359
f 4932/4932/4688 381/381/359 4928/4928/4684
f 4932/4932/4688 4931/4931/4687 4762/4762/4530
f 4932/4932/4688 4762/4762/4530 4699/4699/4479
f 4932/4932/4688 4699/4699/4479 4702/4702/4482
f 4932/4932/4688 4702/4702/4482 4933/4933/4689
f 4651/4651/4436 4743/4743/4512 306/306/287
f 4651/4651/4436 306/306/287 305/305/286
f 4701/4701/4481 4745/4745/4514 4717/4717/4496
f 4701/4701/4481 4717/4717/4496 4752/4752/4520
f 4704/4704/4484 4762/4762/4530 4931/4931/4687
f 4704/4704/4484 4931/4931/4687 4930/4930/4686
f 4704/4704/4484 4930/4930/4686 4934/4934/4690
f 4704/4704/4484 4934/4934/4690 4705/4705/4485
f 4761/4761/4529 4605/4605/4400 4604/4604/4399
f 4761/4761/4529 4604/4604/4399 4826/4826/4587
f 4934/4934/4690 4930/4930/4686 4926/4926/4682
f 4934/4934/4690 4926/4926/4682 4925/4925/4681
f 4934/4934/4690 4925/4925/4681 4935/4935/4691
f 4934/4934/4690 4935/4935/4691 4838/4838/4598
f 4934/4934/4690 4838/4838/4598 4758/4758/4526
f 4934/4934/4690 4758/4758/4526 4705/4705/4485
f 4935/4935/4691 4925/4925/4681 4921/4921/4677
f 4935/4935/4691 4921/4921/4677 4920/4920/4676
f 4935/4935/4691 4920/4920/4676 4936/4936/4692
f 4935/4935/4691 4936/4936/4692 4841/4841/4601
f 4935/4935/4691 4841/4841/4601 4839/4839/4599
f 4935/4935/4691 4839/4839/4599 4838/4838/4598
f 4936/4936/4692 4920/4920/4676 4916/4916/4672
f 4936/4936/4692 4916/4916/4672 4915/4915/4671
f 4936/4936/4692 4915/4915/4671 4937/4937/4693
f 4936/4936/4692 4937/4937/4693 4938/4938/4605
f 4936/4936/4692 4938/4938/4605 4842/4842/4602
f 4936/4936/4692 4842/4842/4602 4841/4841/4601
f 4937/4937/4693 4915/4915/4671 4912/4912/4668
f 4937/4937/4693 4912/4912/4668 72/72/66
f 4937/4937/4693 72/72/66 69/69/63
f 4937/4937/4693 69/69/63 4854/4854/4610
f 4937/4937/4693 4854/4854/4610 4852/4852/4608
f 4937/4937/4693 4852/4852/4608 4938/4938/4605
f 4933/4933/4689 4836/4836/4597 382/382/360
f 4933/4933/4689 382/382/360 381/381/359
f 4933/4933/4689 4702/4702/4482 4759/4759/4527
f 4933/4933/4689 4759/4759/4527 4836/4836/4597
f 4929/4929/4685 380/380/358 385/385/363
f 4929/4929/4685 385/385/363 4890/4890/4646
f 4929/4929/4685 4890/4890/4646 4924/4924/4680
f 4929/4929/4685 4924/4924/4680 4923/4923/4679
f 4929/4929/4685 4928/4928/4684 381/381/359
f 4929/4929/4685 381/381/359 380/380/358
f 4924/4924/4680 4890/4890/4646 4889/4889/4645
f 4924/4924/4680 4889/4889/4645 4893/4893/4649
f 4924/4924/4680 4893/4893/4649 4919/4919/4675
f 4924/4924/4680 4919/4919/4675 4918/4918/4674
f 4919/4919/4675 4893/4893/4649 4892/4892/4648
f 4919/4919/4675 4892/4892/4648 4897/4897/4653
f 4919/4919/4675 4897/4897/4653 4904/4904/4660
f 4919/4919/4675 4904/4904/4660 4914/4914/4670
f 4898/4898/4654 4880/4880/4636 4877/4877/4633
f 4898/4898/4654 4877/4877/4633 4875/4875/4631
f 4894/4894/4650 4883/4883/4639 4881/4881/4637
f 4894/4894/4650 4881/4881/4637 4880/4880/4636
f 4855/4855/4611 4854/4854/4610 69/69/63
f 4855/4855/4611 69/69/63 68/68/62
f 4836/4836/4597 4835/4835/4596 383/383/361
f 4836/4836/4597 383/383/361 382/382/360
f 4094/4094/3914 4090/4090/3910 4088/4088/3908
f 4094/4094/3914 4088/4088/3908 4087/4087/3907
f 3970/3970/3796 3965/3965/3791 3963/3963/3789
f 3970/3970/3796 3963/3963/3789 3962/3962/3788
f 4939/4939/3212 3343/3343/3208 3342/3342/3207
f 4939/4939/3212 3342/3342/3207 4940/4940/4694
f 3336/3336/3202 3329/3329/3195 3327/3327/3193
f 3336/3336/3202 3327/3327/3193 3326/3326/3192
f 2987/2987/2866 2975/2975/2854 2972/2972/2851
f 2987/2987/2866 2972/2972/2851 2971/2971/2850
f 2984/2984/2863 2980/2980/2859 2976/2976/2855
f 2984/2984/2863 2976/2976/2855 2975/2975/2854
f 2979/2979/2858 332/332/313 331/331/312
f 2979/2979/2858 331/331/312 2974/2974/2853
f 2979/2979/2858 2978/2978/2857 2657/2657/2546
f 2979/2979/2858 2657/2657/2546 4941/4941/4695
f 2979/2979/2858 4941/4941/4695 4942/4942/4696
f 2979/2979/2858 4942/4942/4696 332/332/313
f 4942/4942/4696 4943/4943/4697 327/327/308
f 4942/4942/4696 327/327/308 332/332/313
f 4942/4942/4696 4941/4941/4695 2661/2661/2550
f 4942/4942/4696 2661/2661/2550 4944/4944/4698
f 4942/4942/4696 4944/4944/4698 17/17/15
f 4942/4942/4696 17/17/15 4943/4943/4697
f 4944/4944/4698 2661/2661/2550 2660/2660/2549
f 4944/4944/4698 2660/2660/2549 2665/2665/2554
f 4944/4944/4698 2665/2665/2554 14/14/12
f 4944/4944/4698 14/14/12 17/17/15
f 4943/4943/4697 4945/4945/4699 328/328/309
f 4943/4943/4697 328/328/309 327/327/308
f 4943/4943/4697 17/17/15 16/16/14
f 4943/4943/4697 16/16/14 4945/4945/4699
f 4945/4945/4699 261/261/242 2967/2967/2846
f 4945/4945/4699 2967/2967/2846 328/328/309
f 4945/4945/4699 16/16/14 262/262/243
f 4945/4945/4699 262/262/243 261/261/242
f 4941/4941/4695 2657/2657/2546 2656/2656/2545
f 4941/4941/4695 2656/2656/2545 2661/2661/2550
f 2978/2978/2857 2653/2653/2542 2652/2652/2541
f 2978/2978/2857 2652/2652/2541 2657/2657/2546
f 2967/2967/2846 261/261/242 260/260/241
f 2967/2967/2846 260/260/241 2962/2962/2841
f 2967/2967/2846 2966/2966/2845 329/329/310
f 2967/2967/2846 329/329/310 328/328/309
f 2761/2761/2649 348/348/328 120/120/112
f 2761/2761/2649 120/120/112 119/119/111
f 2736/2736/2624 2735/2735/2623 312/312/293
f 2736/2736/2624 312/312/293 317/317/298
f 2735/2735/2623 2731/2731/2619 150/150/139
f 2735/2735/2623 150/150/139 149/149/138
f 2735/2735/2623 149/149/138 153/153/142
f 2735/2735/2623 153/153/142 312/312/293
f 2713/2713/2602 2605/2605/2494 2602/2602/2492
f 2713/2713/2602 2602/2602/2492 2601/2601/2491
f 2709/2709/2598 2608/2608/2497 2606/2606/2495
f 2709/2709/2598 2606/2606/2495 2605/2605/2494
f 2705/2705/2594 2611/2611/2500 2609/2609/2498
f 2705/2705/2594 2609/2609/2498 2608/2608/2497
f 2701/2701/2590 2614/2614/2503 2612/2612/2501
f 2701/2701/2590 2612/2612/2501 2611/2611/2500
f 2697/2697/2586 2617/2617/2506 2615/2615/2504
f 2697/2697/2586 2615/2615/2504 2614/2614/2503
f 2693/2693/2582 2620/2620/2509 2618/2618/2507
f 2693/2693/2582 2618/2618/2507 2617/2617/2506
f 2689/2689/2578 2623/2623/2512 2621/2621/2510
f 2689/2689/2578 2621/2621/2510 2620/2620/2509
f 2685/2685/2574 2626/2626/2515 2624/2624/2513
f 2685/2685/2574 2624/2624/2513 2623/2623/2512
f 2681/2681/2570 2629/2629/2518 2627/2627/2516
f 2681/2681/2570 2627/2627/2516 2626/2626/2515
f 2677/2677/2566 2632/2632/2521 2630/2630/2519
f 2677/2677/2566 2630/2630/2519 2629/2629/2518
f 2673/2673/2562 2635/2635/2524 2633/2633/2522
f 2673/2673/2562 2633/2633/2522 2632/2632/2521
f 2672/2672/2561 19/19/17 18/18/16
f 2672/2672/2561 18/18/16 2668/2668/2557
f 2669/2669/2558 2638/2638/2527 2636/2636/2525
f 2669/2669/2558 2636/2636/2525 2635/2635/2524
f 2666/2666/2555 2641/2641/2530 2639/2639/2528
f 2666/2666/2555 2639/2639/2528 2638/2638/2527
f 2665/2665/2554 2664/2664/2553 18/18/16
f 2665/2665/2554 18/18/16 14/14/12
f 2662/2662/2551 2644/2644/2533 2642/2642/2531
f 2662/2662/2551 2642/2642/2531 2641/2641/2530
f 2658/2658/2547 2647/2647/2536 2645/2645/2534
f 2658/2658/2547 2645/2645/2534 2644/2644/2533
f 2596/2596/2487 2594/2594/2485 146/146/136
f 2596/2596/2487 146/146/136 145/145/135
f 2592/2592/2483 2591/2591/2482 147/147/137
f 2592/2592/2483 147/147/137 146/146/136
f 2591/2591/2482 4946/4946/4700 156/156/144
f 2591/2591/2482 156/156/144 147/147/137
f 2591/2591/2482 2589/2589/2480 2588/2588/2479
f 2591/2591/2482 2588/2588/2479 4946/4946/4700
f 4946/4946/4700 4947/4947/4701 4948/4948/4702
f 4946/4946/4700 4948/4948/4702 156/156/144
f 4946/4946/4700 2588/2588/2479 4949/4949/4703
f 4946/4946/4700 4949/4949/4703 4947/4947/4701
f 4949/4949/4703 4950/4950/4704 4951/4951/4705
f 4949/4949/4703 4951/4951/4705 4947/4947/4701
f 4949/4949/4703 2588/2588/2479 2586/2586/2477
f 4949/4949/4703 2586/2586/2477 2585/2585/2476
f 4949/4949/4703 2585/2585/2476 4952/4952/4706
f 4949/4949/4703 4952/4952/4706 4950/4950/4704
f 4952/4952/4706 4953/4953/4707 4954/4954/4708
f 4952/4952/4706 4954/4954/4708 4950/4950/4704
f 4952/4952/4706 2585/2585/2476 2583/2583/2474
f 4952/4952/4706 2583/2583/2474 2582/2582/2473
f 4952/4952/4706 2582/2582/2473 4955/4955/4709
f 4952/4952/4706 4955/4955/4709 4953/4953/4707
f 4955/4955/4709 4956/4956/4710 4957/4957/4711
f 4955/4955/4709 4957/4957/4711 4953/4953/4707
f 4955/4955/4709 2582/2582/2473 2580/2580/2471
f 4955/4955/4709 2580/2580/2471 2579/2579/2470
f 4955/4955/4709 2579/2579/2470 4958/4958/4712
f 4955/4955/4709 4958/4958/4712 4956/4956/4710
f 4958/4958/4712 4959/4959/4713 4960/4960/4714
f 4958/4958/4712 4960/4960/4714 4956/4956/4710
f 4958/4958/4712 2579/2579/2470 2577/2577/2468
f 4958/4958/4712 2577/2577/2468 2576/2576/2467
f 4958/4958/4712 2576/2576/2467 4961/4961/4715
f 4958/4958/4712 4961/4961/4715 4959/4959/4713
f 4961/4961/4715 4962/4962/4716 4963/4963/4717
f 4961/4961/4715 4963/4963/4717 4959/4959/4713
f 4961/4961/4715 2576/2576/2467 2574/2574/2465
f 4961/4961/4715 2574/2574/2465 2573/2573/2464
f 4961/4961/4715 2573/2573/2464 4964/4964/4718
f 4961/4961/4715 4964/4964/4718 4962/4962/4716
f 4964/4964/4718 4965/4965/4719 4966/4966/4720
f 4964/4964/4718 4966/4966/4720 4962/4962/4716
f 4964/4964/4718 2573/2573/2464 2571/2571/2462
f 4964/4964/4718 2571/2571/2462 2567/2567/2458
f 4964/4964/4718 2567/2567/2458 2565/2565/2456
f 4964/4964/4718 2565/2565/2456 4965/4965/4719
f 4966/4966/4720 4967/4967/4721 2505/2505/2399
f 4966/4966/4720 2505/2505/2399 4968/4968/4722
f 4966/4966/4720 4968/4968/4722 4963/4963/4717
f 4966/4966/4720 4963/4963/4717 4962/4962/4716
f 4966/4966/4720 4965/4965/4719 4969/4969/4723
f 4966/4966/4720 4969/4969/4723 4967/4967/4721
f 4969/4969/4723 4970/4970/4724 4971/4971/2404
f 4969/4969/4723 4971/4971/2404 4967/4967/4721
f 4969/4969/4723 4965/4965/4719 2565/2565/2456
f 4969/4969/4723 2565/2565/2456 2563/2563/2454
f 4969/4969/4723 2563/2563/2454 2562/2562/2453
f 4969/4969/4723 2562/2562/2453 4970/4970/4724
f 4972/4972/4724 2516/2516/2409 2512/2512/2405
f 4972/4972/4724 2512/2512/2405 2511/2511/2404
f 4972/4972/4724 2559/2559/2451 2557/2557/2449
f 4972/4972/4724 2557/2557/2449 2516/2516/2409
f 4968/4968/4722 2505/2505/2399 2499/2499/2394
f 4968/4968/4722 2499/2499/2394 2498/2498/2393
f 4968/4968/4722 2498/2498/2393 4973/4973/4725
f 4968/4968/4722 4973/4973/4725 4963/4963/4717
f 4973/4973/4725 2498/2498/2393 2494/2494/2389
f 4973/4973/4725 2494/2494/2389 2493/2493/2388
f 4973/4973/4725 2493/2493/2388 4974/4974/4726
f 4973/4973/4725 4974/4974/4726 4960/4960/4714
f 4973/4973/4725 4960/4960/4714 4959/4959/4713
f 4973/4973/4725 4959/4959/4713 4963/4963/4717
f 4974/4974/4726 2493/2493/2388 2489/2489/2384
f 4974/4974/4726 2489/2489/2384 2488/2488/2383
f 4974/4974/4726 2488/2488/2383 4975/4975/4727
f 4974/4974/4726 4975/4975/4727 4957/4957/4711
f 4974/4974/4726 4957/4957/4711 4956/4956/4710
f 4974/4974/4726 4956/4956/4710 4960/4960/4714
f 4975/4975/4727 2488/2488/2383 2484/2484/2379
f 4975/4975/4727 2484/2484/2379 2483/2483/2378
f 4975/4975/4727 2483/2483/2378 4976/4976/4728
f 4975/4975/4727 4976/4976/4728 4954/4954/4708
f 4975/4975/4727 4954/4954/4708 4953/4953/4707
f 4975/4975/4727 4953/4953/4707 4957/4957/4711
f 4976/4976/4728 2483/2483/2378 2478/2478/2373
f 4976/4976/4728 2478/2478/2373 2477/2477/2372
f 4976/4976/4728 2477/2477/2372 4977/4977/4729
f 4976/4976/4728 4977/4977/4729 4951/4951/4705
f 4976/4976/4728 4951/4951/4705 4950/4950/4704
f 4976/4976/4728 4950/4950/4704 4954/4954/4708
f 4977/4977/4729 2477/2477/2372 2476/2476/2369
f 4977/4977/4729 2476/2476/2369 4978/4978/4730
f 4977/4977/4729 4978/4978/4730 4979/4979/4731
f 4977/4977/4729 4979/4979/4731 4948/4948/4702
f 4977/4977/4729 4948/4948/4702 4947/4947/4701
f 4977/4977/4729 4947/4947/4701 4951/4951/4705
f 4980/4980/4732 4981/4981/4733 4982/4982/4734
f 4980/4980/4732 4982/4982/4734 318/318/299
f 4980/4980/4732 318/318/299 153/153/142
f 4980/4980/4732 153/153/142 152/152/141
f 4979/4979/4731 157/157/145 156/156/144
f 4979/4979/4731 156/156/144 4948/4948/4702
f 4982/4982/4734 2469/2469/2366 2465/2465/2363
f 4982/4982/4734 2465/2465/2363 4983/4983/4735
f 4982/4982/4734 4983/4983/4735 313/313/294
f 4982/4982/4734 313/313/294 318/318/299
f 4982/4982/4734 4981/4981/4733 2472/2472/2369
f 4982/4982/4734 2472/2472/2369 2469/2469/2366
f 4983/4983/4735 2465/2465/2363 2464/2464/2360
f 4983/4983/4735 2464/2464/2360 4984/4984/4736
f 4983/4983/4735 4984/4984/4736 314/314/295
f 4983/4983/4735 314/314/295 313/313/294
f 4985/4985/4736 2461/2461/2360 2459/2459/2358
f 4985/4985/4736 2459/2459/2358 4986/4986/4737
f 4985/4985/4736 4986/4986/4737 4987/4987/4738
f 4985/4985/4736 4987/4987/4738 4988/4988/295
f 4987/4987/4738 4989/4989/4739 4990/4990/4740
f 4987/4987/4738 4990/4990/4740 4988/4988/295
f 4987/4987/4738 4986/4986/4737 2456/2456/2355
f 4987/4987/4738 2456/2456/2355 4991/4991/4741
f 4987/4987/4738 4991/4991/4741 4992/4992/4742
f 4987/4987/4738 4992/4992/4742 4989/4989/4739
f 4992/4992/4742 4993/4993/4743 4994/4994/4744
f 4992/4992/4742 4994/4994/4744 4989/4989/4739
f 4992/4992/4742 4991/4991/4741 2453/2453/2352
f 4992/4992/4742 2453/2453/2352 4995/4995/4745
f 4992/4992/4742 4995/4995/4745 4996/4996/4746
f 4992/4992/4742 4996/4996/4746 4993/4993/4743
f 4996/4996/4746 4997/4997/4747 4998/4998/4748
f 4996/4996/4746 4998/4998/4748 4993/4993/4743
f 4996/4996/4746 4995/4995/4745 2450/2450/2349
f 4996/4996/4746 2450/2450/2349 4999/4999/4749
f 4996/4996/4746 4999/4999/4749 5000/5000/4750
f 4996/4996/4746 5000/5000/4750 4997/4997/4747
f 5000/5000/4750 5001/5001/4751 5002/5002/4752
f 5000/5000/4750 5002/5002/4752 4997/4997/4747
f 5000/5000/4750 4999/4999/4749 2447/2447/2346
f 5000/5000/4750 2447/2447/2346 5003/5003/4753
f 5000/5000/4750 5003/5003/4753 5004/5004/4754
f 5000/5000/4750 5004/5004/4754 5001/5001/4751
f 5004/5004/4754 5005/5005/4755 5006/5006/4756
f 5004/5004/4754 5006/5006/4756 5001/5001/4751
f 5004/5004/4754 5003/5003/4753 2444/2444/2343
f 5004/5004/4754 2444/2444/2343 5007/5007/4757
f 5004/5004/4754 5007/5007/4757 5008/5008/4758
f 5004/5004/4754 5008/5008/4758 5005/5005/4755
f 5008/5008/4758 5009/5009/4759 5010/5010/4760
f 5008/5008/4758 5010/5010/4760 5005/5005/4755
f 5008/5008/4758 5007/5007/4757 2441/2441/2340
f 5008/5008/4758 2441/2441/2340 5011/5011/4761
f 5008/5008/4758 5011/5011/4761 5012/5012/4762
f 5008/5008/4758 5012/5012/4762 5009/5009/4759
f 5012/5012/4762 5013/5013/4763 5014/5014/4764
f 5012/5012/4762 5014/5014/4764 5009/5009/4759
f 5012/5012/4762 5011/5011/4761 2438/2438/2337
f 5012/5012/4762 2438/2438/2337 5015/5015/4765
f 5012/5012/4762 5015/5015/4765 5016/5016/4766
f 5012/5012/4762 5016/5016/4766 5013/5013/4763
f 5016/5016/4766 5017/5017/4767 5018/5018/4768
f 5016/5016/4766 5018/5018/4768 5013/5013/4763
f 5016/5016/4766 5015/5015/4765 2435/2435/2334
f 5016/5016/4766 2435/2435/2334 5019/5019/4769
f 5016/5016/4766 5019/5019/4769 5020/5020/4770
f 5016/5016/4766 5020/5020/4770 5017/5017/4767
f 5020/5020/4770 5021/5021/4771 5022/5022/4772
f 5020/5020/4770 5022/5022/4772 5017/5017/4767
f 5020/5020/4770 5019/5019/4769 2432/2432/2331
f 5020/5020/4770 2432/2432/2331 5023/5023/4773
f 5020/5020/4770 5023/5023/4773 5024/5024/4774
f 5020/5020/4770 5024/5024/4774 5021/5021/4771
f 5024/5024/4774 5025/5025/4775 5026/5026/4776
f 5024/5024/4774 5026/5026/4776 5021/5021/4771
f 5024/5024/4774 5023/5023/4773 2429/2429/2328
f 5024/5024/4774 2429/2429/2328 5027/5027/4777
f 5024/5024/4774 5027/5027/4777 5028/5028/4778
f 5024/5024/4774 5028/5028/4778 5025/5025/4775
f 5028/5028/4778 5029/5029/4779 5030/5030/4780
f 5028/5028/4778 5030/5030/4780 5025/5025/4775
f 5028/5028/4778 5027/5027/4777 2426/2426/2325
f 5028/5028/4778 2426/2426/2325 5031/5031/4781
f 5028/5028/4778 5031/5031/4781 5032/5032/4782
f 5028/5028/4778 5032/5032/4782 5029/5029/4779
f 5032/5032/4782 5033/5033/4783 5034/5034/4784
f 5032/5032/4782 5034/5034/4784 5029/5029/4779
f 5032/5032/4782 5031/5031/4781 2423/2423/2322
f 5032/5032/4782 2423/2423/2322 5035/5035/4785
f 5032/5032/4782 5035/5035/4785 5036/5036/4786
f 5032/5032/4782 5036/5036/4786 5033/5033/4783
f 5036/5036/4786 5037/5037/4787 5038/5038/4788
f 5036/5036/4786 5038/5038/4788 5033/5033/4783
f 5036/5036/4786 5035/5035/4785 2420/2420/2319
f 5036/5036/4786 2420/2420/2319 5039/5039/4789
f 5036/5036/4786 5039/5039/4789 5040/5040/4790
f 5036/5036/4786 5040/5040/4790 5037/5037/4787
f 5040/5040/4790 5041/5041/4791 5042/5042/4792
f 5040/5040/4790 5042/5042/4792 5037/5037/4787
f 5040/5040/4790 5039/5039/4789 2415/2415/2314
f 5040/5040/4790 2415/2415/2314 2414/2414/2313
f 5040/5040/4790 2414/2414/2313 2413/2413/2312
f 5040/5040/4790 2413/2413/2312 5041/5041/4791
f 5042/5042/4792 5043/5043/4793 5044/5044/4794
f 5042/5042/4792 5044/5044/4794 5045/5045/4795
f 5042/5042/4792 5045/5045/4795 5038/5038/4788
f 5042/5042/4792 5038/5038/4788 5037/5037/4787
f 5042/5042/4792 5041/5041/4791 5046/5046/4796
f 5042/5042/4792 5046/5046/4796 5043/5043/4793
f 5046/5046/4796 5047/5047/4797 5048/5048/4798
f 5046/5046/4796 5048/5048/4798 5043/5043/4793
f 5046/5046/4796 5041/5041/4791 2413/2413/2312
f 5046/5046/4796 2413/2413/2312 5049/5049/4799
f 5046/5046/4796 5049/5049/4799 5050/5050/4800
f 5046/5046/4796 5050/5050/4800 5047/5047/4797
f 5051/5051/4801 5052/5052/4802 5053/5053/4803
f 5051/5051/4801 5053/5053/4803 5054/5054/4804
f 5050/5050/4800 5049/5049/4799 2410/2410/2309
f 5050/5050/4800 2410/2410/2309 5055/5055/4805
f 5051/5051/4801 5056/5056/4805 5057/5057/4806
f 5051/5051/4801 5057/5057/4806 5052/5052/4802
f 5057/5057/4806 5058/5058/4807 5059/5059/4808
f 5057/5057/4806 5059/5059/4808 5052/5052/4802
f 5057/5057/4806 5056/5056/4805 2403/2403/2303
f 5057/5057/4806 2403/2403/2303 2402/2402/2302
f 5057/5057/4806 2402/2402/2302 2401/2401/2301
f 5057/5057/4806 2401/2401/2301 5058/5058/4807
f 5059/5059/4808 5060/5060/4809 5061/5061/4810
f 5059/5059/4808 5061/5061/4810 5062/5062/4811
f 5059/5059/4808 5062/5062/4811 5053/5053/4803
f 5059/5059/4808 5053/5053/4803 5052/5052/4802
f 5059/5059/4808 5058/5058/4807 5063/5063/4812
f 5059/5059/4808 5063/5063/4812 5060/5060/4809
f 5063/5063/4812 5064/5064/4813 5065/5065/4814
f 5063/5063/4812 5065/5065/4814 5060/5060/4809
f 5063/5063/4812 5058/5058/4807 2401/2401/2301
f 5063/5063/4812 2401/2401/2301 5066/5066/4815
f 5063/5063/4812 5066/5066/4815 5067/5067/4816
f 5063/5063/4812 5067/5067/4816 5064/5064/4813
f 5067/5067/4816 5068/5068/4817 5069/5069/4818
f 5067/5067/4816 5069/5069/4818 5064/5064/4813
f 5067/5067/4816 5066/5066/4815 2398/2398/2298
f 5067/5067/4816 2398/2398/2298 5070/5070/4819
f 5067/5067/4816 5070/5070/4819 5071/5071/4820
f 5067/5067/4816 5071/5071/4820 5068/5068/4817
f 5071/5071/4820 5072/5072/4821 5073/5073/4822
f 5071/5071/4820 5073/5073/4822 5068/5068/4817
f 5071/5071/4820 5070/5070/4819 5074/5074/4823
f 5071/5071/4820 5074/5074/4823 5075/5075/4824
f 5071/5071/4820 5075/5075/4824 5076/5076/4825
f 5071/5071/4820 5076/5076/4825 5072/5072/4821
f 5076/5076/4825 2376/2376/2276 2375/2375/2275
f 5076/5076/4825 2375/2375/2275 5072/5072/4821
f 5076/5076/4825 5075/5075/4824 5077/5077/4826
f 5076/5076/4825 5077/5077/4826 5078/5078/4827
f 5076/5076/4825 5078/5078/4827 2377/2377/2277
f 5076/5076/4825 2377/2377/2277 2376/2376/2276
f 5075/5075/4824 5074/5074/4823 5079/5079/4828
f 5075/5075/4824 5079/5079/4828 5077/5077/4826
f 5079/5079/4828 5074/5074/4823 2396/2396/2296
f 5079/5079/4828 2396/2396/2296 2395/2395/2295
f 5080/5080/4829 2392/2392/2292 2390/2390/2290
f 5080/5080/4829 2390/2390/2290 2389/2389/2289
f 5080/5080/4829 2389/2389/2289 287/287/268
f 5080/5080/4829 287/287/268 286/286/267
f 5074/5074/4823 5070/5070/4819 2398/2398/2298
f 5074/5074/4823 2398/2398/2298 2396/2396/2296
f 5073/5073/4822 2368/2368/2268 2366/2366/2266
f 5073/5073/4822 2366/2366/2266 2365/2365/2265
f 5073/5073/4822 2365/2365/2265 5069/5069/4818
f 5073/5073/4822 5069/5069/4818 5068/5068/4817
f 5073/5073/4822 5072/5072/4821 2375/2375/2275
f 5073/5073/4822 2375/2375/2275 2368/2368/2268
f 5069/5069/4818 2365/2365/2265 2363/2363/2263
f 5069/5069/4818 2363/2363/2263 2362/2362/2262
f 5069/5069/4818 2362/2362/2262 5065/5065/4814
f 5069/5069/4818 5065/5065/4814 5064/5064/4813
f 5066/5066/4815 2401/2401/2301 2399/2399/2299
f 5066/5066/4815 2399/2399/2299 2398/2398/2298
f 5065/5065/4814 2362/2362/2262 2360/2360/2260
f 5065/5065/4814 2360/2360/2260 2359/2359/2259
f 5065/5065/4814 2359/2359/2259 5061/5061/4810
f 5065/5065/4814 5061/5061/4810 5060/5060/4809
f 5062/5062/4811 5061/5061/4810 2356/2356/2256
f 5062/5062/4811 2356/2356/2256 5081/5081/4830
f 5062/5062/4811 5081/5081/4830 5082/5082/4831
f 5062/5062/4811 5082/5082/4831 5053/5053/4803
f 5082/5082/4831 5081/5081/4830 2353/2353/2253
f 5082/5082/4831 2353/2353/2253 5083/5083/4832
f 5082/5082/4831 5083/5083/4832 5084/5084/4833
f 5082/5082/4831 5084/5084/4833 5085/5085/4834
f 5082/5082/4831 5085/5085/4834 5054/5054/4804
f 5082/5082/4831 5054/5054/4804 5053/5053/4803
f 5084/5084/4833 5083/5083/4832 2350/2350/2250
f 5084/5084/4833 2350/2350/2250 5086/5086/4835
f 5087/5087/4836 5088/5088/4835 5089/5089/4837
f 5087/5087/4836 5089/5089/4837 5044/5044/4794
f 5087/5087/4836 5044/5044/4794 5043/5043/4793
f 5087/5087/4836 5043/5043/4793 5048/5048/4798
f 5089/5089/4837 5088/5088/4835 5090/5090/2247
f 5089/5089/4837 5090/5090/2247 5091/5091/4838
f 5089/5089/4837 5091/5091/4838 5092/5092/4839
f 5089/5089/4837 5092/5092/4839 5093/5093/4840
f 5089/5089/4837 5093/5093/4840 5045/5045/4795
f 5089/5089/4837 5045/5045/4795 5044/5044/4794
f 5093/5093/4840 5092/5092/4839 5094/5094/4841
f 5093/5093/4840 5094/5094/4841 5095/5095/4842
f 5093/5093/4840 5095/5095/4842 5038/5038/4788
f 5093/5093/4840 5038/5038/4788 5045/5045/4795
f 5095/5095/4842 5094/5094/4841 5096/5096/4843
f 5095/5095/4842 5096/5096/4843 5034/5034/4784
f 5095/5095/4842 5034/5034/4784 5033/5033/4783
f 5095/5095/4842 5033/5033/4783 5038/5038/4788
f 5096/5096/4843 5094/5094/4841 5097/5097/4844
f 5096/5096/4843 5097/5097/4844 5098/5098/4845
f 5096/5096/4843 5098/5098/4845 5099/5099/4846
f 5096/5096/4843 5099/5099/4846 5030/5030/4780
f 5096/5096/4843 5030/5030/4780 5029/5029/4779
f 5096/5096/4843 5029/5029/4779 5034/5034/4784
f 5099/5099/4846 5098/5098/4845 5100/5100/4847
f 5099/5099/4846 5100/5100/4847 5101/5101/4848
f 5099/5099/4846 5101/5101/4848 5102/5102/4849
f 5099/5099/4846 5102/5102/4849 5026/5026/4776
f 5099/5099/4846 5026/5026/4776 5025/5025/4775
f 5099/5099/4846 5025/5025/4775 5030/5030/4780
f 5102/5102/4849 5101/5101/4848 5103/5103/4850
f 5102/5102/4849 5103/5103/4850 5104/5104/4851
f 5102/5102/4849 5104/5104/4851 5105/5105/4852
f 5102/5102/4849 5105/5105/4852 5022/5022/4772
f 5102/5102/4849 5022/5022/4772 5021/5021/4771
f 5102/5102/4849 5021/5021/4771 5026/5026/4776
f 5105/5105/4852 5104/5104/4851 5106/5106/4853
f 5105/5105/4852 5106/5106/4853 5107/5107/4854
f 5105/5105/4852 5107/5107/4854 5108/5108/4855
f 5105/5105/4852 5108/5108/4855 5018/5018/4768
f 5105/5105/4852 5018/5018/4768 5017/5017/4767
f 5105/5105/4852 5017/5017/4767 5022/5022/4772
f 5108/5108/4855 5107/5107/4854 5109/5109/4856
f 5108/5108/4855 5109/5109/4856 5110/5110/4857
f 5108/5108/4855 5110/5110/4857 5111/5111/4858
f 5108/5108/4855 5111/5111/4858 5014/5014/4764
f 5108/5108/4855 5014/5014/4764 5013/5013/4763
f 5108/5108/4855 5013/5013/4763 5018/5018/4768
f 5111/5111/4858 5110/5110/4857 5112/5112/4859
f 5111/5111/4858 5112/5112/4859 5113/5113/4860
f 5111/5111/4858 5113/5113/4860 5114/5114/4861
f 5111/5111/4858 5114/5114/4861 5010/5010/4760
f 5111/5111/4858 5010/5010/4760 5009/5009/4759
f 5111/5111/4858 5009/5009/4759 5014/5014/4764
f 5114/5114/4861 5113/5113/4860 5115/5115/4862
f 5114/5114/4861 5115/5115/4862 5116/5116/4863
f 5114/5114/4861 5116/5116/4863 5117/5117/4864
f 5114/5114/4861 5117/5117/4864 5006/5006/4756
f 5114/5114/4861 5006/5006/4756 5005/5005/4755
f 5114/5114/4861 5005/5005/4755 5010/5010/4760
f 5117/5117/4864 5116/5116/4863 5118/5118/4865
f 5117/5117/4864 5118/5118/4865 5119/5119/4866
f 5117/5117/4864 5119/5119/4866 5120/5120/4867
f 5117/5117/4864 5120/5120/4867 5002/5002/4752
f 5117/5117/4864 5002/5002/4752 5001/5001/4751
f 5117/5117/4864 5001/5001/4751 5006/5006/4756
f 5120/5120/4867 5119/5119/4866 24/24/22
f 5120/5120/4867 24/24/22 23/23/21
f 5120/5120/4867 23/23/21 5121/5121/4868
f 5120/5120/4867 5121/5121/4868 4998/4998/4748
f 5120/5120/4867 4998/4998/4748 4997/4997/4747
f 5120/5120/4867 4997/4997/4747 5002/5002/4752
f 5121/5121/4868 23/23/21 22/22/20
f 5121/5121/4868 22/22/20 5122/5122/4869
f 5121/5121/4868 5122/5122/4869 5123/5123/297
f 5121/5121/4868 5123/5123/297 4994/4994/4744
f 5121/5121/4868 4994/4994/4744 4993/4993/4743
f 5121/5121/4868 4993/4993/4743 4998/4998/4748
f 5119/5119/4866 5118/5118/4865 5124/5124/4870
f 5119/5119/4866 5124/5124/4870 24/24/22
f 5124/5124/4870 2316/2316/2218 2315/2315/2217
f 5124/5124/4870 2315/2315/2217 5125/5125/4871
f 5124/5124/4870 5125/5125/4871 25/25/23
f 5124/5124/4870 25/25/23 24/24/22
f 5124/5124/4870 5118/5118/4865 5126/5126/4872
f 5124/5124/4870 5126/5126/4872 2316/2316/2218
f 5126/5126/4872 2320/2320/2221 2317/2317/2219
f 5126/5126/4872 2317/2317/2219 2316/2316/2218
f 5126/5126/4872 5118/5118/4865 5116/5116/4863
f 5126/5126/4872 5116/5116/4863 5115/5115/4862
f 5126/5126/4872 5115/5115/4862 5127/5127/4873
f 5126/5126/4872 5127/5127/4873 2320/2320/2221
f 5127/5127/4873 2323/2323/2224 2321/2321/2222
f 5127/5127/4873 2321/2321/2222 2320/2320/2221
f 5127/5127/4873 5115/5115/4862 5113/5113/4860
f 5127/5127/4873 5113/5113/4860 5112/5112/4859
f 5127/5127/4873 5112/5112/4859 5128/5128/4874
f 5127/5127/4873 5128/5128/4874 2323/2323/2224
f 5128/5128/4874 2326/2326/2227 2324/2324/2225
f 5128/5128/4874 2324/2324/2225 2323/2323/2224
f 5128/5128/4874 5112/5112/4859 5110/5110/4857
f 5128/5128/4874 5110/5110/4857 5109/5109/4856
f 5128/5128/4874 5109/5109/4856 5129/5129/4875
f 5128/5128/4874 5129/5129/4875 2326/2326/2227
f 5129/5129/4875 2329/2329/2230 2327/2327/2228
f 5129/5129/4875 2327/2327/2228 2326/2326/2227
f 5129/5129/4875 5109/5109/4856 5107/5107/4854
f 5129/5129/4875 5107/5107/4854 5106/5106/4853
f 5129/5129/4875 5106/5106/4853 5130/5130/4876
f 5129/5129/4875 5130/5130/4876 2329/2329/2230
f 5130/5130/4876 2332/2332/2233 2330/2330/2231
f 5130/5130/4876 2330/2330/2231 2329/2329/2230
f 5130/5130/4876 5106/5106/4853 5104/5104/4851
f 5130/5130/4876 5104/5104/4851 5103/5103/4850
f 5130/5130/4876 5103/5103/4850 5131/5131/4877
f 5130/5130/4876 5131/5131/4877 2332/2332/2233
f 5131/5131/4877 2335/2335/2236 2333/2333/2234
f 5131/5131/4877 2333/2333/2234 2332/2332/2233
f 5131/5131/4877 5103/5103/4850 5101/5101/4848
f 5131/5131/4877 5101/5101/4848 5100/5100/4847
f 5131/5131/4877 5100/5100/4847 5132/5132/4878
f 5131/5131/4877 5132/5132/4878 2335/2335/2236
f 5132/5132/4878 2339/2339/2240 2336/2336/2237
f 5132/5132/4878 2336/2336/2237 2335/2335/2236
f 5132/5132/4878 5100/5100/4847 5098/5098/4845
f 5132/5132/4878 5098/5098/4845 5097/5097/4844
f 5132/5132/4878 5097/5097/4844 5133/5133/4879
f 5132/5132/4878 5133/5133/4879 2339/2339/2240
f 5133/5133/4879 2343/2343/2243 2340/2340/2241
f 5133/5133/4879 2340/2340/2241 2339/2339/2240
f 5133/5133/4879 5097/5097/4844 5094/5094/4841
f 5133/5133/4879 5094/5094/4841 5092/5092/4839
f 5133/5133/4879 5092/5092/4839 5091/5091/4838
f 5133/5133/4879 5091/5091/4838 2343/2343/2243
f 5091/5091/4838 5090/5090/2247 2344/2344/2244
f 5091/5091/4838 2344/2344/2244 2343/2343/2243
f 5086/5086/4835 2350/2350/2250 2348/2348/2248
f 5086/5086/4835 2348/2348/2248 2347/2347/2247
f 5083/5083/4832 2353/2353/2253 2351/2351/2251
f 5083/5083/4832 2351/2351/2251 2350/2350/2250
f 5081/5081/4830 2356/2356/2256 2354/2354/2254
f 5081/5081/4830 2354/2354/2254 2353/2353/2253
f 5061/5061/4810 2359/2359/2259 2357/2357/2257
f 5061/5061/4810 2357/2357/2257 2356/2356/2256
f 5055/5055/4805 2410/2410/2309 2407/2407/2306
f 5055/5055/4805 2407/2407/2306 2406/2406/2305
f 5049/5049/4799 2413/2413/2312 2411/2411/2310
f 5049/5049/4799 2411/2411/2310 2410/2410/2309
f 5039/5039/4789 2420/2420/2319 2417/2417/2316
f 5039/5039/4789 2417/2417/2316 2415/2415/2314
f 5035/5035/4785 2423/2423/2322 2421/2421/2320
f 5035/5035/4785 2421/2421/2320 2420/2420/2319
f 5031/5031/4781 2426/2426/2325 2424/2424/2323
f 5031/5031/4781 2424/2424/2323 2423/2423/2322
f 5027/5027/4777 2429/2429/2328 2427/2427/2326
f 5027/5027/4777 2427/2427/2326 2426/2426/2325
f 5023/5023/4773 2432/2432/2331 2430/2430/2329
f 5023/5023/4773 2430/2430/2329 2429/2429/2328
f 5019/5019/4769 2435/2435/2334 2433/2433/2332
f 5019/5019/4769 2433/2433/2332 2432/2432/2331
f 5015/5015/4765 2438/2438/2337 2436/2436/2335
f 5015/5015/4765 2436/2436/2335 2435/2435/2334
f 5011/5011/4761 2441/2441/2340 2439/2439/2338
f 5011/5011/4761 2439/2439/2338 2438/2438/2337
f 5007/5007/4757 2444/2444/2343 2442/2442/2341
f 5007/5007/4757 2442/2442/2341 2441/2441/2340
f 5003/5003/4753 2447/2447/2346 2445/2445/2344
f 5003/5003/4753 2445/2445/2344 2444/2444/2343
f 4999/4999/4749 2450/2450/2349 2448/2448/2347
f 4999/4999/4749 2448/2448/2347 2447/2447/2346
f 4995/4995/4745 2453/2453/2352 2451/2451/2350
f 4995/4995/4745 2451/2451/2350 2450/2450/2349
f 4994/4994/4744 5123/5123/297 4990/4990/4740
f 4994/4994/4744 4990/4990/4740 4989/4989/4739
f 4991/4991/4741 2456/2456/2355 2454/2454/2353
f 4991/4991/4741 2454/2454/2353 2453/2453/2352
f 4986/4986/4737 2459/2459/2358 2457/2457/2356
f 4986/4986/4737 2457/2457/2356 2456/2456/2355
f 4967/4967/4721 4971/4971/2404 2506/2506/2400
f 4967/4967/4721 2506/2506/2400 2505/2505/2399
f 2557/2557/2449 2521/2521/2414 2517/2517/2410
f 2557/2557/2449 2517/2517/2410 2516/2516/2409
f 2552/2552/2444 64/64/58 2537/2537/2430
f 2552/2552/2444 2537/2537/2430 2536/2536/2429
f 2552/2552/2444 2551/2551/2443 65/65/59
f 2552/2552/2444 65/65/59 64/64/58
f 2535/2535/2428 1757/1757/1684 1753/1753/1680
f 2535/2535/2428 1753/1753/1680 1752/1752/1679
f 2535/2535/2428 1752/1752/1679 2530/2530/2423
f 2535/2535/2428 2530/2530/2423 2529/2529/2422
f 2530/2530/2423 1752/1752/1679 1748/1748/1675
f 2530/2530/2423 1748/1748/1675 1747/1747/1674
f 2530/2530/2423 1747/1747/1674 2525/2525/2418
f 2530/2530/2423 2525/2525/2418 2524/2524/2417
f 2525/2525/2418 1747/1747/1674 1743/1743/1670
f 2525/2525/2418 1743/1743/1670 1742/1742/1669
f 2525/2525/2418 1742/1742/1669 2520/2520/2413
f 2525/2525/2418 2520/2520/2413 2519/2519/2412
f 2520/2520/2413 1742/1742/1669 1738/1738/1665
f 2520/2520/2413 1738/1738/1665 1737/1737/1664
f 2520/2520/2413 1737/1737/1664 2515/2515/2408
f 2520/2520/2413 2515/2515/2408 2514/2514/2407
f 2515/2515/2408 1737/1737/1664 1733/1733/1660
f 2515/2515/2408 1733/1733/1660 1732/1732/1659
f 2515/2515/2408 1732/1732/1659 2510/2510/2403
f 2515/2515/2408 2510/2510/2403 2509/2509/2402
f 2510/2510/2403 1732/1732/1659 1728/1728/1655
f 2510/2510/2403 1728/1728/1655 1727/1727/1654
f 2510/2510/2403 1727/1727/1654 2503/2503/2397
f 2510/2510/2403 2503/2503/2397 2502/2502/2396
f 2503/2503/2397 1727/1727/1654 1723/1723/1650
f 2503/2503/2397 1723/1723/1650 1722/1722/1649
f 2503/2503/2397 1722/1722/1649 5134/5134/4880
f 2503/2503/2397 5134/5134/4880 2504/2504/2398
f 5134/5134/4880 1722/1722/1649 1718/1718/1645
f 5134/5134/4880 1718/1718/1645 1717/1717/1644
f 2497/2497/2392 5135/5135/1644 2492/2492/2387
f 2497/2497/2392 2492/2492/2387 2491/2491/2386
f 2492/2492/2387 5135/5135/1644 1710/1710/1638
f 2492/2492/2387 1710/1710/1638 1709/1709/1637
f 2492/2492/2387 1709/1709/1637 2487/2487/2382
f 2492/2492/2387 2487/2487/2382 2486/2486/2381
f 2487/2487/2382 1709/1709/1637 1708/1708/1636
f 2487/2487/2382 1708/1708/1636 5136/5136/4881
f 2487/2487/2382 5136/5136/4881 2482/2482/2377
f 2487/2487/2382 2482/2482/2377 2481/2481/2376
f 2389/2389/2289 2387/2387/2287 290/290/271
f 2389/2389/2289 290/290/271 287/287/268
f 5137/5137/4882 1477/1477/1413 1473/1473/1409
f 5137/5137/4882 1473/1473/1409 1472/1472/1408
f 5137/5137/4882 1472/1472/1408 82/82/76
f 5137/5137/4882 82/82/76 81/81/75
f 2383/2383/2283 1482/1482/1418 1481/1481/1417
f 2383/2383/2283 1481/1481/1417 2384/2384/2284
f 2375/2375/2275 2371/2371/2271 2369/2369/2269
f 2375/2375/2275 2369/2369/2269 2368/2368/2268
f 2311/2311/2213 2309/2309/2211 33/33/29
f 2311/2311/2213 33/33/29 32/32/23
f 2309/2309/2211 2307/2307/2209 215/215/200
f 2309/2309/2211 215/215/200 33/33/29
f 2307/2307/2209 2305/2305/2207 206/206/191
f 2307/2307/2209 206/206/191 215/215/200
f 2305/2305/2207 2304/2304/2205 207/207/192
f 2305/2305/2207 207/207/192 206/206/191
f 2298/2298/2203 2297/2297/2202 2863/2863/2744
f 2298/2298/2203 2863/2863/2744 2300/2300/192
f 2237/2237/2143 2212/2212/2120 2210/2210/2118
f 2237/2237/2143 2210/2210/2118 2209/2209/2117
f 2237/2237/2143 2234/2234/2140 2232/2232/2138
f 2237/2237/2143 2232/2232/2138 2212/2212/2120
f 2232/2232/2138 2215/2215/2123 2213/2213/2121
f 2232/2232/2138 2213/2213/2121 2212/2212/2120
f 2152/2152/2066 2150/2150/2064 2149/2149/2063
f 2152/2152/2066 2149/2149/2063 342/342/323
f 2149/2149/2063 5138/5138/4883 343/343/324
f 2149/2149/2063 343/343/324 342/342/323
f 2149/2149/2063 2147/2147/2061 2146/2146/2060
f 2149/2149/2063 2146/2146/2060 5138/5138/4883
f 5138/5138/4883 120/120/112 348/348/328
f 5138/5138/4883 348/348/328 343/343/324
f 5138/5138/4883 2146/2146/2060 116/116/108
f 5138/5138/4883 116/116/108 120/120/112
f 2146/2146/2060 2144/2144/2058 117/117/109
f 2146/2146/2060 117/117/109 116/116/108
f 2068/2068/1985 2053/2053/1970 2051/2051/1968
f 2068/2068/1985 2051/2051/1968 2050/2050/1967
f 1781/1781/1708 1780/1780/1707 371/371/349
f 1781/1781/1708 371/371/349 370/370/348
f 1768/1768/1695 1767/1767/1694 364/364/342
f 1768/1768/1695 364/364/342 363/363/341
f 1696/1696/1624 1695/1695/1623 49/49/44
f 1696/1696/1624 49/49/44 298/298/279
f 1695/1695/1623 1691/1691/1619 1690/1690/1618
f 1695/1695/1623 1690/1690/1618 5139/5139/4884
f 1695/1695/1623 5139/5139/4884 46/46/38
f 1695/1695/1623 46/46/38 49/49/44
f 5139/5139/4884 1690/1690/1618 1562/1562/1495
f 5139/5139/4884 1562/1562/1495 1561/1561/1494
f 5139/5139/4884 1561/1561/1494 1564/1564/1497
f 5139/5139/4884 1564/1564/1497 46/46/38
f 1690/1690/1618 1686/1686/1614 1565/1565/1498
f 1690/1690/1618 1565/1565/1498 1562/1562/1495
f 1682/1682/1610 1568/1568/1501 1566/1566/1499
f 1682/1682/1610 1566/1566/1499 1565/1565/1498
f 1678/1678/1606 1571/1571/1504 1569/1569/1502
f 1678/1678/1606 1569/1569/1502 1568/1568/1501
f 1674/1674/1602 1673/1673/1601 1572/1572/1505
f 1674/1674/1602 1572/1572/1505 1571/1571/1504
f 1673/1673/1601 1669/1669/1597 1588/1588/1519
f 1673/1673/1601 1588/1588/1519 1586/1586/1517
f 1673/1673/1601 1586/1586/1517 1573/1573/1506
f 1673/1673/1601 1573/1573/1506 1572/1572/1505
f 1665/1665/1593 1591/1591/1522 1589/1589/1520
f 1665/1665/1593 1589/1589/1520 1588/1588/1519
f 1661/1661/1589 1660/1660/1588 1592/1592/1523
f 1661/1661/1589 1592/1592/1523 1591/1591/1522
f 1660/1660/1588 1656/1656/1584 1655/1655/1583
f 1660/1660/1588 1655/1655/1583 5140/5140/4885
f 1660/1660/1588 5140/5140/4885 1593/1593/1524
f 1660/1660/1588 1593/1593/1524 1592/1592/1523
f 5141/5141/4885 5142/5142/1583 5143/5143/4886
f 5141/5141/4885 5143/5143/4886 5144/5144/4887
f 5141/5141/4885 5144/5144/4887 1597/1597/1526
f 5141/5141/4885 1597/1597/1526 1596/1596/1524
f 5144/5144/4887 5143/5143/4886 5145/5145/4888
f 5144/5144/4887 5145/5145/4888 1602/1602/1531
f 5144/5144/4887 1602/1602/1531 1599/1599/1528
f 5144/5144/4887 1599/1599/1528 1597/1597/1526
f 5145/5145/4888 5143/5143/4886 1649/1649/1578
f 5145/5145/4888 1649/1649/1578 5146/5146/4889
f 5145/5145/4888 5146/5146/4889 5147/5147/4890
f 5145/5145/4888 5147/5147/4890 1605/1605/1534
f 5145/5145/4888 1605/1605/1534 1603/1603/1532
f 5145/5145/4888 1603/1603/1532 1602/1602/1531
f 5147/5147/4890 5146/5146/4889 1642/1642/1571
f 5147/5147/4890 1642/1642/1571 5148/5148/4891
f 5147/5147/4890 5148/5148/4891 5149/5149/4892
f 5147/5147/4890 5149/5149/4892 1608/1608/1537
f 5147/5147/4890 1608/1608/1537 1606/1606/1535
f 5147/5147/4890 1606/1606/1535 1605/1605/1534
f 5149/5149/4892 5148/5148/4891 1638/1638/1567
f 5149/5149/4892 1638/1638/1567 5150/5150/4893
f 5149/5149/4892 5150/5150/4893 5151/5151/4894
f 5149/5149/4892 5151/5151/4894 1611/1611/1540
f 5149/5149/4892 1611/1611/1540 1609/1609/1538
f 5149/5149/4892 1609/1609/1538 1608/1608/1537
f 5151/5151/4894 5150/5150/4893 1635/1635/1564
f 5151/5151/4894 1635/1635/1564 5152/5152/4895
f 5151/5151/4894 5152/5152/4895 5153/5153/4896
f 5151/5151/4894 5153/5153/4896 1614/1614/1543
f 5151/5151/4894 1614/1614/1543 1612/1612/1541
f 5151/5151/4894 1612/1612/1541 1611/1611/1540
f 5153/5153/4896 5152/5152/4895 1630/1630/1559
f 5153/5153/4896 1630/1630/1559 1629/1629/1558
f 5153/5153/4896 1629/1629/1558 55/55/50
f 5153/5153/4896 55/55/50 1617/1617/1546
f 5153/5153/4896 1617/1617/1546 1615/1615/1544
f 5153/5153/4896 1615/1615/1544 1614/1614/1543
f 5152/5152/4895 1635/1635/1564 1631/1631/1560
f 5152/5152/4895 1631/1631/1560 1630/1630/1559
f 5150/5150/4893 1638/1638/1567 1636/1636/1565
f 5150/5150/4893 1636/1636/1565 1635/1635/1564
f 5148/5148/4891 1642/1642/1571 1639/1639/1568
f 5148/5148/4891 1639/1639/1568 1638/1638/1567
f 5146/5146/4889 1649/1649/1578 1643/1643/1572
f 5146/5146/4889 1643/1643/1572 1642/1642/1571
f 5143/5143/4886 5142/5142/1583 1650/1650/1579
f 5143/5143/4886 1650/1650/1579 1649/1649/1578
f 1647/1647/1576 243/243/226 242/242/225
f 1647/1647/1576 242/242/225 1648/1648/1577
f 1629/1629/1558 1627/1627/1556 52/52/47
f 1629/1629/1558 52/52/47 55/55/50
f 1624/1624/1553 160/160/148 193/193/180
f 1624/1624/1553 193/193/180 192/192/179
f 1622/1622/1551 1620/1620/1549 54/54/49
f 1622/1622/1551 54/54/49 53/53/48
f 1618/1618/1547 1617/1617/1546 55/55/50
f 1618/1618/1547 55/55/50 54/54/49
f 1548/1548/1484 1547/1547/1483 50/50/45
f 1548/1548/1484 50/50/45 45/45/41
f 1472/1472/1408 1468/1468/1404 1467/1467/1403
f 1472/1472/1408 1467/1467/1403 82/82/76
f 1560/1560/1319 140/140/130 143/143/133
f 1560/1560/1319 143/143/133 5154/5154/4897
f 1370/1370/1309 1375/1375/133 5155/5155/4898
f 1370/1370/1309 5155/5155/4898 336/336/317
f 1262/1262/1204 92/92/86 91/91/85
f 1262/1262/1204 91/91/85 1257/1257/1199
f 1258/1258/1200 1255/1255/1197 270/270/251
f 1258/1258/1200 270/270/251 269/269/250
f 1254/1254/1196 1253/1253/1195 91/91/85
f 1254/1254/1196 91/91/85 90/90/84
f 1250/1250/1193 5156/5156/4899 272/272/253
f 1250/1250/1193 272/272/253 271/271/252
f 1244/1244/1187 1240/1240/1183 132/132/123
f 1244/1244/1187 132/132/123 131/131/122
f 5156/5156/4899 125/125/117 124/124/116
f 5156/5156/4899 124/124/116 272/272/253
f 1145/1145/1089 1360/1360/1301 1140/1140/1084
f 1145/1145/1089 1140/1140/1084 1139/1139/1083
f 1132/1132/1077 1131/1131/1076 5157/5157/1084
f 1132/1132/1077 5157/5157/1084 1582/1582/320
f 1112/1112/1059 3/3/3 198/198/185
f 1112/1112/1059 198/198/185 1113/1113/1053
f 1006/1006/956 1005/1005/955 250/250/232
f 1006/1006/956 250/250/232 249/249/231
f 922/922/873 1098/1098/1046 917/917/868
f 922/922/873 917/917/868 916/916/867
f 904/904/855 903/903/854 11/11/10
f 904/904/855 11/11/10 10/10/9
f 859/859/810 196/196/183 195/195/182
f 859/859/810 195/195/182 854/854/805
f 790/790/742 773/773/730 241/241/224
f 790/790/742 241/241/224 240/240/223
f 666/666/630 664/664/628 37/37/33
f 666/666/630 37/37/33 36/36/32
f 664/664/628 663/663/627 38/38/34
f 664/664/628 38/38/34 37/37/33
f 588/588/554 585/585/551 583/583/549
f 588/588/554 583/583/549 582/582/548
f 537/537/504 534/534/501 532/532/499
f 537/537/504 532/532/499 531/531/498
f 5158/5158/389 406/406/384 295/295/276
f 5158/5158/389 295/295/276 294/294/275
f 374/374/352 373/373/351 360/360/338
f 374/374/352 360/360/338 359/359/337
f 339/339/320 336/336/317 5155/5155/4898
f 339/339/320 5155/5155/4898 5159/5159/128
f 317/317/298 316/316/297 29/29/26
f 317/317/298 29/29/26 28/28/25
f 281/281/262 280/280/261 180/180/167
f 281/281/262 180/180/167 184/184/171
f 265/265/246 262/262/243 16/16/14
f 265/265/246 16/16/14 15/15/13
f 215/215/200 213/213/198 30/30/27
f 215/215/200 30/30/27 33/33/29
f 213/213/198 212/212/197 31/31/28
f 213/213/198 31/31/28 30/30/27
f 203/203/188 2/2/2 1/1/1
f 203/203/188 1/1/1 11/11/10
f 4634/4634/4425 4707/4707/4487 4612/4612/4406
f 4634/4634/4425 4612/4612/4406 4608/4608/4403
