# Blender 4.1.1
# www.blender.org
mtllib hlcrab.mtl
o Object_5
v 7.101132 1.954569 -10.384129
v 6.936768 1.727077 -10.179482
v 6.762168 1.617307 -10.472292
v 7.132145 1.554749 -10.195007
v 7.266841 2.145586 -9.925695
v 7.089269 1.919868 -9.742855
v 7.266205 2.107171 -9.374291
v 7.366078 1.807215 -9.663120
v 7.352236 1.064735 -9.955057
v 6.807812 0.799272 -10.336586
v 6.943321 0.168570 -10.001822
v 6.136084 0.626077 -10.142015
v 7.538951 1.324571 -9.411093
v 7.398159 2.008034 -9.165724
v 7.599504 1.636679 -8.683975
v 7.452159 0.428888 -9.657443
v 7.592824 0.681883 -9.080283
v 7.502223 -0.209298 -9.340750
v 6.301666 0.078161 -9.746267
v 5.698569 0.565957 -9.788593
v 5.777156 -0.005495 -9.390789
v 7.039206 -0.484052 -9.627377
v 6.466030 -0.597646 -9.321362
v 6.063668 -0.611039 -8.938680
v 7.634175 0.059971 -8.811905
v 6.644109 -1.202683 -9.104078
v 6.209033 -1.142071 -8.664606
v 7.126379 -1.090630 -9.275879
v 7.554166 -0.782232 -9.065983
v 7.655105 -0.521834 -8.580707
v 7.697905 -1.263481 -8.741451
v 7.257189 -1.561184 -8.940183
v 6.732044 -1.675097 -8.878122
v -5.975349 1.519343 -10.572425
v -6.296025 1.954901 -10.716193
v -5.830925 1.672635 -10.505355
v -6.762166 1.617307 -10.472294
v -6.388836 1.535586 -10.619717
v -6.675679 1.295885 -10.600509
v -7.132142 1.554749 -10.195009
v -6.054420 1.406996 -10.544389
v -5.816346 1.363048 -10.361118
v -5.656833 1.497222 -10.124229
v -5.941034 1.147831 -10.386902
v -5.684977 1.092344 -10.040598
v -6.807809 0.799272 -10.336588
v -6.136081 0.626077 -10.142016
v -5.698566 0.565957 -9.788595
v -7.352233 1.064735 -9.955059
v -7.366076 1.807215 -9.663122
v -6.943318 0.168570 -10.001823
v -6.301663 0.078161 -9.746269
v -5.777153 -0.005495 -9.390791
v -7.538949 1.324570 -9.411095
v -7.398182 2.008034 -9.165726
v -7.452157 0.428888 -9.657445
v -7.599503 1.636678 -8.683977
v -7.592848 0.681882 -9.080285
v -7.502220 -0.209298 -9.340752
v -7.039203 -0.484052 -9.627378
v -6.466027 -0.597646 -9.321363
v -6.063665 -0.611039 -8.938682
v -7.634173 0.059970 -8.811907
v -6.644106 -1.202683 -9.104080
v -6.209030 -1.142071 -8.664608
v -7.126376 -1.090630 -9.275881
v -7.554163 -0.782233 -9.065985
v -7.655103 -0.521835 -8.580709
v -7.470318 0.222908 -8.194579
v -7.697902 -1.263481 -8.741453
v -8.579794 10.935883 16.107164
v -8.378271 11.107891 16.102287
v -8.228868 10.760083 16.832180
v -8.439485 10.629173 16.823208
v -8.343879 11.517012 16.149399
v -8.199378 11.129744 16.951035
v -8.555716 11.876740 16.252411
v -8.331534 11.395672 17.084251
v -8.064784 10.359932 17.515312
v -8.268441 10.252069 17.520519
v -8.019368 10.664157 17.695572
v -8.103798 10.831373 17.855644
v -7.806110 9.773035 18.324602
v -7.974461 9.698057 18.324501
v -7.788482 10.018247 18.495300
v -7.872429 10.161510 18.624958
v -7.577484 9.304784 18.900160
v -7.703875 9.212482 18.903828
v -7.561254 9.480776 19.021975
v -7.347615 8.824530 19.460482
v -7.451983 8.748793 19.440237
v -7.168951 8.276189 19.951981
v -7.168951 8.276189 19.951981
v -7.168951 8.276189 19.951981
v -7.117948 8.352237 20.011074
v -7.106238 8.312745 19.970713
v -7.106238 8.312745 19.970713
v -7.117948 8.352237 20.011074
v -7.104258 8.211681 20.106548
v -7.330901 8.922171 19.553604
v -7.143932 8.373770 20.047588
v -7.372405 8.990855 19.658461
v -7.180483 8.375013 20.077351
v -7.629199 9.607257 19.159069
v -7.469331 9.016205 19.736067
v -7.775503 9.658352 19.285101
v -8.057798 10.238707 18.752888
v -7.234915 8.318209 20.040539
v -7.168951 8.276189 19.951981
v -7.573345 8.952213 19.727091
v -7.216195 8.292040 19.995178
v -7.451983 8.748793 19.440237
v -7.226279 8.347214 20.074516
v -7.572887 8.768673 19.533495
v -7.703875 9.212482 18.903828
v -7.606034 8.832745 19.616373
v -7.851932 9.274779 18.995287
v -7.974461 9.698057 18.324501
v -7.908980 9.378031 19.105015
v -8.118073 9.772927 18.414295
v -8.268441 10.252069 17.520519
v -7.902757 9.547688 19.244600
v -8.188685 9.919203 18.543169
v -8.187237 10.104895 18.683622
v -8.468440 10.348103 17.636423
v -8.673266 10.723509 16.953890
v -8.439485 10.629173 16.823208
v -8.570168 10.559669 17.779823
v -8.579794 10.935883 16.107164
v -8.559297 10.759101 17.926325
v -8.815455 10.985727 17.055973
v -8.851624 11.046928 16.149641
v -8.675603 11.141145 15.488730
v -8.367984 10.971307 17.996519
v -8.828739 11.282770 17.155039
v -8.608851 11.549952 17.228556
v -9.024269 11.362404 16.196747
v -9.063994 11.708420 16.272820
v -8.848222 12.031788 16.361996
v -8.695161 12.148646 15.505674
v -8.946850 11.235971 15.498928
v -8.761786 11.286544 14.634623
v -9.150050 11.563593 15.528385
v -9.058940 11.396130 14.613669
v -8.808089 11.308422 13.680592
v -9.213017 11.946809 15.538997
v -9.311797 11.718773 14.614027
v -9.125895 11.429192 13.674435
v -8.798589 11.225250 12.785398
v -9.358507 12.145254 14.605584
v -9.018147 12.302192 15.575513
v -8.795923 12.356140 14.570960
v -9.145529 12.468719 14.607119
v -9.213042 12.522724 13.590054
v -8.832778 12.430376 13.573160
v -9.210171 12.495346 12.597163
v -9.449897 12.200711 13.579659
v -9.407098 11.780439 13.617477
v -9.472578 12.163904 12.585461
v -9.188987 12.421204 11.573334
v -9.453732 11.726146 12.658299
v -9.152081 11.346386 12.747910
v -8.800138 11.110346 11.859468
v -9.180681 11.224033 11.776287
v -8.797802 10.928917 10.931553
v -9.197674 11.042956 10.840936
v -9.492441 11.603848 11.690318
v -9.490002 11.418126 10.723548
v -9.483043 12.069660 11.593509
v -9.473238 11.954476 10.587522
v 6.438344 2.267477 -8.304979
v 6.511419 1.821979 -8.169232
v 7.004840 2.009145 -8.352520
v 6.024399 1.965586 -8.291775
v 6.739232 2.531575 -8.557057
v 6.004562 1.603638 -8.151162
v 5.604563 1.696887 -8.586684
v 7.335091 2.117169 -8.778308
v 6.886603 2.714974 -8.999166
v 5.629175 1.372271 -8.460527
v 7.327953 2.287955 -9.306614
v 7.028360 2.707171 -9.526432
v 7.037910 2.474235 -10.032081
v 7.360389 2.578875 -10.157968
v 7.182386 2.487360 -10.219389
v 7.197906 2.379025 -10.671218
v 7.211292 2.494556 -10.745155
v 6.977535 2.255876 -10.445015
v 6.888737 2.320051 -10.945433
v 6.954167 2.006530 -10.710009
v 6.947055 2.117780 -10.877718
v 6.851373 1.857604 -10.856248
v 6.611267 1.879411 -10.909141
v 6.296028 1.954901 -10.716191
v 6.867502 1.727178 -10.740911
v 6.353381 1.642087 -10.781628
v 5.975352 1.519343 -10.572423
v 5.830928 1.672635 -10.505353
v 6.388839 1.535586 -10.619715
v 5.816349 1.363048 -10.361116
v 5.656836 1.497222 -10.124228
v 6.054423 1.406996 -10.544387
v 5.941037 1.147831 -10.386900
v 5.684979 1.092344 -10.040596
v 6.675682 1.295885 -10.600507
v -1.138506 6.975423 -11.565140
v -0.591499 7.402374 -11.382465
v -0.868671 6.808597 -11.405706
v 0.000001 6.666678 -11.532318
v -0.736378 6.130237 -11.436955
v -2.426156 5.294569 -10.830486
v -2.727883 5.156869 -11.078656
v -2.589123 5.838827 -11.184135
v -2.705048 4.722466 -10.508380
v -3.000857 5.146721 -11.106111
v -3.011652 5.722099 -11.099390
v -2.905607 4.550663 -10.883815
v -2.944291 4.286257 -10.139595
v -2.691485 4.279404 -10.152506
v -3.152902 4.001334 -9.625098
v -3.101466 3.950824 -10.398304
v -3.177082 4.523494 -10.900595
v -3.317976 5.193611 -10.952524
v -3.608069 5.754444 -11.057828
v -3.458184 3.431534 -9.651965
v -3.554577 3.852229 -8.810434
v -3.400577 3.887910 -10.360260
v -3.615588 4.562476 -10.556061
v -3.929862 5.285237 -10.889997
v -4.447946 5.843582 -11.171348
v -3.650615 3.837000 -10.138116
v -4.985156 4.887336 -11.135193
v -5.682386 5.268504 -10.910024
v -4.460976 4.413157 -11.039487
v -5.476468 4.035455 -11.182013
v -6.187186 5.392044 -10.311010
v -5.624525 6.408759 -10.136793
v -4.053610 3.887158 -10.679783
v -6.125159 4.410285 -10.781552
v -6.532957 4.540504 -10.275557
v -4.893157 3.627781 -11.187523
v -6.036056 3.499180 -11.178308
v -6.574053 3.675092 -10.701352
v -5.389524 3.082714 -11.190329
v -6.407277 3.086112 -11.290979
v -6.945884 3.860650 -10.246544
v -6.811188 4.522601 -9.665668
v -6.945274 3.335622 -10.841692
v -7.059905 3.886653 -9.694396
v -6.660667 4.274385 -8.957321
v -7.221347 3.418277 -10.205053
v -6.887084 3.765517 -9.013464
v -6.311595 4.052538 -8.412109
v -7.288429 3.419652 -9.565573
v -6.426302 3.563215 -8.483236
v -5.850941 3.736713 -7.831429
v -7.128078 3.348807 -8.872131
v -5.954065 3.258504 -8.113009
v -5.215940 3.365315 -7.728688
v -6.690030 3.115220 -8.251105
v -5.404942 2.870325 -7.679430
v -4.702149 2.900461 -8.143495
v -4.858943 2.453614 -8.064091
v -6.224397 2.850742 -7.800767
v -5.616270 2.478996 -7.631715
v -5.031130 2.110228 -8.027997
v -5.237124 1.815039 -8.062227
v -5.879135 2.186072 -7.662036
v -6.510732 2.499818 -7.665220
v -6.907759 2.785942 -8.066325
v -7.274408 2.996301 -8.707556
v -6.567145 2.300292 -7.861537
v -5.997880 1.974505 -7.882458
v -5.433187 1.585779 -8.221745
v -6.024397 1.965586 -8.291777
v -5.604561 1.696887 -8.586686
v -6.438342 2.267477 -8.304981
v -6.924421 2.542257 -8.246867
v -6.739230 2.531575 -8.557059
v -7.222617 2.740688 -8.768887
v -6.886626 2.714989 -8.999201
v -7.425411 2.807621 -9.465365
v -7.028460 2.707218 -9.526589
v -7.360412 2.578890 -10.158002
v -7.479386 3.093394 -9.477930
v -7.505751 2.769147 -10.121779
v -7.412736 3.081263 -10.136697
v -7.303110 2.705475 -10.792011
v -7.211289 2.494547 -10.745180
v -7.224928 3.017434 -10.886541
v -6.888734 2.320051 -10.945435
v -6.728790 2.749035 -11.351719
v -6.734429 2.447124 -11.198971
v 1.653772 9.874416 -9.503289
v 1.653780 10.141845 -8.505692
v 2.433383 9.411885 -9.535482
v 1.585233 9.081846 -10.390717
v 2.271087 8.784908 -10.317736
v 0.821727 10.129486 -9.519176
v 0.850655 10.596676 -8.519964
v 0.000001 10.243483 -9.469068
v 0.741569 9.304373 -10.394680
v 0.000001 9.265716 -10.332603
v -0.821745 10.129761 -9.519449
v 1.312669 8.125462 -11.021730
v 0.614752 8.279659 -11.054705
v -0.741598 9.304750 -10.395104
v -1.653859 9.874951 -9.503802
v 2.101303 7.744600 -10.928702
v 3.088210 8.408204 -10.405283
v 2.866341 7.399130 -10.923705
v 1.998060 6.648694 -11.203544
v 1.589099 7.180786 -11.276979
v 0.952148 7.594236 -11.411386
v 1.138384 6.974650 -11.563848
v 0.591458 7.401826 -11.381647
v 1.402777 6.306237 -11.555290
v 2.219190 5.860327 -11.096004
v 0.868626 6.808237 -11.405099
v 0.000001 8.218684 -11.029593
v 0.000001 7.244121 -11.464703
v -0.614793 8.280242 -11.055510
v -1.585345 9.082526 -10.391479
v -2.433281 9.411498 -9.535084
v -2.461978 9.437061 -8.479918
v -3.027298 8.894823 -9.433037
v -2.271001 8.784569 -10.317356
v -1.312734 8.125887 -11.022310
v -0.952308 7.595542 -11.413326
v -2.101242 7.744414 -10.928411
v -1.588990 7.180299 -11.276212
v -1.997989 6.648458 -11.203177
v -3.088411 8.408730 -10.405956
v 7.360389 2.578875 -10.157968
v 7.211292 2.494556 -10.745155
v 7.303113 2.705484 -10.791985
v 6.888737 2.320051 -10.945433
v 6.734432 2.447124 -11.198969
v 6.296028 1.954901 -10.716191
v 7.224982 3.017462 -10.886605
v 7.412637 3.081230 -10.136572
v 7.221578 3.418372 -10.205362
v 7.287288 3.419088 -9.564034
v 7.059475 3.886420 -9.693810
v 6.886933 3.765432 -9.013264
v 6.728793 2.749035 -11.351717
v 6.945506 3.335731 -10.842033
v 6.946038 3.860726 -10.246763
v 6.660669 4.274385 -8.957319
v 6.311597 4.052538 -8.412107
v 6.811139 4.522558 -9.665567
v 6.374513 4.980534 -8.782166
v 6.532933 4.540513 -10.275530
v 6.574031 3.675068 -10.701341
v 6.407254 3.086112 -11.290977
v 6.124882 4.410095 -10.781065
v 5.966666 2.278686 -11.384739
v 6.035805 3.499023 -11.177807
v 5.665396 2.658476 -11.304351
v 6.073549 2.036408 -11.226503
v 5.378249 1.900300 -11.025545
v 5.577461 1.666420 -10.919491
v 5.830928 1.672635 -10.505353
v 5.656836 1.497222 -10.124228
v 5.389451 3.082657 -11.190194
v 5.055517 2.260103 -11.006583
v 4.984219 1.584657 -10.543089
v 5.210558 1.387744 -10.421526
v 4.989655 1.249323 -9.823348
v 5.490161 1.443744 -9.662911
v 5.423537 1.462732 -9.129650
v 4.743021 1.453768 -9.921283
v 5.064381 1.312054 -8.917897
v 5.604563 1.696887 -8.586684
v 5.433189 1.585779 -8.221744
v 4.784549 1.490522 -8.919382
v 5.237126 1.815039 -8.062225
v 4.729558 1.958572 -10.517573
v 4.556711 1.755787 -9.832943
v 4.605784 1.780932 -8.934583
v 5.031132 2.110228 -8.027995
v 4.478683 2.331100 -10.439984
v 4.759454 2.657661 -10.912921
v 4.479825 2.224151 -8.929179
v 4.368294 2.137596 -9.745895
v 4.858945 2.453601 -8.064056
v 4.117062 2.651929 -9.639419
v 4.243326 2.628608 -8.860727
v 4.702126 2.900447 -8.143460
v 4.004210 3.094622 -8.809801
v 4.550488 3.206455 -8.064959
v 4.339972 3.990484 -8.054611
v 3.904312 3.102619 -9.546867
v 3.762859 3.312860 -8.899442
v 4.151505 2.873141 -10.288625
v 3.725013 3.352582 -9.539978
v 3.865501 3.483414 -10.196175
v 4.445561 3.172358 -10.789370
v 3.554300 3.851931 -8.809740
v 4.070758 4.494194 -8.044523
v 3.458720 3.432046 -9.653425
v 4.892931 3.627624 -11.187021
v 4.053613 3.887158 -10.679782
v 5.475836 4.035004 -11.180738
v 4.460928 4.413086 -11.039320
v 3.650718 3.837105 -10.138403
v 3.615667 4.562576 -10.556291
v 4.984930 4.887098 -11.134687
v 3.401290 3.888712 -10.362436
v 5.682312 5.268423 -10.909881
v 3.929865 5.285237 -10.889997
v 4.447897 5.843531 -11.171271
v 3.317979 5.193624 -10.952556
v 3.177694 4.524357 -10.902686
v 3.103018 3.952806 -10.403492
v 3.608072 5.754431 -11.057794
v 3.152929 4.001325 -9.625121
v 2.906956 4.552787 -10.888922
v 3.000986 5.146930 -11.106548
v 3.011655 5.722108 -11.099365
v 2.944649 4.286759 -10.140805
v 3.326945 4.232883 -8.762395
v 4.161741 3.942236 -7.878378
v 3.616784 3.815886 -8.290056
v 3.216200 3.603139 -8.427628
v 2.691488 4.279389 -10.152472
v 2.938020 3.785922 -8.922655
v 2.727834 4.170689 -9.472711
v 2.943608 3.471637 -8.421033
v 2.705102 4.722589 -10.508619
v 2.728317 5.157679 -11.080399
v 2.589151 5.838870 -11.184234
v 2.426113 5.294460 -10.830277
v 2.409177 4.584088 -10.687976
v 3.117445 6.309732 -11.078818
v 4.045891 6.440264 -11.114739
v 2.623365 6.571364 -11.147305
v 3.459888 6.959891 -10.926318
v 5.180814 6.350600 -10.978405
v 4.646754 6.976918 -10.755231
v 4.040913 7.488448 -10.509199
v 5.241064 7.147380 -10.006880
v 4.587927 7.739988 -9.937420
v 4.020212 8.131198 -9.798731
v 5.167428 7.833203 -8.876261
v 4.240100 8.516093 -9.077940
v 5.623892 6.967183 -9.029416
v 3.027275 8.894724 -9.432941
v 5.624527 6.408759 -10.136791
v 5.934331 6.154211 -9.301890
v 6.187188 5.392044 -10.311008
v 5.602810 6.656665 -8.273646
v 6.430164 5.258941 -9.540669
v 6.043957 5.844426 -8.540016
v 5.509846 6.252365 -7.538929
v 5.928337 5.500605 -7.890727
v 5.622977 5.225101 -7.478100
v 6.192116 4.726480 -8.128733
v 5.884344 4.446970 -7.674197
v -0.191858 6.116926 5.220979
v -0.163374 6.665668 5.582707
v -0.620122 6.058669 5.353466
v -0.000001 6.707518 5.340795
v -0.000001 7.265320 5.453554
v 0.163372 6.665668 5.582707
v -0.000001 7.805384 5.464745
v -0.000001 8.436172 5.313458
v -0.179137 8.504163 5.620879
v 0.180374 7.225340 5.764258
v 0.179135 8.504163 5.620879
v -0.000001 9.058418 5.201265
v -0.172738 9.207994 5.603710
v -0.710259 8.556854 5.866840
v 0.180317 7.857042 5.771441
v -0.773325 9.345247 5.836041
v -1.209311 9.191716 5.506643
v -1.236041 9.864929 5.282134
v -1.350001 9.553869 4.764844
v -0.200702 9.971668 5.392718
v 0.710257 8.556854 5.866840
v -0.824993 10.047722 5.610261
v -0.768267 10.699442 5.097870
v -1.364842 10.127064 4.530755
v -1.756830 10.237079 4.746059
v -1.773132 10.732758 4.116223
v -1.189102 10.475529 4.798388
v -1.385350 10.655784 4.072063
v -1.672322 11.199626 3.491333
v -1.299572 11.381088 3.672254
v -1.357481 11.726070 3.221733
v -1.207731 10.987599 4.224436
v -0.834417 11.260759 4.424396
v -0.856286 11.636450 3.769601
v -0.925699 11.983579 3.197060
v -0.985295 12.215254 2.768097
v -0.320572 11.263041 4.370791
v -0.471415 12.027273 3.310152
v -0.000001 12.253942 2.844804
v -0.359647 11.680737 3.785781
v -0.000001 11.657140 3.726965
v -0.255220 10.636986 5.001527
v -0.000001 11.008412 4.253145
v -0.000001 10.381618 4.744832
v -0.000001 9.855551 5.034290
v 0.200700 9.971668 5.392718
v 0.172736 9.207994 5.603710
v 0.255218 10.636986 5.001527
v 0.320570 11.263041 4.370791
v 0.768265 10.699442 5.097870
v 0.359645 11.680737 3.785781
v 0.773322 9.345247 5.836041
v 0.824991 10.047722 5.610261
v 1.236039 9.864929 5.282134
v 0.471413 12.027273 3.310152
v 0.985293 12.215254 2.768097
v 0.856284 11.636450 3.769601
v 0.925697 11.983579 3.197060
v 1.357479 11.726070 3.221733
v 1.740590 11.794602 2.865269
v 1.831850 12.344082 1.632377
v 0.834414 11.260759 4.424396
v 1.299570 11.381088 3.672254
v 1.189100 10.475529 4.798388
v 1.207729 10.987599 4.224436
v 1.385348 10.655784 4.072063
v 1.672320 11.199626 3.491333
v 1.364840 10.127064 4.530755
v 1.773130 10.732758 4.116224
v 2.006130 11.142734 3.404725
v 2.091710 11.521067 2.796740
v 1.349999 9.553869 4.764844
v 1.756828 10.237079 4.746060
v 2.168308 10.550881 3.952277
v 8.848241 12.031821 16.362013
v 9.018167 12.302216 15.575508
v 8.695155 12.148680 15.505692
v 8.555735 11.876749 16.252438
v 9.213011 11.946809 15.539001
v 9.358501 12.145254 14.605588
v 8.608846 11.549961 17.228582
v 8.331529 11.395672 17.084255
v 8.343873 11.517021 16.149426
v 8.199372 11.129776 16.951054
v 8.378265 11.107901 16.102314
v 9.063989 11.708452 16.272839
v 8.228862 10.760083 16.832184
v 8.579788 10.935892 16.107191
v 8.439479 10.629149 16.823221
v 8.064778 10.359932 17.515316
v 8.268435 10.252069 17.520523
v 8.019362 10.664157 17.695576
v 8.103792 10.831373 17.855648
v 7.806105 9.773035 18.324606
v 7.974455 9.698057 18.324505
v 7.788476 10.018247 18.495304
v 7.872424 10.161510 18.624962
v 8.367978 10.971307 17.996523
v 8.057793 10.238707 18.752892
v 8.828733 11.282780 17.155066
v 8.559291 10.759101 17.926329
v 7.775497 9.658342 19.285109
v 8.187231 10.104895 18.683626
v 7.629193 9.607257 19.159073
v 7.902751 9.547688 19.244604
v 7.469326 9.016205 19.736071
v 7.561248 9.480776 19.021978
v 7.372399 8.990855 19.658464
v 7.573339 8.952204 19.727070
v 7.180477 8.375013 20.077354
v 7.577478 9.304784 18.900164
v 7.703844 9.212482 18.903831
v 7.330895 8.922171 19.553608
v 7.347609 8.824527 19.460485
v 7.451978 8.748793 19.440241
v 7.143927 8.373770 20.047592
v 7.168945 8.276189 19.951984
v 7.168945 8.276189 19.951984
v 7.168945 8.276189 19.951984
v 7.106233 8.312745 19.970716
v 7.117942 8.352237 20.011078
v 7.106233 8.312745 19.970716
v 7.117942 8.352237 20.011078
v 7.104252 8.211681 20.106552
v 7.234909 8.318199 20.040518
v 7.168945 8.276189 19.951984
v 7.226273 8.347214 20.074520
v 7.216189 8.292040 19.995182
v 7.451978 8.748793 19.440241
v 7.606028 8.832745 19.616377
v 7.572882 8.768663 19.533474
v 7.703844 9.212482 18.903831
v 7.851926 9.274779 18.995291
v 7.974455 9.698057 18.324505
v 7.908974 9.378022 19.104996
v 8.118067 9.772927 18.414299
v 8.268435 10.252069 17.520523
v 8.188680 9.919203 18.543173
v 8.468434 10.348103 17.636427
v 8.673285 10.723518 16.953918
v 8.439479 10.629149 16.823221
v 8.570162 10.559669 17.779827
v 8.579788 10.935892 16.107191
v 8.815450 10.985727 17.055977
v 8.851619 11.046961 16.149662
v 8.675597 11.141145 15.488734
v 9.024263 11.362438 16.196766
v 8.946844 11.235971 15.498932
v 8.761780 11.286544 14.634626
v 9.150044 11.563602 15.528412
v 9.058934 11.396130 14.613673
v 8.808084 11.308422 13.680593
v 9.311791 11.718773 14.614031
v 9.125889 11.429192 13.674437
v 8.798585 11.225250 12.785400
v 9.407092 11.780439 13.617479
v 9.152077 11.346386 12.747911
v 8.800135 11.110346 11.859469
v 9.449891 12.200711 13.579661
v 9.213037 12.522724 13.590057
v 9.210167 12.495346 12.597165
v 9.453728 11.726146 12.658301
v 9.472574 12.163904 12.585463
v 9.188983 12.421181 11.573345
v 9.180677 11.224033 11.776289
v 8.797798 10.928917 10.931555
v 9.492437 11.603848 11.690320
v 9.197670 11.042956 10.840938
v 8.713393 10.655005 10.031381
v 9.483039 12.069660 11.593511
v 9.489998 11.418126 10.723550
v 9.166707 10.807633 9.887322
v 8.598306 10.353539 9.069178
v 9.473234 11.954476 10.587523
v 9.151136 12.301647 10.539703
v 9.421647 11.196625 9.734429
v 9.055557 10.539263 8.919810
v 8.512860 10.121834 8.395325
v 9.071051 12.133779 9.529894
v 8.498077 11.966084 9.660808
v 8.340470 11.747789 8.667926
v 9.382582 11.731552 9.563328
v 8.984614 11.918369 8.556856
v 8.867038 11.695381 7.765889
v 9.260407 11.506746 8.578747
v 9.116263 11.297250 7.837819
v 9.321622 10.949908 8.737018
v 8.928607 10.306309 8.163253
v 9.183599 10.726839 7.974591
v 9.197467 10.860315 7.528873
v 8.427238 9.945482 8.200375
v 9.143974 10.526321 7.685080
v 9.203436 10.757520 7.141454
v 9.119209 10.216312 7.391310
v 8.876157 10.108540 7.872675
v 8.822512 9.874201 7.636840
v 8.313699 9.652411 8.006088
v 8.482535 -2.016600 -6.715266
v 8.387134 -2.054200 -6.527605
v 8.611974 -2.068182 -6.431493
v 8.485990 -2.213805 -6.340457
v 8.280149 -2.216878 -6.444194
v 8.712380 -2.047002 -6.592621
v 8.416292 -2.410008 -6.401787
v 8.120332 -2.442861 -6.530861
v 8.440524 -2.620028 -6.579584
v 8.067779 -2.599342 -6.754264
v 8.750963 -2.605066 -6.444713
v 8.751420 -2.438911 -6.294087
v 9.026985 -2.629166 -6.292346
v 8.785405 -2.292826 -6.237135
v 9.030566 -2.539928 -6.187790
v 9.190789 -2.639867 -6.147000
v 9.204175 -2.678359 -6.191041
v 9.250073 -2.658507 -6.172966
v 9.201736 -2.607839 -6.145627
v 9.081443 -2.459391 -6.168033
v 8.869099 -2.164378 -6.327686
v 9.223351 -2.588009 -6.157527
v 9.141742 -2.421186 -6.214952
v 9.248727 -2.588647 -6.186711
v 8.950378 -2.160322 -6.433820
v 9.176235 -2.417770 -6.259550
v 8.977049 -2.269269 -6.552354
v 8.742530 -2.194233 -6.745274
v 8.502907 -2.191888 -6.914659
v 8.946441 -2.426610 -6.600103
v 8.698486 -2.396572 -6.809987
v 8.423100 -2.389381 -7.004749
v 9.187691 -2.464065 -6.319404
v 9.250378 -2.595587 -6.227548
v 9.180020 -2.539697 -6.358083
v 9.236636 -2.627585 -6.248887
v 9.125689 -2.608533 -6.358684
v 9.216342 -2.655894 -6.239958
v 9.204175 -2.678359 -6.191041
v 9.026985 -2.629166 -6.292346
v 8.872603 -2.545143 -6.562993
v 8.750963 -2.605066 -6.444713
v 8.585914 -2.537882 -6.752535
v 8.440524 -2.620028 -6.579584
v 8.228003 -2.582859 -6.953622
v 8.067779 -2.599342 -6.754264
v -8.611972 -2.068182 -6.431496
v -8.387132 -2.054201 -6.527608
v -8.482533 -2.016601 -6.715269
v -8.485988 -2.213805 -6.340460
v -8.280147 -2.216879 -6.444196
v -8.712379 -2.047003 -6.592624
v -8.416290 -2.410008 -6.401790
v -8.120330 -2.442861 -6.530863
v -8.440522 -2.620029 -6.579587
v -8.067777 -2.599343 -6.754266
v -8.750961 -2.605067 -6.444715
v -8.751418 -2.438911 -6.294090
v -9.026983 -2.629166 -6.292349
v -8.785403 -2.292827 -6.237138
v -9.030564 -2.539928 -6.187793
v -9.190787 -2.639867 -6.147003
v -9.204173 -2.678360 -6.191044
v -9.250072 -2.658507 -6.172968
v -9.201735 -2.607839 -6.145630
v -9.081441 -2.459391 -6.168036
v -9.223350 -2.588009 -6.157530
v -9.141740 -2.421186 -6.214955
v -9.248725 -2.588647 -6.186714
v -8.869097 -2.164379 -6.327689
v -8.950377 -2.160322 -6.433823
v -9.176233 -2.417771 -6.259553
v -8.977047 -2.269269 -6.552357
v -8.742528 -2.194234 -6.745277
v -8.502905 -2.191889 -6.914662
v -8.946439 -2.426610 -6.600106
v -8.698484 -2.396572 -6.809990
v -8.423098 -2.389382 -7.004752
v -9.187689 -2.464065 -6.319407
v -9.250376 -2.595588 -6.227551
v -9.180018 -2.539698 -6.358086
v -9.236634 -2.627585 -6.248889
v -9.125687 -2.608534 -6.358687
v -9.216340 -2.655894 -6.239961
v -9.204173 -2.678360 -6.191044
v -9.026983 -2.629166 -6.292349
v -8.872602 -2.545144 -6.562996
v -8.750961 -2.605067 -6.444715
v -8.585912 -2.537882 -6.752538
v -8.440522 -2.620029 -6.579587
v -8.228001 -2.582860 -6.953624
v -8.067777 -2.599343 -6.754266
v 1.047420 12.590696 -1.963025
v -0.000000 12.764815 -1.927795
v -0.000000 12.888195 -0.670131
v -1.003661 12.809264 -0.616893
v 1.003660 12.809264 -0.616892
v -0.000001 12.859065 0.477046
v 2.003420 12.366027 -0.677283
v -0.000000 12.469928 -3.072803
v -1.047420 12.590696 -1.963025
v 1.064319 12.277883 -3.093307
v -2.003421 12.366027 -0.677283
v 1.980931 12.066695 -1.979397
v 0.000000 12.212247 -4.295639
v -1.064288 12.277534 -3.093221
v -1.980931 12.066695 -1.979397
v -2.024390 11.846739 -3.106154
v -2.574926 11.779259 -0.649055
v -1.067100 12.054928 -4.298849
v -2.862301 11.475873 -1.888266
v -2.027060 11.698077 -4.204413
v -2.937510 11.040613 -4.054914
v 0.000000 11.858089 -5.449273
v -2.909952 11.211788 -2.982597
v -3.767710 10.386682 -2.794338
v -3.742589 10.231104 -3.830367
v -2.950667 10.846224 -5.236723
v -2.020959 11.433435 -5.385691
v -1.025639 11.739465 -5.418192
v -3.677361 10.033515 -4.967209
v 0.000000 11.430670 -6.702440
v -4.203193 9.055804 -4.832324
v -1.876338 10.997572 -6.579989
v -2.818028 10.422075 -6.411310
v -0.870643 11.310502 -6.614656
v -0.829767 10.896039 -7.652510
v -1.735249 10.534003 -7.598699
v -2.866516 7.399612 -10.924417
v -4.020591 8.131911 -9.799618
v -4.240250 8.516404 -9.078257
v -4.041013 7.488679 -10.509510
v -4.588078 7.740243 -9.937740
v -5.167706 7.833609 -8.876753
v -4.680153 8.580436 -7.907948
v -4.646752 6.976946 -10.755298
v -3.459962 6.960085 -10.926587
v -2.623489 6.571659 -11.147806
v -5.241087 7.147418 -10.006924
v -2.219189 5.860317 -11.096028
v -4.045889 6.440302 -11.114782
v -3.117494 6.309865 -11.079037
v -5.180812 6.350615 -10.978440
v -5.623916 6.967221 -9.029461
v -5.189550 7.439390 -8.008640
v -5.934329 6.154211 -9.301892
v -4.665218 8.117156 -7.607477
v -4.321810 8.695627 -7.031221
v -5.603113 6.657034 -8.274096
v -5.061128 6.897795 -7.246765
v -4.381500 7.684710 -6.755220
v -4.228770 8.191537 -5.638406
v -5.072990 6.758659 -6.792868
v -4.650639 7.300628 -6.288503
v -4.620616 7.659443 -5.466706
v -4.367048 8.420646 -4.643760
v -4.932858 6.636888 -6.561199
v -5.398263 6.085950 -7.179313
v -5.510606 6.253253 -7.539995
v -4.955997 6.859457 -6.036041
v -5.088103 7.149059 -5.232482
v -6.043981 5.844440 -8.540051
v -5.329937 5.853053 -6.253771
v -6.430188 5.258941 -9.540671
v -5.197094 5.840617 -7.101178
v -5.623103 5.225219 -7.478286
v -5.928462 5.500709 -7.890880
v -6.374511 4.980534 -8.782167
v -6.192139 4.726503 -8.128744
v 1.948020 12.485565 0.429746
v 2.579243 11.951519 0.464433
v 2.540229 11.843185 1.433723
v 2.859913 11.287624 1.298206
v 1.044580 12.812210 0.446634
v 3.103448 10.756467 1.369248
v 3.125038 11.037641 0.394971
v 3.890569 10.604059 0.547356
v -0.000001 12.658315 1.713075
v 0.953366 12.631145 1.731637
v -0.953367 12.631145 1.731637
v -1.044581 12.812210 0.446634
v -1.831852 12.344082 1.632376
v -1.948021 12.485565 0.429745
v -2.579244 11.951519 0.464432
v -2.540230 11.843185 1.433722
v -2.940152 11.292792 0.409336
v -2.859914 11.287624 1.298205
v -3.028925 11.293878 -0.589648
v -2.165440 11.874655 2.165078
v -3.125039 11.037641 0.394970
v -3.308783 11.110676 -1.286360
v -3.970580 10.714512 -0.300189
v -3.869462 10.647970 -1.873801
v -3.929559 10.756303 -1.236305
v -4.461917 9.992418 -1.696934
v -4.617239 10.015862 -0.903322
v -3.890570 10.604059 0.547355
v -4.417950 9.548588 -2.584289
v -4.305377 9.247602 -3.673264
v -4.649192 9.987687 -0.053632
v -3.103449 10.756467 1.369247
v -3.829509 10.347151 1.450788
v -4.573627 9.950377 0.741716
v -3.165502 10.425506 2.171299
v -2.901341 10.999422 1.856508
v -2.756968 11.193549 1.887887
v -2.829841 10.851745 2.394953
v -2.407840 11.689310 2.034216
v -2.527890 11.013720 2.429681
v -2.351901 11.320148 2.665480
v -2.091712 11.521067 2.796739
v -2.358902 10.845064 3.188349
v -2.512851 10.530077 2.970767
v -2.883511 10.469036 2.943998
v -1.740592 11.794602 2.865268
v -2.006131 11.142734 3.404724
v -2.168310 10.550881 3.952276
v -2.469361 10.361061 3.799906
v -2.569491 10.023967 3.573672
v -2.223891 10.054176 4.632758
v -2.544472 9.770035 4.418304
v -1.720671 9.592270 5.017689
v -2.549247 9.369488 4.051682
v -2.167551 9.463870 5.001076
v -2.416931 9.125140 4.502054
v -1.670280 8.985607 5.127488
v -2.097000 8.840347 4.982770
v -2.364500 8.629983 4.588989
v -1.574522 8.354105 5.084776
v -2.557477 8.984118 4.224072
v -2.014021 8.263268 5.032213
v -1.321231 8.928554 4.833350
v -1.500450 7.694348 5.034106
v -1.320982 8.327175 4.925496
v -1.143921 8.496927 5.590299
v -1.167771 7.783340 5.599838
v -1.292650 7.695612 4.867502
v -1.128051 7.208670 5.459289
v -1.237022 7.244987 4.793129
v -0.714239 7.876106 5.943249
v -1.088881 6.670662 5.173735
v -0.702420 7.220638 5.917469
v -0.180319 7.857066 5.771431
v -0.680480 6.600296 5.757327
v -0.180376 7.225340 5.764258
v -1.181490 6.852363 4.578198
v -0.334052 5.156948 -11.087051
v -0.347745 4.691860 -10.740242
v -0.492332 4.982830 -10.945274
v -2.329794 3.978792 -8.652382
v -2.090244 4.041746 -9.081329
v -1.975990 4.057903 -8.370071
v 0.000001 4.685179 -10.957781
v 0.000001 4.293678 -10.434842
v 0.347750 4.691865 -10.740299
v -0.724115 5.121562 -11.140388
v -0.903169 4.745277 -10.916262
v 0.334049 5.156868 -11.086910
v 0.492314 4.982645 -10.944846
v 0.724084 5.121325 -11.139885
v 0.000001 5.100401 -11.258337
v 0.335363 5.521658 -11.296356
v 0.912118 5.256178 -11.275238
v -0.335368 5.521806 -11.296606
v 0.000001 5.556638 -11.351041
v 0.374710 5.926133 -11.407406
v 0.736342 6.129914 -11.436390
v 0.000001 6.082180 -11.443984
v -0.374720 5.926352 -11.407822
v -0.912189 5.256598 -11.276171
v -1.141396 4.823075 -11.098608
v -1.132534 5.381291 -11.192896
v -1.307837 4.952942 -11.043301
v -1.300743 4.466683 -10.940306
v -0.994985 4.400883 -10.698549
v -0.930556 4.414905 -10.406084
v -1.091180 3.996439 -10.418047
v -1.421662 4.031429 -10.687463
v -1.131523 4.242453 -9.866293
v -1.605376 4.642061 -10.854872
v -1.522099 3.598471 -10.299498
v -1.249123 3.678511 -10.125358
v -1.539198 4.993871 -11.009851
v -1.825248 4.129970 -10.583406
v -1.794042 4.682847 -10.863731
v -1.616239 3.472758 -9.972675
v -1.391508 3.575205 -9.877496
v -1.847707 3.597764 -10.238702
v -1.784479 3.519943 -9.881607
v -1.253827 3.902403 -9.748707
v -1.395709 3.661388 -9.789054
v -1.486768 3.760337 -9.675648
v -1.564505 3.774665 -9.620828
v -1.561774 4.037807 -9.492626
v -1.627908 4.343419 -9.301930
v -1.969566 3.663116 -10.015211
v -1.810148 3.616773 -9.717421
v -2.020201 3.813938 -10.087213
v -1.971829 3.833168 -9.680079
v -1.705835 3.721268 -9.601544
v -2.065515 4.027878 -9.630730
v -1.839716 3.952800 -9.512712
v -2.065515 4.027878 -9.630730
v -1.906927 4.251875 -9.387149
v -2.176823 3.901659 -9.316661
v -2.288108 3.717493 -9.527011
v -2.020201 3.813938 -10.087213
v -2.428598 3.787917 -8.753903
v -2.616199 3.616516 -8.915426
v -2.523139 3.754505 -9.676774
v -2.943885 3.471979 -8.421825
v -2.759963 3.587312 -8.164464
v -2.938144 3.786064 -8.922986
v -3.216402 3.603352 -8.428124
v -3.327018 4.233006 -8.762636
v -3.615994 3.815085 -8.288290
v -2.727858 4.170746 -9.472843
v -4.070807 4.494251 -8.044657
v -4.160571 3.941137 -7.876193
v -4.340073 3.990593 -8.054819
v -2.489852 4.319946 -9.918060
v -2.285814 3.891600 -10.207460
v -2.031948 4.252940 -10.625151
v -2.198049 4.628723 -10.460979
v -1.952873 4.988607 -10.758346
v -2.409341 4.584415 -10.688736
v -1.561327 5.492023 -11.111532
v -2.095159 5.043705 -11.084926
v -1.131320 6.224745 -11.356934
v -1.771842 5.594126 -11.341724
v -1.402823 6.306465 -11.555681
v -3.599993 9.726254 -6.111098
v -2.634716 9.914250 -7.531530
v 0.000001 11.087409 -7.708458
v -4.156736 8.926399 -5.804363
v -3.519144 9.172316 -7.208012
v -3.181223 8.964427 -8.423994
v -4.072433 8.868167 -8.117624
v -1.653809 10.142053 -8.505857
v -0.850658 10.596737 -8.520016
v 0.000001 10.780593 -8.563437
v 0.829768 10.896039 -7.652510
v 0.870644 11.310502 -6.614656
v 1.735245 10.533989 -7.598665
v 1.025640 11.739465 -5.418192
v 1.876339 10.997572 -6.579988
v 1.067100 12.054928 -4.298849
v 2.020959 11.433435 -5.385690
v 2.818029 10.422075 -6.411310
v 2.024269 11.846044 -3.105973
v 2.027060 11.698077 -4.204413
v 2.950668 10.846224 -5.236722
v 2.937511 11.040613 -4.054914
v 2.862301 11.475873 -1.888265
v 2.909952 11.211788 -2.982596
v 3.742589 10.231104 -3.830365
v 3.677362 10.033515 -4.967208
v 3.599994 9.726254 -6.111097
v 4.156483 8.925835 -5.803995
v 3.519146 9.172293 -7.208001
v 4.203193 9.055804 -4.832323
v 4.321608 8.695250 -7.030934
v 2.634718 9.914288 -7.531571
v 3.180945 8.963686 -8.423315
v 4.071723 8.866608 -8.116183
v 2.462021 9.437222 -8.480062
v 4.679011 8.578309 -7.906009
v 4.662806 8.112977 -7.603546
v 4.380688 7.683292 -6.753972
v 5.188231 7.437510 -8.006634
v 5.058589 6.894315 -7.243140
v 4.228212 8.190463 -5.637667
v 4.650183 7.299891 -6.287880
v 5.070552 6.755416 -6.789609
v 5.397476 6.085061 -7.178246
v 4.932224 6.636043 -6.560370
v 5.196562 5.840030 -7.100451
v 5.329531 5.852566 -6.253276
v 4.956354 6.859962 -6.036487
v 4.620134 7.658633 -5.466131
v 5.087596 7.148360 -5.231971
v 4.367200 8.420961 -4.643928
v 4.738193 7.926269 -4.516075
v 4.305377 9.247602 -3.673263
v 4.582948 8.593527 -3.624299
v 4.828185 8.121437 -3.533103
v 4.774896 8.740211 -2.642896
v 4.417492 9.547575 -2.584016
v 3.767354 10.385694 -2.794071
v 4.461916 9.992418 -1.696933
v 3.869462 10.647970 -1.873800
v 4.770756 9.226263 -2.125315
v 4.903344 8.812711 -2.081246
v 4.947997 8.334140 -2.542599
v 5.028845 9.012650 -1.388842
v 5.048606 8.375022 -1.885076
v 5.182109 7.898207 -2.481880
v 4.654449 9.632625 -1.497676
v 4.617238 10.015862 -0.903321
v 4.777029 9.567451 -0.707513
v 3.929558 10.756303 -1.236304
v 4.649191 9.987687 -0.053631
v 3.308782 11.110676 -1.286359
v 3.970579 10.714512 -0.300188
v 3.028925 11.293878 -0.589647
v 2.574925 11.779259 -0.649054
v 2.940151 11.292792 0.409337
v 4.605477 9.091359 1.342872
v 4.372153 8.668139 1.653633
v 4.570527 8.807917 1.394171
v 4.747591 8.391115 1.111744
v 4.898086 8.719681 0.972346
v 4.960163 9.032887 0.816449
v 4.702150 9.313081 0.723283
v 5.118761 8.977870 0.143925
v 4.802429 9.395005 0.057990
v 5.183378 9.031903 -0.522772
v 5.113223 8.588913 0.289615
v 5.219497 8.544710 -0.384720
v 5.156455 8.462329 -1.133720
v 5.042281 8.267816 0.469395
v 5.300066 8.144140 0.835314
v 5.162906 8.217159 -0.258517
v 5.161332 8.153627 -0.987947
v 5.161510 8.060259 -1.788178
v 5.330445 7.745812 -1.672192
v 5.282108 7.883887 -0.936970
v 5.202047 8.087944 0.448368
v 5.227879 8.020212 -0.207459
v 2.358900 10.845064 3.188350
v 2.165439 11.874655 2.165079
v 2.351900 11.320148 2.665481
v 2.407838 11.689310 2.034217
v 2.756967 11.193549 1.887888
v 2.527889 11.013720 2.429682
v 2.901340 10.999422 1.856509
v 2.829839 10.851745 2.394954
v 2.512850 10.530077 2.970767
v 2.469360 10.361061 3.799907
v 3.165500 10.425506 2.171300
v 2.883509 10.469036 2.943999
v 2.569489 10.023967 3.573673
v 2.223889 10.054176 4.632759
v 2.544470 9.770035 4.418305
v 1.720669 9.592270 5.017690
v 2.167549 9.463870 5.001077
v 2.549245 9.369488 4.051683
v 1.670278 8.985607 5.127488
v 2.416929 9.125140 4.502055
v 2.096998 8.840347 4.982771
v 1.321229 8.928554 4.833350
v 1.574520 8.354105 5.084776
v 1.209308 9.191716 5.506643
v 1.143919 8.496927 5.590299
v 1.320980 8.327175 4.925496
v 1.500448 7.694348 5.034106
v 0.714237 7.876106 5.943249
v 1.167769 7.783340 5.599838
v 1.292648 7.695612 4.867502
v 0.702418 7.220638 5.917469
v 1.128049 7.208670 5.459289
v 1.237020 7.244987 4.793129
v 0.680478 6.600296 5.757327
v 1.088879 6.670662 5.173735
v 1.181488 6.852363 4.578198
v 0.620120 6.058669 5.353466
v 0.191856 6.116926 5.220979
v 0.963355 6.160361 4.969853
v -0.000001 6.151019 4.938855
v 0.524016 5.846034 4.973433
v 0.235480 5.860524 4.938646
v 0.487799 5.797811 4.850251
v 0.279531 5.824926 4.826873
v 0.747890 5.875843 4.806853
v 0.669028 5.793088 4.733640
v 0.826975 5.938360 4.563505
v 0.763221 5.861187 4.521665
v 0.097992 5.954396 4.689259
v 0.163447 5.903407 4.627609
v 0.142100 6.009345 4.403628
v 0.247799 5.985716 4.452898
v -0.000001 6.070518 4.380871
v 0.390349 6.148129 4.126467
v 0.402010 6.045674 4.236397
v 0.423349 6.015032 4.315679
v 0.630361 5.942142 4.304280
v 0.691260 6.005740 4.233301
v 5.404460 7.314703 -0.822344
v 5.428870 7.570096 0.695035
v 5.736489 7.331614 0.962871
v 5.253787 7.583533 0.439954
v 5.195824 7.443792 -0.088415
v 5.404891 7.059628 0.347012
v 5.605476 7.098659 0.639266
v 5.815279 6.659738 1.161729
v 5.286020 6.934274 -0.052603
v 5.611724 6.498225 0.332469
v 5.708701 6.323849 0.778782
v 5.656682 6.193200 1.539754
v 5.354955 6.698158 -0.696085
v 5.526659 6.521980 -0.099168
v 5.542306 7.146701 -1.482332
v 5.447082 7.501479 -2.372654
v 5.509490 6.424090 -1.321103
v 5.456022 6.383958 -0.686480
v 5.222037 7.657957 -3.422516
v 5.668392 6.875036 -2.299628
v 5.536592 7.197772 -3.287344
v 5.170679 7.425325 -4.363311
v 5.523790 6.895645 -4.222196
v 5.710175 6.632499 -3.111994
v 5.620894 6.128530 -2.105613
v 5.698287 6.263418 -4.013395
v 5.484699 6.080125 -1.308952
v 5.697094 5.874593 -2.900725
v 5.602632 5.670668 -1.990865
v 5.453204 6.538148 -5.014682
v 5.406036 6.193473 -5.655464
v 5.714570 5.764266 -4.796087
v 5.609566 5.365632 -5.350443
v 5.746573 5.595257 -3.782222
v 5.650968 5.201537 -4.604229
v 5.654067 5.327459 -2.758476
v 1.131297 6.224598 -11.356684
v 1.771832 5.594083 -11.341624
v 2.095144 5.043664 -11.084826
v 1.561296 5.491914 -11.111324
v 1.952924 4.988744 -10.758617
v 2.197661 4.627903 -10.459122
v 1.132438 5.380831 -11.191920
v 1.539356 4.994377 -11.010981
v 1.794154 4.683117 -10.864357
v 1.307974 4.953449 -11.044432
v 2.031052 4.251057 -10.620464
v 1.605531 4.642502 -10.855894
v 1.824697 4.128713 -10.580173
v 2.285382 3.890841 -10.205517
v 2.489720 4.319695 -9.917522
v 2.523072 3.754391 -9.676510
v 2.019977 3.813511 -10.086084
v 2.616150 3.616431 -8.915228
v 2.288087 3.717474 -9.526920
v 2.428798 3.788230 -8.754628
v 2.760321 3.587738 -8.165453
v 2.176855 3.901740 -9.316802
v 2.065504 4.027849 -9.630662
v 2.019977 3.813511 -10.086084
v 2.090025 4.041310 -9.080362
v 1.906731 4.251439 -9.386181
v 1.839754 3.952885 -9.512909
v 2.330037 3.979200 -8.653280
v 1.972009 3.833504 -9.680950
v 2.664207 3.861451 -8.100054
v 1.976398 4.058746 -8.371799
v 2.918283 3.747737 -7.576557
v 2.984069 3.518148 -7.576402
v 2.429079 3.949924 -7.835105
v 2.814448 3.730419 -7.394989
v 2.405844 3.505830 -7.878263
v 2.794865 3.499142 -7.335124
v 2.027025 3.492485 -8.334611
v 1.644334 3.477599 -8.784525
v 1.635032 4.030369 -8.879655
v 1.062763 3.556029 -9.265926
v 1.085831 4.104523 -9.402897
v 1.627692 4.342832 -9.300658
v 0.493064 3.490022 -9.535624
v 1.561830 4.037950 -9.492956
v 1.131455 4.242191 -9.865643
v 1.564649 3.775002 -9.621700
v 1.705990 3.721614 -9.602392
v 1.253860 3.902478 -9.748928
v 1.810567 3.617603 -9.719663
v 1.486834 3.760499 -9.676067
v 1.395731 3.661445 -9.789186
v 1.391530 3.575238 -9.877619
v 1.249166 3.678653 -10.125689
v 1.616325 3.472929 -9.973207
v 1.969670 3.663297 -10.015718
v 1.784799 3.520560 -9.883354
v 2.065504 4.027849 -9.630662
v 1.847654 3.597635 -10.238403
v 1.522163 3.598633 -10.299917
v 1.421706 4.031525 -10.687775
v 1.091236 3.996619 -10.418556
v 1.300906 4.467209 -10.941662
v 0.995064 4.401215 -10.699364
v 0.930568 4.414948 -10.406183
v 0.903258 4.745718 -10.917284
v 1.141516 4.823573 -11.099762
v 0.851950 4.373090 -10.102058
v 0.619990 4.730544 -10.644018
v 0.435228 4.014513 -9.841702
v 0.000001 3.481411 -9.703004
v 0.418601 4.346311 -10.315490
v 0.000001 3.944925 -10.028742
v -0.435246 4.014688 -9.842154
v -0.493069 3.490069 -9.535779
v -0.418637 4.346700 -10.316438
v -1.085915 4.104850 -9.403656
v -1.062804 3.556162 -9.266280
v -0.852034 4.373521 -10.103106
v -1.635099 4.030549 -8.880027
v -1.644240 3.477409 -8.784039
v -2.026658 3.491855 -8.333104
v -0.619967 4.730378 -10.643679
v 0.711354 6.093904 4.062113
v 0.889822 6.151807 4.105052
v 0.978095 6.171855 4.292404
v 1.028329 6.247789 4.605988
v 1.129370 6.509969 4.242908
v 1.084760 6.436312 3.778061
v 1.416608 6.722398 4.695865
v 1.237020 7.244987 4.793129
v 1.257000 6.212062 3.940939
v 1.467738 7.196195 4.956512
v 1.292648 7.695612 4.867502
v 1.322839 6.319984 4.259083
v 1.179080 6.242382 3.632955
v 1.022680 6.490659 3.485208
v 1.320980 8.327175 4.925496
v 1.838040 7.140436 4.964626
v 1.715198 6.657117 4.621092
v 1.617959 6.281629 4.221931
v 1.933110 7.663010 5.049268
v 1.498340 6.112791 3.916465
v 1.914009 6.718258 4.396357
v 1.321219 6.129520 3.683007
v 1.278430 6.187315 3.582984
v 1.475549 6.103556 3.723722
v 1.271579 6.232125 3.450019
v 1.606499 6.200393 3.615888
v 1.149070 6.327200 3.425704
v 1.205799 6.453805 3.150706
v 1.275410 6.337063 3.254398
v 1.355120 6.279566 3.309231
v 1.466009 6.456983 3.125007
v 1.469799 6.317302 3.275373
v 1.482770 6.373550 3.211824
v 1.701779 6.506123 3.282538
v 1.686529 6.404058 3.414699
v 1.608079 6.304305 3.441201
v 1.884669 6.596538 3.440145
v 1.737459 6.348706 3.668920
v 1.958088 6.665746 3.773321
v 1.810639 6.422212 4.051966
v 2.052459 6.810701 4.025851
v 2.159279 7.194196 4.281010
v 2.073208 7.160684 4.644437
v 2.254239 7.521684 4.419332
v 2.186398 7.585606 4.685294
v 2.371028 7.988314 4.443337
v 2.293640 8.091976 4.677595
v 2.014019 8.263268 5.032214
v 2.364498 8.629983 4.588990
v 2.461780 8.513511 4.343752
v 2.557475 8.984118 4.224072
v 2.856356 8.881071 4.445975
v 2.750845 8.396396 4.577368
v 2.651963 7.916235 4.665586
v 3.049016 9.436649 4.286673
v 2.997301 10.048679 3.625049
v 3.323742 10.170221 2.876853
v 3.527933 9.843225 3.544409
v 3.459531 9.248730 4.171129
v 3.299688 8.720964 4.378060
v 3.903701 9.451276 3.366793
v 3.875557 9.748551 2.768121
v 3.788029 8.980893 3.909606
v 3.225673 8.248405 4.512702
v 3.621760 8.534798 4.042337
v 3.796436 8.710165 3.435542
v 3.419932 8.065276 4.092268
v 3.076499 7.798808 4.574803
v 2.953385 7.354021 4.672658
v 3.536188 8.376244 3.446144
v 3.309289 7.999789 3.421528
v 3.273120 7.665174 4.081944
v 3.196514 7.258830 4.145796
v 3.200679 7.611571 3.498456
v 3.077641 7.261048 3.532275
v 3.148076 7.637262 3.115287
v 3.392347 8.328811 3.048444
v 3.262960 7.947681 3.119548
v 3.578479 8.572495 3.021858
v 3.597326 8.370919 2.733533
v 3.323412 7.609342 2.755259
v 2.997047 7.225430 3.122418
v 3.721150 8.692691 2.858985
v 3.962908 9.050864 3.212520
v 3.732911 8.421429 2.706021
v 3.579063 7.891502 2.904628
v 3.796512 7.086915 2.921228
v 3.850615 8.850574 2.524596
v 4.029430 8.634090 2.129311
v 4.099407 9.381082 2.717357
v 4.034231 9.044590 2.074057
v 4.249572 9.674415 2.111861
v 3.767481 10.102551 2.146848
v 4.333825 9.262461 1.570687
v 4.411269 9.816943 1.594295
v 3.829508 10.347151 1.450789
v 4.573626 9.950377 0.741717
v 3.579063 7.891502 2.904628
v 3.911549 7.943622 3.136358
v 3.976421 8.372124 2.855942
v 3.732911 8.421429 2.706021
v 4.025062 7.348485 3.199647
v 3.796512 7.086915 2.921228
v 4.304309 8.169134 3.377150
v 4.349978 7.598669 3.464416
v 4.534966 6.461120 3.051588
v 4.300677 6.187498 2.658814
v 5.287417 5.928409 2.709563
v 5.022215 5.686629 2.303997
v 5.500700 6.213260 3.040228
v 4.818583 6.748836 3.398470
v 5.790032 6.557236 3.475911
v 5.124501 7.059413 3.793036
v 6.119266 6.974990 4.013795
v 4.713605 7.881136 3.768040
v 5.473903 7.413091 4.203407
v 6.387465 7.363524 4.458363
v 5.841111 7.805362 4.612952
v 6.705499 7.766566 4.933927
v 5.113935 8.176704 4.067495
v 4.695292 8.316107 3.594739
v 6.207379 8.184030 5.055045
v 7.041211 8.175482 5.505964
v 5.574005 8.475417 4.424575
v 5.135194 8.516478 3.856513
v 6.538316 8.561558 5.550042
v 7.399884 8.564690 6.221788
v 5.955894 8.804575 4.831709
v 5.621325 8.886294 4.200008
v 5.280736 8.836040 3.599636
v 4.831715 8.704424 3.177942
v 5.955741 9.091384 3.696115
v 4.485919 8.633624 2.917503
v 5.598007 8.934940 3.217871
v 5.207965 8.845520 2.707522
v 4.259732 8.665921 2.453099
v 4.029430 8.634090 2.129311
v 4.923460 8.790097 2.342736
v 4.599000 8.740294 1.969948
v 4.372153 8.668139 1.653633
v 5.069307 8.493743 1.546326
v 4.747591 8.391115 1.111744
v 5.300066 8.144140 0.835314
v 5.347970 8.595030 2.015497
v 5.550002 8.114704 1.278655
v 5.736489 7.331614 0.962871
v 5.818759 8.212827 1.834281
v 5.596941 8.657480 2.437021
v 6.001410 8.367107 2.333145
v 5.911139 8.816730 2.999892
v 6.227979 8.656813 2.916705
v 6.460820 8.972629 3.452905
v 6.488760 8.329563 2.897951
v 6.756731 8.613079 3.421379
v 6.242939 8.035130 2.359020
v 6.673851 7.956089 3.020842
v 6.075503 7.793837 1.872436
v 6.758356 9.288021 3.960739
v 6.406718 7.611475 2.451591
v 5.872684 7.543450 1.358363
v 6.248909 7.320887 1.989657
v 6.033948 6.982189 1.531978
v 5.815279 6.659738 1.161729
v 6.356299 7.119413 2.751858
v 5.927598 6.505586 1.898642
v 6.630314 7.514164 3.322091
v 6.123179 6.813418 2.328110
v 5.656682 6.193200 1.539754
v 6.132449 6.746554 3.144279
v 5.831256 6.407167 2.687065
v -5.118762 8.977869 0.143924
v -5.219498 8.544710 -0.384721
v -5.113224 8.588912 0.289614
v -5.162907 8.217159 -0.258518
v -5.042282 8.267816 0.469394
v -4.960164 9.032887 0.816448
v -4.702151 9.313081 0.723281
v -4.898087 8.719681 0.972345
v -4.747591 8.391115 1.111743
v -4.570528 8.807917 1.394170
v -4.605478 9.091359 1.342871
v -4.372154 8.668139 1.653632
v -4.333826 9.262461 1.570686
v -4.411271 9.816943 1.594294
v -4.034233 9.044590 2.074056
v -4.029432 8.634090 2.129310
v -4.249574 9.674415 2.111860
v -3.767482 10.102551 2.146847
v -3.850616 8.850574 2.524595
v -3.732913 8.421429 2.706020
v -4.099409 9.381082 2.717356
v -3.875559 9.748551 2.768120
v -3.323744 10.170221 2.876852
v -3.903702 9.451276 3.366792
v -2.997303 10.048679 3.625048
v -3.527934 9.843225 3.544408
v -3.049017 9.436649 4.286672
v -2.856358 8.881071 4.445974
v -3.459532 9.248730 4.171128
v -3.788031 8.980893 3.909605
v -2.461782 8.513511 4.343751
v -3.299690 8.720988 4.378050
v -2.750847 8.396396 4.577367
v -2.293642 8.091976 4.677594
v -2.371030 7.988314 4.443336
v -1.933111 7.663010 5.049267
v -2.186400 7.585606 4.685293
v -1.838042 7.140436 4.964625
v -1.292650 7.695612 4.867502
v -1.320982 8.327175 4.925496
v -1.467740 7.196195 4.956512
v -1.237022 7.244987 4.793129
v -1.416610 6.722398 4.695865
v -2.073210 7.160684 4.644436
v -1.715200 6.657117 4.621091
v -2.254241 7.521684 4.419331
v -2.159281 7.194196 4.281009
v -1.914011 6.718258 4.396356
v -2.052461 6.810701 4.025850
v -1.322841 6.319984 4.259083
v -1.617961 6.281629 4.221931
v -1.810640 6.422212 4.051965
v -1.958090 6.665746 3.773320
v -1.498342 6.112791 3.916465
v -1.737460 6.348706 3.668919
v -1.884671 6.596538 3.440144
v -1.129371 6.509969 4.242908
v -1.686530 6.404058 3.414698
v -1.701781 6.506123 3.282537
v -1.608080 6.304305 3.441201
v -1.606500 6.200393 3.615888
v -1.469800 6.317302 3.275373
v -1.475550 6.103556 3.723722
v -1.321220 6.129520 3.683007
v -1.482772 6.373550 3.211824
v -1.466010 6.456983 3.125007
v -1.275411 6.337063 3.254398
v -1.355121 6.279566 3.309231
v -1.205800 6.453805 3.150706
v -1.271581 6.232125 3.450019
v -1.149071 6.327200 3.425704
v -1.022681 6.490659 3.485208
v -1.179082 6.242382 3.632955
v -1.278431 6.187315 3.582984
v -1.084761 6.436312 3.778061
v -1.257001 6.212062 3.940939
v -0.889824 6.151807 4.105052
v -0.978097 6.171855 4.292404
v -1.028330 6.247789 4.605988
v -0.691262 6.005740 4.233301
v -0.711356 6.093904 4.062113
v -0.826977 5.938360 4.563505
v -0.963357 6.160361 4.969853
v -0.390351 6.148129 4.126467
v -0.524018 5.846034 4.973433
v -0.763223 5.861187 4.521665
v -0.669029 5.793088 4.733640
v -0.630363 5.942142 4.304280
v -0.747891 5.875843 4.806853
v -0.487800 5.797811 4.850251
v -0.402012 6.045674 4.236397
v -0.423350 6.015032 4.315679
v -0.247801 5.985716 4.452898
v -0.235482 5.860524 4.938646
v -0.279533 5.824926 4.826873
v -0.142102 6.009345 4.403628
v -0.163449 5.903407 4.627609
v -0.097994 5.954396 4.689259
v -7.257186 -1.561184 -8.940185
v -6.732041 -1.675097 -8.878124
v -6.296278 -1.576416 -8.441154
v -7.350912 -1.926124 -8.709059
v -6.822135 -2.045094 -8.676011
v -6.402476 -1.939022 -8.252201
v -6.931660 -2.520723 -8.297215
v -6.521832 -2.397199 -7.980654
v -6.603974 -2.729734 -7.792228
v -7.549236 -2.366672 -8.364515
v -7.013422 -2.825061 -8.025644
v -6.771259 -2.857394 -7.575822
v -7.553401 -2.713897 -7.964516
v -7.877937 -1.659759 -8.523127
v -7.099351 -3.070474 -7.659444
v -7.142048 -3.014642 -7.346097
v -6.955613 -2.754233 -7.288558
v -7.548474 -2.938212 -7.621078
v -7.522363 -2.918713 -7.248027
v -8.022539 -2.502799 -7.767085
v -7.963154 -2.702569 -7.433868
v -7.762113 -2.776688 -7.145702
v -8.171638 -2.619107 -7.131176
v -7.929804 -2.660061 -6.816640
v -8.228001 -2.582860 -6.953624
v -8.067777 -2.599343 -6.754266
v -8.403692 -2.351584 -7.094012
v -8.423098 -2.389382 -7.004752
v -8.306257 -2.368782 -7.368814
v -8.502905 -2.191889 -6.914662
v -8.249590 -2.074911 -7.401736
v -8.484312 -2.039364 -7.012869
v -8.482533 -2.016601 -6.715269
v -8.140929 -1.802296 -7.620600
v -8.180375 -1.821462 -6.957895
v -8.436737 -1.906849 -6.796421
v -8.387132 -2.054201 -6.527608
v -8.022489 -1.853410 -6.612884
v -8.243773 -1.911114 -6.493900
v -8.166684 -2.076622 -6.433908
v -8.280147 -2.216879 -6.444196
v -8.015606 -2.403860 -6.435803
v -8.120330 -2.442861 -6.530863
v -7.901255 -2.314836 -6.324028
v -8.090306 -2.035222 -6.310365
v -7.875956 -1.966398 -6.092053
v -7.747737 -2.278046 -6.086368
v -7.631684 -2.171968 -5.909103
v -7.768844 -1.662985 -6.281914
v -7.741666 -1.902145 -5.902564
v -7.583628 -2.065526 -5.721432
v -7.672959 -1.875525 -5.756008
v -7.583628 -1.599791 -5.754826
v -7.653529 -1.505792 -5.907751
v -7.328637 -1.429130 -5.704745
v -7.213651 -1.336571 -5.916876
v -7.081545 -1.587066 -5.660036
v -7.574915 -1.387139 -6.144029
v -7.624141 -1.451468 -6.530913
v -6.976187 -1.466881 -5.851578
v -7.172325 -1.298864 -6.156649
v -7.012940 -1.867667 -5.646410
v -7.131584 -1.265972 -6.390655
v -6.865798 -1.470510 -6.069646
v -6.873494 -1.963878 -5.884559
v -7.051497 -2.185933 -5.850936
v -7.145046 -2.059433 -5.667193
v -6.757188 -1.775075 -6.008885
v -6.755333 -2.071206 -6.077454
v -6.961454 -2.322716 -6.386302
v -6.666636 -1.862185 -6.122214
v -6.451041 -2.327794 -6.478720
v -6.795719 -2.461612 -6.548637
v -6.699759 -2.598328 -6.780472
v -6.692545 -1.496204 -6.390079
v -6.293028 -2.054740 -6.523265
v -6.104306 -2.260830 -6.912214
v -6.248528 -1.768703 -6.705810
v -6.625514 -1.089012 -6.754246
v -6.286094 -2.551373 -6.809768
v -6.423635 -2.715503 -7.295506
v -6.731381 -2.658713 -7.115788
v -6.771259 -2.857394 -7.575822
v -6.955613 -2.754233 -7.288558
v -6.603974 -2.729734 -7.792228
v -6.291453 -2.527945 -7.448146
v -6.521832 -2.397199 -7.980654
v -6.208497 -2.225681 -7.591385
v -6.402476 -1.939022 -8.252201
v -6.081624 -1.965922 -7.095195
v -6.225921 -1.346419 -7.025437
v -7.004863 2.009145 -8.352522
v -6.511417 1.821979 -8.169234
v -6.438342 2.267477 -8.304981
v -6.024397 1.965586 -8.291777
v -6.739230 2.531575 -8.557059
v -6.004560 1.603638 -8.151164
v -5.604561 1.696887 -8.586686
v -7.335114 2.117169 -8.778310
v -6.886626 2.714989 -8.999201
v -5.629173 1.372271 -8.460529
v -7.327951 2.287955 -9.306616
v -7.028460 2.707218 -9.526589
v -5.424805 1.192910 -8.987008
v -7.266838 2.145610 -9.925707
v -7.266203 2.107171 -9.374293
v -7.037933 2.474226 -10.032106
v -7.360412 2.578890 -10.158002
v -7.182408 2.487360 -10.219391
v -7.197903 2.379025 -10.671220
v -7.211289 2.494547 -10.745180
v -6.977532 2.255876 -10.445017
v -6.888734 2.320051 -10.945435
v -7.089267 1.919868 -9.742857
v -7.101129 1.954569 -10.384130
v -6.936765 1.727077 -10.179483
v -6.954164 2.006530 -10.710011
v -6.867499 1.727178 -10.740913
v -6.947052 2.117780 -10.877720
v -6.851370 1.857604 -10.856250
v -6.611264 1.879411 -10.909142
v -6.353378 1.642087 -10.781630
v -3.318383 3.846432 -6.976034
v -3.392602 3.558743 -6.978123
v -2.983992 3.518067 -7.576262
v -2.918028 3.747420 -7.575912
v -3.873170 3.750996 -6.697161
v -2.814167 3.730044 -7.394213
v -3.693795 3.880375 -6.502863
v -3.227146 3.733164 -6.882168
v -2.794508 3.498702 -7.334239
v -3.166415 3.443991 -6.767994
v -4.106520 4.057271 -5.947170
v -3.589503 3.780114 -6.388585
v -3.510229 3.400141 -6.218503
v -3.918763 3.885462 -5.785211
v -3.913962 3.374456 -5.582945
v -4.335628 3.897567 -5.307432
v -4.546321 4.380311 -5.524758
v -4.242003 3.358727 -5.150300
v -4.839361 4.133588 -4.878258
v -4.725518 3.666420 -4.890760
v -4.731868 3.265200 -4.695397
v -5.018532 3.718878 -4.691391
v -5.077511 3.486182 -4.572523
v -5.212538 3.789616 -4.380497
v -5.218863 4.224546 -4.219079
v -5.022140 3.266580 -4.454405
v -4.749496 3.135980 -4.445544
v -4.791888 3.105741 -4.354588
v -5.033696 3.182717 -4.360830
v -5.207102 3.377707 -4.217046
v -5.186528 3.250347 -4.149833
v -5.252872 3.584570 -4.311788
v -5.251374 3.854358 -4.100025
v -5.296485 3.616637 -4.004868
v -5.227523 3.387558 -3.923728
v -3.533319 3.352540 0.510373
v -3.357500 3.721182 0.684363
v -3.633674 3.551462 0.941797
v -3.678709 4.773061 1.253815
v -3.296260 4.237929 0.751663
v -3.360040 4.890572 0.840272
v -3.746882 5.276953 1.193119
v -4.113481 5.103246 1.616152
v -3.461691 5.481014 0.925053
v -3.408326 5.760675 1.394636
v -3.315641 5.364148 1.170296
v -3.349118 5.421417 1.482580
v -3.560522 5.990916 1.368338
v -3.868320 5.851263 1.878283
v -4.732326 5.305857 1.732005
v -4.851757 5.401392 2.020633
v -4.108959 6.015325 2.299434
v -5.022216 5.686629 2.303996
v -4.300678 6.187498 2.658813
v -5.392752 5.826237 1.936281
v -5.250130 5.688558 1.615615
v -5.656683 6.193199 1.539753
v -4.997324 5.546358 1.327933
v -4.906062 5.029522 1.092756
v -4.977538 5.450400 0.603568
v -5.476165 5.961715 1.260281
v -5.283481 5.835441 0.963016
v -5.708702 6.323849 0.778780
v -5.125823 5.795310 0.472215
v -4.958869 5.746806 -0.021085
v -5.209567 6.188637 -0.086906
v -5.322190 6.083756 0.666071
v -5.815280 6.659738 1.161727
v -5.222445 6.207796 0.310695
v -5.526660 6.521980 -0.099169
v -5.611725 6.498224 0.332468
v -5.605477 7.098659 0.639265
v -5.736490 7.331613 0.962869
v -5.286021 6.934274 -0.052604
v -5.354956 6.698158 -0.696086
v -5.404892 7.059628 0.347010
v -5.428871 7.570096 0.695033
v -5.300066 8.144140 0.835312
v -5.404461 7.314703 -0.822346
v -5.195825 7.443792 -0.088417
v -5.253788 7.583533 0.439952
v -5.202048 8.087944 0.448366
v -5.227880 8.020212 -0.207460
v -5.282109 7.883887 -0.936971
v -5.330445 7.745812 -1.672193
v -5.161333 8.153627 -0.987949
v -5.161510 8.060259 -1.788180
v -5.182591 7.898911 -2.482101
v -5.048606 8.375022 -1.885078
v -4.949039 8.335870 -2.543129
v -5.156456 8.462329 -1.133722
v -4.903344 8.812711 -2.081248
v -4.775582 8.741454 -2.643274
v -5.028846 9.012650 -1.388844
v -5.183379 9.031903 -0.522774
v -4.770756 9.226263 -2.125316
v -4.654450 9.632625 -1.497677
v -4.777030 9.567450 -0.707515
v -4.802430 9.395005 0.057989
v -5.884367 4.447008 -7.674242
v -5.209464 4.396602 -7.560100
v -5.266081 5.130165 -7.374905
v -5.107508 3.890556 -7.671101
v -5.318354 4.461251 -7.124034
v -5.310835 5.459825 -6.788886
v -5.268799 5.036396 -7.055668
v -5.417617 4.793105 -6.540335
v -5.468823 5.090424 -5.979154
v -5.609387 5.365470 -5.350298
v -5.380812 4.976364 -5.958663
v -5.313553 4.681182 -6.533239
v -5.213071 4.375998 -7.033268
v -5.218938 4.849239 -5.964986
v -5.454193 4.974848 -5.250057
v -4.895622 4.828993 -6.526857
v -4.904689 4.609694 -7.089175
v -4.641088 4.329032 -7.645170
v -4.640301 4.792602 -7.147362
v -4.895622 4.828993 -6.526857
v -4.409033 4.664428 -7.628752
v -4.070807 4.494251 -8.044657
v -4.070807 4.494251 -8.044657
v -4.340073 3.990593 -8.054819
v -4.987747 3.856691 -7.554266
v -4.550334 3.206350 -8.064673
v -4.409033 4.664428 -7.628752
v -4.160571 3.941137 -7.876193
v -4.494911 4.009093 -7.481731
v -4.640301 4.792602 -7.147362
v -4.677741 4.142183 -6.976767
v -4.867377 4.206247 -6.360563
v -5.139995 4.556805 -5.914514
v -4.886833 4.240870 -5.662605
v -4.538116 3.851900 -6.069553
v -5.220005 4.484788 -5.110482
v -5.554777 4.717712 -4.437762
v -5.057369 4.439774 -5.050306
v -5.376038 4.607516 -4.374539
v -5.576622 4.842108 -3.552454
v -5.651500 5.202021 -4.604663
v -5.679720 4.996854 -3.586662
v -5.715153 5.764840 -4.796571
v -5.746497 5.595171 -3.782165
v -5.654067 5.327459 -2.758477
v -5.405857 6.193274 -5.655277
v -5.453762 6.538796 -5.015184
v -5.698287 6.263417 -4.013397
v -5.523790 6.895645 -4.222197
v -5.697069 5.874570 -2.900715
v -5.710175 6.632499 -3.111996
v -5.603012 5.671051 -1.991001
v -5.170679 7.425325 -4.363312
v -5.620894 6.128529 -2.105615
v -4.738193 7.926292 -4.516086
v -4.828413 8.121810 -3.533267
v -4.582948 8.593527 -3.624300
v -5.221860 7.657725 -3.422414
v -5.536592 7.197772 -3.287345
v -5.447082 7.501479 -2.372656
v -5.668392 6.875035 -2.299629
v -5.542306 7.146701 -1.482334
v -5.509490 6.424090 -1.321105
v -5.484699 6.080125 -1.308954
v -5.456023 6.383958 -0.686481
v -5.222775 5.802177 -1.238328
v -5.226101 6.068301 -0.631370
v -4.963644 5.578687 -0.611153
v -5.407940 5.425114 -1.964240
v -5.225644 5.448440 -1.183715
v -5.501895 5.135423 -2.640807
v -5.431410 4.946859 -1.860502
v -5.292650 4.775083 -2.542360
v -5.217592 4.983931 -1.225974
v -4.944797 4.985157 -0.822670
v -5.129709 4.550503 -1.276543
v -5.505044 4.533841 -1.793567
v -5.544541 4.397351 -3.436023
v -4.809897 5.019861 -0.400743
v -4.865371 4.523521 -0.707030
v -4.922292 4.222159 -0.760299
v -5.520132 4.204252 -2.920671
v -4.839437 4.705853 -0.378687
v -4.802912 4.301554 -0.198910
v -4.787901 4.639131 -0.073372
v -4.778503 5.301299 -0.318383
v -4.754246 5.062579 -0.012840
v -4.946448 4.591980 0.371957
v -4.807281 3.936724 -0.348933
v -4.743908 5.352546 0.010248
v -4.889832 5.066262 0.531085
v -4.992803 4.090393 0.209594
v -4.939387 4.513904 0.911393
v -4.972559 3.946125 0.703735
v -4.603269 3.885844 1.191876
v -4.758996 3.438360 0.467244
v -4.667099 4.461076 1.362378
v -4.491407 3.367579 0.891972
v -4.119551 3.983744 1.364602
v -4.085312 3.405795 1.026835
v -4.699281 4.995628 1.536502
v -4.034385 3.128888 0.653440
v -4.126460 4.598619 1.509479
v -3.634893 4.099171 1.193101
v -5.132426 3.271234 -3.907351
v -5.324145 3.957318 -3.739285
v -4.983531 3.292242 -3.719647
v -4.944034 3.235678 -3.785901
v -5.265497 3.492083 -3.578445
v -5.058156 3.351775 -3.520083
v -5.327498 3.683206 -3.643332
v -5.106925 3.303852 -3.347432
v -5.544364 4.054127 -3.335638
v -5.551933 3.774622 -3.247545
v -5.522977 3.478910 -3.169489
v -5.156607 3.262723 -3.171717
v -5.154702 3.175536 -3.058721
v -5.369230 3.240898 -2.982024
v -5.420895 3.343605 -3.069246
v -5.616322 3.562342 -2.830304
v -5.565802 3.863664 -2.879736
v -5.553152 3.385778 -2.798584
v -5.470602 3.282876 -2.777666
v -5.519675 3.537112 -2.510681
v -5.421301 3.953381 -2.584357
v -5.480762 3.400384 -2.540272
v -5.377181 3.272120 -2.564595
v -5.254575 3.303560 -2.397405
v -5.193768 3.258334 -2.465388
v -4.942028 3.248092 -2.481461
v -4.988383 3.187203 -2.568635
v -4.896994 3.320668 -2.230789
v -5.370069 3.404135 -2.220563
v -5.482718 3.651500 -2.290425
v -5.178349 3.309406 -2.030270
v -4.882567 3.276616 -1.945045
v -4.922597 3.219976 -1.850920
v -5.207788 3.248219 -1.931768
v -5.427549 3.349236 -1.875325
v -5.325974 3.272235 -1.827268
v -5.590642 3.541352 -1.974985
v -5.456149 3.400197 -1.625535
v -5.352518 3.322357 -1.613078
v -5.586807 3.625473 -1.645617
v -5.568722 3.791225 -2.041423
v -5.302200 3.397022 -1.404461
v -5.229226 3.302361 -1.472422
v -5.335169 3.578025 -1.337747
v -5.094860 3.355463 -1.318742
v -5.047438 3.272146 -1.417509
v -4.829963 3.314265 -1.423078
v -4.885589 3.234985 -1.502816
v -4.801490 3.389230 -1.138686
v -4.475049 3.468970 -1.295792
v -5.012919 3.488268 -1.162587
v -4.686021 3.614802 -0.880347
v -4.403471 3.554020 -0.848354
v -4.860850 3.763467 -1.038438
v -5.238598 3.882803 -1.303046
v -4.509390 3.840205 -0.637974
v -4.272967 3.733768 -0.442890
v -4.821937 3.963507 -0.927198
v -5.167047 4.176941 -1.288240
v -5.585461 3.867880 -1.687862
v -5.581549 4.175133 -1.735850
v -5.551019 4.064260 -2.096145
v -5.444109 3.971655 -2.336211
v -5.318685 4.351992 -2.422513
v -4.878731 3.985005 -0.864584
v -4.684523 3.759515 -0.519773
v -4.546271 3.554620 -0.330547
v -4.272967 3.733768 -0.442890
v -4.146627 3.398597 -0.208506
v -4.788307 3.630031 -0.006935
v -4.502532 3.290507 0.024915
v -4.341166 3.316325 -0.132450
v -4.044569 3.211907 -0.098219
v -4.180714 3.089595 0.048396
v -4.437711 3.165843 0.223173
v -4.151605 3.020733 0.259758
v -4.289146 3.095514 0.472447
v -3.994303 3.030520 0.437730
v -3.736315 3.126031 0.460446
v -3.774060 3.218082 0.681102
v -3.606420 3.234584 0.320956
v 3.044800 6.061969 1.722866
v 2.690901 5.977758 1.716268
v 3.033979 5.762718 1.617764
v 3.408325 5.760675 1.394637
v 3.349117 5.421417 1.482581
v 3.060827 5.429425 1.653672
v 2.667762 5.668731 1.491124
v 2.715006 5.363829 1.487814
v 2.425298 5.813394 1.732399
v 2.445240 5.865900 2.094108
v 2.399589 5.505629 1.456379
v 2.410480 5.238259 1.376269
v 2.240239 5.505583 2.072891
v 2.142088 5.470236 2.451916
v 2.230110 5.543280 1.736636
v 2.127069 5.234280 1.566092
v 2.069279 5.046601 1.378814
v 2.088759 5.204384 1.744487
v 1.830819 4.896392 1.585624
v 2.060359 5.141303 2.032284
v 1.802709 4.717797 1.911572
v 2.045459 5.042204 2.366786
v 1.751759 4.352573 2.207262
v 2.320810 5.318465 2.844938
v 2.175469 4.810857 2.753937
v 1.770768 3.981726 2.737188
v 1.562498 4.025911 2.460100
v 1.522369 3.768637 2.861245
v 1.636860 3.749920 3.017375
v 1.917768 3.994132 3.078537
v 1.672409 3.764577 3.273972
v 2.342769 4.643011 3.305181
v 1.886011 3.967930 3.346537
v 1.539870 3.812475 3.449654
v 1.706689 3.955316 3.655520
v 1.372938 3.872724 3.424230
v 2.301928 4.548610 3.780029
v 2.569997 5.134371 3.404746
v 2.463388 5.889548 2.921723
v 2.771902 5.707172 3.532617
v 2.930245 6.196770 3.599207
v 2.534549 5.137798 3.992105
v 2.026610 4.600945 4.181603
v 1.633059 4.761326 4.133790
v 2.727350 5.713284 4.178715
v 2.240338 5.204801 4.452656
v 2.919044 6.192038 4.216515
v 3.065957 6.748477 4.188998
v 2.484658 5.803893 4.617582
v 2.690444 6.322986 4.756388
v 2.845536 6.853741 4.803229
v 1.845680 5.391212 4.437601
v 2.051570 5.976979 4.678889
v 2.228189 6.596292 4.817738
v 1.877199 6.157268 4.008009
v 2.052459 6.810701 4.025851
v 1.627289 5.573318 3.915700
v 2.159279 7.194196 4.281010
v 1.401409 4.910762 3.766734
v 2.378870 7.026128 4.795526
v 1.394630 4.108612 3.660461
v 1.230449 4.237522 3.470617
v 1.280790 3.911345 3.237830
v 2.536240 7.481002 4.716238
v -3.539947 2.795572 -4.427744
v -3.489604 2.791091 -4.477869
v -3.435706 2.696355 -4.388335
v -3.408629 2.711536 -4.408938
v -3.447364 2.696054 -4.362687
v -3.579597 2.992921 -4.496428
v -3.558210 3.012680 -4.421135
v -3.525164 2.972276 -4.561638
v -3.534029 3.162492 -4.458405
v -3.562223 3.139069 -4.549243
v -3.487064 3.156472 -4.405747
v -3.510229 3.115923 -4.615864
v -3.434715 2.807701 -4.491850
v -3.445764 2.966623 -4.577650
v -3.396793 3.106983 -4.627973
v -3.382823 2.843296 -4.469208
v -3.369996 2.978773 -4.534154
v -3.329483 3.103027 -4.572390
v -3.333090 3.095654 -4.469913
v -3.362935 2.996816 -4.444404
v 4.922292 4.222136 -0.760288
v 4.807281 3.936724 -0.348932
v 4.878731 3.985005 -0.864583
v 4.802912 4.301554 -0.198909
v 4.889831 5.066262 0.531087
v 4.939386 4.513904 0.911394
v 4.946447 4.591980 0.371958
v 4.906061 5.029522 1.092758
v 4.977537 5.450400 0.603570
v 4.743907 5.352547 0.010249
v 4.958868 5.746806 -0.021083
v 4.754245 5.062579 -0.012838
v 4.787901 4.639131 -0.073370
v 4.778503 5.301299 -0.318381
v 4.963644 5.578687 -0.611152
v 4.809897 5.019861 -0.400741
v 4.839437 4.705853 -0.378686
v 4.865371 4.523522 -0.707029
v 4.944797 4.985133 -0.822659
v 5.225644 5.448440 -1.183714
v 5.129709 4.550503 -1.276541
v 5.217592 4.983931 -1.225973
v 5.431283 4.946740 -1.860456
v 5.167047 4.176942 -1.288239
v 5.505044 4.533842 -1.793565
v 5.292548 4.774992 -2.542309
v 5.501895 5.135423 -2.640805
v 5.576571 4.842066 -3.552422
v 5.318202 4.351588 -2.422289
v 5.544364 4.397204 -3.435908
v 4.821937 3.963507 -0.927197
v 4.509390 3.840206 -0.637972
v 5.581549 4.175133 -1.735848
v 4.272967 3.733768 -0.442889
v 4.403471 3.554020 -0.848353
v 4.686021 3.614802 -0.880346
v 4.475049 3.468970 -1.295791
v 4.860850 3.763467 -1.038436
v 4.801490 3.389230 -1.138685
v 4.829963 3.314266 -1.423077
v 5.238598 3.882804 -1.303045
v 5.012919 3.488269 -1.162586
v 5.094860 3.355463 -1.318741
v 4.885589 3.234985 -1.502815
v 5.047438 3.272146 -1.417507
v 5.229226 3.302361 -1.472420
v 5.335169 3.578025 -1.337746
v 5.302200 3.397022 -1.404459
v 5.352518 3.322357 -1.613076
v 5.456149 3.400197 -1.625534
v 5.325974 3.272235 -1.827266
v 5.585461 3.867880 -1.687860
v 5.586807 3.625473 -1.645615
v 5.427549 3.349236 -1.875324
v 5.207788 3.248219 -1.931767
v 5.551019 4.064260 -2.096143
v 5.568722 3.791225 -2.041421
v 5.590668 3.541351 -1.974986
v 5.444109 3.971655 -2.336209
v 5.482718 3.651500 -2.290424
v 5.370120 3.404180 -2.220587
v 5.178349 3.309406 -2.030268
v 4.922597 3.219976 -1.850918
v 4.882567 3.276616 -1.945044
v 4.896994 3.320668 -2.230787
v 5.254575 3.303560 -2.397403
v 4.942028 3.248092 -2.481460
v 5.193768 3.258335 -2.465386
v 4.988383 3.187203 -2.568634
v 5.377181 3.272120 -2.564593
v 5.480737 3.400385 -2.540270
v 5.470602 3.282876 -2.777664
v 5.519675 3.537112 -2.510680
v 5.553152 3.385778 -2.798583
v 5.369281 3.240939 -2.982058
v 5.421225 3.953316 -2.584313
v 5.520158 4.204274 -2.920681
v 5.565852 3.863708 -2.879763
v 5.616322 3.562343 -2.830300
v 5.551959 3.774641 -3.247565
v 5.544389 4.054170 -3.335665
v 5.420895 3.343606 -3.069242
v 5.156633 3.262743 -3.171734
v 5.154702 3.175535 -3.058722
v 5.523003 3.478929 -3.169509
v 5.107078 3.303928 -3.347515
v 5.265523 3.492101 -3.578465
v 5.058361 3.351888 -3.520208
v 4.983685 3.292336 -3.719754
v 5.327499 3.683206 -3.643330
v 5.227550 3.387576 -3.923753
v 4.944137 3.235735 -3.785963
v 5.132630 3.271363 -3.907507
v 5.186783 3.250504 -4.150058
v 5.324172 3.957338 -3.739302
v 5.207154 3.377730 -4.217054
v 5.033900 3.182845 -4.360989
v 5.296486 3.616637 -4.004869
v 5.218863 4.224525 -4.219064
v 5.251375 3.854358 -4.100024
v 5.252873 3.584570 -4.311787
v 5.077436 3.486120 -4.572470
v 5.212539 3.789616 -4.380496
v 5.375937 4.607438 -4.374460
v 5.554778 4.717712 -4.437760
v 4.839336 4.133574 -4.878223
v 5.018076 3.718533 -4.690951
v 5.220997 4.485635 -5.111446
v 5.057192 4.439608 -5.050102
v 5.454271 4.974910 -5.250107
v 4.725265 3.666216 -4.890514
v 4.731310 3.264845 -4.694845
v 4.241598 3.358410 -5.149790
v 5.022115 3.266557 -4.454394
v 4.335425 3.897397 -5.307172
v 4.749293 3.135838 -4.445350
v 4.792295 3.106011 -4.354939
v 3.913836 3.374376 -5.582803
v 3.918713 3.885401 -5.785158
v 3.510180 3.400065 -6.218418
v 4.106444 4.057205 -5.947061
v 3.589428 3.780033 -6.388442
v 3.166391 3.443976 -6.767961
v 3.227147 3.733141 -6.882158
v 2.794865 3.499142 -7.335124
v 2.814448 3.730419 -7.394989
v 3.693720 3.880295 -6.502721
v 3.318664 3.846745 -6.976622
v 2.918283 3.747737 -7.576557
v 2.984069 3.518148 -7.576402
v 3.393060 3.559222 -6.979050
v 3.873070 3.750901 -6.696985
v 4.538042 3.851849 -6.069476
v 4.546297 4.380273 -5.524714
v 4.886834 4.240870 -5.662603
v 4.867098 4.206010 -6.360195
v 5.139996 4.556781 -5.914503
v 4.895267 4.828634 -6.526384
v 4.677615 4.142041 -6.976573
v 5.218939 4.849225 -5.964952
v 4.639997 4.792252 -7.146867
v 4.495167 4.009326 -7.482178
v 4.408756 4.664111 -7.628242
v 4.161741 3.942236 -7.878378
v 4.070758 4.494194 -8.044523
v 4.070758 4.494194 -8.044523
v 5.313173 4.680822 -6.532767
v 5.380813 4.976364 -5.958661
v 4.904665 4.609681 -7.089141
v 5.468698 5.090311 -5.979025
v 5.416932 4.792523 -6.539528
v 5.309515 5.458472 -6.787198
v 5.268088 5.035709 -7.054709
v 5.265853 5.129919 -7.374559
v 5.318202 4.461096 -7.123806
v 5.213326 4.376197 -7.033591
v 5.209440 4.396541 -7.560046
v 5.107586 3.890613 -7.671230
v 4.641242 4.329194 -7.645452
v 4.895267 4.828634 -6.526384
v 4.639997 4.792252 -7.146867
v 4.408756 4.664111 -7.628242
v 4.339972 3.990484 -8.054611
v 4.988410 3.857174 -7.555250
v 4.550488 3.206455 -8.064959
v 5.215892 3.365287 -7.728621
v 4.702126 2.900447 -8.143460
v 5.850917 3.736698 -7.831394
v 5.404919 2.870325 -7.679428
v 4.858945 2.453601 -8.064056
v 5.954067 3.258504 -8.113008
v 5.616272 2.479006 -7.631690
v 5.031132 2.110228 -8.027995
v 5.237126 1.815039 -8.062225
v 6.224399 2.850742 -7.800765
v 5.879137 2.186072 -7.662034
v 5.997882 1.974505 -7.882456
v 5.433189 1.585779 -8.221744
v 6.510734 2.499818 -7.665218
v 6.024399 1.965586 -8.291775
v 5.604563 1.696887 -8.586684
v 6.438344 2.267477 -8.304979
v 6.567147 2.300292 -7.861536
v 6.907710 2.785914 -8.066257
v 6.924398 2.542243 -8.246833
v 6.739232 2.531575 -8.557057
v 6.689956 3.115177 -8.251004
v 7.274004 2.996121 -8.707045
v 7.222442 2.740635 -8.768673
v 6.886603 2.714974 -8.999166
v 7.424880 2.807426 -9.464685
v 7.028360 2.707171 -9.526432
v 6.426304 3.563224 -8.483212
v 7.127572 3.348560 -8.871511
v 7.478271 3.092942 -9.476519
v 7.505601 2.769099 -10.121622
v 4.677615 4.142041 -6.976573
v 4.867098 4.206010 -6.360195
v 4.686504 3.603002 -6.394554
v 4.538042 3.851849 -6.069476
v 4.672001 3.546491 -6.885649
v 4.495167 4.009326 -7.482178
v 4.402965 3.401191 -6.187460
v 3.873070 3.750901 -6.696985
v 3.883865 3.435056 -6.650464
v 3.879191 2.930402 -6.445148
v 4.612641 3.057638 -6.397624
v 4.297757 2.981214 -6.250125
v 4.243427 2.664656 -6.229533
v 3.914014 2.598577 -6.411736
v 4.553027 2.556469 -6.337573
v 4.178987 2.398741 -6.303442
v 3.962503 2.379631 -6.404194
v 3.975940 2.290114 -6.354893
v 4.179775 2.318744 -6.292009
v 4.413277 2.233905 -6.371773
v 4.478022 2.325865 -6.373530
v 4.478784 2.083570 -6.592865
v 4.741547 3.004907 -6.751097
v 4.714369 2.441104 -6.633871
v 4.510483 2.137890 -6.710776
v 4.311068 1.973727 -6.722058
v 4.688562 2.883477 -7.199498
v 4.644366 2.315017 -6.923721
v 4.604565 3.461147 -7.353286
v 4.348228 3.329786 -7.770351
v 4.161741 3.942236 -7.878378
v 4.349142 2.025112 -6.852853
v 4.478530 2.674927 -7.540783
v 4.422421 2.182376 -7.162669
v 3.896590 3.233390 -8.085970
v 3.616784 3.815886 -8.290056
v 3.216200 3.603139 -8.427628
v 4.096437 2.540638 -7.770056
v 4.187598 2.086134 -7.273598
v 3.343175 2.982507 -8.260071
v 2.943608 3.471637 -8.421033
v 3.647086 2.435317 -7.838291
v 3.871876 2.044852 -7.313987
v 4.103346 1.947134 -6.925121
v 4.056102 1.956854 -6.708600
v 3.844977 2.086689 -6.764498
v 3.895015 2.044127 -6.617421
v 3.582316 2.125449 -7.179292
v 3.321483 2.500601 -7.604385
v 3.779801 2.237004 -6.670879
v 3.817926 2.157161 -6.539133
v 3.962503 2.379631 -6.404194
v 3.975940 2.290114 -6.354893
v 3.529077 2.334854 -6.866800
v 3.691180 2.495713 -6.609740
v 3.914014 2.598577 -6.411736
v 3.879191 2.930402 -6.445148
v 3.472994 2.817983 -6.676335
v 3.228036 2.642570 -7.213649
v 3.414650 3.250867 -6.839759
v 3.883865 3.435056 -6.650464
v 3.393060 3.559222 -6.979050
v 3.873070 3.750901 -6.696985
v 3.074062 3.192458 -7.490216
v 2.984069 3.518148 -7.576402
v 3.073046 3.018616 -7.956186
v 2.760321 3.587738 -8.165453
v -4.686884 3.603300 -6.395111
v -4.867377 4.206247 -6.360563
v -4.677741 4.142183 -6.976767
v -4.538116 3.851900 -6.069553
v -4.671619 3.546192 -6.885094
v -4.403675 3.401745 -6.188474
v -3.873170 3.750996 -6.697161
v -3.885336 3.436344 -6.653000
v -3.879774 2.930837 -6.446115
v -4.494911 4.009093 -7.481731
v -4.612792 3.057747 -6.397832
v -4.297985 2.981365 -6.250432
v -4.243502 2.664723 -6.229642
v -3.914140 2.598652 -6.411959
v -4.553052 2.556484 -6.337607
v -4.179062 2.398797 -6.303575
v -3.962603 2.379678 -6.404351
v -3.976040 2.290176 -6.355083
v -4.179570 2.318625 -6.291689
v -4.413021 2.233781 -6.371397
v -4.477994 2.325850 -6.373498
v -4.478909 2.083622 -6.593078
v -4.510532 2.137933 -6.710876
v -4.311675 1.974012 -6.722992
v -4.714342 2.441075 -6.633806
v -4.741468 3.004865 -6.750999
v -4.687747 2.882946 -7.198222
v -4.644187 2.314950 -6.923476
v -4.602124 3.459346 -7.349428
v -4.344365 3.326837 -7.763468
v -4.160571 3.941137 -7.876193
v -4.477689 2.674429 -7.539357
v -4.422369 2.182357 -7.162580
v -4.349369 2.025236 -6.853230
v -3.893921 3.231199 -8.080481
v -3.615994 3.815085 -8.288290
v -3.216402 3.603352 -8.428124
v -4.103751 1.947305 -6.925792
v -4.057065 1.957320 -6.710180
v -4.188028 2.086357 -7.274343
v -3.845281 2.086837 -6.765022
v -3.895979 2.044630 -6.619043
v -3.872027 2.044937 -7.314322
v -4.096690 2.540781 -7.770524
v -3.780003 2.237123 -6.671201
v -3.818560 2.157503 -6.540199
v -3.962603 2.379678 -6.404351
v -3.976040 2.290176 -6.355083
v -3.691306 2.495798 -6.609939
v -3.914140 2.598652 -6.411959
v -3.879774 2.930837 -6.446115
v -3.529127 2.334873 -6.866890
v -3.473450 2.818352 -6.677194
v -3.415715 3.251890 -6.841861
v -3.885336 3.436344 -6.653000
v -3.228213 2.642717 -7.214036
v -3.582340 2.125468 -7.179382
v -3.392602 3.558743 -6.978123
v -3.873170 3.750996 -6.697161
v -3.074746 3.193188 -7.491956
v -2.983992 3.518067 -7.576262
v -3.321761 2.500777 -7.604976
v -3.073628 3.019181 -7.957724
v -2.759963 3.587312 -8.164464
v -2.943885 3.471979 -8.421825
v -3.342944 2.982299 -8.259498
v -3.647440 2.435555 -7.839069
v -3.200807 6.454276 1.817412
v -3.560522 5.990916 1.368338
v -3.044801 6.061969 1.722865
v -2.966950 6.375660 2.011454
v -3.128723 6.731223 2.205829
v -2.910409 6.671940 2.603580
v -3.408326 5.760675 1.394636
v -2.672665 6.363103 2.624547
v -3.033980 5.762718 1.617763
v -3.349118 5.421417 1.482580
v -3.060828 5.429425 1.653671
v -2.692605 6.169188 2.063511
v -2.690902 5.977758 1.716267
v -2.667763 5.668731 1.491123
v -2.715007 5.363829 1.487813
v -2.399590 5.505629 1.456379
v -2.410481 5.238259 1.376268
v -2.425299 5.813394 1.732399
v -2.445241 5.865900 2.094107
v -2.382071 5.905087 2.531301
v -2.127070 5.234280 1.566092
v -2.069280 5.046601 1.378813
v -2.230111 5.543280 1.736636
v -2.240240 5.505583 2.072890
v -2.088760 5.204384 1.744486
v -1.830820 4.896392 1.585623
v -2.142090 5.470236 2.451916
v -2.060360 5.141303 2.032283
v -1.802710 4.717797 1.911571
v -2.045460 5.042204 2.366786
v -1.751760 4.352573 2.207261
v -2.320812 5.318465 2.844937
v -2.175470 4.810857 2.753936
v -1.770769 3.981726 2.737188
v -1.562500 4.025911 2.460099
v -1.522370 3.768637 2.861244
v -1.636861 3.749920 3.017375
v -2.463390 5.889548 2.921722
v -1.917770 3.994132 3.078537
v -1.672411 3.764577 3.273972
v -2.342770 4.643011 3.305180
v -1.886012 3.967930 3.346536
v -1.539871 3.812475 3.449654
v -2.569999 5.134371 3.404745
v -1.706691 3.955316 3.655519
v -2.301929 4.548610 3.780028
v -1.372939 3.872724 3.424230
v -2.534550 5.137798 3.992105
v -1.280791 3.911345 3.237830
v -1.230451 4.237522 3.470617
v -1.394631 4.108612 3.660461
v -1.401410 4.910762 3.766734
v -1.633061 4.761326 4.133790
v -1.627290 5.573318 3.915700
v -2.026611 4.600945 4.181602
v -1.845682 5.391212 4.437600
v -2.240340 5.204801 4.452655
v -1.877201 6.157268 4.008008
v -2.051572 5.976979 4.678888
v -2.052461 6.810701 4.025850
v -2.484660 5.803893 4.617581
v -2.727352 5.713284 4.178714
v -2.771903 5.707172 3.532616
v -2.930247 6.196770 3.599206
v -2.919046 6.192038 4.216514
v -2.690445 6.322986 4.756387
v -3.065959 6.748477 4.188997
v -2.565655 6.390377 2.972287
v -2.793087 6.826574 3.044195
v -3.004389 6.754983 3.571203
v -3.077643 7.261048 3.532274
v -3.196516 7.258830 4.145795
v -3.273122 7.665174 4.081944
v -3.076500 7.798808 4.574802
v -3.419934 8.065276 4.092268
v -3.225675 8.248428 4.512691
v -2.953387 7.354021 4.672657
v -2.651965 7.916235 4.665585
v -2.536242 7.481002 4.716237
v -2.378871 7.026128 4.795525
v -2.159281 7.194196 4.281009
v -2.845538 6.853741 4.803228
v -2.228191 6.596292 4.817737
v -5.550003 8.114704 1.278653
v -5.069308 8.493742 1.546324
v -5.300066 8.144140 0.835312
v -5.736490 7.331613 0.962869
v -5.818760 8.212827 1.834279
v -5.347972 8.595030 2.015496
v -6.001412 8.367107 2.333143
v -5.596943 8.657480 2.437019
v -6.227981 8.656813 2.916703
v -5.911141 8.816730 2.999891
v -5.872684 7.543449 1.358361
v -6.033949 6.982189 1.531976
v -5.815280 6.659738 1.161727
v -6.075504 7.793837 1.872434
v -6.460822 8.972629 3.452903
v -5.955743 9.091384 3.696113
v -5.927599 6.505586 1.898640
v -5.656683 6.193199 1.539753
v -6.248910 7.320886 1.989655
v -6.123180 6.813418 2.328108
v -5.617821 6.123027 2.315827
v -5.392752 5.826237 1.936281
v -5.022216 5.686629 2.303996
v -5.287418 5.928409 2.709562
v -5.831257 6.407167 2.687063
v -5.500702 6.213259 3.040226
v -5.790034 6.557236 3.475909
v -6.132451 6.746554 3.144277
v -6.356301 7.119413 2.751856
v -6.434915 7.142526 3.684916
v -6.119268 6.974990 4.013793
v -6.630316 7.514164 3.322089
v -6.406720 7.611474 2.451589
v -6.670271 7.503839 4.123712
v -6.387467 7.363524 4.458361
v -6.673852 7.956089 3.020840
v -6.242941 8.035129 2.359018
v -6.488762 8.329563 2.897949
v -6.756732 8.613079 3.421377
v -6.906312 7.845982 3.801035
v -6.925795 8.255402 3.546052
v -7.059170 8.972674 3.955700
v -7.247232 8.613308 4.072001
v -6.758383 9.288021 3.960737
v -7.238240 8.185390 4.293992
v -6.951195 7.903701 4.657774
v -6.705501 7.766566 4.933925
v -7.341796 8.299462 5.207926
v -7.041213 8.175482 5.505962
v -7.668084 8.619504 4.830677
v -7.804331 8.703112 5.891252
v -7.399887 8.564690 6.221786
v -7.630569 9.048331 4.620186
v -8.152259 9.055146 5.497186
v -8.232651 9.057863 6.443025
v -7.715862 8.882942 6.867060
v -7.437122 9.415674 4.557787
v -8.415962 9.302097 6.824439
v -7.915887 9.099926 7.251158
v -8.580401 9.431221 6.001590
v -8.085279 9.525991 5.218361
v -8.558686 9.458974 7.151385
v -8.077635 9.281619 7.555477
v -8.981544 9.822942 6.735084
v -8.738188 9.600403 7.482998
v -8.218478 9.447460 7.842402
v -8.313703 9.652411 8.006086
v -8.822515 9.874200 7.636838
v -9.158050 9.996286 7.111162
v -9.119213 10.216311 7.391308
v -9.231126 10.595760 6.810267
v -9.203440 10.757519 7.141452
v -9.021778 11.054390 6.700405
v -9.097801 11.172940 7.020119
v -8.693535 11.464433 7.051582
v -8.999883 10.469328 6.404499
v -8.589623 11.419833 6.721935
v -8.303619 11.512493 7.144162
v -8.818069 10.849369 6.308790
v -8.420763 11.238007 6.314269
v -8.159702 11.509773 6.839633
v -7.912356 11.323050 7.329011
v -7.961430 11.273761 6.525937
v -8.205777 10.988509 6.039060
v -7.724371 11.267733 7.097486
v -7.666332 10.883775 7.600890
v -8.602347 10.627683 5.983277
v -7.742736 11.003592 6.237160
v -8.814107 10.269488 6.080934
v -7.956045 10.683889 5.720271
v -8.339432 10.320339 5.645672
v -8.840600 9.657025 6.392131
v -8.507453 9.984276 5.719445
v -7.880352 9.903703 5.146976
v -7.575807 10.185667 5.191876
v -7.161202 9.689657 4.565623
v -7.517540 10.733769 5.934058
v 7.631686 -2.171968 -5.909101
v 7.583630 -2.065526 -5.721430
v 7.346901 -2.181767 -5.718058
v 7.322568 -2.246429 -5.897271
v 7.051499 -2.185933 -5.850934
v 7.145048 -2.059433 -5.667191
v 7.327140 -2.326513 -6.189116
v 7.747739 -2.278046 -6.086366
v 6.961456 -2.322716 -6.386301
v 7.343599 -2.211462 -6.638880
v 7.901257 -2.314836 -6.324026
v 7.095035 -2.224346 -6.715238
v 6.795721 -2.461612 -6.548635
v 7.563182 -2.199658 -6.775179
v 7.785560 -2.569653 -6.728073
v 8.015608 -2.403859 -6.435801
v 8.067779 -2.599342 -6.754264
v 8.120332 -2.442861 -6.530861
v 7.929806 -2.660060 -6.816638
v 7.762115 -2.776687 -7.145700
v 7.515278 -2.535983 -6.991961
v 7.522365 -2.918712 -7.248025
v 7.140526 -2.511745 -7.148373
v 7.142050 -3.014642 -7.346095
v 6.955615 -2.754233 -7.288556
v 6.731383 -2.658713 -7.115786
v 6.976925 -2.408499 -6.972142
v 6.699760 -2.598328 -6.780470
v -7.346899 -2.181767 -5.718060
v -7.583628 -2.065526 -5.721432
v -7.631684 -2.171968 -5.909103
v -7.322567 -2.246429 -5.897273
v -7.051497 -2.185933 -5.850936
v -7.145046 -2.059433 -5.667193
v -7.327138 -2.326513 -6.189118
v -7.747737 -2.278046 -6.086368
v -6.961454 -2.322716 -6.386302
v -7.343597 -2.211462 -6.638882
v -7.901255 -2.314836 -6.324028
v -7.095033 -2.224346 -6.715240
v -6.795719 -2.461612 -6.548637
v -7.563180 -2.199659 -6.775181
v -7.785558 -2.569653 -6.728075
v -8.015606 -2.403860 -6.435803
v -7.515276 -2.535983 -6.991963
v -7.929804 -2.660061 -6.816640
v -8.067777 -2.599343 -6.754266
v -8.120330 -2.442861 -6.530863
v -7.762113 -2.776688 -7.145702
v -7.522363 -2.918713 -7.248027
v -7.140524 -2.511745 -7.148375
v -7.142048 -3.014642 -7.346097
v -6.955613 -2.754233 -7.288558
v -6.731381 -2.658713 -7.115788
v -6.976923 -2.408499 -6.972144
v -6.699759 -2.598328 -6.780472
v 5.679720 4.996855 -3.586660
v 5.407661 5.424828 -1.964135
v 5.222775 5.802178 -1.238327
v 5.226101 6.068301 -0.631369
v 5.209566 6.188637 -0.086904
v 5.222444 6.207796 0.310696
v 5.125822 5.795310 0.472216
v 5.322189 6.083756 0.666072
v 5.476164 5.961691 1.260292
v 5.283480 5.835442 0.963017
v 5.250129 5.688558 1.615617
v 5.392751 5.826237 1.936282
v 4.997324 5.546359 1.327934
v 4.851756 5.401392 2.020634
v 5.022215 5.686629 2.303997
v 4.108958 6.015325 2.299435
v 4.300677 6.187498 2.658814
v 3.868319 5.851263 1.878284
v 4.732325 5.305857 1.732007
v 4.113480 5.103246 1.616153
v 3.746881 5.276953 1.193120
v 3.560521 5.990916 1.368338
v 4.699280 4.995629 1.536504
v 3.408325 5.760675 1.394637
v 3.349117 5.421417 1.482581
v 3.315640 5.364148 1.170297
v 3.461690 5.481014 0.925054
v 3.360039 4.890572 0.840273
v 3.678708 4.773061 1.253816
v 3.296260 4.237929 0.751664
v 4.126459 4.598619 1.509480
v 3.634892 4.099172 1.193102
v 3.357499 3.721183 0.684364
v 4.667098 4.461076 1.362379
v 4.119550 3.983720 1.364613
v 3.633674 3.551462 0.941798
v 3.533318 3.352540 0.510374
v 4.603268 3.885844 1.191878
v 4.085311 3.405795 1.026836
v 3.774059 3.218058 0.681112
v 3.736315 3.126031 0.460447
v 3.606419 3.234584 0.320957
v 4.034384 3.128888 0.653441
v 3.994303 3.030520 0.437731
v 4.491406 3.367555 0.891983
v 4.289146 3.095514 0.472449
v 4.151605 3.020733 0.259759
v 4.758995 3.438360 0.467245
v 4.437711 3.165843 0.223175
v 4.180714 3.089595 0.048397
v 4.972558 3.946125 0.703737
v 4.341166 3.316325 -0.132448
v 4.044569 3.211907 -0.098218
v 4.146627 3.398597 -0.208505
v 4.502532 3.290507 0.024917
v 4.546271 3.554620 -0.330546
v 4.272967 3.733768 -0.442889
v 4.788307 3.630031 -0.006933
v 4.992802 4.090393 0.209595
v 4.684523 3.759516 -0.519771
v 2.453692 2.198790 -5.075029
v 2.502033 2.398318 -5.184786
v 2.585670 2.400993 -5.183280
v 2.491050 2.592488 -5.227633
v 2.429142 2.578610 -5.142551
v 2.595195 2.656920 -5.252505
v 2.434202 2.406877 -5.097305
v 2.451911 2.579326 -5.025085
v 2.450951 2.415833 -4.986614
v 2.674443 2.408515 -5.124196
v 2.669312 2.704229 -5.196335
v 2.409702 2.232087 -5.013263
v 2.419899 2.251499 -4.927910
v 2.680361 2.679423 -5.079331
v 2.346059 2.090372 -4.914842
v 2.311089 2.092775 -4.822701
v 2.334741 2.033868 -4.820443
v 2.373969 2.072464 -4.951921
v 2.665833 2.427289 -5.007786
v 2.631339 2.603055 -4.981683
v 2.514088 2.165244 -5.052977
v 2.398838 2.030144 -4.905663
v 2.572538 2.146027 -4.993979
v 2.417410 2.019109 -4.859020
v 2.417410 2.019109 -4.859020
v 2.373969 2.072464 -4.951921
v 2.444769 2.055199 -4.823646
v 2.434911 2.100404 -4.816987
v 2.417410 2.019109 -4.859020
v 2.572716 2.182060 -4.902223
v 2.397733 2.130841 -4.814954
v 2.311089 2.092775 -4.822701
v 2.419899 2.251499 -4.927910
v 2.477225 2.246191 -4.879580
v 2.450951 2.415833 -4.986614
v 2.522777 2.222930 -4.874079
v 2.613636 2.427294 -4.938663
v 2.550643 2.567120 -4.960348
v 2.451911 2.579326 -5.025085
v 2.540077 2.426896 -4.931480
v -2.585669 2.400970 -5.183271
v -2.502009 2.398280 -5.184744
v -2.453676 2.198752 -5.074987
v -2.491034 2.592474 -5.227601
v -2.429116 2.578582 -5.142486
v -2.595169 2.656906 -5.252473
v -2.434133 2.406796 -5.097165
v -2.451885 2.579321 -5.025030
v -2.450881 2.415776 -4.986483
v -2.674442 2.408525 -5.124174
v -2.669286 2.704200 -5.196270
v -2.409675 2.232058 -5.013197
v -2.419871 2.251470 -4.927845
v -2.680335 2.679385 -5.079289
v -2.346040 2.090358 -4.914810
v -2.311065 2.092747 -4.822636
v -2.373922 2.072421 -4.951822
v -2.334671 2.033821 -4.820288
v -2.665832 2.427289 -5.007787
v -2.631288 2.603012 -4.981585
v -2.514054 2.165215 -5.052911
v -2.398743 2.030058 -4.905465
v -2.572512 2.145975 -4.993905
v -2.613635 2.427294 -4.938663
v -2.550642 2.567105 -4.960316
v -2.572664 2.182032 -4.902158
v -2.417303 2.019033 -4.858799
v -2.417303 2.019033 -4.858799
v -2.373922 2.072421 -4.951822
v -2.444661 2.055114 -4.823449
v -2.434857 2.100361 -4.816888
v -2.417303 2.019033 -4.858799
v -2.522763 2.222916 -4.874047
v -2.540051 2.426882 -4.931448
v -2.450881 2.415776 -4.986483
v -2.451885 2.579321 -5.025030
v -2.477216 2.246191 -4.879581
v -2.419871 2.251470 -4.927845
v -2.397717 2.130826 -4.814921
v -2.311065 2.092747 -4.822636
v 1.939002 2.113488 -5.628999
v 2.083177 2.259617 -5.802892
v 2.139832 2.253857 -5.765671
v 1.911417 2.161796 -5.648501
v 1.944988 2.109636 -5.586633
v 2.142031 2.471534 -5.909946
v 1.881796 2.132478 -5.553373
v 2.009563 2.283995 -5.795471
v 1.956296 2.183722 -5.541489
v 2.055776 2.462312 -5.889963
v 2.061117 2.664031 -5.948685
v 2.154254 2.701303 -5.970989
v 1.986820 2.634998 -5.850636
v 2.230919 2.480803 -5.871155
v 2.261325 2.717383 -5.915198
v 2.270947 2.704682 -5.787753
v 1.981422 2.464774 -5.797053
v 1.995679 2.640347 -5.729628
v 1.981176 2.473478 -5.711134
v 2.244035 2.488101 -5.763467
v 2.204503 2.654550 -5.695477
v 1.960810 2.319030 -5.743223
v 1.962004 2.353074 -5.664999
v 1.895283 2.193254 -5.636542
v 1.869271 2.198536 -5.560470
v 2.179131 2.483752 -5.666237
v 2.086776 2.620943 -5.675641
v 2.152717 2.280138 -5.683595
v 1.972331 2.130788 -5.566013
v 2.104958 2.319136 -5.609827
v 1.869271 2.198536 -5.560470
v 1.930777 2.217865 -5.554267
v 1.962004 2.353074 -5.664999
v 2.031646 2.351664 -5.613189
v 1.981176 2.473478 -5.711134
v 2.071496 2.479026 -5.644844
v 1.995679 2.640347 -5.729628
v 4.007155 2.766077 0.076094
v 3.852673 2.741534 0.258475
v 3.658972 2.462902 -0.046065
v 4.151605 3.020733 0.259759
v 3.994303 3.030520 0.437731
v 4.180714 3.089595 0.048397
v 3.736315 3.126031 0.460447
v 3.628314 2.839023 0.235964
v 3.606419 3.234584 0.320957
v 4.022675 2.871406 -0.137042
v 4.044569 3.211907 -0.098218
v 3.802990 2.517592 -0.204006
v 3.871850 2.981183 -0.240032
v 3.789401 3.300897 -0.057112
v 3.666440 3.046612 -0.229664
v 3.813227 2.647063 -0.362443
v 3.695065 2.749114 -0.409024
v 3.539948 2.797738 -0.393691
v 3.524936 2.520514 -0.604701
v 3.404896 2.568662 -0.583828
v 3.606064 2.444015 -0.585074
v 3.333522 2.315521 -0.797781
v 3.250261 2.321972 -0.807461
v 3.240050 2.244469 -0.827613
v 3.378531 2.281152 -0.775337
v 3.579521 2.330827 -0.465042
v 3.347263 2.230774 -0.752503
v -2.663113 3.859891 -8.096757
v -2.918028 3.747420 -7.575912
v -2.983992 3.518067 -7.576262
v -2.427704 3.947688 -7.830691
v -2.814167 3.730044 -7.394213
v -2.404752 3.504238 -7.874706
v -2.794508 3.498702 -7.334239
v -3.962909 9.050864 3.212519
v -3.796438 8.710165 3.435541
v -3.721152 8.692691 2.858984
v -3.597327 8.370919 2.733532
v -3.579065 7.891502 2.904627
v -3.578480 8.572495 3.021858
v -3.621762 8.534798 4.042336
v -3.536190 8.376244 3.446143
v -3.392349 8.328811 3.048443
v -3.309291 7.999789 3.421527
v -3.262961 7.947681 3.119547
v -3.323413 7.609342 2.755258
v -3.796514 7.086914 2.921227
v -3.148077 7.637262 3.115286
v -3.200681 7.611571 3.498455
v -3.543530 6.807131 2.563976
v -4.300678 6.187498 2.658813
v -4.108959 6.015325 2.299434
v -3.379471 6.624290 2.215096
v -3.868320 5.851263 1.878283
v -3.180081 7.082863 2.459928
v -2.997049 7.225453 3.122407
v 2.785670 3.022079 -6.196068
v 2.724735 3.230632 -6.252313
v 2.765147 3.233448 -6.159817
v 2.696973 3.005897 -6.230936
v 2.640026 3.204582 -6.287386
v 2.807692 3.034107 -6.118495
v 2.741728 3.209709 -6.077266
v 2.779980 3.035580 -6.045336
v 2.636801 3.172492 -6.030822
v 2.636801 3.172492 -6.030822
v 2.541170 3.157601 -6.089054
v 2.608251 3.006884 -6.054266
v 2.681225 3.018835 -6.016841
v 2.625751 2.886041 -6.010060
v 2.636801 3.172492 -6.030822
v 2.687702 2.903276 -5.975638
v 2.678203 2.777924 -5.915892
v 2.621611 2.743973 -5.920574
v 2.662048 2.713932 -5.931101
v 2.713991 2.769268 -5.933060
v 2.761362 2.873361 -5.985231
v 2.793417 2.836183 -6.036819
v 2.736343 2.754124 -5.959676
v 2.776704 2.804301 -6.092205
v 2.709749 2.714660 -5.985728
v 2.681683 2.720537 -6.015916
v 2.702536 2.809525 -6.123692
v 2.645030 2.731973 -6.015405
v 2.647342 2.827063 -6.126672
v 2.633219 2.991298 -6.217535
v 2.561769 3.178930 -6.279513
v 2.498040 3.166355 -6.192735
v 2.592605 2.995988 -6.151477
v 2.541170 3.157601 -6.089054
v 2.608251 3.006884 -6.054266
v 2.618513 2.856057 -6.076971
v 2.625751 2.886041 -6.010060
v 2.621840 2.748621 -5.979848
v 2.621611 2.743973 -5.920574
v -2.764764 3.232998 -6.158957
v -2.724073 3.229840 -6.250797
v -2.785516 3.021890 -6.195721
v -2.696820 3.005754 -6.230607
v -2.639847 3.204388 -6.286982
v -2.807614 3.034050 -6.118364
v -2.741422 3.209354 -6.076579
v -2.779903 3.035485 -6.045163
v -2.636266 3.171867 -6.029645
v -2.636266 3.171867 -6.029645
v -2.607792 3.006358 -6.053184
v -2.540686 3.156990 -6.087910
v -2.680995 3.018574 -6.016329
v -2.625598 2.885866 -6.009746
v -2.636266 3.171867 -6.029645
v -2.687650 2.903233 -5.975540
v -2.678201 2.777933 -5.915869
v -2.621584 2.743936 -5.920533
v -2.662047 2.713932 -5.931102
v -2.713990 2.769268 -5.933061
v -2.761361 2.873370 -5.985209
v -2.793416 2.836183 -6.036819
v -2.736342 2.754124 -5.959677
v -2.776702 2.804310 -6.092182
v -2.709748 2.714660 -5.985729
v -2.681681 2.720537 -6.015917
v -2.702509 2.809496 -6.123627
v -2.645003 2.731982 -6.015382
v -2.621813 2.748569 -5.979774
v -2.621584 2.743936 -5.920533
v -2.625598 2.885866 -6.009746
v -2.618333 2.855886 -6.076576
v -2.607792 3.006358 -6.053184
v -2.647290 2.827020 -6.126574
v -2.592197 2.995491 -6.150460
v -2.540686 3.156990 -6.087910
v -2.497881 3.166152 -6.192355
v -2.633065 2.991141 -6.217173
v -2.561793 3.178920 -6.279538
v 5.268418 2.815204 -2.681199
v 5.470602 3.282876 -2.777664
v 5.377181 3.272120 -2.564593
v 5.369281 3.240939 -2.982058
v 5.219853 2.873083 -2.555251
v 5.193768 3.258335 -2.465386
v 5.202048 2.827356 -2.897979
v 5.154702 3.175535 -3.058722
v 5.071797 2.951186 -2.480331
v 4.988383 3.187203 -2.568634
v 5.057751 2.858120 -2.982800
v 4.950892 3.127916 -2.960881
v 4.942714 2.532108 -2.810021
v 4.900398 2.923312 -2.924410
v 4.870629 3.157848 -2.739654
v 4.819092 2.971502 -2.725740
v 4.863162 2.599790 -2.885100
v 4.775963 2.681061 -2.845671
v 4.726128 2.758170 -2.691834
v 4.605224 2.387786 -2.736591
v 4.574643 2.416060 -2.724801
v 4.519270 2.397972 -2.652444
v 4.522547 2.337497 -2.647735
v 4.628338 2.351675 -2.708270
v 4.597045 2.321609 -2.653533
v 4.969765 2.481540 -2.672907
v 4.627373 2.357555 -2.594110
v 4.612565 2.405216 -2.575905
v 4.943704 2.563389 -2.540841
v 4.519270 2.397972 -2.652444
v 4.879570 2.659153 -2.494862
v 4.572585 2.440786 -2.600086
v 4.726128 2.758170 -2.691834
v 4.794505 2.736067 -2.555584
v 4.819092 2.971502 -2.725740
v 4.935018 2.977920 -2.549367
v 4.870629 3.157848 -2.739654
v -5.377181 3.272120 -2.564595
v -5.470602 3.282876 -2.777666
v -5.268418 2.815204 -2.681200
v -5.369230 3.240898 -2.982024
v -5.219853 2.873083 -2.555252
v -5.193768 3.258334 -2.465388
v -5.071797 2.951186 -2.480332
v -4.988383 3.187203 -2.568635
v -4.935018 2.977920 -2.549368
v -4.870629 3.157848 -2.739655
v -4.819092 2.971525 -2.725750
v -4.879544 2.659154 -2.494861
v -4.794505 2.736067 -2.555586
v -4.726128 2.758170 -2.691835
v -4.572585 2.440786 -2.600087
v -4.519270 2.397972 -2.652446
v -4.612590 2.405215 -2.575909
v -4.522547 2.337497 -2.647736
v -4.943704 2.563366 -2.540831
v -4.627373 2.357555 -2.594111
v -4.969765 2.481540 -2.672909
v -4.597045 2.321607 -2.653536
v -4.628338 2.351675 -2.708272
v -4.605224 2.387786 -2.736592
v -4.942713 2.532108 -2.810023
v -4.574643 2.416060 -2.724802
v -4.519270 2.397972 -2.652446
v -4.726128 2.758170 -2.691835
v -4.775963 2.681061 -2.845673
v -4.819092 2.971525 -2.725750
v -4.863161 2.599790 -2.885102
v -4.900398 2.923312 -2.924411
v -4.870629 3.157848 -2.739655
v -4.950892 3.127893 -2.960871
v -5.057750 2.858120 -2.982801
v -5.154702 3.175536 -3.058721
v -5.202048 2.827356 -2.897980
v 1.506688 2.821363 -6.704000
v 1.604458 2.843398 -6.685563
v 1.525144 2.506130 -6.602374
v 1.642629 2.821879 -6.581263
v 1.443572 2.528461 -6.627677
v 1.411159 2.799567 -6.688559
v 1.563338 2.527864 -6.493781
v 1.615799 2.757430 -6.470613
v 1.361461 2.572078 -6.621507
v 1.375830 2.813142 -6.597743
v 1.334433 2.361523 -6.507586
v 1.332038 2.612243 -6.547274
v 1.396602 2.814285 -6.461805
v 1.367443 2.648514 -6.428032
v 1.288073 2.403980 -6.508800
v 1.271042 2.451916 -6.457444
v 1.293501 2.484941 -6.357167
v 1.205465 2.305952 -6.352250
v 1.194990 2.333683 -6.335639
v 1.190260 2.349252 -6.281340
v 1.200395 2.291073 -6.280000
v 1.220794 2.282012 -6.346807
v 1.242399 2.270167 -6.320014
v 1.398423 2.323988 -6.473425
v 1.434992 2.350475 -6.399084
v 1.259988 2.277092 -6.292346
v 1.263148 2.313089 -6.259614
v 1.449886 2.402922 -6.345667
v 1.558929 2.564839 -6.425031
v 1.456749 2.633433 -6.377403
v 1.501527 2.782083 -6.415878
v 1.367443 2.648514 -6.428032
v 1.396602 2.814285 -6.461805
v 1.360422 2.468789 -6.314804
v 1.293501 2.484941 -6.357167
v 1.229239 2.333589 -6.251636
v 1.190260 2.349252 -6.281340
v 2.960346 2.423062 -2.448144
v 3.095270 2.486986 -2.513078
v 3.109189 2.484967 -2.442446
v 2.932024 2.444232 -2.481598
v 2.939873 2.426682 -2.408917
v 2.962149 2.452824 -2.380418
v 2.943962 2.497707 -2.368654
v 3.092502 2.548802 -2.387608
v 3.293136 2.723319 -2.549700
v 3.245409 2.748369 -2.451810
v 3.156916 2.761343 -2.393521
v 3.292578 2.941659 -2.498938
v 3.188767 2.892344 -2.426198
v 3.344165 2.948975 -2.616825
v 3.099944 2.883387 -2.456504
v 3.303677 2.876727 -2.705759
v 3.058694 2.600872 -2.366356
v 3.084805 2.766768 -2.435504
v 3.075737 2.839420 -2.572071
v 3.048839 2.733225 -2.531515
v 3.019121 2.624079 -2.399223
v 2.978888 2.607270 -2.480986
v 2.908352 2.510786 -2.382441
v 2.859406 2.474762 -2.414621
v 2.873122 2.440422 -2.408868
v 2.902890 2.478176 -2.480574
v 2.859406 2.474762 -2.414621
v 2.978888 2.607270 -2.480986
v 3.006853 2.571178 -2.553772
v 3.048839 2.733225 -2.531515
v 3.073680 2.523660 -2.574916
v 3.099258 2.704303 -2.635224
v 3.075737 2.839420 -2.572071
v 3.117952 2.801335 -2.670501
v 3.199359 2.685698 -2.670206
v 3.239568 2.821740 -2.732490
v 3.259100 2.703361 -2.617720
v -1.525048 2.505969 -6.601954
v -1.604421 2.843341 -6.685431
v -1.506552 2.821117 -6.703383
v -1.642544 2.821723 -6.580899
v -1.443446 2.528244 -6.627126
v -1.410842 2.798951 -6.687084
v -1.563120 2.527512 -6.492877
v -1.361259 2.571698 -6.620536
v -1.375724 2.812929 -6.597248
v -1.615721 2.757279 -6.470306
v -1.331864 2.611921 -6.546434
v -1.396486 2.814057 -6.461278
v -1.367319 2.648282 -6.427448
v -1.287713 2.403301 -6.507000
v -1.270665 2.451195 -6.455544
v -1.293261 2.484510 -6.355984
v -1.334165 2.361057 -6.506281
v -1.205483 2.305994 -6.352349
v -1.194881 2.333488 -6.335097
v -1.190320 2.349394 -6.281670
v -1.200729 2.291714 -6.281757
v -1.220739 2.281908 -6.346520
v -1.398346 2.323855 -6.473071
v -1.242527 2.270395 -6.320679
v -1.434911 2.350343 -6.398731
v -1.260030 2.277168 -6.292567
v -1.263294 2.313345 -6.260345
v -1.449831 2.402846 -6.345446
v -1.558729 2.564507 -6.424215
v -1.456661 2.633276 -6.377040
v -1.501477 2.781998 -6.415681
v -1.367319 2.648282 -6.427448
v -1.396486 2.814057 -6.461278
v -1.360332 2.468604 -6.314375
v -1.293261 2.484510 -6.355984
v -1.229268 2.333661 -6.251801
v -1.190320 2.349394 -6.281670
v -3.109189 2.484967 -2.442447
v -3.095270 2.486987 -2.513077
v -2.960345 2.423062 -2.448145
v -2.932024 2.444232 -2.481599
v -2.939873 2.426682 -2.408918
v -2.962148 2.452824 -2.380419
v -2.943962 2.497707 -2.368655
v -3.092501 2.548802 -2.387609
v -3.293136 2.723318 -2.549701
v -3.245409 2.748369 -2.451811
v -3.292577 2.941659 -2.498939
v -3.344164 2.948975 -2.616826
v -3.188767 2.892344 -2.426199
v -3.303651 2.876707 -2.705741
v -3.156915 2.761343 -2.393522
v -3.099943 2.883388 -2.456502
v -3.259074 2.703339 -2.617707
v -3.239542 2.821719 -2.732475
v -3.058694 2.600872 -2.366357
v -3.084805 2.766768 -2.435503
v -3.075737 2.839419 -2.572074
v -3.048813 2.733206 -2.531495
v -3.019120 2.624079 -2.399224
v -2.978862 2.607270 -2.480984
v -2.908351 2.510786 -2.382441
v -2.859405 2.474763 -2.414619
v -2.873121 2.440422 -2.408869
v -2.902890 2.478176 -2.480574
v -2.859405 2.474763 -2.414619
v -2.978862 2.607270 -2.480984
v -3.006827 2.571158 -2.553754
v -3.048813 2.733206 -2.531495
v -3.073654 2.523637 -2.574906
v -3.099207 2.704243 -2.635171
v -3.075737 2.839419 -2.572074
v -3.117927 2.801316 -2.670481
v -3.199334 2.685655 -2.670176
v 5.123664 2.885088 -4.057020
v 5.186783 3.250504 -4.150058
v 5.132630 3.271363 -3.907507
v 5.033900 3.182845 -4.360989
v 5.070222 2.943196 -3.881466
v 4.944137 3.235735 -3.785963
v 5.026306 2.839944 -4.236338
v 4.792295 3.106011 -4.354939
v 4.950766 2.596245 -3.839004
v 4.901008 2.966265 -3.764976
v 4.759326 3.179088 -3.830623
v 4.999458 2.550222 -3.976043
v 4.800881 2.633166 -3.742403
v 4.767098 2.854336 -4.273436
v 4.636238 3.103091 -4.184042
v 4.912692 2.545599 -4.118468
v 4.648303 2.882801 -4.117446
v 4.637584 2.932423 -3.934906
v 4.631691 3.151523 -3.977405
v 4.711295 2.566129 -4.143903
v 4.616451 2.600135 -4.033110
v 4.615232 2.627172 -3.868953
v 4.600144 2.242964 -3.928479
v 4.545535 2.236451 -3.872728
v 4.537864 2.224337 -3.793868
v 4.574287 2.161110 -3.802821
v 4.653790 2.205824 -3.889200
v 4.656380 2.187352 -3.832385
v 4.683837 2.258664 -3.767470
v 4.639083 2.275518 -3.748859
v 4.584701 2.270872 -3.759449
v 4.537864 2.224337 -3.793868
v 4.615232 2.627172 -3.868953
v 4.700322 2.632007 -3.780321
v 4.637584 2.932423 -3.934906
v 4.749776 2.940990 -3.802434
v 4.631691 3.151523 -3.977405
v -5.132426 3.271234 -3.907351
v -5.186528 3.250347 -4.149833
v -5.122952 2.884686 -4.056452
v -5.033696 3.182717 -4.360830
v -5.069663 2.942851 -3.881028
v -4.944034 3.235678 -3.785901
v -5.025594 2.839528 -4.235737
v -4.791888 3.105741 -4.354588
v -4.900829 2.966154 -3.764843
v -4.759224 3.179012 -3.830543
v -4.950562 2.596165 -3.838863
v -4.999254 2.550117 -3.975893
v -4.765879 2.853616 -4.272359
v -4.636440 3.103242 -4.184213
v -4.912513 2.545494 -4.118319
v -4.647946 2.882592 -4.117146
v -4.637583 2.932423 -3.934907
v -4.631792 3.151618 -3.977512
v -4.710812 2.565854 -4.143494
v -4.616349 2.600092 -4.033012
v -4.615256 2.627186 -3.868987
v -4.600068 2.242935 -3.928415
v -4.653789 2.205838 -3.889234
v -4.545508 2.236437 -3.872697
v -4.537888 2.224360 -3.793879
v -4.574337 2.161124 -3.802856
v -4.656481 2.187380 -3.832452
v -4.683836 2.258654 -3.767495
v -4.639107 2.275518 -3.748860
v -4.800829 2.633151 -3.742374
v -4.584700 2.270895 -3.759459
v -4.537888 2.224360 -3.793879
v -4.615256 2.627186 -3.868987
v -4.700321 2.632007 -3.780322
v -4.637583 2.932423 -3.934907
v -4.749750 2.940972 -3.802412
v -4.631792 3.151618 -3.977512
v 2.065875 2.763551 -6.844772
v 2.138318 2.777083 -6.816778
v 2.073792 2.628130 -6.697031
v 2.036024 2.616684 -6.723558
v 1.997836 2.630392 -6.717745
v 2.068691 2.973906 -6.935955
v 1.994374 2.772951 -6.835908
v 1.984211 2.963486 -6.933016
v 1.969637 2.793410 -6.761332
v 2.032771 3.192436 -6.988485
v 1.912682 3.171926 -6.979294
v 2.124046 3.220662 -6.924484
v 1.865039 3.174223 -6.899110
v 2.157449 2.987261 -6.893348
v 2.154772 3.212919 -6.823418
v 1.943807 2.967905 -6.835663
v 1.887719 3.167598 -6.806853
v 1.965903 2.984217 -6.767528
v 1.984960 2.810031 -6.708926
v 2.167693 2.994177 -6.796934
v 2.092671 3.177167 -6.737322
v 1.977084 2.644938 -6.681217
v 1.981349 2.630761 -6.625425
v 2.018232 2.598920 -6.638626
v 2.146004 2.995964 -6.737703
v 2.144843 2.801682 -6.730617
v 2.088404 2.651913 -6.663325
v 2.127104 2.818202 -6.692767
v 2.069687 2.663174 -6.629426
v 2.030500 2.662959 -6.610780
v 1.981349 2.630761 -6.625425
v 1.984960 2.810031 -6.708926
v 2.053672 2.820776 -6.670612
v 2.042763 2.990418 -6.716584
v 2.092671 3.177167 -6.737322
v 1.965903 2.984217 -6.767528
v 2.003307 3.147995 -6.728542
v 1.887719 3.167598 -6.806853
v 3.361056 2.974205 -3.874143
v 3.104693 2.666014 -3.677640
v 3.022474 2.620327 -4.002459
v 2.930170 2.580961 -3.582589
v 2.833955 2.564075 -3.958863
v 2.531624 2.870465 -3.797291
v 3.218892 2.918200 -4.163304
v 2.678583 2.558811 -4.147117
v 2.876246 2.548263 -4.102963
v 2.969845 2.536087 -4.102033
v 2.777440 2.519609 -4.176908
v 2.784908 2.489966 -4.287795
v 3.085872 2.638470 -4.144750
v 3.011451 2.533974 -4.167311
v 3.030272 2.524946 -4.273164
v 3.089276 2.627192 -4.319735
v 2.980919 2.508575 -4.344883
v 3.036546 2.959219 -4.653697
v 2.968778 2.597181 -4.448051
v 2.899843 2.497379 -4.395536
v 2.818461 2.568315 -4.530576
v 2.715820 2.642114 -4.890636
v 2.649653 2.488614 -4.450736
v 2.901062 2.985462 -5.004532
v 2.532521 2.545329 -4.832733
v 2.336585 2.816703 -4.557910
v 2.631339 2.603055 -4.981683
v 2.550643 2.567120 -4.960348
v 2.680361 2.679423 -5.079331
v 2.367052 2.621075 -4.978432
v 2.451911 2.579326 -5.025085
v 2.429142 2.578610 -5.142551
v 2.750567 2.806417 -5.015091
v 2.669312 2.704229 -5.196335
v 2.681581 2.913506 -5.249725
v 2.787651 3.024880 -5.301866
v 2.560702 2.779963 -5.343095
v 2.595195 2.656920 -5.252505
v 2.426666 2.678445 -5.375012
v 2.603018 2.935764 -5.548628
v 2.768906 3.171118 -5.720157
v 2.491050 2.592488 -5.227633
v 2.482747 2.927209 -5.750526
v 2.636801 3.172492 -6.030822
v 2.265559 2.661680 -5.618745
v 2.541170 3.157601 -6.089054
v 2.304174 2.639575 -5.247252
v 2.120865 2.650589 -5.544528
v 1.984264 2.872111 -5.275201
v 2.037965 3.311488 -4.640761
v 2.204503 2.654550 -5.695477
v 2.086776 2.620943 -5.675641
v 2.270947 2.704682 -5.787753
v 1.955034 2.677303 -5.699710
v 1.995679 2.640347 -5.729628
v 1.986820 2.634998 -5.850636
v 2.328145 2.751140 -5.787359
v 2.261325 2.717383 -5.915198
v 1.806843 2.735978 -5.952518
v 2.061117 2.664031 -5.948685
v 2.305935 2.798924 -5.960155
v 2.374967 3.033990 -6.019011
v 2.166441 2.770351 -6.055970
v 2.157401 2.987676 -6.207047
v 2.154254 2.701303 -5.970989
v 1.950033 2.755861 -6.098890
v -2.073412 2.627651 -6.695829
v -2.138601 2.777468 -6.817670
v -2.066887 2.764889 -6.848148
v -2.035558 2.616086 -6.722037
v -1.997156 2.629500 -6.715451
v -2.069041 2.974403 -6.937110
v -1.984618 2.964097 -6.934434
v -2.157315 2.987076 -6.892920
v -2.123813 3.220302 -6.923740
v -2.032693 3.192322 -6.988222
v -2.155098 3.213408 -6.824460
v -1.912668 3.171922 -6.979239
v -1.864964 3.174109 -6.898848
v -2.168045 2.994670 -6.798033
v -2.093524 3.178476 -6.740085
v -2.146602 2.996797 -6.739593
v -2.145030 2.801915 -6.731202
v -1.944095 2.968346 -6.836687
v -1.887789 3.167721 -6.807094
v -1.966211 2.984697 -6.768594
v -1.995263 2.774194 -6.838973
v -1.970100 2.794083 -6.762939
v -1.985152 2.810301 -6.709554
v -1.976518 2.644194 -6.679309
v -1.981012 2.630334 -6.624300
v -2.017636 2.598137 -6.636676
v -2.088327 2.651800 -6.663062
v -2.069513 2.662956 -6.628875
v -2.127222 2.818350 -6.693155
v -2.030442 2.662888 -6.610617
v -1.981012 2.630334 -6.624300
v -1.985152 2.810301 -6.709554
v -2.053869 2.821070 -6.671249
v -2.043298 2.991195 -6.718343
v -2.093524 3.178476 -6.740085
v -1.966211 2.984697 -6.768594
v -2.003666 3.148554 -6.729750
v -1.887789 3.167721 -6.807094
v 5.617820 6.123027 2.315829
v 5.392751 5.826237 1.936282
v 5.022215 5.686629 2.303997
v 5.287417 5.928409 2.709563
v 5.500700 6.213260 3.040228
v 5.790032 6.557236 3.475911
v 6.434913 7.142526 3.684918
v 6.119266 6.974990 4.013795
v 6.670269 7.503839 4.123714
v 6.387465 7.363524 4.458363
v 6.906311 7.845982 3.801037
v 6.951193 7.903701 4.657776
v 6.705499 7.766566 4.933927
v 7.341794 8.299462 5.207928
v 7.041211 8.175482 5.505964
v 7.238238 8.185390 4.293994
v 6.925793 8.255379 3.546063
v 7.247230 8.613308 4.072002
v 7.668082 8.619505 4.830678
v 7.804328 8.703113 5.891253
v 7.399884 8.564690 6.221788
v 7.059168 8.972674 3.955702
v 7.630567 9.048331 4.620188
v 8.152257 9.055147 5.497188
v 8.232649 9.057864 6.443027
v 7.715859 8.882943 6.867062
v 8.415960 9.302097 6.824440
v 7.915884 9.099927 7.251160
v 8.580400 9.431221 6.001592
v 8.085278 9.525992 5.218363
v 7.437120 9.415651 4.557798
v 8.558682 9.458975 7.151387
v 8.077631 9.281619 7.555479
v 8.981543 9.822943 6.735085
v 8.738184 9.600403 7.483000
v 8.218474 9.447460 7.842403
v 8.313699 9.652411 8.006088
v 8.822512 9.874201 7.636840
v 9.158046 9.996286 7.111164
v 9.119209 10.216312 7.391310
v 9.231122 10.595761 6.810269
v 9.203436 10.757520 7.141454
v 8.840598 9.657026 6.392133
v 8.999881 10.469328 6.404501
v 9.021774 11.054390 6.700407
v 9.097797 11.172940 7.020121
v 8.693531 11.464434 7.051584
v 8.507451 9.984277 5.719447
v 8.814105 10.269489 6.080935
v 7.880350 9.903704 5.146978
v 8.339430 10.320339 5.645674
v 8.602345 10.627684 5.983279
v 8.818068 10.849370 6.308792
v 7.161200 9.689657 4.565625
v 7.575804 10.185667 5.191878
v 7.956042 10.683889 5.720273
v 8.205775 10.988510 6.039062
v 8.420735 11.238008 6.314271
v 7.961427 11.273761 6.525939
v 8.589620 11.419834 6.721937
v 8.303616 11.512493 7.144164
v 8.159698 11.509774 6.839635
v 7.912354 11.323050 7.329013
v 7.724369 11.267733 7.097487
v 7.666329 10.883751 7.600902
v 7.742733 11.003592 6.237162
v 7.551445 11.024747 6.825593
v 7.464450 10.818651 7.423092
v 7.695209 9.977736 7.803801
v 7.829093 10.115726 7.983661
v 8.313699 9.652411 8.006088
v 8.218474 9.447460 7.842403
v 7.302094 10.600559 7.143135
v 7.544003 9.808363 7.525389
v 8.077631 9.281619 7.555479
v 7.369988 10.807274 6.553044
v 7.155536 10.422052 6.882867
v 7.388936 9.613364 7.234011
v 7.915884 9.099927 7.251160
v 7.517537 10.733769 5.934060
v 7.172858 10.516319 6.244567
v 7.168972 10.280754 5.426155
v 6.966686 10.201878 6.541008
v 6.852920 10.080284 5.701812
v 6.687896 9.766346 4.769223
v 7.225868 9.394794 6.848192
v 7.715859 8.882943 6.867062
v 6.711061 9.734303 5.993517
v 6.948805 9.046621 6.258024
v 6.321247 9.187973 5.293678
v 6.419825 9.538189 5.021775
v 6.030570 9.176586 4.572762
v 6.327622 9.412930 4.195297
v 2.857018 2.240803 -3.217854
v 3.010663 2.287660 -3.288178
v 3.063114 2.283199 -3.217365
v 2.951531 2.325699 -3.339364
v 3.177388 2.470414 -3.411874
v 3.105684 2.476309 -3.443048
v 3.160751 2.616643 -3.523006
v 3.245486 2.666213 -3.501925
v 3.018131 2.616990 -3.446076
v 3.247086 2.478826 -3.333703
v 3.313939 2.718858 -3.419469
v 3.271597 2.735206 -3.313080
v 2.998065 2.502325 -3.394030
v 2.986939 2.644370 -3.343839
v 2.960726 2.543874 -3.305108
v 3.213990 2.517344 -3.242368
v 3.186304 2.700998 -3.229634
v 2.908225 2.401651 -3.317580
v 2.891384 2.443370 -3.247003
v 2.805913 2.318628 -3.243687
v 2.746020 2.323046 -3.170341
v 2.765197 2.263576 -3.164753
v 2.820138 2.265201 -3.235484
v 2.847112 2.239658 -3.172114
v 2.864257 2.270401 -3.120419
v 2.859584 2.315558 -3.114497
v 3.058745 2.342235 -3.158715
v 2.801621 2.332100 -3.128581
v 2.746020 2.323046 -3.170341
v 2.891384 2.443370 -3.247003
v 2.970759 2.449285 -3.162460
v 2.960726 2.543874 -3.305108
v 3.032177 2.409628 -3.137352
v 3.055189 2.569638 -3.201780
v 2.986939 2.644370 -3.343839
v 3.079598 2.679904 -3.237870
v 3.153030 2.550347 -3.189386
v -3.063189 2.283254 -3.217434
v -3.010662 2.287682 -3.288194
v -2.857018 2.240802 -3.217855
v -2.951506 2.325676 -3.339353
v -3.177362 2.470396 -3.411851
v -3.105658 2.476292 -3.443023
v -3.160649 2.616554 -3.522884
v -3.017977 2.616846 -3.445889
v -3.245333 2.666090 -3.501752
v -2.998013 2.502272 -3.393958
v -2.986888 2.644316 -3.343770
v -2.960701 2.543878 -3.305097
v -3.247111 2.478847 -3.333720
v -3.313862 2.718785 -3.419378
v -3.271546 2.735150 -3.313015
v -2.908224 2.401653 -3.317573
v -2.891384 2.443368 -3.247008
v -3.214066 2.517399 -3.242435
v -3.186303 2.700979 -3.229613
v -2.805913 2.318628 -3.243688
v -2.746020 2.323045 -3.170344
v -2.765222 2.263597 -3.164771
v -2.820137 2.265201 -3.235485
v -2.847137 2.239677 -3.172136
v -2.864333 2.270474 -3.120511
v -2.859659 2.315614 -3.114564
v -3.058922 2.342378 -3.158906
v -2.801620 2.332119 -3.128603
v -2.746020 2.323045 -3.170344
v -2.891384 2.443368 -3.247008
v -2.970810 2.449320 -3.162510
v -2.960701 2.543878 -3.305097
v -3.032329 2.409753 -3.137520
v -3.153105 2.550380 -3.189442
v -3.079598 2.679906 -3.237864
v -3.055188 2.569634 -3.201788
v -2.986888 2.644316 -3.343770
v 2.940609 4.575674 0.110468
v 2.904160 4.614456 0.169529
v 2.886583 4.425322 0.240726
v 2.829687 4.605779 0.190745
v 2.898369 4.391561 0.177104
v 2.902052 4.502346 0.049210
v 2.817292 4.450671 0.259046
v 2.760599 4.573677 0.177303
v 2.884018 4.360105 0.124990
v 2.795956 4.442042 0.046374
v 2.847162 4.203701 0.252745
v 2.791841 4.356705 0.100137
v 2.748331 4.455194 0.083039
v 2.740051 4.378065 0.117570
v 2.716251 4.239964 0.174883
v 2.830906 4.197689 0.185219
v 2.761717 4.218570 0.161080
v 2.738628 4.099174 0.208720
v 2.692578 4.093606 0.230950
v 2.711374 4.072900 0.270730
v 2.761361 4.091948 0.228293
v 2.773248 4.094432 0.262461
v 2.826792 4.214460 0.309040
v 2.741879 4.090303 0.290101
v 2.725928 4.116739 0.305311
v 2.768296 4.240873 0.320753
v 2.695423 4.133353 0.294780
v 2.679192 4.127358 0.264019
v 2.692578 4.093606 0.230950
v 2.716251 4.239964 0.174883
v 2.699106 4.257536 0.245636
v 2.740051 4.378065 0.117570
v 2.719248 4.256864 0.304251
v 2.753995 4.450830 0.249611
v 2.730043 4.516207 0.143843
v 2.726995 4.431164 0.186933
v 2.748331 4.455194 0.083039
v -2.886584 4.425322 0.240725
v -2.904161 4.614456 0.169528
v -2.940609 4.575674 0.110467
v -2.829688 4.605802 0.190735
v -2.898369 4.391561 0.177104
v -2.902052 4.502345 0.049210
v -2.884018 4.360105 0.124989
v -2.795957 4.442042 0.046373
v -2.847163 4.203701 0.252744
v -2.791842 4.356704 0.100137
v -2.748332 4.455194 0.083039
v -2.740051 4.378065 0.117569
v -2.716251 4.239964 0.174882
v -2.830907 4.197689 0.185219
v -2.761718 4.218570 0.161079
v -2.738629 4.099174 0.208720
v -2.692579 4.093605 0.230949
v -2.761362 4.091948 0.228292
v -2.711374 4.072900 0.270729
v -2.773249 4.094432 0.262460
v -2.826792 4.214460 0.309040
v -2.741880 4.090303 0.290100
v -2.725929 4.116739 0.305310
v -2.768296 4.240872 0.320752
v -2.695423 4.133353 0.294779
v -2.679193 4.127358 0.264018
v -2.692579 4.093605 0.230949
v -2.716251 4.239964 0.174882
v -2.699106 4.257536 0.245635
v -2.740051 4.378065 0.117569
v -2.719249 4.256864 0.304250
v -2.817292 4.450671 0.259046
v -2.760600 4.573677 0.177302
v -2.753996 4.450829 0.249610
v -2.730044 4.516207 0.143842
v -2.726995 4.431164 0.186932
v -2.748332 4.455194 0.083039
v 2.854681 2.776793 -1.588526
v 3.014625 2.836762 -1.627171
v 3.031440 2.844035 -1.539694
v 2.823769 2.773954 -1.534053
v 2.763673 2.790385 -1.553299
v 2.849931 2.799718 -1.619901
v 2.975915 2.867890 -1.669679
v 3.104033 2.991763 -1.744977
v 2.927249 2.905127 -1.674949
v 3.178937 2.985912 -1.687699
v 3.205862 3.154519 -1.824636
v 3.052547 3.097436 -1.769790
v 3.269819 3.203918 -1.779024
v 3.007081 3.023871 -1.728080
v 2.999309 3.165622 -1.676086
v 2.961234 3.080364 -1.644677
v 2.871369 2.962259 -1.600666
v 3.210865 2.998708 -1.600356
v 3.303880 3.245631 -1.697113
v 3.259252 3.263881 -1.606021
v 2.807971 2.818931 -1.614199
v 2.767077 2.841872 -1.568310
v 3.161463 3.062241 -1.523307
v 3.177058 3.254971 -1.569092
v 3.101264 3.097842 -1.512547
v 3.060142 3.200534 -1.580757
v 2.998928 2.904663 -1.486459
v 2.839263 2.803631 -1.500306
v 3.023845 3.102552 -1.545395
v 2.950312 2.944265 -1.492932
v 2.821509 2.833759 -1.498363
v 3.060142 3.200534 -1.580757
v 2.999309 3.165622 -1.676086
v 2.961234 3.080364 -1.644677
v 2.915463 2.967592 -1.519377
v 2.871369 2.962259 -1.600666
v 2.794178 2.860043 -1.515718
v 2.767077 2.841872 -1.568310
v -3.031440 2.844035 -1.539695
v -3.014625 2.836761 -1.627172
v -2.854681 2.776793 -1.588527
v -2.823769 2.773954 -1.534053
v -2.763673 2.790385 -1.553299
v -2.849931 2.799718 -1.619902
v -2.975915 2.867890 -1.669680
v -2.927249 2.905127 -1.674949
v -3.104033 2.991763 -1.744978
v -2.807971 2.818931 -1.614200
v -2.767077 2.841872 -1.568311
v -2.871369 2.962259 -1.600667
v -2.961234 3.080364 -1.644678
v -3.007081 3.023871 -1.728081
v -2.999309 3.165622 -1.676087
v -3.052572 3.097436 -1.769791
v -3.205862 3.154519 -1.824637
v -3.178937 2.985912 -1.687700
v -3.269819 3.203941 -1.779035
v -3.210865 2.998708 -1.600357
v -3.303880 3.245631 -1.697114
v -3.259252 3.263881 -1.606022
v -3.161463 3.062241 -1.523308
v -3.177058 3.254971 -1.569093
v -3.101264 3.097842 -1.512547
v -3.060142 3.200534 -1.580758
v -2.998928 2.904663 -1.486460
v -3.023845 3.102552 -1.545396
v -2.839263 2.803631 -1.500307
v -2.950312 2.944265 -1.492933
v -2.821509 2.833758 -1.498364
v -2.915463 2.967592 -1.519378
v -2.999309 3.165622 -1.676087
v -3.060142 3.200534 -1.580758
v -2.961234 3.080364 -1.644678
v -2.871369 2.962259 -1.600667
v -2.794178 2.860043 -1.515718
v -2.767077 2.841872 -1.568311
v -5.230928 3.006370 -1.589881
v -5.104258 3.039233 -1.460167
v -5.229226 3.302361 -1.472422
v -5.352518 3.322357 -1.613078
v -5.325974 3.272235 -1.827268
v -5.047438 3.272146 -1.417509
v -5.196358 2.985126 -1.790556
v -5.207788 3.248219 -1.931768
v -4.872483 2.634412 -1.541499
v -4.950892 3.071298 -1.411540
v -4.885589 3.234985 -1.502816
v -5.031030 3.011539 -1.909500
v -4.922597 3.219976 -1.850920
v -4.849674 2.625651 -1.701073
v -4.805300 3.083246 -1.494944
v -4.815053 3.230246 -1.701714
v -4.754119 3.089555 -1.681932
v -4.625900 2.870506 -1.656015
v -4.784574 2.692854 -1.799774
v -4.849090 3.064279 -1.825841
v -4.815053 3.230246 -1.701714
v -4.754119 3.089555 -1.681932
v -4.682516 2.788406 -1.780117
v -4.625900 2.870506 -1.656015
v -4.570604 2.537997 -1.693571
v -4.504081 2.565058 -1.692812
v -4.444670 2.573362 -1.610856
v -4.579291 2.501932 -1.639142
v -4.453129 2.507092 -1.592534
v -4.541368 2.495417 -1.580369
v -4.565727 2.536184 -1.535572
v -4.537127 2.595175 -1.502202
v -4.796029 2.702873 -1.459756
v -4.721505 2.777592 -1.429041
v -4.484117 2.600479 -1.550402
v -4.444670 2.573362 -1.610856
v -4.670121 2.846997 -1.486513
v 3.158466 2.885885 -5.405996
v 3.153233 3.028857 -5.483925
v 3.214650 3.049902 -5.437788
v 3.092883 2.880172 -5.420508
v 3.173172 3.231036 -5.489640
v 3.106929 3.208451 -5.547492
v 3.179878 3.227449 -5.412912
v 3.065400 3.008263 -5.487739
v 3.026665 3.186985 -5.555769
v 2.981199 3.160523 -5.490313
v 3.015870 3.009752 -5.430904
v 2.972512 3.179227 -5.400414
v 3.026690 3.037500 -5.335308
v 3.031186 2.894711 -5.367084
v 3.041041 2.919694 -5.278234
v 3.024760 2.778604 -5.254023
v 3.022220 2.763372 -5.190570
v 3.055875 2.738044 -5.201412
v 3.056612 2.761930 -5.286208
v 3.096490 2.752202 -5.276301
v 3.112949 2.754002 -5.234432
v 3.208478 2.901888 -5.370893
v 3.212136 3.070443 -5.364309
v 3.149830 3.212493 -5.352548
v 3.205532 2.922812 -5.310413
v 3.130602 2.791129 -5.215980
v 3.184628 3.077280 -5.311077
v 3.183256 2.946579 -5.264921
v 3.109647 2.809030 -5.194942
v 3.107691 3.070023 -5.294744
v 3.068804 3.197600 -5.334247
v 3.026690 3.037500 -5.335308
v 2.972512 3.179227 -5.400414
v 3.116429 2.949058 -5.248850
v 3.041041 2.919694 -5.278234
v 3.072360 2.800608 -5.182985
v 3.022220 2.763372 -5.190570
v -3.214802 3.050063 -5.438072
v -3.153207 3.028843 -5.483893
v -3.158465 2.885885 -5.405997
v -3.092882 2.880172 -5.420509
v -3.173197 3.231050 -5.489674
v -3.106674 3.208210 -5.547069
v -3.180029 3.227610 -5.413196
v -3.065399 3.008249 -5.487707
v -3.026588 3.186866 -5.555587
v -2.981147 3.160495 -5.490248
v -3.015869 3.009752 -5.430905
v -2.972333 3.179075 -5.400109
v -3.026664 3.037486 -5.335276
v -3.031185 2.894711 -5.367085
v -3.041040 2.919681 -5.278201
v -3.024759 2.778604 -5.254024
v -3.022219 2.763372 -5.190571
v -3.055874 2.738044 -5.201413
v -3.056611 2.761930 -5.286209
v -3.096489 2.752202 -5.276302
v -3.112948 2.754025 -5.234442
v -3.208528 2.901940 -5.370970
v -3.109671 2.809030 -5.194943
v -3.212541 3.070845 -5.365017
v -3.149854 3.212507 -5.352582
v -3.130626 2.791157 -5.216046
v -3.205683 2.922973 -5.310697
v -3.184779 3.077450 -5.311337
v -3.183306 2.946622 -5.265021
v -3.107716 3.070037 -5.294778
v -3.068777 3.197563 -5.334206
v -3.026664 3.037486 -5.335276
v -2.972333 3.179075 -5.400109
v -3.116428 2.949072 -5.248884
v -3.041040 2.919681 -5.278201
v -3.072359 2.800608 -5.182986
v -3.022219 2.763372 -5.190571
v 4.300677 6.187498 2.658814
v 3.543529 6.807131 2.563977
v 4.108958 6.015325 2.299435
v 3.180080 7.082863 2.459929
v 3.379470 6.624290 2.215097
v 3.868319 5.851263 1.878284
v 3.200806 6.454276 1.817413
v 3.560521 5.990916 1.368338
v 3.128721 6.731223 2.205830
v 2.910408 6.671940 2.603580
v 2.966948 6.375660 2.011455
v 2.793085 6.826574 3.044196
v 2.672664 6.363103 2.624548
v 3.004388 6.754983 3.571203
v 2.565654 6.390377 2.972288
v 2.692603 6.169188 2.063512
v 2.382070 5.905087 2.531302
v 2.770632 4.084592 -0.174204
v 2.645867 3.794160 -0.051715
v 2.661108 3.771463 -0.156265
v 2.776677 4.044246 -0.268283
v 2.677211 4.100239 -0.110908
v 2.726309 3.967982 -0.312102
v 2.624557 3.787376 -0.234303
v 2.583587 3.924233 -0.304302
v 2.546629 3.832505 -0.257264
v 2.506470 3.970544 -0.254494
v 2.480610 3.883195 -0.219885
v 2.409680 3.752567 -0.186752
v 2.458349 3.696880 -0.211051
v 2.497760 3.635961 -0.196802
v 2.323359 3.582124 -0.187220
v 2.269940 3.588620 -0.187380
v 2.250179 3.539602 -0.175235
v 2.341629 3.556005 -0.183961
v 2.507280 3.598694 -0.125108
v 2.329719 3.519665 -0.159928
v 2.293889 3.523722 -0.123179
v 2.455129 3.576915 -0.044158
v 2.293889 3.523722 -0.123179
v 2.281639 3.574216 -0.093995
v 2.270189 3.607926 -0.113916
v 2.269940 3.588620 -0.187380
v 2.420191 3.668670 -0.028275
v 2.268390 3.618554 -0.146730
v 2.409680 3.752567 -0.186752
v 2.388700 3.744178 -0.057397
v 2.562860 3.855763 -0.040313
v 2.567661 4.073061 -0.103021
v 2.504080 3.888533 -0.054209
v 2.498799 4.045536 -0.165535
v 2.388710 3.767877 -0.110688
v 2.466040 3.901479 -0.140053
v 2.506470 3.970544 -0.254494
v 2.480610 3.883195 -0.219885
v -2.661108 3.771463 -0.156265
v -2.645868 3.794160 -0.051716
v -2.770633 4.084592 -0.174205
v -2.776678 4.044246 -0.268284
v -2.677212 4.100239 -0.110908
v -2.726310 3.967981 -0.312103
v -2.624557 3.787376 -0.234303
v -2.583587 3.924233 -0.304302
v -2.546630 3.832505 -0.257265
v -2.506470 3.970544 -0.254495
v -2.480610 3.883195 -0.219886
v -2.409681 3.752567 -0.186753
v -2.458350 3.696880 -0.211051
v -2.497761 3.635960 -0.196803
v -2.323359 3.582124 -0.187221
v -2.269940 3.588620 -0.187381
v -2.250179 3.539602 -0.175236
v -2.341629 3.556005 -0.183962
v -2.507280 3.598694 -0.125108
v -2.329719 3.519665 -0.159929
v -2.293890 3.523722 -0.123180
v -2.455129 3.576915 -0.044159
v -2.293890 3.523722 -0.123180
v -2.281640 3.574216 -0.093996
v -2.270189 3.607926 -0.113917
v -2.269940 3.588620 -0.187381
v -2.420191 3.668670 -0.028276
v -2.268391 3.618553 -0.146731
v -2.409681 3.752567 -0.186753
v -2.388700 3.744178 -0.057397
v -2.562860 3.855763 -0.040313
v -2.567661 4.073061 -0.103022
v -2.504080 3.888532 -0.054210
v -2.498799 4.045536 -0.165536
v -2.388711 3.767877 -0.110689
v -2.466041 3.901479 -0.140054
v -2.506470 3.970544 -0.254495
v -2.480610 3.883195 -0.219886
v 2.387250 4.954494 0.681399
v 2.409040 5.156830 0.593216
v 2.309749 5.141316 0.603559
v 2.445281 5.096747 0.537982
v 2.302150 4.958158 0.686560
v 2.240570 5.103118 0.584132
v 2.418451 4.919918 0.614283
v 2.235411 4.945463 0.652351
v 2.444638 5.042722 0.495516
v 2.218660 5.044248 0.520261
v 2.324659 4.729524 0.729689
v 2.415009 4.891361 0.555020
v 2.366851 4.958384 0.473607
v 2.351969 4.708332 0.658838
v 2.364120 4.875220 0.515100
v 2.260199 4.577434 0.659041
v 2.263300 4.882750 0.513343
v 2.266031 4.965214 0.474219
v 2.244240 4.746969 0.557241
v 2.352088 4.706807 0.601914
v 2.261390 4.577616 0.625942
v 2.320811 4.717288 0.565293
v 2.243351 4.574255 0.603390
v 2.198180 4.568548 0.607186
v 2.204179 4.552085 0.639966
v 2.240151 4.578475 0.683872
v 2.256981 4.754107 0.723115
v 2.209709 4.590606 0.686335
v 2.186021 4.595639 0.668054
v 2.208040 4.763939 0.684104
v 2.179991 4.604230 0.626953
v 2.198180 4.568548 0.607186
v 2.244240 4.746969 0.557241
v 2.208040 4.762172 0.616463
v 2.221979 4.912656 0.572975
v 2.263300 4.882750 0.513343
v 2.266031 4.965214 0.474219
v -2.309750 5.141316 0.603558
v -2.409041 5.156830 0.593215
v -2.387250 4.954494 0.681399
v -2.445282 5.096746 0.537982
v -2.302150 4.958158 0.686560
v -2.240570 5.103118 0.584132
v -2.418452 4.919918 0.614283
v -2.444639 5.042722 0.495516
v -2.324660 4.729524 0.729688
v -2.235411 4.945463 0.652350
v -2.218660 5.044248 0.520260
v -2.415010 4.891361 0.555019
v -2.366851 4.958384 0.473607
v -2.351969 4.708332 0.658838
v -2.260199 4.577434 0.659041
v -2.256981 4.754107 0.723115
v -2.240151 4.578475 0.683872
v -2.261391 4.577616 0.625942
v -2.209709 4.590605 0.686334
v -2.208040 4.763939 0.684104
v -2.186021 4.595639 0.668054
v -2.204180 4.552085 0.639966
v -2.179991 4.604230 0.626953
v -2.198180 4.568548 0.607185
v -2.244241 4.746969 0.557240
v -2.208040 4.762172 0.616463
v -2.221980 4.912656 0.572975
v -2.263301 4.882750 0.513343
v -2.266031 4.965214 0.474218
v -2.243351 4.574255 0.603389
v -2.198180 4.568548 0.607185
v -2.244241 4.746969 0.557240
v -2.320811 4.717288 0.565293
v -2.352089 4.706807 0.601914
v -2.364121 4.875220 0.515100
v -2.263301 4.882750 0.513343
v -2.266031 4.965214 0.474218
v -2.139823 2.253833 -5.765662
v -2.083168 2.259593 -5.802883
v -1.938980 2.113450 -5.628958
v -1.911357 2.161725 -5.648338
v -1.944941 2.109603 -5.586512
v -2.142037 2.471525 -5.909971
v -2.009513 2.283938 -5.795340
v -2.055792 2.462350 -5.890006
v -2.061146 2.664050 -5.948776
v -1.986846 2.635040 -5.850737
v -2.154283 2.701345 -5.971089
v -1.981471 2.464855 -5.797195
v -1.995718 2.640380 -5.729752
v -1.981256 2.473592 -5.711399
v -1.960694 2.318897 -5.742871
v -1.961903 2.352946 -5.664703
v -1.895203 2.193154 -5.636312
v -1.869183 2.198446 -5.560216
v -1.881672 2.132321 -5.553011
v 2.651583 2.057206 -4.062512
v 2.820061 2.159469 -4.179390
v 2.871293 2.156674 -4.133125
v 2.753082 2.173914 -4.206999
v 2.922373 2.299274 -4.258684
v 2.845411 2.307543 -4.295918
v 2.899843 2.497379 -4.395536
v 2.980919 2.508575 -4.344883
v 2.784908 2.489966 -4.287795
v 3.030272 2.524946 -4.273164
v 2.753285 2.338919 -4.224888
v 2.777440 2.519609 -4.176908
v 2.743963 2.368267 -4.125746
v 2.973401 2.297120 -4.196575
v 3.011451 2.533974 -4.167311
v 2.683028 2.212218 -4.154984
v 2.674418 2.242140 -4.076406
v 2.956307 2.321161 -4.110166
v 2.969845 2.536087 -4.102033
v 2.628901 2.070972 -4.082962
v 2.597913 2.097736 -4.071187
v 2.585035 2.117423 -4.016365
v 2.595525 2.056199 -4.007145
v 2.654961 2.050004 -4.025620
v 2.865578 2.184530 -4.059193
v 2.666493 2.065786 -3.995403
v 2.662429 2.104757 -3.983178
v 2.662429 2.104757 -3.983178
v 2.896236 2.348147 -4.052450
v 2.876246 2.548263 -4.102963
v 2.812391 2.215341 -4.012072
v 2.666493 2.065786 -3.995403
v 2.654961 2.050004 -4.025620
v 2.815439 2.371993 -4.060671
v 2.777440 2.519609 -4.176908
v 2.743963 2.368267 -4.125746
v 2.742845 2.234912 -4.017090
v 2.674418 2.242140 -4.076406
v 2.635429 2.114241 -3.985034
v 2.585035 2.117423 -4.016365
v -2.871216 2.156618 -4.132995
v -2.819908 2.159350 -4.179208
v -2.651531 2.057164 -4.062414
v -2.752674 2.173602 -4.206410
v -2.922245 2.299165 -4.258478
v -2.845257 2.307396 -4.295670
v -2.753106 2.338768 -4.224583
v -2.899639 2.497204 -4.395222
v -2.784856 2.489923 -4.287697
v -2.980436 2.508163 -4.344201
v -2.777388 2.519557 -4.176833
v -3.029890 2.524662 -4.272642
v -2.743860 2.368210 -4.125615
v -2.973197 2.296958 -4.196294
v -3.011500 2.534036 -4.167364
v -2.682570 2.211839 -4.154288
v -2.674264 2.241993 -4.076157
v -2.956204 2.321057 -4.110015
v -2.969793 2.536035 -4.101958
v -2.597709 2.097547 -4.070840
v -2.584958 2.117366 -4.016234
v -2.628722 2.070848 -4.082723
v -2.595423 2.056128 -4.006981
v -2.654859 2.049932 -4.025455
v -2.865450 2.184422 -4.058986
v -2.666162 2.065540 -3.994924
v -2.662148 2.104539 -3.982764
v -2.662148 2.104539 -3.982764
v -2.812212 2.215194 -4.011823
v -2.896006 2.347986 -4.052168
v -2.876194 2.548201 -4.102913
v -2.654859 2.049932 -4.025455
v -2.666162 2.065540 -3.994924
v -2.815361 2.371912 -4.060531
v -2.777388 2.519557 -4.176833
v -2.743860 2.368210 -4.125615
v -2.742768 2.234846 -4.016983
v -2.674264 2.241993 -4.076157
v -2.635326 2.114147 -3.984861
v -2.584958 2.117366 -4.016234
v 2.791080 3.116629 -0.836140
v 2.997378 3.259410 -0.885733
v 2.999893 3.290123 -0.801382
v 3.136824 3.509259 -0.980496
v 3.079979 3.451587 -1.039840
v 3.132176 3.555173 -0.914632
v 3.048839 3.577290 -0.832169
v 2.969032 3.263513 -0.959307
v 2.994330 3.443680 -1.029888
v 2.918816 3.297954 -0.973469
v 2.813711 3.152223 -0.913760
v 2.945410 3.362126 -0.755287
v 2.965070 3.555690 -0.809081
v 2.888514 3.408490 -0.756438
v 2.902332 3.525135 -0.861474
v 2.856129 3.424598 -0.819335
v 2.850236 3.382892 -0.917318
v 2.850236 3.382892 -0.917318
v 2.915997 3.498134 -0.962619
v 2.902332 3.525135 -0.861474
v 2.740965 3.264974 -0.873179
v 2.730983 3.272111 -0.803923
v 2.740889 3.256305 -0.757803
v 2.755393 3.176897 -0.728110
v 2.613762 3.175288 -0.793703
v 2.607209 3.184061 -0.817567
v 2.586483 3.168358 -0.860511
v 2.561209 3.125807 -0.846744
v 2.615896 3.137829 -0.777368
v 2.776373 3.119683 -0.763678
v 2.613254 3.095635 -0.811182
v 2.642642 3.099041 -0.852193
v 2.654682 3.120700 -0.883385
v 2.641778 3.153964 -0.884968
v 2.586483 3.168358 -0.860511
v 2.740965 3.264974 -0.873179
v 2.773503 3.199524 -0.920529
v 2.850236 3.382892 -0.917318
v 2.994330 3.443680 -1.029888
v 2.915997 3.498134 -0.962619
v -2.999893 3.290123 -0.801383
v -2.997378 3.259410 -0.885734
v -2.791080 3.116629 -0.836140
v -3.136824 3.509259 -0.980497
v -3.079979 3.451587 -1.039841
v -3.132176 3.555173 -0.914633
v -3.048839 3.577290 -0.832170
v -2.969032 3.263513 -0.959308
v -2.994330 3.443680 -1.029889
v -2.918816 3.297954 -0.973470
v -2.813711 3.152223 -0.913760
v -2.945410 3.362126 -0.755288
v -2.965070 3.555690 -0.809082
v -2.776373 3.119683 -0.763678
v -2.755393 3.176897 -0.728110
v -2.888514 3.408490 -0.756439
v -2.902332 3.525135 -0.861475
v -2.740889 3.256305 -0.757803
v -2.615896 3.137829 -0.777369
v -2.613762 3.175288 -0.793704
v -2.730983 3.272111 -0.803924
v -2.856129 3.424598 -0.819336
v -2.850236 3.382892 -0.917319
v -2.850236 3.382892 -0.917319
v -2.902332 3.525135 -0.861475
v -2.915997 3.498134 -0.962619
v -2.740965 3.264974 -0.873180
v -2.607209 3.184061 -0.817568
v -2.586483 3.168358 -0.860512
v -2.561209 3.125807 -0.846744
v -2.613254 3.095635 -0.811183
v -2.642642 3.099041 -0.852194
v -2.654682 3.120700 -0.883385
v -2.641778 3.153964 -0.884969
v -2.586483 3.168358 -0.860512
v -2.740965 3.264974 -0.873180
v -2.773503 3.199524 -0.920530
v -2.850236 3.382892 -0.917319
v -2.994330 3.443680 -1.029889
v -2.915997 3.498134 -0.962619
v 2.658263 5.030857 0.367742
v 2.359551 4.893413 0.396589
v 2.503930 4.769797 0.318841
v 2.444638 5.042722 0.495516
v 2.366851 4.958384 0.473607
v 2.266031 4.965214 0.474219
v 2.195970 4.868071 0.413356
v 2.218660 5.044248 0.520261
v 2.063059 5.022957 0.500529
v 2.240570 5.103118 0.584132
v 2.545055 5.235909 0.527555
v 2.715057 5.182778 0.672390
v 2.445281 5.096747 0.537982
v 2.409040 5.156830 0.593216
v 2.440160 5.360920 0.599669
v 2.309749 5.141316 0.603559
v 2.107679 5.323521 0.562515
v 2.302629 5.411394 0.620686
v 2.574392 5.340009 0.864552
v 2.176831 5.684692 1.016977
v 1.960669 5.139767 0.598492
v 1.919181 4.902242 0.663815
v 1.865010 5.755528 0.888427
v 1.822011 4.986070 0.741516
v 1.868419 6.111363 1.466722
v 1.868071 5.294840 0.657802
v 1.714330 5.276781 0.696195
v 1.673929 4.991359 0.772634
v 1.772989 4.890908 0.732467
v 1.668859 4.905721 0.750618
v 1.594929 4.888820 0.729897
v 1.379830 5.009630 0.868526
v 1.519100 5.581134 0.890670
v 0.872906 5.087248 1.171491
v 1.612239 6.180901 1.460949
v 1.844909 6.401556 1.876633
v 0.976764 5.712410 1.253814
v 0.474926 5.637448 1.552292
v 1.298859 6.194584 1.462917
v 1.574980 6.452416 1.824083
v 1.530769 6.559813 2.266471
v 1.245679 6.478652 1.849378
v 1.229169 6.599696 2.271775
v 0.937549 6.151808 1.540899
v 0.895291 6.426249 1.915307
v 3.435250 2.695996 -4.387727
v 3.489326 2.790869 -4.477533
v 3.539720 2.795401 -4.427484
v 3.408503 2.711432 -4.408786
v 3.447289 2.695988 -4.362577
v 3.447162 2.714717 -4.333888
v 3.429103 2.731661 -4.317253
v 3.515615 2.827917 -4.361771
v 3.558008 3.012510 -4.420875
v 3.579217 2.992618 -4.495951
v 3.533802 3.162307 -4.458112
v 3.562326 3.139159 -4.549359
v 3.486862 3.156292 -4.405511
v 3.525394 2.972461 -4.561929
v 3.512491 3.117896 -4.618807
v 3.434970 2.807900 -4.492174
v 3.448153 2.968686 -4.580847
v 3.403499 3.113135 -4.637113
v 3.383002 2.843452 -4.469433
v 3.371546 2.980150 -4.536259
v 3.333827 3.107050 -4.578362
v 3.332913 3.095498 -4.469686
v 3.362478 2.996415 -4.443833
v 3.374112 2.882366 -4.403093
v 3.376855 2.718912 -4.388936
v 3.367990 2.714877 -4.340429
v 3.399156 2.683448 -4.343653
v 3.400071 2.728445 -4.313241
v 3.367990 2.714877 -4.340429
v 3.374112 2.882366 -4.403093
v 3.420390 2.886814 -4.350988
v 3.479953 2.856054 -4.339118
v 3.497632 3.019743 -4.374687
v 3.401239 3.127801 -4.410695
v 3.419044 3.007238 -4.378436
v 3.362478 2.996415 -4.443833
v 3.401239 3.127801 -4.410695
v 3.332913 3.095498 -4.469686
v 5.229226 3.302361 -1.472420
v 5.104258 3.039233 -1.460166
v 5.230928 3.006370 -1.589880
v 5.352518 3.322357 -1.613076
v 5.325974 3.272235 -1.827266
v 5.047438 3.272146 -1.417507
v 5.196358 2.985127 -1.790554
v 5.207788 3.248219 -1.931767
v 4.872509 2.634435 -1.541509
v 4.950892 3.071298 -1.411539
v 4.885589 3.234985 -1.502815
v 4.796029 2.702873 -1.459754
v 4.805300 3.083246 -1.494942
v 4.815053 3.230247 -1.701712
v 4.754094 3.089555 -1.681931
v 4.625900 2.870506 -1.656013
v 4.721505 2.777592 -1.429039
v 4.670121 2.846997 -1.486512
v 4.537127 2.595175 -1.502201
v 4.484117 2.600480 -1.550401
v 4.444670 2.573362 -1.610855
v 4.565727 2.536184 -1.535570
v 4.453129 2.507092 -1.592533
v 4.541368 2.495418 -1.580368
v 4.539159 3.381961 -1.778207
v 4.639311 3.386798 -2.260741
v 4.882567 3.276616 -1.945044
v 4.330751 3.548842 -1.869974
v 4.356228 3.489481 -2.310889
v 3.995675 3.394878 -2.057220
v 3.965449 3.403376 -2.141877
v 3.950437 3.441617 -1.977109
v 4.032479 3.510066 -2.441812
v 4.342816 3.487946 -2.704104
v 3.894557 3.425930 -2.215998
v 3.984778 3.518675 -1.805658
v 3.875329 3.476074 -1.956021
v 3.815436 3.532305 -2.005445
v 3.760928 3.513274 -2.362567
v 3.791433 3.501241 -2.212329
v 3.760445 3.541368 -2.112819
v 4.258996 3.730895 -1.477075
v 3.548762 3.485020 -1.794607
v 3.554832 3.453428 -2.053706
v 4.017671 3.505940 -2.652988
v 3.547085 3.369372 -2.512326
v 3.984042 3.473544 -2.945538
v 3.529382 3.264603 -2.758651
v 4.315105 3.477169 -3.058753
v 4.034003 3.426005 -3.150684
v 3.987267 3.447416 -3.080383
v 3.873298 3.474315 -3.042622
v 3.873298 3.474315 -3.042622
v 4.004794 3.404076 -3.242096
v 3.984042 3.473544 -2.945538
v 3.816249 3.484412 -3.096506
v 3.816249 3.484412 -3.096506
v 4.226155 3.429723 -3.547808
v 4.525494 3.370581 -3.332211
v 4.436899 3.348912 -3.630297
v 4.107562 3.389921 -3.886220
v 3.890773 3.468288 -3.475677
v 3.913735 3.406804 -3.336662
v 3.791891 3.443668 -3.257601
v 3.779699 3.436807 -3.789440
v 3.929889 3.285395 -4.002037
v 4.015716 3.314967 -4.150507
v 3.934436 3.283098 -4.116466
v 3.863595 3.302501 -3.944352
v 3.858972 3.288970 -4.172454
v 3.767456 3.339696 -3.978059
v 3.702965 3.370462 -4.076353
v 3.846678 3.381063 -4.484355
v 4.082873 3.329880 -4.550411
v 3.795624 3.413547 -5.012793
v 3.531846 3.288541 -4.337265
v 3.764840 3.300567 -4.204478
v 3.713075 3.322934 -4.142221
v 3.702965 3.370462 -4.076353
v 3.566009 3.468043 -4.952428
v 3.517418 3.477816 -5.434993
v 3.533802 3.162307 -4.458112
v 3.562326 3.139159 -4.549359
v 3.486862 3.156292 -4.405511
v 3.401239 3.127801 -4.410695
v 3.512491 3.117896 -4.618807
v 3.294787 3.230052 -4.808305
v 3.403499 3.113135 -4.637113
v 3.333827 3.107050 -4.578362
v 3.332913 3.095498 -4.469686
v 3.123490 3.230838 -5.149814
v 3.326360 3.431439 -5.327974
v 3.211145 3.391220 -5.613661
v 3.108885 3.484149 -6.036510
v 3.179878 3.227449 -5.412912
v 3.173172 3.231036 -5.489640
v 3.149830 3.212493 -5.352548
v 3.068804 3.197600 -5.334247
v 3.106929 3.208451 -5.547492
v 2.972512 3.179227 -5.400414
v 2.979345 3.399706 -5.921631
v 2.981199 3.160523 -5.490313
v 3.026665 3.186985 -5.555769
v 2.760803 3.362210 -6.299009
v 2.732609 3.473748 -6.590186
v 2.741728 3.209709 -6.077266
v 2.765147 3.233448 -6.159817
v 2.724735 3.230632 -6.252313
v 2.640026 3.204582 -6.287386
v 2.611604 3.408381 -6.502404
v 2.345856 3.493386 -7.048273
v 2.369740 3.227108 -6.386401
v 2.561769 3.178930 -6.279513
v 2.498040 3.166355 -6.192735
v 2.154772 3.212919 -6.823418
v 2.124046 3.220662 -6.924484
v 2.092671 3.177167 -6.737322
v 2.032771 3.192436 -6.988485
v 2.003307 3.147995 -6.728542
v 1.949792 3.546536 -7.536546
v 2.204002 3.498010 -7.698584
v 1.821933 3.474045 -8.164597
v 1.739406 3.367152 -7.290151
v 1.912682 3.171926 -6.979294
v 1.555055 3.582692 -7.983953
v 1.511189 3.185330 -6.996184
v 1.865039 3.174223 -6.899110
v 1.334316 3.460305 -7.683352
v 0.983393 3.282386 -7.405833
v 1.117898 3.482245 -7.890427
v 0.859220 3.446650 -8.058097
v 1.277342 3.559874 -8.270214
v 1.474344 3.476094 -8.585244
v 2.027025 3.492485 -8.334611
v 1.644334 3.477599 -8.784525
v 0.854236 3.537935 -8.592085
v 0.989049 3.461794 -9.003903
v 1.062763 3.556029 -9.265926
v 0.465057 3.491152 -9.253450
v 0.493064 3.490022 -9.535624
v 0.405677 3.566944 -8.811428
v 0.401981 3.426756 -8.218588
v 0.413206 3.274755 -7.680775
v 0.000001 3.452382 -9.392253
v 0.000001 3.481411 -9.703004
v -0.493069 3.490069 -9.535779
v 0.000001 3.588109 -8.846954
v -0.465068 3.491252 -9.253681
v -1.062804 3.556162 -9.266280
v 0.000001 3.454030 -8.230494
v -0.405716 3.567281 -8.812300
v -0.989131 3.462089 -9.004677
v -1.644240 3.477409 -8.784039
v 0.000001 3.284518 -7.761079
v -0.402112 3.427889 -8.221308
v -0.854486 3.538959 -8.594597
v -1.474312 3.476023 -8.585079
v -2.026658 3.491855 -8.333104
v -1.821807 3.473804 -8.164037
v -2.404752 3.504238 -7.874706
v -1.277594 3.560594 -8.271840
v -0.859845 3.449158 -8.063959
v -2.203673 3.497479 -7.697445
v -2.794508 3.498702 -7.334239
v -1.554998 3.582564 -7.983655
v -1.118686 3.484691 -7.895964
v -1.949675 3.546327 -7.536108
v -1.334404 3.460532 -7.683880
v -0.983609 3.283121 -7.407492
v -1.739209 3.366764 -7.289341
v -2.032693 3.192322 -6.988222
v -1.912668 3.171922 -6.979239
v -2.345807 3.493305 -7.048133
v -2.123813 3.220302 -6.923740
v -2.155098 3.213408 -6.824460
v -1.510769 3.184434 -6.994243
v -1.864964 3.174109 -6.898848
v -2.556129 3.515855 -7.190890
v -2.923997 3.517888 -6.703451
v -3.166415 3.443991 -6.767994
v -2.732684 3.473828 -6.590328
v -3.295853 3.463928 -6.135592
v -3.510229 3.400141 -6.218503
v -3.108782 3.484041 -6.036304
v -2.611501 3.408254 -6.502109
v -2.759685 3.360851 -6.296447
v -2.370274 3.227846 -6.387844
v -2.093524 3.178476 -6.740085
v -2.639847 3.204388 -6.286982
v -2.724073 3.229840 -6.250797
v -2.561793 3.178920 -6.279538
v -2.764764 3.232998 -6.158957
v -2.497881 3.166152 -6.192355
v -2.978582 3.398849 -5.920144
v -2.741422 3.209354 -6.076579
v -2.157593 2.987951 -6.207595
v -2.540686 3.156990 -6.087910
v -2.003666 3.148554 -6.729750
v -2.768575 3.170739 -5.719460
v -2.636266 3.171867 -6.029645
v -2.482337 2.926740 -5.749575
v -2.374531 3.033440 -6.017919
v -2.166556 2.770527 -6.056287
v -3.106674 3.208210 -5.547069
v -3.211017 3.391111 -5.613454
v -3.026588 3.186866 -5.555587
v -3.173197 3.231050 -5.489674
v -2.981147 3.160495 -5.490248
v -3.180029 3.227610 -5.413196
v -2.972333 3.179075 -5.400109
v -3.517494 3.477896 -5.435135
v -3.326333 3.431401 -5.327932
v -3.123032 3.230374 -5.149056
v -3.149854 3.212507 -5.352582
v -3.068777 3.197563 -5.334206
v -3.725088 3.372538 -5.490399
v -3.913962 3.374456 -5.582945
v -3.565475 3.467537 -4.951708
v -3.795624 3.413546 -5.012794
v -4.044950 3.296180 -5.055357
v -4.242003 3.358727 -5.150300
v -2.787193 3.024384 -5.300985
v -4.340251 3.203812 -4.602556
v -4.731868 3.265200 -4.695397
v -4.083127 3.330097 -4.550690
v -3.846474 3.380883 -4.484121
v -4.257472 3.294764 -4.234070
v -4.536898 3.153490 -4.231845
v -4.749496 3.135980 -4.445544
v -4.791888 3.105741 -4.354588
v -4.636440 3.103242 -4.184213
v -4.631792 3.151618 -3.977512
v -4.014927 3.314338 -4.149684
v -4.342664 3.304376 -3.947818
v -4.507865 3.208030 -3.956957
v -4.686148 3.219230 -3.697657
v -4.759224 3.179012 -3.830543
v -4.944034 3.235678 -3.785901
v -4.983531 3.292242 -3.719647
v -4.436695 3.348758 -3.630136
v -4.774362 3.294288 -3.493485
v -5.058156 3.351775 -3.520083
v -5.106925 3.303852 -3.347432
v -4.105682 3.388365 -3.884429
v -4.525493 3.370581 -3.332212
v -4.807408 3.235041 -3.273131
v -5.156607 3.262723 -3.171717
v -4.887647 3.213833 -3.049772
v -5.154702 3.175536 -3.058721
v -4.950892 3.127893 -2.960871
v -4.601083 3.280922 -3.186169
v -4.757497 3.231413 -2.737837
v -4.521379 3.315363 -2.977459
v 0.926782 6.650064 2.272719
v 0.479117 6.050853 1.785121
v 0.479242 6.303860 2.055819
v 0.484207 6.492446 2.385524
v 0.969365 6.712256 2.669391
v 0.462633 6.594357 2.719833
v -0.000001 6.417319 2.478387
v -0.000001 6.233390 2.182884
v -0.484208 6.492470 2.385515
v -0.000000 5.978307 1.888739
v -0.479243 6.303860 2.055819
v -0.926783 6.650064 2.272719
v -0.000000 5.664288 1.653716
v -0.000000 5.085761 1.477472
v -0.474927 5.637448 1.552292
v -0.479118 6.050853 1.785121
v -0.895292 6.426249 1.915307
v -1.229170 6.599696 2.271775
v -0.937550 6.151808 1.540899
v -1.245680 6.478652 1.849378
v -1.530770 6.559813 2.266471
v -0.976765 5.712410 1.253814
v -0.872907 5.087248 1.171491
v -1.298860 6.194584 1.462917
v -1.574981 6.452416 1.824082
v -1.844910 6.401556 1.876633
v -1.519101 5.581134 0.890670
v -1.379830 5.009630 0.868525
v -1.612240 6.180901 1.460948
v -1.868420 6.111363 1.466721
v -1.865011 5.755528 0.888427
v -2.176832 5.684692 1.016977
v -1.714330 5.276781 0.696194
v -1.673929 4.991359 0.772633
v -1.594930 4.888820 0.729896
v -1.668859 4.905721 0.750618
v -1.772989 4.890908 0.732467
v -1.822011 4.986070 0.741515
v -1.821910 4.813935 0.693535
v -1.868071 5.294840 0.657802
v -2.107680 5.323521 0.562514
v -1.960670 5.139767 0.598492
v -1.919181 4.902242 0.663814
v -1.785849 4.755959 0.633288
v -1.936540 4.774183 0.517950
v -2.063060 5.022957 0.500529
v -2.195970 4.868070 0.413355
v -2.240570 5.103118 0.584132
v -2.218660 5.044248 0.520260
v -2.309750 5.141316 0.603558
v -2.266031 4.965214 0.474218
v -2.074970 4.674987 0.415064
v -2.359551 4.893413 0.396588
v -2.366851 4.958384 0.473607
v -2.444639 5.042722 0.495516
v -2.253989 4.742747 0.389831
v -2.658263 5.030857 0.367741
v -2.218881 4.549076 0.419905
v -2.138841 4.551578 0.400207
v -2.098599 4.486799 0.312050
v -1.922049 4.566818 0.293179
v -2.047680 4.395083 0.183764
v -2.119351 4.417411 0.261808
v -2.179260 4.362955 0.253600
v -2.392891 4.584439 0.407172
v -2.322521 4.499269 0.418514
v -2.337819 4.436715 0.340080
v -2.503930 4.769797 0.318841
v -2.203141 4.301250 0.128755
v -1.949821 4.722833 -0.052169
v -2.255259 4.272869 0.003026
v -2.451271 4.424725 0.090276
v -2.376140 4.406566 0.218844
v -2.280321 4.362308 0.268341
v -2.434560 4.482110 0.298946
v -2.584578 4.594362 0.179970
v -2.747341 4.315309 -0.094712
v -2.748332 4.455194 0.083039
v -2.795957 4.442042 0.046373
v -2.730044 4.516207 0.143842
v -2.902052 4.502345 0.049210
v -2.760600 4.573677 0.177302
v -3.113609 4.610224 -0.004644
v -2.940609 4.575674 0.110467
v -2.904161 4.614456 0.169528
v -2.810587 4.817748 0.225616
v -2.829688 4.605802 0.190735
v -2.955392 4.804702 0.280744
v -3.134513 4.862802 0.339928
v -2.841321 5.015255 0.487546
v -3.076728 5.185961 0.519965
v -2.715058 5.182778 0.672389
v -2.545055 5.235908 0.527554
v -2.445282 5.096746 0.537982
v -2.409041 5.156830 0.593215
v -2.440161 5.360920 0.599669
v -2.574393 5.340009 0.864552
v -2.302630 5.411394 0.620686
v 1.657259 4.431983 0.823841
v 1.759819 4.610383 0.789937
v 1.732338 4.644439 0.851137
v 1.821909 4.813935 0.693535
v 1.785849 4.755959 0.633288
v 1.772989 4.890908 0.732467
v 1.739321 4.600556 0.709650
v 1.644579 4.681530 0.868740
v 1.668859 4.905721 0.750618
v 1.656629 4.450370 0.753063
v 1.680901 4.620268 0.667509
v 1.702461 4.735207 0.599785
v 1.616840 4.659738 0.666067
v 1.624869 4.753944 0.593562
v 1.558770 4.520507 0.733396
v 1.621259 4.486250 0.709446
v 1.522090 4.334157 0.751154
v 1.504429 4.348103 0.731502
v 1.465110 4.362045 0.732815
v 1.453299 4.326435 0.760745
v 1.514620 4.324163 0.778821
v 1.485059 4.328197 0.791929
v 1.623380 4.439868 0.865341
v 1.476349 4.359275 0.806920
v 1.468811 4.382200 0.793081
v 1.465110 4.362045 0.732815
v 1.569959 4.480758 0.883083
v 1.462669 4.384694 0.764145
v 1.558770 4.520507 0.733396
v 1.541389 4.513410 0.838015
v 1.539149 4.528142 0.786371
v 1.596789 4.701931 0.833492
v 1.594929 4.888820 0.729897
v 1.572760 4.696850 0.758613
v 1.616840 4.659738 0.666067
v 1.579009 4.841109 0.656347
v 1.624869 4.753944 0.593562
v -1.732339 4.644439 0.851137
v -1.759819 4.610407 0.789927
v -1.657259 4.431983 0.823841
v -1.821910 4.813935 0.693535
v -1.785849 4.755959 0.633288
v -1.772989 4.890908 0.732467
v -1.739321 4.600556 0.709649
v -1.644579 4.681530 0.868740
v -1.668859 4.905721 0.750618
v -1.656629 4.450370 0.753062
v -1.680901 4.620268 0.667509
v -1.702461 4.735207 0.599785
v -1.616840 4.659738 0.666067
v -1.624869 4.753944 0.593562
v -1.558771 4.520507 0.733395
v -1.621260 4.486250 0.709445
v -1.504430 4.348103 0.731501
v -1.465111 4.362045 0.732814
v -1.522091 4.334157 0.751153
v -1.453300 4.326435 0.760745
v -1.514620 4.324163 0.778821
v -1.485060 4.328197 0.791928
v -1.623381 4.439868 0.865341
v -1.476350 4.359275 0.806919
v -1.569959 4.480758 0.883082
v -1.468811 4.382200 0.793081
v -1.465111 4.362045 0.732814
v -1.462670 4.384694 0.764145
v -1.558771 4.520507 0.733395
v -1.541389 4.513410 0.838015
v -1.539149 4.528142 0.786371
v -1.596789 4.701931 0.833492
v -1.594930 4.888820 0.729896
v -1.572761 4.696850 0.758613
v -1.579009 4.841109 0.656347
v -1.616840 4.659738 0.666067
v -1.624869 4.753944 0.593562
v -3.976422 8.372124 2.855942
v -3.911551 7.943622 3.136357
v -3.579065 7.891502 2.904627
v -3.732913 8.421429 2.706020
v -4.025064 7.348485 3.199646
v -3.796514 7.086914 2.921227
v -4.304311 8.169134 3.377149
v -4.534968 6.461120 3.051587
v -4.300678 6.187498 2.658813
v -5.287418 5.928409 2.709562
v -5.022216 5.686629 2.303996
v -5.500702 6.213259 3.040226
v -4.818585 6.748836 3.398469
v -5.790034 6.557236 3.475909
v -4.349980 7.598669 3.464415
v -5.124503 7.059413 3.793034
v -6.119268 6.974990 4.013793
v -4.713607 7.881136 3.768039
v -5.473905 7.413091 4.203405
v -6.387467 7.363524 4.458361
v -5.841113 7.805362 4.612950
v -6.705501 7.766566 4.933925
v -5.113936 8.176704 4.067493
v -6.207381 8.184030 5.055043
v -7.041213 8.175482 5.505962
v -5.574007 8.475417 4.424573
v -4.695293 8.316107 3.594738
v -5.135196 8.516478 3.856511
v -6.538318 8.561558 5.550040
v -7.399887 8.564690 6.221786
v -5.955896 8.804575 4.831707
v -5.621326 8.886294 4.200006
v -5.280738 8.836040 3.599634
v -4.831717 8.704424 3.177941
v -5.598009 8.934940 3.217869
v -4.485921 8.633624 2.917502
v -5.207967 8.845520 2.707520
v -4.259734 8.665921 2.453099
v -4.029432 8.634090 2.129310
v -4.923461 8.790097 2.342735
v -4.599002 8.740294 1.969947
v -4.372154 8.668139 1.653632
v -4.747591 8.391115 1.111743
v 3.488385 4.149820 -0.557546
v 3.462096 4.198915 -0.470752
v 3.451251 3.968007 -0.419520
v 3.463748 3.950588 -0.497177
v 3.453994 4.095777 -0.620278
v 3.362071 3.999474 -0.390208
v 3.377235 4.198261 -0.447915
v 3.295650 4.181203 -0.458718
v 3.297098 4.002507 -0.403207
v 3.247086 4.128268 -0.538465
v 3.320339 3.836553 -0.378148
v 3.394660 3.792622 -0.470450
v 3.385262 3.801173 -0.406646
v 3.276296 4.099715 -0.632582
v 3.275178 3.947071 -0.567296
v 3.248711 3.975405 -0.490716
v 3.246069 3.833426 -0.538539
v 3.260954 3.858248 -0.388893
v 3.238602 3.698379 -0.413235
v 3.218282 3.853541 -0.464139
v 3.193212 3.718793 -0.432706
v 3.244800 3.669052 -0.445070
v 3.271215 3.670774 -0.472440
v 3.171774 3.732654 -0.469211
v 3.177210 3.683226 -0.513110
v 3.195955 3.654296 -0.486253
v 3.283103 3.693775 -0.508781
v 3.244800 3.669052 -0.445070
v 3.244037 3.693287 -0.520531
v 3.177210 3.683226 -0.513110
v 3.246069 3.833426 -0.538539
v 3.314751 3.818030 -0.558705
v 3.275178 3.947071 -0.567296
v 3.275178 3.947071 -0.567296
v 3.276296 4.099715 -0.632582
v 3.369107 4.087956 -0.657557
v 3.369107 4.087956 -0.657557
v 3.368802 3.791123 -0.535492
v 3.365373 3.930403 -0.592727
v 3.369107 4.087956 -0.657557
v 3.437255 3.930170 -0.565875
v -3.451251 3.968007 -0.419521
v -3.462097 4.198915 -0.470752
v -3.488386 4.149820 -0.557547
v -3.463748 3.950588 -0.497178
v -3.453995 4.095777 -0.620279
v -3.362072 3.999474 -0.390209
v -3.377236 4.198261 -0.447916
v -3.295651 4.181203 -0.458719
v -3.297098 4.002507 -0.403208
v -3.247086 4.128268 -0.538465
v -3.320340 3.836553 -0.378149
v -3.394660 3.792622 -0.470451
v -3.275178 3.947071 -0.567297
v -3.276296 4.099714 -0.632583
v -3.248712 3.975405 -0.490717
v -3.246070 3.833426 -0.538539
v -3.260954 3.858248 -0.388894
v -3.218282 3.853541 -0.464140
v -3.171775 3.732678 -0.469221
v -3.177211 3.683226 -0.513111
v -3.195956 3.654295 -0.486254
v -3.193213 3.718792 -0.432706
v -3.238602 3.698379 -0.413236
v -3.385262 3.801173 -0.406647
v -3.244800 3.669052 -0.445071
v -3.271216 3.670774 -0.472441
v -3.283103 3.693775 -0.508782
v -3.244800 3.669052 -0.445071
v -3.244038 3.693287 -0.520532
v -3.177211 3.683226 -0.513111
v -3.246070 3.833426 -0.538539
v -3.314752 3.818030 -0.558706
v -3.275178 3.947071 -0.567297
v -3.275178 3.947071 -0.567297
v -3.368803 3.791123 -0.535493
v -3.369107 4.087956 -0.657557
v -3.369107 4.087956 -0.657557
v -3.276296 4.099714 -0.632583
v -3.437256 3.930170 -0.565876
v -3.365374 3.930403 -0.592728
v -3.369107 4.087956 -0.657557
v -0.377395 3.928325 -6.173865
v -0.469612 3.399412 -6.451117
v 0.000001 3.476202 -6.575829
v -1.351170 3.236023 -5.754429
v -1.781327 3.214797 -5.195672
v -1.512684 2.937423 -5.881273
v -1.984220 2.872068 -5.275102
v -1.029878 3.423390 -6.245073
v -1.108958 3.138277 -6.416173
v -0.720041 3.107741 -6.575933
v -0.367822 3.134311 -6.708781
v 0.000001 3.103659 -6.724559
v 0.367699 3.133235 -6.706467
v 0.469408 3.397939 -6.448290
v 0.719342 3.104708 -6.569534
v 0.000001 2.921394 -6.928613
v 0.436078 2.916778 -6.933830
v 0.875879 2.903693 -6.766709
v 0.901665 2.902890 -6.980871
v 0.457800 2.945452 -7.183788
v 0.000001 2.908495 -7.280208
v -0.436102 2.916958 -6.934202
v -0.457796 2.945429 -7.183779
v -0.413283 3.275380 -7.682226
v -0.901925 2.903735 -6.982874
v -0.876500 2.905770 -6.771524
v -1.264538 2.912264 -6.823333
v -1.191417 2.900859 -6.630805
v -1.359875 2.844623 -6.386098
v -1.410842 2.798951 -6.687084
v -1.375724 2.812929 -6.597248
v -1.480301 2.909285 -6.789294
v -1.506552 2.821117 -6.703383
v -1.396486 2.814057 -6.461278
v -1.604421 2.843341 -6.685431
v -1.501477 2.781998 -6.415681
v -1.667103 2.949691 -6.721470
v -1.719879 2.870775 -6.554587
v -1.642544 2.821723 -6.580899
v -1.749254 3.139558 -6.774662
v -1.615721 2.757279 -6.470306
v -1.887789 3.167721 -6.807094
v -1.928954 2.993205 -6.454313
v -1.747248 2.758467 -6.331710
v -1.950133 2.756003 -6.099221
v -1.558378 2.836885 -6.181662
v -1.806818 2.735949 -5.952454
v -2.061146 2.664050 -5.948776
v -2.154283 2.701345 -5.971089
v -1.986846 2.635040 -5.850737
v -2.261255 2.717289 -5.915025
v -1.955007 2.677284 -5.699622
v -1.995718 2.640380 -5.729752
v -2.120849 2.650575 -5.544496
v -2.086797 2.620972 -5.675708
v -2.204486 2.654512 -5.695436
v -2.265446 2.661575 -5.618458
v -2.270879 2.704611 -5.787589
v -2.327894 2.750846 -5.786725
v -2.305677 2.798606 -5.959510
v -2.602738 2.935465 -5.548074
v -2.426607 2.678379 -5.374904
v -2.560600 2.779830 -5.342879
v 1.880090 3.946634 0.403271
v 2.035409 4.029305 0.464377
v 2.009161 4.049753 0.517609
v 1.905069 3.971296 0.364231
v 1.837571 3.954482 0.422879
v 1.808190 3.969101 0.382159
v 1.836979 3.999038 0.454519
v 1.841401 4.024136 0.357712
v 1.826570 4.042548 0.437935
v 1.841401 4.024136 0.357712
v 1.841401 4.024136 0.357712
v 1.954030 4.118885 0.520927
v 1.885671 4.002164 0.349195
v 1.979920 4.187991 0.351715
v 2.046321 4.045221 0.387930
v 2.044510 4.135230 0.334571
v 2.063931 4.312512 0.307549
v 2.234499 4.235634 0.436922
v 2.208690 4.228530 0.340725
v 2.131220 4.267027 0.292000
v 2.179259 4.362955 0.253601
v 2.119351 4.417411 0.261808
v 2.280321 4.362309 0.268341
v 2.337819 4.436715 0.340081
v 2.204070 4.286611 0.512842
v 2.322520 4.499269 0.418514
v 2.113369 4.359454 0.512225
v 2.218881 4.549076 0.419906
v 2.075109 4.395442 0.478989
v 2.138840 4.551578 0.400207
v 1.933270 4.170705 0.480830
v 2.098599 4.486799 0.312051
v 1.823611 4.040264 0.396294
v 2.038660 4.370576 0.371869
v 2.119351 4.417411 0.261808
v 2.063931 4.312512 0.307549
v 1.979920 4.187991 0.351715
v 1.947769 4.204357 0.414620
v 1.826570 4.042548 0.437935
v -2.009161 4.049753 0.517608
v -2.035409 4.029305 0.464376
v -1.880091 3.946634 0.403271
v -1.905069 3.971296 0.364230
v -1.837571 3.954482 0.422879
v -1.808191 3.969101 0.382159
v -1.836979 3.999038 0.454518
v -1.841401 4.024136 0.357712
v -1.826570 4.042548 0.437935
v -1.841401 4.024136 0.357712
v -1.841401 4.024136 0.357712
v -1.954030 4.118884 0.520926
v -1.885671 4.002164 0.349195
v -1.979920 4.187991 0.351715
v -2.046321 4.045221 0.387930
v -2.044510 4.135230 0.334571
v -2.063931 4.312512 0.307548
v -2.234500 4.235634 0.436922
v -2.208691 4.228530 0.340724
v -2.131221 4.267027 0.292000
v -2.179260 4.362955 0.253600
v -2.119351 4.417411 0.261808
v -2.280321 4.362308 0.268341
v -2.337819 4.436715 0.340080
v -2.204071 4.286611 0.512841
v -2.322521 4.499269 0.418514
v -2.113369 4.359454 0.512224
v -2.218881 4.549076 0.419905
v -1.933271 4.170705 0.480829
v -2.075109 4.395442 0.478989
v -1.823611 4.040264 0.396294
v -2.138841 4.551578 0.400207
v -2.098599 4.486799 0.312050
v -1.947769 4.204357 0.414619
v -1.826570 4.042548 0.437935
v -1.979920 4.187991 0.351715
v -2.038661 4.370576 0.371869
v -2.119351 4.417411 0.261808
v -2.063931 4.312512 0.307548
v 1.372938 3.872724 3.424230
v 1.210879 3.523189 3.353655
v 1.400459 3.443284 3.397825
v 1.539870 3.812475 3.449654
v 1.672409 3.764577 3.273972
v 1.280790 3.911345 3.237830
v 1.540449 3.406322 3.217660
v 1.636860 3.749920 3.017375
v 1.220330 3.104275 3.228877
v 1.141120 3.563929 3.152419
v 1.281059 3.875860 3.036114
v 1.081621 3.205484 3.200238
v 1.145121 3.556258 2.991634
v 1.349070 3.840179 2.880805
v 1.235209 3.506096 2.846482
v 1.031240 3.258474 3.060441
v 1.049088 3.292596 2.909449
v 1.116540 3.267104 2.796147
v 0.960480 2.912021 2.922468
v 0.936708 2.993785 2.859657
v 0.967557 3.051761 2.747699
v 1.034311 3.046525 2.674506
v 0.864882 2.752422 2.488010
v 0.923754 2.770716 2.451109
v 0.864702 2.731102 2.530130
v 0.887951 2.678253 2.431337
v 0.876391 2.682327 2.547549
v 1.057658 2.822753 2.917142
v 0.922711 2.649988 2.543129
v 0.993571 2.698178 2.497680
v 0.923754 2.770716 2.451109
v 0.973102 2.666108 2.530571
v 0.973998 2.726850 2.459006
v 1.034311 3.046525 2.674506
v 1.146749 2.998739 2.693144
v 1.116540 3.267104 2.796147
v 1.189080 2.920093 2.740968
v 1.267388 3.215141 2.808847
v 1.235209 3.506096 2.846482
v 1.187361 2.850751 2.831942
v 1.342049 3.160406 2.910633
v 1.388679 3.457644 2.869184
v 1.349070 3.840179 2.880805
v 1.522369 3.768637 2.861245
v 1.375570 3.107260 3.076758
v 1.489580 3.443407 2.996857
v -1.400460 3.443284 3.397825
v -1.210880 3.523189 3.353655
v -1.372939 3.872724 3.424230
v -1.539871 3.812475 3.449654
v -1.672411 3.764577 3.273972
v -1.280791 3.911345 3.237830
v -1.540450 3.406322 3.217659
v -1.636861 3.749920 3.017375
v -1.220331 3.104275 3.228876
v -1.141121 3.563929 3.152418
v -1.281060 3.875860 3.036114
v -1.081622 3.205484 3.200238
v -1.145122 3.556258 2.991634
v -1.349071 3.840188 2.880801
v -1.235210 3.506096 2.846481
v -1.031241 3.258474 3.060441
v -1.049089 3.292596 2.909449
v -1.116542 3.267104 2.796146
v -0.960481 2.912021 2.922468
v -0.936710 2.993785 2.859657
v -0.967558 3.051761 2.747699
v -1.034312 3.046525 2.674506
v -0.864883 2.752422 2.488009
v -0.923755 2.770716 2.451109
v -0.864703 2.731102 2.530129
v -0.887952 2.678253 2.431336
v -0.876392 2.682327 2.547549
v -0.922712 2.649988 2.543129
v -1.057659 2.822753 2.917142
v -0.993572 2.698178 2.497680
v -0.923755 2.770716 2.451109
v -0.973103 2.666108 2.530571
v -0.973999 2.726850 2.459005
v -1.034312 3.046525 2.674506
v -1.146750 2.998739 2.693144
v -1.116542 3.267104 2.796146
v -1.189081 2.920093 2.740967
v -1.267390 3.215141 2.808846
v -1.235210 3.506096 2.846481
v -1.187362 2.850751 2.831941
v -1.342051 3.160406 2.910633
v -1.388680 3.457654 2.869180
v -1.349071 3.840188 2.880801
v -1.522370 3.768637 2.861244
v -1.375571 3.107260 3.076758
v -1.489581 3.443407 2.996856
v -3.216530 2.236670 -0.700004
v -3.475787 2.291944 -0.358329
v -3.262224 2.198981 -0.751242
v -3.240050 2.244469 -0.827614
v -3.347263 2.230773 -0.752504
v -3.579521 2.330827 -0.465043
v -3.802990 2.517592 -0.204007
v -3.378531 2.281152 -0.775338
v -3.333522 2.315521 -0.797782
v -3.250261 2.321972 -0.807462
v -3.404896 2.568662 -0.583829
v -3.524936 2.520514 -0.604702
v -3.539948 2.797738 -0.393692
v -3.606064 2.444015 -0.585075
v -3.695065 2.749113 -0.409025
v -3.666440 3.046612 -0.229665
v -3.813227 2.647063 -0.362444
v -4.022675 2.871405 -0.137043
v -3.871850 2.981183 -0.240033
v -3.789401 3.300897 -0.057113
v -4.044569 3.211907 -0.098219
v -6.296025 1.954901 -10.716193
v -5.966638 2.278695 -11.384717
v -5.665368 2.658462 -11.304320
v -6.073546 2.036408 -11.226505
v -5.577458 1.666429 -10.919468
v -5.830925 1.672635 -10.505355
v -5.378195 1.900305 -11.025466
v -5.656833 1.497222 -10.124229
v -5.055463 2.260103 -11.006448
v -4.984216 1.584666 -10.543068
v -5.210556 1.387744 -10.421528
v -4.989652 1.249323 -9.823350
v -5.490159 1.443744 -9.662913
v -4.743018 1.453768 -9.921285
v -5.423535 1.462732 -9.129652
v -4.729530 1.958558 -10.517542
v -5.064379 1.312054 -8.917899
v -5.604561 1.696887 -8.586686
v -5.433187 1.585779 -8.221745
v -4.784547 1.490522 -8.919383
v -5.237124 1.815039 -8.062227
v -4.556708 1.755787 -9.832943
v -4.605782 1.780941 -8.934561
v -5.031130 2.110228 -8.027997
v -4.479823 2.224165 -8.929214
v -4.858943 2.453614 -8.064091
v -4.368292 2.137596 -9.745895
v -4.478680 2.331110 -10.439962
v -4.243324 2.628622 -8.860762
v -4.702149 2.900461 -8.143495
v -4.117086 2.651929 -9.639420
v -4.004183 3.094622 -8.809801
v -4.550334 3.206350 -8.064673
v -3.904310 3.102619 -9.546867
v -4.151502 2.873141 -10.288626
v -3.762908 3.312916 -8.899574
v -3.724935 3.352497 -9.539782
v -3.865499 3.483414 -10.196176
v -4.445583 3.172387 -10.789436
v -4.759426 2.657646 -10.912890
v 2.405844 3.505830 -7.878263
v 2.794865 3.499142 -7.335124
v 2.556232 3.515955 -7.191120
v 2.923795 3.517656 -6.703002
v 3.166391 3.443976 -6.767961
v 3.295677 3.463729 -6.135265
v 3.510180 3.400065 -6.218418
v 3.724886 3.372377 -5.490116
v 3.913836 3.374376 -5.582803
v 4.044291 3.295678 -5.054556
v 4.241598 3.358410 -5.149790
v 4.338956 3.202876 -4.601198
v 4.731310 3.264845 -4.694845
v 4.535984 3.152856 -4.230963
v 4.749293 3.135838 -4.445350
v 4.792295 3.106011 -4.354939
v 4.636238 3.103091 -4.184042
v 4.631691 3.151523 -3.977405
v 4.256939 3.294319 -4.233537
v 4.343020 3.304653 -3.948151
v 4.507689 3.207903 -3.956795
v 4.686428 3.219438 -3.697888
v 4.759326 3.179088 -3.830623
v 4.944137 3.235735 -3.785963
v 4.983685 3.292336 -3.719754
v 4.774795 3.294597 -3.493807
v 5.058361 3.351888 -3.520208
v 5.107078 3.303928 -3.347515
v 4.807789 3.235272 -3.273375
v 5.156633 3.262743 -3.171734
v 4.887748 3.213892 -3.049830
v 5.154702 3.175535 -3.058722
v 4.950892 3.127916 -2.960881
v 4.601161 3.280982 -3.186224
v 4.757522 3.231412 -2.737838
v 4.870629 3.157848 -2.739654
v 4.521404 3.315361 -2.977463
v 4.988383 3.187203 -2.568634
v 4.942028 3.248092 -2.481460
v 4.539006 3.325433 -2.692188
v 4.896994 3.320668 -2.230787
v 3.761919 3.388364 -1.234111
v 3.885921 3.553122 -1.245811
v 3.844189 3.572193 -1.197900
v 3.856178 3.696771 -1.199634
v 3.925393 3.694285 -1.270529
v 3.908502 3.661749 -1.351492
v 3.753333 3.604061 -1.174594
v 3.780181 3.710477 -1.193002
v 3.722777 3.423592 -1.195818
v 3.693745 3.617965 -1.239806
v 3.726638 3.733229 -1.265246
v 3.672891 3.465323 -1.188544
v 3.611322 3.334586 -1.235383
v 3.643986 3.493685 -1.240418
v 3.643427 3.503977 -1.312035
v 3.682975 3.606462 -1.322110
v 3.726638 3.733229 -1.265246
v 3.720237 3.725238 -1.346965
v 3.577311 3.374403 -1.255275
v 3.565399 3.362134 -1.290682
v 3.587370 3.351198 -1.234644
v 3.573196 3.317313 -1.277740
v 3.620161 3.315842 -1.263905
v 3.625114 3.320916 -1.300583
v 3.612008 3.330809 -1.316471
v 3.594660 3.342361 -1.319798
v 3.565399 3.362134 -1.290682
v 3.643427 3.503977 -1.312035
v 3.698164 3.471627 -1.365437
v 3.682975 3.606462 -1.322110
v 3.740786 3.433747 -1.358826
v 3.766948 3.404222 -1.302452
v 3.720237 3.725238 -1.346965
v 3.779368 3.656272 -1.411756
v 3.750895 3.565820 -1.390869
v 3.867455 3.539610 -1.322305
v 3.860623 3.640156 -1.402791
v 3.820465 3.543334 -1.382526
v 3.779368 3.656272 -1.411756
v -3.844189 3.572193 -1.197901
v -3.885921 3.553122 -1.245812
v -3.761919 3.388363 -1.234113
v -3.856178 3.696794 -1.199644
v -3.925393 3.694284 -1.270530
v -3.908502 3.661748 -1.351493
v -3.753333 3.604061 -1.174595
v -3.780181 3.710477 -1.193003
v -3.722777 3.423592 -1.195819
v -3.693745 3.617965 -1.239807
v -3.726638 3.733229 -1.265247
v -3.672891 3.465323 -1.188545
v -3.611322 3.334586 -1.235384
v -3.643986 3.493685 -1.240419
v -3.643427 3.503977 -1.312036
v -3.682975 3.606462 -1.322111
v -3.726638 3.733229 -1.265247
v -3.720237 3.725238 -1.346966
v -3.577311 3.374403 -1.255275
v -3.565399 3.362133 -1.290683
v -3.587370 3.351197 -1.234645
v -3.573196 3.317313 -1.277741
v -3.620161 3.315842 -1.263906
v -3.612008 3.330809 -1.316472
v -3.625114 3.320916 -1.300584
v -3.766948 3.404222 -1.302453
v -3.740786 3.433747 -1.358827
v -3.594660 3.342384 -1.319808
v -3.565399 3.362133 -1.290683
v -3.643427 3.503977 -1.312036
v -3.698164 3.471627 -1.365438
v -3.682975 3.606462 -1.322111
v -3.779368 3.656272 -1.411757
v -3.720237 3.725238 -1.346966
v -3.750946 3.565868 -1.390888
v -3.820465 3.543334 -1.382527
v -3.779368 3.656272 -1.411757
v -3.860699 3.640227 -1.402819
v -3.867455 3.539610 -1.322307
v -4.034105 3.426108 -3.150770
v -4.005377 3.404574 -3.242563
v -3.996132 3.235527 -3.173504
v -3.899485 3.229366 -3.246563
v -3.915233 3.408123 -3.337953
v -3.792271 3.444027 -3.257936
v -4.023361 3.250934 -3.093137
v -3.987267 3.447438 -3.080396
v -3.867557 3.068040 -3.131740
v -3.808502 3.249489 -3.189676
v -3.788537 3.288999 -3.103959
v -3.784930 3.481352 -3.173521
v -3.791281 3.095710 -3.103524
v -3.767379 3.117872 -3.037588
v -3.920618 3.072258 -3.081451
v -3.773653 2.989229 -3.017544
v -3.757245 3.002944 -2.976507
v -3.803523 2.978599 -3.020701
v -3.781984 2.972067 -2.964312
v -3.833165 2.982365 -3.004831
v -3.948507 3.089472 -3.023288
v -3.838982 2.986534 -2.972407
v -3.980612 3.279107 -3.016071
v -3.910076 3.116383 -2.968579
v -3.834232 3.000793 -2.950354
v -3.877717 3.304049 -2.976906
v -3.873297 3.474315 -3.042623
v -3.815563 3.300740 -3.034742
v -3.855441 3.141069 -2.937693
v -3.810178 3.012955 -2.933647
v -3.778200 3.020512 -2.941179
v -3.757245 3.002944 -2.976507
v -3.794710 3.130118 -2.972328
v -3.767379 3.117872 -3.037588
v -3.788537 3.288999 -3.103959
v -3.816249 3.484435 -3.096519
v -3.784930 3.481352 -3.173521
v 3.995954 3.235346 -3.173339
v 4.004794 3.404076 -3.242096
v 4.034003 3.426005 -3.150684
v 3.898850 3.228817 -3.246018
v 3.913735 3.406804 -3.336662
v 3.791891 3.443668 -3.257601
v 4.023335 3.250914 -3.093119
v 3.987267 3.447416 -3.080383
v 3.867456 3.067963 -3.131659
v 3.808350 3.249351 -3.189543
v 3.788512 3.288977 -3.103943
v 3.784906 3.481332 -3.173501
v 3.791281 3.095688 -3.103508
v 3.767380 3.117872 -3.037587
v 3.920593 3.072260 -3.081443
v 3.773654 2.989230 -3.017540
v 3.757245 3.002944 -2.976506
v 3.803524 2.978600 -3.020698
v 3.781985 2.972067 -2.964310
v 3.833166 2.982366 -3.004830
v 3.948507 3.089472 -3.023286
v 3.838982 2.986534 -2.972405
v 3.980613 3.279107 -3.016070
v 3.910077 3.116383 -2.968578
v 3.877717 3.304049 -2.976905
v 3.873298 3.474315 -3.042622
v 3.834232 3.000794 -2.950352
v 3.815563 3.300740 -3.034741
v 3.855441 3.141069 -2.937692
v 3.810179 3.012955 -2.933645
v 3.816249 3.484412 -3.096506
v 3.778200 3.020512 -2.941178
v 3.757245 3.002944 -2.976506
v 3.794710 3.130118 -2.972326
v 3.767380 3.117872 -3.037587
v 3.788512 3.288977 -3.103943
v 3.784906 3.481332 -3.173501
v -3.929025 3.284675 -4.001164
v -3.933927 3.282686 -4.115921
v -3.919042 3.129900 -4.051338
v -3.860064 3.125291 -4.105019
v -3.858159 3.288279 -4.171579
v -3.901339 3.150167 -3.957507
v -3.862655 3.301680 -3.943393
v -3.791179 2.984677 -4.011737
v -3.748862 3.143136 -4.129577
v -3.763518 3.299403 -4.203005
v -3.710305 3.320447 -4.139129
v -3.721862 2.997282 -4.034213
v -3.700298 3.168039 -4.088172
v -3.690315 3.207372 -4.008469
v -3.700501 3.368211 -4.073628
v -3.669919 3.070996 -3.940216
v -3.677691 3.028710 -4.004721
v -3.656635 2.903524 -3.904533
v -3.651656 2.910140 -3.876198
v -3.679876 2.890827 -3.913372
v -3.680968 2.875765 -3.866066
v -3.712363 2.883626 -3.898893
v -3.724707 2.882437 -3.887651
v -3.844265 2.984441 -3.966325
v -3.831438 3.017771 -3.900693
v -3.731210 2.892789 -3.852940
v -3.827806 3.185702 -3.891349
v -3.777590 3.051461 -3.854375
v -3.702330 2.909593 -3.837621
v -3.670986 2.916174 -3.845819
v -3.651656 2.910140 -3.876198
v -3.725393 3.065447 -3.862648
v -3.669919 3.070996 -3.940216
v -3.757219 3.198204 -3.917315
v -3.690315 3.207372 -4.008469
v -3.765728 3.338135 -3.976212
v -3.700501 3.368211 -4.073628
v 3.919755 3.130477 -4.052085
v 3.934436 3.283098 -4.116466
v 3.929889 3.285395 -4.002037
v 3.862097 3.126923 -4.107170
v 3.858972 3.288970 -4.172454
v 3.901467 3.150279 -3.957636
v 3.863595 3.302501 -3.944352
v 3.791739 2.985126 -4.012324
v 3.750463 3.144474 -4.131366
v 3.764840 3.300567 -4.204478
v 3.713075 3.322934 -4.142221
v 3.722295 2.997617 -4.034673
v 3.702127 3.169590 -4.090181
v 3.691688 3.208545 -4.009918
v 3.702965 3.370462 -4.076353
v 3.677871 3.028876 -4.004923
v 3.669666 3.070774 -3.939947
v 3.656610 2.903486 -3.904490
v 3.651353 2.909909 -3.875884
v 3.679750 2.890723 -3.913220
v 3.680182 2.875162 -3.865243
v 3.711729 2.883125 -3.898229
v 3.722625 2.880814 -3.885475
v 3.843732 2.984006 -3.965769
v 3.701416 2.908876 -3.836674
v 3.651353 2.909909 -3.875884
v 3.830524 3.017048 -3.899762
v 3.728619 2.890769 -3.850253
v 3.828035 3.185889 -3.891565
v 3.670733 2.915975 -3.845564
v 3.777337 3.051239 -3.854108
v 3.725241 3.065341 -3.862501
v 3.669666 3.070774 -3.939947
v 3.757880 3.198750 -3.918002
v 3.767456 3.339696 -3.978059
v 3.691688 3.208545 -4.009918
v 3.702965 3.370462 -4.076353
v 4.579291 2.501909 -1.639131
v 4.570604 2.537997 -1.693570
v 4.849674 2.625674 -1.701084
v 4.504081 2.565058 -1.692811
v 4.444670 2.573362 -1.610855
v 4.625900 2.870506 -1.656013
v 4.682516 2.788383 -1.780106
v 4.754094 3.089555 -1.681931
v 4.784574 2.692854 -1.799775
v 5.031030 3.011539 -1.909498
v 4.922597 3.219976 -1.850918
v 4.849090 3.064280 -1.825840
v 4.815053 3.230247 -1.701712
v -1.956249 2.183665 -5.541358
v -1.869183 2.198446 -5.560216
v -1.930745 2.217823 -5.554170
v -1.961903 2.352946 -5.664703
v -2.031619 2.351636 -5.613124
v -1.981256 2.473592 -5.711399
v -1.972312 2.130760 -5.565948
v -2.104946 2.319136 -5.609828
v -2.071555 2.479098 -5.645010
v -2.086797 2.620972 -5.675708
v -1.995718 2.640380 -5.729752
v -2.179144 2.483781 -5.666305
v -2.204486 2.654512 -5.695436
v -2.152713 2.280138 -5.683596
v -2.244029 2.488077 -5.763459
v -2.270879 2.704611 -5.787589
v -2.230910 2.480789 -5.871123
v -2.261255 2.717289 -5.915025
v 1.928849 2.993016 -6.453963
v 1.747252 2.758491 -6.331718
v 1.749307 3.139667 -6.774868
v 1.887719 3.167598 -6.806853
v 1.719883 2.870775 -6.554586
v 1.667191 2.949856 -6.721809
v 1.480714 2.910095 -6.791174
v 1.604458 2.843398 -6.685563
v 1.642629 2.821879 -6.581263
v 1.506688 2.821363 -6.704000
v 1.615799 2.757430 -6.470613
v 1.411159 2.799567 -6.688559
v 1.501527 2.782083 -6.415878
v 1.265117 2.913591 -6.826457
v 1.191490 2.901030 -6.631200
v 1.375830 2.813142 -6.597743
v 1.360080 2.845058 -6.387064
v 1.396602 2.814285 -6.461805
v 1.108691 3.137528 -6.414618
v 1.558487 2.837093 -6.182100
v 1.512822 2.937697 -5.881820
v 1.781504 3.215115 -5.196180
v 1.391133 3.902071 -5.170398
v 1.351474 3.236738 -5.755724
v 1.091972 3.797140 -5.606579
v 1.029509 3.422150 -6.242830
v -2.942083 5.387547 1.008150
v -3.315641 5.364148 1.170296
v -3.050084 5.306018 0.809566
v -3.461691 5.481014 0.925053
v -2.987067 5.383607 0.707633
v -2.866188 5.566228 0.914989
v -3.360040 4.890572 0.840272
v -3.093873 4.954459 0.660609
v -3.134031 4.318320 0.447660
v -3.296260 4.237929 0.751663
v -3.271114 3.860415 0.355864
v -3.357500 3.721182 0.684363
v -3.297429 4.480552 0.084120
v -3.467279 3.513318 0.179143
v -3.533319 3.352540 0.510373
v -3.643529 3.293530 0.112773
v -3.606420 3.234584 0.320956
v -3.369768 3.940029 0.002252
v -3.793948 3.485071 -0.129856
v -3.789401 3.300897 -0.057113
v -4.044569 3.211907 -0.098219
v -4.146627 3.398597 -0.208506
v -3.977692 3.929315 -0.388409
v -4.272967 3.733768 -0.442890
v -3.715030 4.074102 -0.306429
v -3.476397 4.274093 -0.145112
v -3.549498 4.202753 -0.469555
v -4.024173 3.962615 -0.816525
v -4.403471 3.554020 -0.848354
v -3.884169 4.076878 -0.594246
v -3.340609 4.427942 -0.314778
v -3.626740 4.107759 -0.795192
v -3.462097 4.198915 -0.470752
v -3.488386 4.149820 -0.557547
v -3.377236 4.198261 -0.447916
v -3.453995 4.095777 -0.620279
v -3.369107 4.087956 -0.657557
v -3.295651 4.181203 -0.458719
v -3.005583 4.186727 -0.410231
v -3.247086 4.128268 -0.538465
v -2.881529 4.247124 -0.229467
v -3.211627 4.007694 -0.709646
v -3.276296 4.099714 -0.632583
v -2.894229 4.115434 -0.332273
v -2.770633 4.084592 -0.174205
v -2.778202 3.934880 -0.442487
v -2.776678 4.044246 -0.268284
v -2.726310 3.967981 -0.312103
v -2.583587 3.924233 -0.304302
v -2.677212 4.100239 -0.110908
v -2.584069 3.818142 -0.445992
v -2.569033 4.243577 -0.071290
v -2.567661 4.073061 -0.103022
v -2.385980 4.096082 -0.135739
v -2.498799 4.045536 -0.165536
v -2.428949 3.932971 -0.290848
v -2.506470 3.970544 -0.254495
v -2.122061 4.298295 -0.394701
v -2.346831 3.949260 -0.829770
v -2.735149 3.617368 -0.780987
v -2.926309 3.749454 -0.725047
v -2.731059 3.470846 -1.002940
v -2.577948 3.614080 -1.520588
v -2.965070 3.555690 -0.809082
v -2.902332 3.525135 -0.861475
v -3.048839 3.577290 -0.832170
v -2.915997 3.498134 -0.962619
v -2.994330 3.443680 -1.029889
v -2.864740 3.315059 -1.333267
v -3.147594 3.779051 -0.817892
v -3.227629 3.673030 -0.877711
v -3.132176 3.555173 -0.914633
v -3.349118 3.854548 -0.914983
v -3.261691 3.588420 -1.029583
v -3.136824 3.509259 -0.980497
v -3.756051 3.909951 -0.980860
v -3.440862 3.695788 -1.183059
v -3.120162 3.488284 -1.160486
v -3.079979 3.451587 -1.039841
v -3.856178 3.696794 -1.199644
v -3.780181 3.710477 -1.193003
v -3.726638 3.733229 -1.265247
v -3.720237 3.725238 -1.346966
v -4.173703 3.861694 -1.138580
v -3.925393 3.694284 -1.270530
v -4.475049 3.468970 -1.295792
v -3.908502 3.661748 -1.351493
v -3.529864 3.558460 -1.557097
v -3.779368 3.656272 -1.411757
v -3.176982 3.349987 -1.466272
v -4.258996 3.730895 -1.477076
v -4.539159 3.381961 -1.778208
v -4.829963 3.314265 -1.423078
v -3.929482 3.649192 -1.536158
v -3.860699 3.640227 -1.402819
v -3.984778 3.518675 -1.805659
v -3.548762 3.485020 -1.794608
v -4.725036 3.310723 -1.748040
v -4.882567 3.276616 -1.945045
v -4.922597 3.219976 -1.850920
v -4.815053 3.230246 -1.701714
v -4.885589 3.234985 -1.502816
v -3.415945 3.304835 -1.724552
v -3.341371 3.254143 -1.904005
v -3.554832 3.453428 -2.053707
v -3.333700 3.336312 -1.581407
v -3.227248 3.187163 -1.959192
v -3.269819 3.203941 -1.779035
v -3.303880 3.245631 -1.697114
v -3.259252 3.263881 -1.606022
v -3.177058 3.254971 -1.569093
v -3.060142 3.200534 -1.580758
v -3.205862 3.154519 -1.824637
v -2.898445 3.166079 -1.690066
v -2.999309 3.165622 -1.676087
v -2.642185 3.376178 -2.075730
v -3.052572 3.097436 -1.769791
v -2.966289 3.076508 -1.920643
v -2.979471 2.941987 -2.327227
v 4.441268 1.862436 -6.327524
v 4.478784 2.083570 -6.592865
v 4.413277 2.233905 -6.371773
v 4.278581 1.740959 -6.448923
v 4.311068 1.973727 -6.722058
v 4.381196 2.007195 -6.143221
v 4.056102 1.956854 -6.708600
v 4.179775 2.318744 -6.292009
v 4.317239 1.663501 -6.002483
v 4.042945 1.743229 -6.438947
v 3.895015 2.044127 -6.617421
v 4.182086 1.548823 -6.105812
v 3.898114 1.834888 -6.371733
v 3.995904 1.560621 -6.126053
v 4.046577 1.406240 -5.740632
v 3.880131 1.651194 -6.077868
v 3.830550 1.990284 -6.300606
v 3.817926 2.157161 -6.539133
v 3.975940 2.290114 -6.354893
v 3.966897 2.077084 -6.122593
v 3.842640 1.777782 -5.987967
v 3.950540 1.852623 -5.882607
v 3.841370 1.502697 -5.791107
v 3.820466 1.592005 -5.708007
v 3.897555 1.630433 -5.617722
v 3.735478 1.384469 -5.351724
v 3.742260 1.371323 -5.271333
v 3.749423 1.347828 -5.385457
v 3.739796 1.316270 -5.238818
v 3.922269 1.411786 -5.779627
v 3.779521 1.305359 -5.367838
v 3.809544 1.298054 -5.327352
v 3.854223 1.360759 -5.298048
v 3.742260 1.371323 -5.271333
v 3.849727 1.319845 -5.321145
v 3.811627 1.404453 -5.288382
v 3.897555 1.630433 -5.617722
v 4.015970 1.635049 -5.566777
v 4.101822 1.567105 -5.594956
v 4.113404 1.877316 -5.829010
v 3.950540 1.852623 -5.882607
v 4.132251 1.481495 -5.658643
v 4.265576 1.787678 -5.883990
v 4.167862 2.109521 -6.068493
v 3.966897 2.077084 -6.122593
v 3.975940 2.290114 -6.354893
v -4.413021 2.233781 -6.371397
v -4.478909 2.083622 -6.593078
v -4.441317 1.862441 -6.327581
v -4.278808 1.741054 -6.449234
v -4.311675 1.974012 -6.722992
v -4.381094 2.007147 -6.143066
v -4.057065 1.957320 -6.710180
v -4.179570 2.318625 -6.291689
v -4.317264 1.663515 -6.002518
v -4.043273 1.743367 -6.439495
v -3.895979 2.044630 -6.619043
v -4.182110 1.548837 -6.105845
v -3.995953 1.560663 -6.126153
v -4.046576 1.406239 -5.740633
v -3.898443 1.835049 -6.372290
v -3.830777 1.990394 -6.300951
v -3.818560 2.157503 -6.540199
v -3.976040 2.290176 -6.355083
v -3.966921 2.077098 -6.122628
v -3.842690 1.777810 -5.988033
v -3.950564 1.852623 -5.882608
v -3.880180 1.651213 -6.077959
v -3.841369 1.502687 -5.791132
v -3.820465 1.592005 -5.708008
v -3.897554 1.630433 -5.617723
v -3.735502 1.384469 -5.351725
v -3.742258 1.371323 -5.271334
v -3.749421 1.347828 -5.385458
v -3.739794 1.316270 -5.238819
v -3.922268 1.411786 -5.779628
v -3.779520 1.305358 -5.367839
v -3.809543 1.298054 -5.327353
v -3.854221 1.360759 -5.298049
v -3.742258 1.371323 -5.271334
v -3.849725 1.319845 -5.321146
v -3.811626 1.404453 -5.288383
v -3.897554 1.630433 -5.617723
v -4.015969 1.635048 -5.566778
v -4.101821 1.567105 -5.594957
v -4.132250 1.481518 -5.658654
v -4.113378 1.877302 -5.828978
v -3.950564 1.852623 -5.882608
v -4.265549 1.787687 -5.883967
v -4.167759 2.109488 -6.068372
v -3.966921 2.077098 -6.122628
v -3.976040 2.290176 -6.355083
v -3.658972 2.462901 -0.046066
v -3.852673 2.741534 0.258474
v -4.007155 2.766076 0.076093
v -4.151605 3.020733 0.259758
v -3.994303 3.030520 0.437730
v -4.180714 3.089595 0.048396
v -3.736315 3.126031 0.460446
v -3.628315 2.839023 0.235963
v -3.606420 3.234584 0.320956
v -3.503042 2.936480 0.137526
v -3.643529 3.293530 0.112773
v -3.485872 2.567503 -0.041021
v -3.512643 3.017586 -0.071085
v -3.789401 3.300897 -0.057113
v -3.666440 3.046612 -0.229665
v -3.391282 2.684352 -0.110420
v -3.424302 2.780179 -0.268637
v -3.539948 2.797738 -0.393692
v -3.352242 2.380893 -0.338190
v -3.283230 2.468726 -0.365878
v -3.316987 2.557564 -0.493265
v -3.404896 2.568662 -0.583829
v -3.223210 2.336010 -0.762856
v -3.250261 2.321972 -0.807462
v -3.194279 2.304082 -0.692577
v 0.394038 5.543763 -3.371548
v 1.089330 5.415757 -3.338490
v 1.051388 5.439094 -2.838365
v 1.767729 4.429557 -2.945974
v 1.655090 4.080905 -4.039546
v 2.189819 3.469688 -3.928143
v 1.712060 4.209870 -3.460032
v 2.226554 3.899173 -2.718057
v 2.191149 3.502404 -3.248943
v 1.750396 4.538322 -2.462460
v 2.670480 3.208723 -2.442975
v 2.223341 4.039770 -2.281195
v 2.642185 3.376178 -2.075729
v 2.221720 4.318607 -1.843046
v 2.603145 3.058199 -3.029279
v 2.577948 3.614080 -1.520588
v 2.979472 2.941966 -2.327213
v 2.947975 2.846915 -2.560916
v 2.882647 2.657845 -3.318536
v 2.898445 3.166079 -1.690066
v 2.966289 3.076508 -1.920642
v 3.227248 3.187163 -1.959191
v 3.052547 3.097436 -1.769790
v 3.205862 3.154519 -1.824636
v 2.999309 3.165622 -1.676086
v 3.060142 3.200534 -1.580757
v 3.269819 3.203918 -1.779024
v 2.864740 3.315059 -1.333266
v 3.176982 3.349987 -1.466271
v 3.177058 3.254971 -1.569092
v 2.731059 3.470846 -1.002939
v 3.341371 3.254143 -1.904004
v 3.415945 3.304835 -1.724551
v 3.303880 3.245631 -1.697113
v 3.248788 3.044646 -2.369665
v 3.333700 3.336312 -1.581406
v 3.259252 3.263881 -1.606021
v 3.529864 3.558460 -1.557096
v 3.099944 2.883387 -2.456504
v 3.188767 2.892344 -2.426198
v 3.292578 2.941659 -2.498938
v 3.075737 2.839420 -2.572071
v 3.117952 2.801335 -2.670501
v 3.389580 3.028188 -2.508168
v 3.344165 2.948975 -2.616825
v 3.428391 2.997108 -2.632160
v 3.364510 2.920867 -2.756101
v 3.303677 2.876727 -2.705759
v 3.239568 2.821740 -2.732490
v 3.492221 3.152230 -2.995708
v 3.784906 3.481332 -3.173501
v 3.223159 2.852449 -2.866962
v 2.977694 2.796373 -2.807796
v 3.491663 3.106850 -3.292040
v 3.197048 2.791304 -3.110950
v 2.957018 2.704205 -3.107689
v 3.079598 2.679904 -3.237870
v 2.986939 2.644370 -3.343839
v 3.186304 2.700998 -3.229634
v 3.018131 2.616990 -3.446076
v 3.350972 2.835978 -3.272106
v 3.271597 2.735206 -3.313080
v 3.385668 2.800158 -3.458910
v 3.313939 2.718858 -3.419469
v 3.245486 2.666213 -3.501925
v 3.160751 2.616643 -3.523006
v 3.473146 3.049555 -3.580528
v 3.259887 2.739123 -3.613360
v -4.870629 3.157848 -2.739655
v -4.988383 3.187203 -2.568635
v -4.942028 3.248092 -2.481461
v -4.539006 3.325433 -2.692189
v -4.315080 3.477149 -3.058736
v -4.639311 3.386798 -2.260742
v -4.896994 3.320668 -2.230789
v -4.342816 3.487945 -2.704108
v -4.356228 3.489480 -2.310892
v -4.330751 3.548842 -1.869976
v -3.995675 3.394878 -2.057221
v -3.965449 3.403376 -2.141879
v -3.950437 3.441639 -1.977122
v -4.032505 3.510086 -2.441832
v -3.894557 3.425929 -2.215999
v -3.761055 3.513381 -2.362643
v -3.791433 3.501241 -2.212331
v -3.875380 3.476119 -1.956048
v -3.815436 3.532305 -2.005446
v -3.760445 3.541368 -2.112820
v -4.017671 3.505940 -2.652990
v -3.547085 3.369371 -2.512329
v -3.984041 3.473543 -2.945541
v -3.529356 3.264582 -2.758638
v -4.034105 3.426108 -3.150770
v -3.987267 3.447438 -3.080396
v -3.873297 3.474315 -3.042623
v -3.873297 3.474315 -3.042623
v -4.005377 3.404574 -3.242563
v -3.816249 3.484435 -3.096519
v -3.984041 3.473543 -2.945541
v -3.816249 3.484435 -3.096519
v -4.225646 3.429294 -3.547374
v -3.890823 3.468324 -3.475723
v -3.915233 3.408123 -3.337953
v -3.792271 3.444027 -3.257936
v -3.491307 3.106542 -3.291716
v -3.778174 3.435443 -3.787923
v -3.929025 3.284675 -4.001164
v -3.933927 3.282686 -4.115921
v -3.858159 3.288279 -4.171579
v -3.862655 3.301680 -3.943393
v -3.765728 3.338135 -3.976212
v -3.700501 3.368211 -4.073628
v -3.472307 3.048809 -3.579656
v -3.360293 2.973540 -3.873272
v -3.700501 3.368211 -4.073628
v -3.531235 3.287964 -4.336517
v -3.763518 3.299403 -4.203005
v -3.710305 3.320447 -4.139129
v -3.534029 3.162492 -4.458405
v -3.562223 3.139069 -4.549243
v -3.487064 3.156472 -4.405747
v -3.401771 3.128307 -4.411417
v -3.510229 3.115923 -4.615864
v -3.291967 3.227260 -4.804189
v -3.396793 3.106983 -4.627973
v -3.329483 3.103027 -4.572390
v -3.219323 2.918578 -4.163866
v -3.333090 3.095654 -4.469913
v -3.035783 2.958480 -4.652530
v -2.900553 2.984932 -5.003667
v -3.022727 2.620573 -4.002804
v -2.681376 2.913316 -5.249377
v -2.750363 2.806213 -5.014711
v -2.669286 2.704200 -5.196270
v -2.680335 2.679385 -5.079289
v -2.595169 2.656906 -5.252473
v -2.715565 2.641882 -4.890190
v -2.631288 2.603012 -4.981585
v -2.491034 2.592474 -5.227601
v -2.532479 2.545277 -4.832659
v -2.550642 2.567105 -4.960316
v -2.818054 2.567941 -4.529936
v -2.367036 2.621061 -4.978399
v -2.451885 2.579321 -5.025030
v -2.429116 2.578582 -5.142486
v -2.304163 2.639560 -5.247219
v -2.336584 2.816703 -4.557911
v -2.649576 2.488533 -4.450595
v -2.784856 2.489923 -4.287697
v -2.899639 2.497204 -4.395222
v -2.678582 2.558811 -4.147118
v -2.777388 2.519557 -4.176833
v -2.876194 2.548201 -4.102913
v -2.968168 2.596660 -4.447162
v -2.980436 2.508163 -4.344201
v -3.089656 2.627509 -4.320245
v -3.029890 2.524662 -4.272642
v -3.086684 2.639180 -4.145853
v -3.011500 2.534036 -4.167364
v -2.969793 2.536035 -4.101958
v -2.833979 2.564075 -3.958864
v -3.104515 2.665878 -3.677434
v -2.531621 2.870466 -3.797290
v -2.930068 2.580893 -3.582484
v -3.259404 2.738732 -3.612832
v -3.160649 2.616554 -3.522884
v -3.017977 2.616846 -3.445889
v -3.245333 2.666090 -3.501752
v -2.882621 2.657807 -3.318491
v -2.986888 2.644316 -3.343770
v -3.079598 2.679906 -3.237864
v -3.385262 2.799810 -3.458480
v -3.313862 2.718785 -3.419378
v -3.271546 2.735150 -3.313015
v -3.350667 2.835735 -3.271824
v -3.186303 2.700979 -3.229613
v -3.196895 2.791171 -3.110802
v -2.956992 2.704185 -3.107671
v -2.603043 3.058083 -3.029160
v -2.977693 2.796375 -2.807792
v -3.492043 3.152068 -2.995566
v -3.784930 3.481352 -3.173521
v -3.223082 2.852389 -2.866906
v -3.117927 2.801316 -2.670481
v -3.364434 2.920786 -2.756031
v -3.239542 2.821719 -2.732475
v -3.303651 2.876707 -2.705741
v -3.344164 2.948975 -2.616826
v -3.428391 2.997108 -2.632161
v -2.947975 2.846915 -2.560917
v -3.389580 3.028187 -2.508172
v -3.292577 2.941659 -2.498939
v -3.075737 2.839419 -2.572074
v -3.248787 3.044646 -2.369666
v -3.188767 2.892344 -2.426199
v -3.099943 2.883388 -2.456502
v -2.670480 3.208723 -2.442976
v -2.191169 3.502423 -3.248965
v -2.226600 3.899259 -2.718114
v -2.189818 3.469688 -3.928143
v -1.712069 4.209891 -3.460049
v -2.037936 3.311436 -4.640687
v -1.655087 4.080906 -4.039545
v -1.057668 4.997918 -3.675238
v -1.767738 4.429578 -2.945991
v -1.750400 4.538321 -2.462463
v -2.223400 4.039882 -2.281256
v -1.051390 5.439117 -2.838374
v -1.390954 3.901569 -5.169734
v -2.221720 4.318607 -1.843047
v -1.765491 5.033794 -2.131054
v -1.674500 5.020741 -1.542937
v -1.615333 4.117315 -4.717440
v -1.029408 4.914204 -4.228448
v -1.033246 4.975728 -4.783259
v -0.895187 4.849106 -5.184961
v -0.481251 5.179811 -4.711149
v -0.456577 5.076920 -5.099843
v -0.477959 5.337151 -4.257815
v -0.258666 5.326381 -5.106668
v -0.315198 4.916545 -5.366553
v -0.288655 5.416446 -4.757742
v -0.263962 5.578512 -4.303378
v -0.277710 5.955931 -4.895921
v -0.426727 5.413937 -3.830619
v -1.089330 5.415780 -3.338499
v -0.394038 5.543763 -3.371548
v -0.203433 5.681822 -3.828637
v -0.186759 5.994648 -3.960664
v -0.278013 5.961986 -4.470016
v 3.467278 3.513319 0.179144
v 3.533318 3.352540 0.510374
v 3.357499 3.721183 0.684364
v 3.606419 3.234584 0.320957
v 3.643529 3.293530 0.112774
v 3.271114 3.860415 0.355865
v 3.296260 4.237929 0.751664
v 3.793948 3.485071 -0.129855
v 3.789401 3.300897 -0.057112
v 4.044569 3.211907 -0.098218
v 4.146627 3.398597 -0.208505
v 3.134030 4.318320 0.447661
v 3.360039 4.890572 0.840273
v 3.369767 3.940030 0.002253
v 3.297428 4.480552 0.084121
v 3.977691 3.929316 -0.388408
v 4.272967 3.733768 -0.442889
v 3.715030 4.074102 -0.306428
v 4.024173 3.962616 -0.816524
v 4.403471 3.554020 -0.848353
v 3.884168 4.076878 -0.594245
v 3.476397 4.274093 -0.145111
v 3.549498 4.202753 -0.469555
v 3.340608 4.427942 -0.314777
v 3.626740 4.107760 -0.795191
v 3.462096 4.198915 -0.470752
v 3.488385 4.149820 -0.557546
v 3.377235 4.198261 -0.447915
v 3.453994 4.095777 -0.620278
v 3.369107 4.087956 -0.657557
v 3.295650 4.181203 -0.458718
v 3.005582 4.186728 -0.410230
v 3.247086 4.128268 -0.538465
v 3.349118 3.854524 -0.914973
v 3.756051 3.909952 -0.980859
v 3.856178 3.696771 -1.199634
v 3.780181 3.710477 -1.193002
v 3.726638 3.733229 -1.265246
v 4.173703 3.861694 -1.138579
v 3.925393 3.694285 -1.270529
v 4.475049 3.468970 -1.295791
v 3.908502 3.661749 -1.351492
v 3.440862 3.695788 -1.183058
v 3.720237 3.725238 -1.346965
v 4.829963 3.314266 -1.423077
v 3.929482 3.649192 -1.536157
v 3.860623 3.640156 -1.402791
v 3.779368 3.656272 -1.411756
v 3.120162 3.488284 -1.160485
v 2.994330 3.443680 -1.029888
v 3.079979 3.451587 -1.039840
v 3.136824 3.509259 -0.980496
v 2.915997 3.498134 -0.962619
v 2.902332 3.525135 -0.861474
v 3.261691 3.588420 -1.029583
v 3.132176 3.555173 -0.914632
v 3.227629 3.673030 -0.877710
v 3.048839 3.577290 -0.832169
v 2.735149 3.617368 -0.780986
v 2.965070 3.555690 -0.809081
v 2.926309 3.749430 -0.725037
v 3.147594 3.779051 -0.817891
v 3.211627 4.007670 -0.709636
v 3.276296 4.099715 -0.632582
v 2.778202 3.934880 -0.442487
v 2.584069 3.818142 -0.445991
v 2.346831 3.949260 -0.829770
v 2.428949 3.932971 -0.290847
v 2.583587 3.924233 -0.304302
v 2.726309 3.967982 -0.312102
v 2.776677 4.044246 -0.268283
v 2.506470 3.970544 -0.254494
v 2.498799 4.045536 -0.165535
v 2.894229 4.115434 -0.332273
v 2.770632 4.084592 -0.174204
v 2.881529 4.247124 -0.229467
v 2.385980 4.096082 -0.135738
v 2.567661 4.073061 -0.103021
v 2.122061 4.298295 -0.394700
v 2.569032 4.243577 -0.071289
v 2.677211 4.100239 -0.110908
v 2.255259 4.272870 0.003027
v 2.747340 4.315309 -0.094711
v 2.451270 4.424726 0.090277
v 1.949821 4.722833 -0.052168
v 3.113608 4.610225 -0.004643
v 2.044629 4.394294 -1.193614
v 1.862321 4.820318 -0.722943
v 1.674500 5.020741 -1.542936
v 1.765491 5.033794 -2.131054
v 0.979919 5.919174 -2.087904
v 1.053559 5.756546 -2.465426
v 1.575801 5.481003 -1.218004
v 1.291311 5.637756 -0.831815
v 0.932279 6.168013 -1.789114
v 0.396273 5.752796 -2.973345
v 0.392986 6.008760 -2.652574
v 0.375704 6.092811 -2.318089
v 0.328427 6.225982 -2.013165
v 0.000000 5.648389 -2.983718
v 0.000000 5.767330 -3.432585
v 0.000000 5.676504 -2.575686
v -0.396273 5.752774 -2.973333
v 0.000000 5.773659 -2.218411
v -0.392986 6.008736 -2.652564
v -1.053559 5.756546 -2.465427
v -0.375704 6.092811 -2.318089
v 3.768751 3.038593 -1.965420
v 3.827171 3.095975 -2.000809
v 3.833826 3.097283 -1.950755
v 3.751123 3.040887 -1.982272
v 3.774669 3.042066 -1.936121
v 3.932480 3.222350 -1.992036
v 3.893872 3.254953 -1.926929
v 3.911651 3.230482 -2.071702
v 3.995675 3.394878 -2.057220
v 3.965449 3.403376 -2.141877
v 3.950437 3.441617 -1.977109
v 3.797275 3.099849 -2.041192
v 3.852926 3.257236 -2.137797
v 3.894557 3.425930 -2.215998
v 3.736722 3.134232 -2.023318
v 3.772942 3.304281 -2.113237
v 3.791433 3.501241 -2.212329
v 3.760445 3.541368 -2.112819
v 3.743961 3.323800 -2.024313
v 3.719018 3.158831 -1.961429
v 3.719297 3.051504 -1.969863
v 3.708528 3.051689 -1.927794
v 3.736442 3.023923 -1.931840
v 3.748482 3.061652 -1.895166
v 3.708528 3.051689 -1.927794
v 3.766719 3.052881 -1.906090
v 3.726587 3.071121 -1.902907
v 3.719018 3.158831 -1.961429
v 3.782924 3.131784 -1.883828
v 3.813480 3.111542 -1.906422
v 3.739820 3.153781 -1.914719
v 3.846526 3.285185 -1.892264
v 3.875329 3.476074 -1.956021
v 3.787953 3.312749 -1.936244
v 3.743961 3.323800 -2.024313
v 3.815436 3.532305 -2.005445
v 3.760445 3.541368 -2.112819
v -3.833826 3.097283 -1.950756
v -3.827171 3.095975 -2.000810
v -3.768751 3.038593 -1.965420
v -3.751123 3.040887 -1.982273
v -3.774669 3.042066 -1.936122
v -3.932480 3.222350 -1.992037
v -3.893872 3.254952 -1.926931
v -3.911651 3.230458 -2.071694
v -3.995675 3.394878 -2.057221
v -3.965449 3.403376 -2.141879
v -3.950437 3.441639 -1.977122
v -3.852926 3.257236 -2.137799
v -3.797275 3.099849 -2.041193
v -3.894557 3.425929 -2.215999
v -3.736722 3.134231 -2.023319
v -3.772942 3.304281 -2.113238
v -3.791433 3.501241 -2.212331
v -3.760445 3.541368 -2.112820
v -3.743961 3.323800 -2.024314
v -3.719018 3.158831 -1.961430
v -3.719297 3.051504 -1.969864
v -3.708528 3.051689 -1.927795
v -3.736442 3.023923 -1.931841
v -3.748482 3.061651 -1.895167
v -3.708528 3.051689 -1.927795
v -3.766719 3.052881 -1.906091
v -3.726587 3.071121 -1.902908
v -3.719018 3.158831 -1.961430
v -3.782924 3.131784 -1.883829
v -3.813480 3.111542 -1.906423
v -3.739820 3.153781 -1.914720
v -3.846526 3.285185 -1.892265
v -3.875380 3.476119 -1.956048
v -3.787953 3.312749 -1.936245
v -3.815436 3.532305 -2.005446
v -3.743961 3.323800 -2.024314
v -3.760445 3.541368 -2.112820
v 4.815053 3.230247 -1.701712
v 4.885589 3.234985 -1.502815
v 4.725036 3.310723 -1.748039
v 4.922597 3.219976 -1.850918
v -0.979919 5.919174 -2.087904
v 0.000000 5.984410 -1.925362
v -0.328427 6.225982 -2.013165
v -0.000000 6.044788 -1.631179
v 0.327236 6.299921 -1.628135
v 0.721932 6.264543 -1.426949
v 0.279314 6.127160 -1.045658
v 0.562968 6.141005 -1.156748
v 0.953783 5.706269 -0.507886
v 1.612999 5.043846 -0.292055
v 0.425272 5.567795 -0.240606
v 1.122429 5.288263 0.072560
v -0.000000 5.816904 -0.930615
v 0.502630 5.340426 0.257984
v -0.000000 5.446609 -0.132554
v 1.235740 5.107856 0.372357
v -0.279314 6.127160 -1.045658
v -0.425272 5.567795 -0.240606
v -0.000000 5.267606 0.339872
v -0.502631 5.340426 0.257984
v 0.543316 5.154743 0.630051
v -0.543317 5.154743 0.630051
v -0.000000 5.203794 0.700988
v -1.122429 5.288263 0.072559
v 0.417756 5.027882 1.003840
v -1.235741 5.107856 0.372357
v -0.953783 5.706269 -0.507886
v -1.612999 5.043846 -0.292055
v 0.000000 6.061783 -3.725814
v 0.000000 6.101908 -4.010368
v 0.000000 6.040461 -4.492496
v 0.278021 5.962132 -4.470131
v 0.186762 5.994713 -3.960709
v 0.203435 5.681820 -3.828642
v 0.263965 5.578575 -4.303425
v 0.277714 5.956016 -4.895982
v 0.000000 6.070959 -4.941210
v -0.192843 5.899033 -5.292955
v -0.150647 5.235582 -5.458404
v 0.000001 5.995512 -5.277977
v 0.192844 5.899033 -5.292955
v -0.085137 5.893484 -5.571732
v 0.000001 5.970376 -5.589256
v 0.085139 5.893484 -5.571732
v 0.000001 5.637621 -5.741722
v -0.562968 6.141005 -1.156748
v -1.291311 5.637756 -0.831816
v -0.721932 6.264543 -1.426949
v -0.327236 6.299921 -1.628135
v -0.932279 6.168013 -1.789115
v -1.575801 5.481003 -1.218005
v -1.862321 4.820318 -0.722944
v -2.044629 4.394294 -1.193614
v -1.730449 4.811157 0.107810
v -1.538941 4.801547 0.473812
v -1.786111 4.639589 0.378063
v -1.702461 4.735207 0.599785
v -1.624869 4.753944 0.593562
v -1.579009 4.841109 0.656347
v -1.282871 4.974387 0.597282
v -0.766793 5.032077 0.872532
v -0.417757 5.027882 1.003840
v -0.000000 5.010064 1.068075
v -0.438658 5.090885 1.374768
v 0.438658 5.090885 1.374768
v 0.766793 5.032077 0.872532
v 1.282870 4.974387 0.597283
v 1.538940 4.801547 0.473813
v 1.579009 4.841109 0.656347
v 1.624869 4.753944 0.593562
v 1.702461 4.735207 0.599785
v 1.730449 4.811157 0.107811
v 1.786110 4.639589 0.378063
v 1.936539 4.774183 0.517951
v 1.785849 4.755959 0.633288
v 1.922049 4.566818 0.293179
v 2.074969 4.674963 0.415074
v 1.821909 4.813935 0.693535
v 2.098599 4.486799 0.312051
v 2.138840 4.551578 0.400207
v 2.218881 4.549076 0.419906
v 2.047680 4.395083 0.183765
v 2.119351 4.417411 0.261808
v 2.179259 4.362955 0.253601
v 2.203140 4.301250 0.128755
v 2.376140 4.406566 0.218844
v 2.280321 4.362309 0.268341
v 2.337819 4.436715 0.340081
v 2.434560 4.482110 0.298947
v 2.584577 4.594362 0.179971
v 2.392891 4.584439 0.407172
v 2.322520 4.499269 0.418514
v 2.253989 4.742723 0.389841
v 2.748331 4.455194 0.083039
v 2.795956 4.442042 0.046374
v 2.730043 4.516207 0.143843
v 2.902052 4.502346 0.049210
v 2.760599 4.573677 0.177303
v 2.940609 4.575674 0.110468
v 2.904160 4.614456 0.169529
v 2.810586 4.817748 0.225617
v 2.829687 4.605779 0.190745
v 2.955392 4.804702 0.280745
v 3.134513 4.862802 0.339929
v 2.841321 5.015255 0.487547
v 3.093873 4.954459 0.660610
v 3.076728 5.185961 0.519966
v 3.050083 5.306018 0.809567
v 3.461690 5.481014 0.925054
v 3.315640 5.364148 1.170297
v 2.987066 5.383607 0.707634
v 2.942082 5.387547 1.008151
v 2.976601 5.431365 1.151124
v 3.195091 5.359940 1.276682
v 3.349117 5.421417 1.482581
v 3.204769 5.344079 1.457999
v 3.060827 5.429425 1.653672
v 3.050845 5.428269 1.456706
v 2.715006 5.363829 1.487814
v 3.052648 5.540190 1.277825
v 2.941498 5.624798 1.150088
v 2.795676 5.406506 1.303546
v 2.410480 5.238259 1.376269
v 2.866187 5.566228 0.914990
v 2.421420 5.231657 1.146208
v 1.984190 5.175381 1.201021
v 2.069279 5.046601 1.378814
v 1.830819 4.896392 1.585624
v 1.771061 5.303841 1.522973
v 1.688940 5.088292 1.861642
v 1.802709 4.717797 1.911572
v 1.712689 5.628170 2.016294
v 1.546029 4.768573 2.288044
v 1.751759 4.352573 2.207262
v 1.675559 5.597425 2.404696
v 1.819559 6.066794 1.937452
v 1.334020 4.133785 2.525543
v 1.562498 4.025911 2.460100
v 1.349070 3.840179 2.880805
v 1.522369 3.768637 2.861245
v 1.258270 4.279224 2.785342
v 1.281059 3.875860 3.036114
v 1.375478 4.830544 2.775412
v 1.196418 4.286973 3.132096
v 1.280790 3.911345 3.237830
v 1.230449 4.237522 3.470617
v 1.339280 5.038955 3.310543
v 1.401409 4.910762 3.766734
v 1.627289 5.573318 3.915700
v 1.734210 5.773307 2.973038
v 1.614929 5.654658 3.373885
v 1.877199 6.157268 4.008009
v 1.792460 6.145257 2.462872
v 1.893369 6.267112 3.383389
v 1.882899 6.265052 3.066627
v 1.852180 6.571507 2.441675
v 1.884669 6.596538 3.440145
v 1.884669 6.596538 3.440145
v 1.958088 6.665746 3.773321
v 2.052459 6.810701 4.025851
v 1.896719 6.567148 3.106612
v 1.896719 6.567148 3.106612
v 1.701779 6.506123 3.282538
v 1.701779 6.506123 3.282538
v 1.740550 6.588337 3.064953
v 1.466009 6.456983 3.125007
v 1.685859 6.606236 2.645331
v 1.436169 6.479835 2.984726
v 1.205799 6.453805 3.150706
v 1.486230 6.533683 2.589327
v 1.205039 6.590573 2.594785
v 1.158750 6.516655 3.035827
v 0.980292 6.644906 3.092296
v 1.022680 6.490659 3.485208
v 0.770135 6.356477 3.412784
v 1.084760 6.436312 3.778061
v 0.739188 6.529975 3.078830
v 0.798286 6.165540 3.770259
v 0.889822 6.151807 4.105052
v 0.711354 6.093904 4.062113
v 0.329681 6.152887 3.793165
v 0.390349 6.148129 4.126467
v 0.321855 6.272635 3.411450
v 0.340522 6.478892 3.116518
v 0.150646 5.235483 -5.458309
v 0.258667 5.326390 -5.106644
v 0.000001 5.201282 -5.722254
v -0.160236 4.939396 -5.677719
v 0.160215 4.938701 -5.676923
v 0.000001 4.973572 -5.768600
v 0.315161 4.915930 -5.365898
v 0.233929 4.614626 -5.873154
v 0.288656 5.416466 -4.757758
v 0.481252 5.179789 -4.711137
v 0.477962 5.337150 -4.257817
v 0.456571 5.076821 -5.099749
v 1.029409 4.914204 -4.228448
v 0.426728 5.413937 -3.830619
v 1.033250 4.975728 -4.783259
v 0.895201 4.849158 -5.185037
v 1.057669 4.997918 -3.675238
v 1.615365 4.117390 -4.717525
v -1.158751 6.516655 3.035827
v -0.980294 6.644906 3.092296
v -1.205800 6.453805 3.150706
v -0.969366 6.712256 2.669391
v -1.436170 6.479835 2.984726
v -1.466010 6.456983 3.125007
v -1.205040 6.590573 2.594785
v -0.462634 6.594357 2.719833
v -1.740551 6.588337 3.064952
v -1.701781 6.506123 3.282537
v -1.701781 6.506123 3.282537
v -1.884671 6.596538 3.440144
v -1.884671 6.596538 3.440144
v -1.896721 6.567148 3.106611
v -1.896721 6.567148 3.106611
v -1.685860 6.606259 2.645321
v -1.486231 6.533683 2.589327
v -1.852182 6.571507 2.441674
v -1.893370 6.267136 3.383379
v -1.882900 6.265052 3.066626
v -1.877201 6.157268 4.008008
v -1.958090 6.665746 3.773320
v -2.052461 6.810701 4.025850
v -1.614930 5.654658 3.373885
v -1.627290 5.573318 3.915700
v -1.734211 5.773307 2.973037
v -1.339282 5.038955 3.310543
v -1.401410 4.910762 3.766734
v -1.230451 4.237522 3.470617
v -1.792461 6.145257 2.462871
v -1.675560 5.597425 2.404696
v -1.196420 4.286973 3.132096
v -1.280791 3.911345 3.237830
v -1.281060 3.875860 3.036114
v -1.375479 4.830544 2.775412
v -1.258271 4.279224 2.785342
v -1.349071 3.840188 2.880801
v -1.546030 4.768573 2.288044
v -1.334022 4.133785 2.525542
v 7.746443 -1.573958 -4.968556
v 7.712179 -1.404419 -4.989397
v 7.719671 -1.488269 -4.595465
v 7.583985 -1.391108 -4.571711
v 7.510325 -1.253872 -4.938646
v 7.655410 -1.639107 -4.286234
v 7.425920 -1.284637 -5.309515
v 7.328690 -1.411962 -4.918722
v 7.659271 -1.455680 -5.344439
v 7.328639 -1.429130 -5.704743
v 7.583630 -1.599790 -5.754824
v 7.212764 -1.460012 -5.250550
v 7.081547 -1.587066 -5.660034
v 7.717691 -1.677314 -5.356246
v 7.672961 -1.875525 -5.756006
v 7.145835 -1.710833 -5.211096
v 7.012942 -1.867667 -5.646409
v 7.263183 -1.656555 -4.865372
v 7.258332 -1.922225 -5.259748
v 7.145048 -2.059433 -5.667191
v 7.440958 -2.067495 -5.346296
v 7.346901 -2.181767 -5.718058
v 7.528766 -1.852043 -4.915697
v 7.369380 -1.788085 -4.867265
v 7.594678 -1.783642 -4.564570
v 7.462014 -1.513088 -4.555370
v 7.435471 -1.661941 -4.543955
v 7.601079 -1.657078 -4.289970
v 7.592798 -1.702268 -4.271407
v 7.498641 -1.745037 -4.541949
v 7.601358 -1.738281 -4.274203
v 7.657772 -1.775162 -4.279005
v 7.669303 -1.720455 -4.222359
v 7.718224 -1.699003 -4.320292
v 7.657772 -1.775162 -4.279005
v 7.657772 -1.775162 -4.279005
v 7.703263 -1.655101 -4.305598
v 7.745859 -1.597454 -4.598669
v 7.640602 -1.750443 -4.933448
v 7.682384 -1.718141 -4.582706
v 7.702882 -1.746514 -4.303129
v 7.657772 -1.775162 -4.279005
v 7.594678 -1.783642 -4.564570
v 7.528766 -1.852043 -4.915697
v 7.618529 -1.899997 -5.357414
v 7.440958 -2.067495 -5.346296
v 7.583630 -2.065526 -5.721430
v 7.346901 -2.181767 -5.718058
v -7.719670 -1.488269 -4.595467
v -7.712177 -1.404419 -4.989398
v -7.746441 -1.573958 -4.968558
v -7.659269 -1.455680 -5.344440
v -7.745858 -1.597454 -4.598671
v -7.583984 -1.391108 -4.571712
v -7.510323 -1.253872 -4.938648
v -7.425919 -1.284637 -5.309517
v -7.328688 -1.411962 -4.918724
v -7.328637 -1.429130 -5.704745
v -7.583628 -1.599791 -5.754826
v -7.212762 -1.460012 -5.250552
v -7.081545 -1.587066 -5.660036
v -7.717689 -1.677315 -5.356248
v -7.672959 -1.875525 -5.756008
v -7.640600 -1.750444 -4.933450
v -7.618527 -1.899998 -5.357416
v -7.583628 -2.065526 -5.721432
v -7.440956 -2.067495 -5.346298
v -7.346899 -2.181767 -5.718060
v -7.528764 -1.852044 -4.915699
v -7.594677 -1.783642 -4.564572
v -7.682383 -1.718141 -4.582708
v -7.702881 -1.746514 -4.303131
v -7.657771 -1.775163 -4.279007
v -7.657771 -1.775163 -4.279007
v -7.718223 -1.699003 -4.320294
v -7.657771 -1.775163 -4.279007
v -7.669302 -1.720456 -4.222361
v -7.703262 -1.655101 -4.305600
v -7.655409 -1.639108 -4.286236
v -7.592797 -1.702268 -4.271409
v -7.657771 -1.775163 -4.279007
v -7.462013 -1.513089 -4.555372
v -7.601078 -1.657079 -4.289972
v -7.601357 -1.738282 -4.274205
v -7.594677 -1.783642 -4.564572
v -7.435470 -1.661941 -4.543957
v -7.498640 -1.745037 -4.541951
v -7.369379 -1.788086 -4.867267
v -7.528764 -1.852044 -4.915699
v -7.263181 -1.656555 -4.865374
v -7.258330 -1.922225 -5.259750
v -7.145833 -1.710833 -5.211098
v -7.012940 -1.867667 -5.646410
v -7.440956 -2.067495 -5.346298
v -7.145046 -2.059433 -5.667193
v -7.346899 -2.181767 -5.718060
v -7.168974 10.280754 5.426153
v -6.687847 9.766271 4.769169
v -6.327624 9.412930 4.195295
v -6.030571 9.176586 4.572761
v -6.419928 9.538329 5.021853
v -6.321249 9.187973 5.293676
v -6.852922 10.080284 5.701810
v -6.711063 9.734303 5.993515
v -6.948808 9.046621 6.258022
v -7.715862 8.882942 6.867060
v -7.225871 9.394794 6.848190
v -7.915887 9.099926 7.251158
v -6.966689 10.201878 6.541006
v -7.388939 9.613364 7.234009
v -8.077635 9.281619 7.555477
v -7.172861 10.516319 6.244565
v -7.155539 10.422052 6.882865
v -7.369991 10.807274 6.553042
v -7.544006 9.808363 7.525387
v -8.218478 9.447460 7.842402
v -7.695212 9.977736 7.803799
v -8.313703 9.652411 8.006086
v -7.829095 10.115726 7.983659
v -7.302096 10.600559 7.143133
v -7.464453 10.818651 7.423090
v -7.551448 11.024746 6.825592
v 3.475787 2.291944 -0.358328
v 3.262224 2.198981 -0.751242
v 3.216530 2.236671 -0.700003
v 3.194279 2.304082 -0.692576
v 3.250261 2.321972 -0.807461
v 3.352242 2.380893 -0.338189
v 3.223210 2.336010 -0.762855
v 3.404896 2.568662 -0.583828
v 3.316987 2.557564 -0.493264
v 3.539948 2.797738 -0.393691
v 3.283230 2.468726 -0.365877
v 3.424302 2.780179 -0.268636
v 3.666440 3.046612 -0.229664
v 3.391281 2.684352 -0.110419
v 3.512643 3.017586 -0.071084
v 3.789401 3.300897 -0.057112
v 3.643529 3.293530 0.112774
v 3.503042 2.936480 0.137527
v 3.485871 2.567504 -0.041021
v 0.647028 4.574759 -5.465682
v 0.848178 3.886952 -5.966855
v 0.484417 4.680638 -5.794680
v 0.377318 3.927535 -6.172621
v 0.000001 4.092540 -6.398323
v 0.000001 4.667350 -6.045207
v -0.233969 4.615444 -5.874189
v -0.484598 4.682398 -5.796855
v -0.647052 4.574916 -5.465909
v -0.848486 3.888382 -5.969036
v -1.091719 3.796265 -5.605275
v 0.630361 5.942142 4.304280
v 0.763221 5.861187 4.521665
v 0.673376 5.597407 4.400523
v 0.599724 5.520708 4.567756
v 0.669028 5.793088 4.733640
v 0.581718 5.677629 4.244491
v 0.392983 5.719937 4.192634
v 0.423349 6.015032 4.315679
v 0.591967 5.332971 4.268927
v 0.519899 5.408065 4.149783
v 0.369747 5.441318 4.115164
v 0.441875 5.488736 4.659921
v 0.487799 5.797811 4.850251
v 0.279531 5.824926 4.826873
v 0.531024 5.269406 4.404289
v 0.436803 5.085189 4.028705
v 0.328284 5.112468 3.993154
v 0.477375 5.045970 4.108690
v 0.432673 5.008842 4.187817
v 0.367212 4.850060 3.956198
v 0.337355 4.839361 3.902942
v 0.291490 4.829418 3.885903
v 0.294268 4.789889 3.923918
v 0.350814 4.827618 3.982666
v 0.308025 4.807860 4.001862
v 0.344705 4.989576 4.245931
v 0.395305 5.247326 4.476232
v 0.230025 5.287503 4.452364
v 0.230379 5.005115 4.225405
v 0.251599 4.810174 3.993863
v 0.241330 5.537407 4.636037
v 0.163447 5.903407 4.627609
v 0.154510 5.616187 4.461938
v 0.247799 5.985716 4.452898
v 0.164908 5.364660 4.315234
v 0.253644 5.685063 4.304319
v 0.423349 6.015032 4.315679
v 0.392983 5.719937 4.192634
v 0.369747 5.441318 4.115164
v 0.247548 5.416162 4.191472
v 0.328284 5.112468 3.993154
v 0.181074 5.055809 4.132687
v 0.240773 5.078259 4.031761
v 0.234736 4.824522 3.965939
v 0.242970 4.837472 3.925559
v 0.291490 4.829418 3.885903
v -0.673378 5.597407 4.400523
v -0.763223 5.861187 4.521665
v -0.630363 5.942142 4.304280
v -0.599725 5.520708 4.567756
v -0.669029 5.793088 4.733640
v -0.581719 5.677629 4.244491
v -0.392985 5.719937 4.192634
v -0.423350 6.015032 4.315679
v -0.591968 5.332971 4.268927
v -0.519901 5.408065 4.149783
v -0.369749 5.441318 4.115164
v -0.441877 5.488736 4.659921
v -0.487800 5.797811 4.850251
v -0.279533 5.824926 4.826873
v -0.531026 5.269406 4.404289
v -0.241332 5.537407 4.636037
v -0.163449 5.903407 4.627609
v -0.395306 5.247326 4.476232
v -0.154512 5.616187 4.461938
v -0.230027 5.287503 4.452364
v -0.247801 5.985716 4.452898
v -0.344707 4.989576 4.245931
v -0.432675 5.008842 4.187817
v -0.253646 5.685063 4.304319
v -0.423350 6.015032 4.315679
v -0.392985 5.719937 4.192634
v -0.369749 5.441318 4.115164
v -0.164910 5.364660 4.315234
v -0.247550 5.416162 4.191472
v -0.328286 5.112468 3.993154
v -0.230381 5.005115 4.225405
v -0.181076 5.055809 4.132687
v -0.240775 5.078259 4.031761
v -0.242972 4.837472 3.925559
v -0.291491 4.829418 3.885903
v -0.294270 4.789889 3.923918
v -0.234738 4.824522 3.965939
v -0.251601 4.810174 3.993863
v -0.308027 4.807860 4.001862
v -0.350815 4.827618 3.982666
v -0.367214 4.850060 3.956198
v -0.477376 5.045970 4.108690
v -0.436805 5.085189 4.028705
v -0.328286 5.112468 3.993154
v -0.337356 4.839361 3.902942
v -0.291491 4.829418 3.885903
v -0.000001 6.174737 3.840020
v -0.000001 6.070518 4.380871
v -0.390351 6.148129 4.126467
v -0.000001 6.387971 3.449109
v -0.329683 6.152887 3.793165
v -0.711356 6.093904 4.062113
v -0.000001 6.476443 3.125417
v -0.321857 6.272635 3.411450
v -0.798287 6.165540 3.770259
v -0.889824 6.151807 4.105052
v -1.084761 6.436312 3.778061
v -0.770136 6.356477 3.412784
v -1.022681 6.490659 3.485208
v -0.340523 6.478892 3.116518
v -0.000001 6.512239 2.805007
v -0.739189 6.529975 3.078830
v -3.374238 2.882494 -4.403255
v -3.376879 2.718926 -4.388970
v -3.367939 2.714849 -4.340364
v -3.399028 2.683344 -4.343503
v -3.428187 2.730937 -4.316118
v -3.446043 2.713846 -4.332504
v -3.515233 2.827604 -4.361320
v -3.479673 2.855832 -4.338784
v -3.399739 2.728170 -4.312832
v -3.367939 2.714849 -4.340364
v -3.374238 2.882494 -4.403255
v -3.420491 2.886904 -4.351107
v -3.497834 3.019923 -4.374924
v -3.401771 3.128307 -4.411417
v -3.419628 3.007768 -4.379167
v -3.362935 2.996816 -4.444404
v -3.401771 3.128307 -4.411417
v -3.333090 3.095654 -4.469913
v 1.375450 5.666691 3.334908
v 1.486669 5.870636 3.479424
v 1.414930 5.824050 3.522787
v 1.327538 5.619998 3.329798
v 1.314170 5.613524 3.287518
v 1.382440 5.702924 3.304627
v 1.289560 5.657710 3.359142
v 1.475549 6.103556 3.723722
v 1.606499 6.200393 3.615888
v 1.321219 6.129520 3.683007
v 1.499339 5.920873 3.364993
v 1.608079 6.304305 3.441201
v 1.414229 5.962768 3.288509
v 1.469799 6.317302 3.275373
v 1.355120 6.279566 3.309231
v 1.341300 5.988908 3.307995
v 1.346560 5.709194 3.275704
v 1.301930 5.686452 3.273017
v 1.306340 5.855571 3.507469
v 1.269169 5.682778 3.339967
v 1.301930 5.686452 3.273017
v 1.270599 5.919124 3.451295
v 1.278430 6.187315 3.582984
v 1.277528 5.704155 3.300365
v 1.341300 5.988908 3.307995
v 1.284940 5.953968 3.376603
v 1.271579 6.232125 3.450019
v 1.355120 6.279566 3.309231
v -1.414931 5.824050 3.522787
v -1.486670 5.870636 3.479424
v -1.375451 5.666691 3.334908
v -1.327539 5.619998 3.329798
v -1.314171 5.613524 3.287518
v -1.382442 5.702924 3.304627
v -1.289561 5.657710 3.359142
v -1.301931 5.686452 3.273017
v -1.346562 5.709218 3.275694
v -1.341301 5.988908 3.307995
v -1.414230 5.962768 3.288509
v -1.355121 6.279566 3.309231
v -1.469800 6.317302 3.275373
v -1.608080 6.304305 3.441201
v -1.499340 5.920873 3.364993
v -1.606500 6.200393 3.615888
v -1.475550 6.103556 3.723722
v -1.321220 6.129520 3.683007
v -1.306341 5.855571 3.507469
v -1.270600 5.919124 3.451295
v -1.269170 5.682778 3.339967
v -1.278431 6.187315 3.582984
v -1.301931 5.686452 3.273017
v -1.277529 5.704155 3.300365
v -1.341301 5.988908 3.307995
v -1.284941 5.953968 3.376603
v -1.271581 6.232125 3.450019
v -1.355121 6.279566 3.309231
v -1.562500 4.025911 2.460099
v -1.522370 3.768637 2.861244
v -1.751760 4.352573 2.207261
v -1.802710 4.717797 1.911571
v -1.688941 5.088292 1.861641
v -1.830820 4.896392 1.585623
v -1.712690 5.628170 2.016293
v -1.771061 5.303841 1.522973
v -1.819560 6.066794 1.937452
v -1.984190 5.175381 1.201020
v -2.069280 5.046601 1.378813
v -2.410481 5.238259 1.376268
v -2.421421 5.231657 1.146208
v -2.795677 5.406506 1.303545
v -2.715007 5.363829 1.487813
v -3.050846 5.428269 1.456705
v -3.060828 5.429425 1.653671
v -3.204770 5.344079 1.457998
v -3.349118 5.421417 1.482580
v -3.195092 5.359940 1.276682
v -3.052649 5.540190 1.277824
v -2.941499 5.624798 1.150087
v -2.976602 5.431365 1.151123
v -8.693535 11.464433 7.051582
v -9.097801 11.172940 7.020119
v -9.103770 11.255218 7.410310
v -9.203440 10.757519 7.141452
v -8.803999 11.574120 7.387091
v -8.464147 11.615926 7.446542
v -8.303619 11.512493 7.144162
v -9.116267 11.297250 7.837817
v -8.867042 11.695381 7.765887
v -9.197471 10.860315 7.528872
v -9.143978 10.526321 7.685078
v -9.119213 10.216311 7.391308
v -9.183602 10.726839 7.974589
v -8.876161 10.108540 7.872674
v -8.822515 9.874200 7.636838
v -8.928611 10.306309 8.163251
v -8.427241 9.945482 8.200373
v -8.313703 9.652411 8.006086
v -8.512864 10.121834 8.395323
v -9.321626 10.949908 8.737016
v -9.055561 10.539263 8.919808
v -8.598310 10.353539 9.069176
v -9.260411 11.506746 8.578745
v -9.166711 10.807633 9.887321
v -8.713397 10.655005 10.031379
v -9.421651 11.196625 9.734427
v -9.382586 11.731552 9.563326
v -8.984618 11.918346 8.556864
v -9.071054 12.133779 9.529892
v -8.340474 11.747789 8.667924
v -9.151140 12.301647 10.539701
v -8.498081 11.966084 9.660806
v -8.603619 12.153885 10.626204
v -8.231102 11.581591 9.781762
v -8.173114 11.494417 7.907102
v -7.935597 11.081325 8.102509
v -8.070600 11.434984 7.580781
v -7.912356 11.323050 7.329011
v -7.787592 10.971313 7.825457
v -7.666332 10.883775 7.600890
v -7.892392 10.272332 8.175142
v -7.829095 10.115726 7.983659
v -8.427241 9.945482 8.200373
v -8.313703 9.652411 8.006086
v -8.010883 10.419949 8.390017
v -8.512864 10.121834 8.395323
v -8.598310 10.353539 9.069176
v -8.043497 11.323797 8.848286
v -8.122416 10.661871 9.061447
v -8.270599 10.958336 9.969878
v -8.713397 10.655005 10.031379
v -8.340246 11.767691 10.743981
v -8.388506 11.201514 10.889484
v -8.797802 10.928917 10.931553
v -8.707124 12.292178 11.619780
v -8.446723 11.931977 11.696778
v -8.470853 11.379288 11.817348
v -8.800138 11.110346 11.859468
v -8.785812 12.388279 12.610009
v -8.510274 12.055876 12.653245
v -8.486931 11.490215 12.757133
v -8.798589 11.225250 12.785398
v -8.495314 11.541275 13.656672
v -8.808089 11.308422 13.680592
v -8.546800 12.107073 13.596106
v -8.498794 11.485170 14.588062
v -8.761786 11.286544 14.634623
v -8.533693 12.010496 14.554680
v -8.452667 11.327539 15.454031
v -8.675603 11.141145 15.488730
v -8.439053 11.782491 15.453540
v 1.784799 3.520560 -9.883354
v 1.810567 3.617603 -9.719663
v 1.759655 3.351790 -9.639483
v 1.680877 3.431654 -9.497281
v 1.705990 3.721614 -9.602392
v 1.735677 3.255929 -9.752477
v 1.616325 3.472929 -9.973207
v 1.626899 3.140118 -9.389465
v 1.566089 3.467390 -9.500416
v 1.564649 3.775002 -9.621700
v 1.454019 3.454715 -9.545233
v 1.486834 3.760499 -9.676067
v 1.504443 3.163928 -9.374603
v 1.428650 3.153717 -9.409576
v 1.399280 2.878098 -9.297127
v 1.434322 2.866832 -9.271629
v 1.463951 2.846886 -9.269961
v 1.413011 2.784761 -9.278204
v 1.661464 3.065735 -9.495116
v 1.490890 2.818068 -9.320115
v 1.623961 3.011843 -9.582289
v 1.436770 2.781140 -9.323969
v 1.422722 2.797734 -9.354837
v 1.395462 2.823737 -9.361073
v 1.399280 2.878098 -9.297127
v 1.516590 3.010780 -9.618383
v 1.585749 3.251903 -9.835773
v 1.391380 3.061306 -9.575299
v 1.381571 2.848650 -9.332846
v 1.384482 3.333516 -9.758143
v 1.391530 3.575238 -9.877619
v 1.385541 3.093603 -9.502777
v 1.428650 3.153717 -9.409576
v 1.389691 3.388323 -9.664337
v 1.395731 3.661445 -9.789186
v 1.454019 3.454715 -9.545233
v 1.486834 3.760499 -9.676067
v -1.759498 3.351501 -9.638631
v -1.810148 3.616773 -9.717421
v -1.784479 3.519943 -9.881607
v -1.680836 3.431602 -9.497069
v -1.705835 3.721268 -9.601544
v -1.735546 3.255673 -9.751747
v -1.616239 3.472758 -9.972675
v -1.626892 3.140103 -9.389433
v -1.661433 3.065688 -9.494961
v -1.566031 3.467271 -9.500094
v -1.564505 3.774665 -9.620828
v -1.453999 3.454658 -9.545100
v -1.486768 3.760337 -9.675648
v -1.504436 3.163923 -9.374547
v -1.428648 3.153727 -9.409553
v -1.399277 2.878098 -9.297127
v -1.434319 2.866832 -9.271629
v -1.463948 2.846886 -9.269961
v -1.413009 2.784761 -9.278204
v -1.490888 2.818068 -9.320115
v -1.436768 2.781140 -9.323969
v -1.623933 3.011786 -9.582157
v -1.422719 2.797734 -9.354837
v -1.395460 2.823737 -9.361073
v -1.399277 2.878098 -9.297127
v -1.516585 3.010790 -9.618361
v -1.585721 3.251855 -9.835618
v -1.381569 2.848650 -9.332846
v -1.385539 3.093603 -9.502777
v -1.428648 3.153727 -9.409553
v -1.391378 3.061306 -9.575299
v -1.389684 3.388309 -9.664304
v -1.453999 3.454658 -9.545100
v -1.384477 3.333516 -9.758143
v -1.391508 3.575205 -9.877496
v -1.395709 3.661388 -9.789054
v -1.486768 3.760337 -9.675648
v 9.103766 11.255218 7.410312
v 9.097797 11.172940 7.020121
v 8.693531 11.464434 7.051584
v 8.803995 11.574120 7.387093
v 8.464143 11.615926 7.446544
v 8.303616 11.512493 7.144164
v 8.070596 11.434984 7.580782
v 7.912354 11.323050 7.329013
v 8.173110 11.494417 7.907104
v 7.787589 10.971313 7.825459
v 7.666329 10.883751 7.600902
v 7.935620 11.081325 8.102510
v 7.892389 10.272332 8.175144
v 7.829093 10.115726 7.983661
v 8.427238 9.945482 8.200375
v 8.313699 9.652411 8.006088
v 8.010880 10.419949 8.390018
v 8.512860 10.121834 8.395325
v 8.598306 10.353539 9.069178
v 8.043493 11.323797 8.848288
v 8.122412 10.661871 9.061449
v 8.270596 10.958336 9.969880
v 8.231098 11.581591 9.781764
v 8.713393 10.655005 10.031381
v 8.388502 11.201514 10.889486
v 8.797798 10.928917 10.931555
v 8.340242 11.767691 10.743983
v 8.603615 12.153885 10.626205
v 8.470849 11.379288 11.817350
v 8.800135 11.110346 11.859469
v 8.446719 11.931977 11.696780
v 8.707120 12.292178 11.619781
v 8.785809 12.388279 12.610011
v 8.510270 12.055876 12.653247
v 8.486927 11.490215 12.757135
v 8.798585 11.225250 12.785400
v 8.495308 11.541275 13.656673
v 8.808084 11.308422 13.680593
v 8.546794 12.107073 13.596107
v 8.832772 12.430376 13.573162
v 8.498788 11.485170 14.588066
v 8.761780 11.286544 14.634626
v 8.533688 12.010496 14.554684
v 8.795918 12.356140 14.570964
v 8.452662 11.327539 15.454035
v 8.675597 11.141145 15.488734
v 8.439047 11.782491 15.453544
v 9.145523 12.468719 14.607122
v 6.296281 -1.576416 -8.441152
v 7.350915 -1.926124 -8.709057
v 6.822138 -2.045094 -8.676009
v 6.402479 -1.939022 -8.252199
v 6.931663 -2.520723 -8.297214
v 6.521833 -2.397199 -7.980652
v 6.603976 -2.729734 -7.792226
v 7.549239 -2.366671 -8.364513
v 7.013425 -2.825061 -8.025642
v 6.771261 -2.857394 -7.575820
v 7.553404 -2.713897 -7.964514
v 7.877940 -1.659759 -8.523125
v 7.099379 -3.070474 -7.659442
v 7.142050 -3.014642 -7.346095
v 6.955615 -2.754233 -7.288556
v 7.548476 -2.938212 -7.621076
v 7.522365 -2.918712 -7.248025
v 7.764656 -0.956949 -8.236738
v 7.963156 -2.702568 -7.433866
v 7.762115 -2.776687 -7.145700
v 8.022541 -2.502799 -7.767083
v 8.171639 -2.619106 -7.131174
v 7.929806 -2.660060 -6.816638
v 8.228003 -2.582859 -6.953622
v 8.067779 -2.599342 -6.754264
v 8.403694 -2.351583 -7.094009
v 8.423100 -2.389381 -7.004749
v 8.306259 -2.368781 -7.368813
v 8.502907 -2.191888 -6.914659
v 8.249592 -2.074910 -7.401734
v 8.484314 -2.039363 -7.012866
v 8.482535 -2.016600 -6.715266
v 8.140931 -1.802295 -7.620598
v 8.436739 -1.906848 -6.796418
v 8.180377 -1.821462 -6.957893
v 8.387134 -2.054200 -6.527605
v 8.022491 -1.853409 -6.612882
v 8.243775 -1.911113 -6.493898
v 8.166686 -2.076622 -6.433907
v 8.280149 -2.216878 -6.444194
v 8.015608 -2.403859 -6.435801
v 8.120332 -2.442861 -6.530861
v 7.901257 -2.314836 -6.324026
v 8.090308 -2.035222 -6.310363
v 7.875958 -1.966398 -6.092052
v 7.747739 -2.278046 -6.086366
v 7.631686 -2.171968 -5.909101
v 7.768846 -1.662985 -6.281912
v 7.741668 -1.902145 -5.902562
v 7.583630 -2.065526 -5.721430
v 7.672961 -1.875525 -5.756006
v 7.583630 -1.599790 -5.754824
v 7.653531 -1.505791 -5.907749
v 7.328639 -1.429130 -5.704743
v 7.213653 -1.336571 -5.916874
v 7.081547 -1.587066 -5.660034
v 7.574917 -1.387138 -6.144027
v 6.976189 -1.466881 -5.851576
v 7.012942 -1.867667 -5.646409
v 7.172327 -1.298864 -6.156647
v 7.624143 -1.451468 -6.530911
v 7.131586 -1.265972 -6.390653
v 6.865800 -1.470510 -6.069644
v 7.923380 -1.609576 -7.035142
v 7.450406 -1.010743 -6.937707
v 7.791300 -1.149117 -7.387655
v 7.947230 -1.351808 -7.943318
v 7.056223 -0.955788 -6.762946
v 8.020255 -2.142028 -8.208217
v 7.631559 -0.772399 -7.710927
v 7.466180 -0.309148 -8.025327
v 7.351473 -0.645569 -7.268664
v 7.470320 0.222884 -8.194568
v 7.216853 -0.217772 -7.564106
v 7.264503 0.339836 -7.658480
v 7.625793 0.940456 -8.415580
v 7.273242 1.001031 -7.847763
v 7.143422 1.602495 -8.120068
v 6.563464 1.402518 -7.942538
v 6.726837 0.865644 -7.638317
v 6.002073 1.167299 -7.882828
v 6.830037 0.267533 -7.378415
v 6.127752 0.624164 -7.640022
v 5.556405 0.898395 -8.137614
v 6.929122 -0.233376 -7.284165
v 6.350713 0.019467 -7.414703
v 6.991784 -0.625932 -7.028096
v 6.480583 -0.421831 -7.224538
v 6.555082 -0.776355 -7.008895
v 6.625516 -1.089012 -6.754244
v 6.099278 -0.685629 -7.458612
v 6.188636 -1.035857 -7.239812
v 6.692547 -1.496204 -6.390077
v 5.921631 -0.174886 -7.666841
v 5.714875 0.371462 -7.879628
v 5.914697 -0.898204 -7.801305
v 5.678705 -0.403664 -8.054480
v 5.441672 0.163345 -8.317953
v 5.353128 0.726989 -8.645251
v 6.017491 -1.239406 -7.586776
v 5.943297 -1.079261 -8.239371
v 6.067402 -1.437866 -8.019127
v 5.704537 -0.548208 -8.512825
v 6.296281 -1.576416 -8.441152
v 6.209033 -1.142071 -8.664606
v 6.402479 -1.939022 -8.252199
v 6.063668 -0.611039 -8.938680
v 5.422216 0.029735 -8.854280
v 5.777156 -0.005495 -9.390789
v 5.366311 0.601262 -9.219780
v 5.698569 0.565957 -9.788593
v 5.424807 1.192910 -8.987006
v 5.450410 1.093695 -9.565458
v 5.684979 1.092344 -10.040596
v 5.423537 1.462732 -9.129650
v 5.604563 1.696887 -8.586684
v 5.490161 1.443744 -9.662911
v 5.656836 1.497222 -10.124228
v 6.225923 -1.346419 -7.025435
v 6.248529 -1.768703 -6.705808
v 6.060290 -1.562778 -7.365257
v 6.081626 -1.965922 -7.095193
v 6.179949 -1.780897 -7.818357
v 6.208498 -2.225681 -7.591383
v 6.521833 -2.397199 -7.980652
v 6.104308 -2.260830 -6.912212
v 6.291455 -2.527945 -7.448144
v 6.603976 -2.729734 -7.792226
v 6.293030 -2.054740 -6.523263
v 6.286096 -2.551373 -6.809766
v 6.423637 -2.715503 -7.295505
v 6.771261 -2.857394 -7.575820
v 6.731383 -2.658713 -7.115786
v 6.955615 -2.754233 -7.288556
v 6.699760 -2.598328 -6.780470
v 6.451043 -2.327794 -6.478718
v 6.795721 -2.461612 -6.548635
v 6.961456 -2.322716 -6.386301
v 6.666638 -1.862185 -6.122212
v 6.755335 -2.071206 -6.077452
v 7.051499 -2.185933 -5.850934
v 6.757190 -1.775075 -6.008883
v 6.873496 -1.963878 -5.884557
v 7.145048 -2.059433 -5.667191
v -6.060288 -1.562778 -7.365259
v -6.179947 -1.780897 -7.818359
v -6.067400 -1.437866 -8.019129
v -6.296278 -1.576416 -8.441154
v -6.017489 -1.239406 -7.586778
v -6.188634 -1.035857 -7.239814
v -5.943295 -1.079261 -8.239373
v -6.209030 -1.142071 -8.664608
v -5.914695 -0.898204 -7.801307
v -6.099277 -0.685629 -7.458614
v -6.555080 -0.776355 -7.008897
v -7.056221 -0.955788 -6.762948
v -7.450404 -1.010743 -6.937709
v -6.991782 -0.625932 -7.028098
v -6.480581 -0.421831 -7.224540
v -7.923378 -1.609577 -7.035144
v -7.791298 -1.149117 -7.387657
v -7.351471 -0.645569 -7.268666
v -6.929120 -0.233376 -7.284167
v -6.350711 0.019467 -7.414705
v -7.216851 -0.217772 -7.564108
v -7.631557 -0.772400 -7.710929
v -7.947228 -1.351808 -7.943320
v -5.921629 -0.174886 -7.666843
v -6.830035 0.267533 -7.378417
v -6.127750 0.624164 -7.640024
v -5.678703 -0.403664 -8.054482
v -5.714873 0.371462 -7.879630
v -5.704535 -0.548208 -8.512827
v -6.063665 -0.611039 -8.938682
v -5.441670 0.163345 -8.317955
v -5.422215 0.029735 -8.854281
v -5.777153 -0.005495 -9.390791
v -5.556403 0.898395 -8.137616
v -5.353127 0.726989 -8.645253
v -5.366309 0.601262 -9.219782
v -5.698566 0.565957 -9.788595
v -6.002071 1.167289 -7.882854
v -5.450408 1.093695 -9.565460
v -5.684977 1.092344 -10.040598
v -5.423535 1.462732 -9.129652
v -5.604561 1.696887 -8.586686
v -5.490159 1.443744 -9.662913
v -5.656833 1.497222 -10.124229
v -6.563462 1.402541 -7.942549
v -6.726835 0.865668 -7.638328
v -7.143420 1.602518 -8.120079
v -7.273240 1.001031 -7.847765
v -7.625792 0.940455 -8.415582
v -7.264502 0.339836 -7.658482
v -7.466178 -0.309148 -8.025329
v -7.764654 -0.956950 -8.236740
v -8.020253 -2.142029 -8.208219
s 1
usemtl hc_classic.002
f 1 2 3
f 3 2 4
f 2 1 5
f 2 5 6
f 2 6 4
f 6 5 7
f 6 7 8
f 6 8 4
f 9 10 4
f 9 4 8
f 10 9 11
f 10 11 12
f 9 8 13
f 13 8 14
f 13 14 15
f 9 13 16
f 9 16 11
f 13 15 17
f 13 17 16
f 11 16 18
f 18 16 17
f 19 12 11
f 12 19 20
f 20 19 21
f 19 11 22
f 22 11 18
f 21 19 23
f 23 19 22
f 21 23 24
f 25 18 17
f 24 23 26
f 24 26 27
f 23 22 28
f 23 28 26
f 29 22 18
f 22 29 28
f 30 18 25
f 18 30 29
f 28 29 31
f 31 29 30
f 32 26 28
f 32 28 31
f 33 27 26
f 33 26 32
f 34 35 36
f 37 38 39
f 37 39 40
f 41 38 34
f 38 41 39
f 34 36 42
f 34 42 41
f 42 36 43
f 41 42 44
f 44 42 43
f 41 44 39
f 44 43 45
f 46 40 39
f 46 39 44
f 44 45 47
f 44 47 46
f 47 45 48
f 40 46 49
f 40 49 50
f 46 47 51
f 46 51 49
f 47 48 52
f 47 52 51
f 52 48 53
f 50 49 54
f 50 54 55
f 49 51 56
f 49 56 54
f 55 54 57
f 54 56 58
f 54 58 57
f 56 51 59
f 56 59 58
f 60 51 52
f 51 60 59
f 61 52 53
f 52 61 60
f 61 53 62
f 58 59 63
f 61 62 64
f 64 62 65
f 60 61 66
f 66 61 64
f 67 59 60
f 67 60 66
f 63 59 68
f 68 59 67
f 69 58 63
f 69 63 68
f 67 66 70
f 67 70 68
f 71 72 73
f 71 73 74
f 75 76 72
f 72 76 73
f 77 78 75
f 75 78 76
f 74 73 79
f 74 79 80
f 73 76 81
f 73 81 79
f 76 78 82
f 76 82 81
f 80 79 83
f 80 83 84
f 79 81 85
f 79 85 83
f 81 82 86
f 81 86 85
f 84 83 87
f 84 87 88
f 83 85 89
f 83 89 87
f 88 87 90
f 88 90 91
f 91 90 92
s 0
f 95 93 96
s 1
f 92 90 97
f 97 90 98
f 99 94 98
f 100 90 87
f 90 100 98
f 100 87 89
f 98 100 101
f 100 89 102
f 100 102 101
f 98 101 103
f 98 103 99
f 103 101 102
f 102 89 104
f 104 89 85
f 104 85 86
f 102 104 105
f 102 105 103
f 104 86 106
f 104 106 105
f 106 86 107
f 107 86 82
f 108 99 103
f 99 108 109
f 103 105 110
f 109 108 111
f 109 111 112
f 108 103 113
f 113 103 110
f 111 108 114
f 111 114 112
f 112 114 115
f 108 113 116
f 108 116 114
f 116 113 110
f 115 114 117
f 117 114 116
f 115 117 118
f 116 110 119
f 116 119 117
f 118 117 120
f 120 117 119
f 118 120 121
f 119 110 122
f 122 110 105
f 122 105 106
f 119 122 123
f 119 123 120
f 122 106 124
f 122 124 123
f 124 106 107
f 125 121 120
f 125 120 123
f 121 125 126
f 121 126 127
f 125 123 128
f 128 123 124
f 125 128 126
f 127 126 129
f 128 124 130
f 130 124 107
f 126 128 131
f 131 128 130
f 129 126 132
f 132 126 131
f 129 132 133
f 130 107 134
f 134 107 82
f 134 82 78
f 130 134 135
f 130 135 131
f 134 78 136
f 134 136 135
f 136 78 77
f 131 135 137
f 131 137 132
f 135 136 138
f 135 138 137
f 136 77 139
f 136 139 138
f 139 77 140
f 132 137 141
f 132 141 133
f 133 141 142
f 141 137 143
f 143 137 138
f 142 141 144
f 144 141 143
f 142 144 145
f 143 138 146
f 146 138 139
f 144 143 147
f 147 143 146
f 145 144 148
f 148 144 147
f 145 148 149
f 147 146 150
f 146 139 151
f 146 151 150
f 151 139 140
f 151 140 152
f 151 152 153
f 151 153 150
f 153 152 154
f 153 154 150
f 154 152 155
f 154 155 156
f 150 154 157
f 157 154 156
f 158 147 150
f 158 150 157
f 147 158 148
f 157 156 159
f 159 156 160
f 158 157 161
f 161 157 159
f 148 158 162
f 162 158 161
f 148 162 149
f 149 162 163
f 163 162 164
f 164 162 161
f 163 164 165
f 165 164 166
f 164 161 167
f 164 167 166
f 167 161 159
f 166 167 168
f 167 159 169
f 167 169 168
f 169 159 160
f 168 169 170
f 170 169 160
f 171 172 173
f 172 171 174
f 171 173 175
f 172 174 176
f 176 174 177
f 175 173 178
f 175 178 179
f 176 177 180
f 178 173 15
f 179 178 181
f 179 181 182
f 181 178 14
f 14 178 15
f 182 181 5
f 181 14 7
f 181 7 5
f 7 14 8
f 182 5 183
f 182 183 184
f 184 183 185
f 184 185 186
f 184 186 187
f 185 183 188
f 188 183 5
f 185 188 186
f 187 186 189
f 188 5 1
f 186 188 190
f 190 188 1
f 186 190 191
f 186 191 189
f 191 190 192
f 189 191 193
f 193 191 192
f 189 193 194
f 192 190 195
f 195 190 1
f 192 195 193
f 194 193 196
f 196 193 195
f 194 196 197
f 194 197 198
f 196 195 199
f 196 199 197
f 198 197 200
f 198 200 201
f 197 199 202
f 197 202 200
f 201 200 203
f 203 200 202
f 201 203 204
f 202 199 205
f 202 205 203
f 195 3 199
f 199 3 205
f 3 195 1
f 204 203 12
f 204 12 20
f 203 205 10
f 203 10 12
f 205 3 4
f 205 4 10
f 206 207 208
f 209 210 208
f 209 208 207
f 211 212 213
f 212 211 214
f 213 212 215
f 213 215 216
f 212 214 217
f 212 217 215
f 217 214 218
f 218 214 219
f 218 219 220
f 217 218 221
f 221 218 220
f 215 217 222
f 222 217 221
f 223 216 215
f 223 215 222
f 216 223 224
f 221 220 225
f 225 220 226
f 222 221 227
f 227 221 225
f 223 222 228
f 228 222 227
f 224 223 229
f 229 223 228
f 224 229 230
f 227 225 231
f 227 231 228
f 230 229 232
f 230 232 233
f 229 228 234
f 229 234 232
f 233 232 235
f 235 232 234
f 236 237 233
f 234 228 238
f 238 228 231
f 236 233 239
f 239 233 235
f 236 239 240
f 235 234 241
f 241 234 238
f 239 235 242
f 240 239 243
f 243 239 242
f 242 235 244
f 244 235 241
f 243 242 245
f 240 243 246
f 240 246 247
f 246 243 248
f 248 243 245
f 247 246 249
f 247 249 250
f 246 248 251
f 246 251 249
f 250 249 252
f 250 252 253
f 249 251 254
f 249 254 252
f 253 252 255
f 253 255 256
f 252 254 257
f 252 257 255
f 256 255 258
f 256 258 259
f 255 257 260
f 255 260 258
f 259 258 261
f 259 261 262
f 262 261 263
f 261 258 264
f 264 258 260
f 263 261 265
f 265 261 264
f 263 265 266
f 266 265 267
f 265 264 268
f 265 268 267
f 268 264 269
f 264 260 270
f 264 270 269
f 270 260 271
f 271 260 257
f 269 270 272
f 269 272 268
f 273 267 268
f 273 268 272
f 267 273 274
f 274 273 275
f 274 275 276
f 275 273 277
f 277 273 272
f 278 272 270
f 272 278 277
f 278 270 271
f 277 278 279
f 279 278 280
f 280 278 271
f 279 280 281
f 281 280 282
f 282 280 271
f 281 282 283
f 283 282 284
f 282 271 285
f 285 271 257
f 285 257 254
f 282 285 286
f 282 286 284
f 285 254 287
f 285 287 286
f 287 254 251
f 284 286 288
f 288 286 287
f 284 288 289
f 287 251 290
f 287 290 288
f 290 251 248
f 289 288 291
f 290 248 292
f 290 292 288
f 292 248 245
f 291 288 293
f 293 288 292
f 294 295 296
f 294 296 297
f 297 296 298
f 295 294 299
f 295 299 300
f 300 299 301
f 299 294 302
f 302 294 297
f 301 299 303
f 303 299 302
f 301 303 304
f 302 297 305
f 305 297 298
f 303 302 306
f 306 302 305
f 304 303 307
f 304 307 308
f 305 298 309
f 309 298 310
f 309 310 311
f 309 311 312
f 305 309 313
f 313 309 312
f 305 313 314
f 305 314 306
f 313 312 315
f 313 315 314
f 306 314 316
f 316 314 315
f 315 312 317
f 317 312 318
f 315 317 319
f 315 319 316
f 306 316 320
f 306 320 303
f 320 316 321
f 303 320 322
f 320 321 207
f 320 207 322
f 321 316 209
f 209 316 319
f 321 209 207
f 303 322 307
f 307 322 323
f 307 323 308
f 308 323 324
f 308 324 325
f 325 324 326
f 324 323 327
f 324 327 326
f 323 322 328
f 323 328 327
f 328 322 329
f 329 322 207
f 327 328 330
f 328 329 331
f 328 331 330
f 329 207 206
f 329 206 331
f 330 331 332
f 332 331 206
f 327 330 333
f 327 333 326
f 334 335 336
f 336 335 337
f 336 337 338
f 338 337 339
f 340 341 336
f 342 343 341
f 342 341 340
f 343 342 344
f 343 344 345
f 336 338 346
f 336 346 340
f 342 340 347
f 347 340 346
f 344 342 348
f 348 342 347
f 345 344 349
f 345 349 350
f 344 348 351
f 344 351 349
f 349 351 352
f 349 352 350
f 351 348 353
f 348 347 354
f 348 354 353
f 354 347 355
f 355 347 346
f 353 354 356
f 355 346 357
f 357 346 338
f 354 355 358
f 354 358 356
f 355 357 359
f 355 359 358
f 357 338 360
f 360 338 339
f 359 357 361
f 361 357 360
f 360 339 362
f 360 362 361
f 362 339 363
f 362 363 364
f 365 358 359
f 359 361 366
f 359 366 365
f 361 362 367
f 361 367 366
f 362 364 368
f 362 368 367
f 368 364 369
f 369 364 370
f 369 370 371
f 368 369 372
f 368 372 367
f 369 371 373
f 373 371 374
f 373 374 375
f 369 373 376
f 376 373 375
f 369 376 372
f 376 375 377
f 378 367 372
f 367 378 366
f 372 376 379
f 372 379 378
f 376 377 380
f 376 380 379
f 380 377 381
f 378 379 382
f 366 378 383
f 383 378 382
f 366 383 365
f 380 381 384
f 379 380 385
f 385 380 384
f 379 385 382
f 384 381 386
f 382 385 387
f 387 385 384
f 384 386 388
f 384 388 387
f 388 386 389
f 388 389 390
f 390 389 391
f 390 391 392
f 388 390 393
f 388 393 387
f 390 392 394
f 387 393 395
f 387 395 382
f 393 390 396
f 396 390 394
f 395 393 397
f 397 393 396
f 382 395 398
f 398 395 397
f 382 398 383
f 399 394 392
f 399 392 400
f 401 396 394
f 401 394 399
f 383 398 402
f 383 402 365
f 402 398 403
f 403 398 397
f 365 402 404
f 365 404 358
f 402 403 405
f 402 405 404
f 358 404 356
f 406 397 396
f 397 406 403
f 406 396 401
f 405 403 407
f 407 403 406
f 404 405 408
f 406 401 409
f 406 409 407
f 404 408 410
f 404 410 356
f 408 405 411
f 411 405 407
f 408 411 412
f 408 412 410
f 411 407 413
f 414 407 409
f 407 414 413
f 414 409 415
f 415 409 401
f 412 411 416
f 416 411 413
f 415 401 417
f 417 401 399
f 414 415 418
f 419 413 414
f 419 414 418
f 416 413 420
f 420 413 419
f 418 415 421
f 421 415 417
f 422 417 399
f 422 399 400
f 423 424 400
f 400 424 422
f 422 424 425
f 421 417 426
f 422 425 427
f 428 417 422
f 428 422 427
f 417 428 426
f 427 425 429
f 430 418 421
f 430 421 426
f 418 430 431
f 418 431 419
f 419 431 432
f 419 432 420
f 431 430 433
f 431 433 432
f 430 426 434
f 430 434 433
f 420 432 435
f 420 435 416
f 432 433 318
f 416 435 436
f 416 436 412
f 435 432 437
f 437 432 318
f 436 435 438
f 438 435 437
f 412 436 439
f 412 439 410
f 436 438 440
f 436 440 439
f 438 437 311
f 440 438 441
f 441 438 311
f 311 437 312
f 312 437 318
f 441 311 310
f 439 440 442
f 440 441 443
f 440 443 442
f 443 441 444
f 444 441 310
f 442 443 445
f 445 443 446
f 446 443 444
f 442 445 447
f 446 444 448
f 448 444 310
f 449 439 442
f 449 442 447
f 439 449 410
f 448 310 298
f 448 298 296
f 449 447 450
f 410 449 451
f 451 449 450
f 410 451 356
f 450 447 452
f 356 451 353
f 353 451 453
f 453 451 450
f 353 453 351
f 450 452 454
f 450 454 453
f 454 452 455
f 351 453 352
f 352 453 454
f 454 455 456
f 454 456 352
f 456 455 457
f 352 456 458
f 458 456 457
f 352 458 350
f 458 457 459
f 458 459 350
f 460 461 462
f 463 464 461
f 463 461 460
f 464 463 465
f 466 467 468
f 469 466 464
f 469 464 465
f 467 466 470
f 468 467 471
f 471 467 470
f 468 471 472
f 468 472 473
f 466 469 474
f 466 474 470
f 473 472 475
f 473 475 476
f 476 475 477
f 476 477 478
f 475 472 479
f 470 474 480
f 477 475 481
f 481 475 479
f 477 481 482
f 482 481 479
f 478 477 483
f 478 483 484
f 484 483 485
f 483 477 486
f 486 477 482
f 485 483 487
f 487 483 486
f 485 487 488
f 488 487 489
f 488 489 490
f 487 486 491
f 487 491 489
f 486 482 492
f 486 492 491
f 489 491 493
f 489 493 490
f 493 491 492
f 490 493 494
f 490 494 495
f 493 492 496
f 496 492 482
f 495 494 497
f 497 494 493
f 495 497 498
f 497 493 499
f 499 493 496
f 497 499 500
f 497 500 498
f 500 499 496
f 501 496 482
f 501 482 479
f 496 501 502
f 496 502 500
f 501 479 503
f 501 503 502
f 503 479 504
f 504 479 472
f 504 472 471
f 503 504 505
f 504 471 506
f 504 506 505
f 506 471 470
f 506 470 480
f 507 502 503
f 507 503 505
f 502 507 508
f 502 508 500
f 507 505 509
f 507 509 508
f 500 508 510
f 511 505 506
f 511 506 480
f 505 511 512
f 505 512 509
f 512 511 513
f 512 513 509
f 500 510 514
f 500 514 498
f 498 514 515
f 514 510 516
f 516 510 508
f 515 514 517
f 517 514 516
f 515 517 518
f 518 517 516
f 515 518 519
f 515 519 520
f 516 508 521
f 521 508 509
f 518 516 522
f 521 509 523
f 516 521 524
f 516 524 522
f 524 521 523
f 523 509 513
f 522 524 525
f 525 524 523
f 518 522 526
f 526 522 525
f 518 526 519
f 525 523 527
f 527 523 513
f 526 525 528
f 528 525 527
f 519 526 529
f 529 526 528
f 519 529 530
f 527 513 531
f 528 527 532
f 532 527 531
f 528 532 533
f 528 533 529
f 534 535 536
f 534 536 537
f 535 534 538
f 535 538 539
f 534 537 540
f 541 537 542
f 537 541 540
f 541 542 543
f 543 542 544
f 538 534 545
f 545 534 540
f 543 544 546
f 546 544 547
f 546 547 548
f 546 548 549
f 549 548 550
f 543 546 551
f 551 546 549
f 543 551 552
f 543 552 541
f 549 550 553
f 553 550 554
f 551 549 555
f 555 549 553
f 552 551 556
f 556 551 555
f 541 552 557
f 541 557 540
f 552 556 558
f 552 558 557
f 540 557 559
f 540 559 545
f 557 558 560
f 557 560 559
f 558 556 561
f 560 558 562
f 562 558 561
f 561 556 563
f 563 556 555
f 562 561 564
f 561 563 565
f 561 565 564
f 563 555 566
f 566 555 553
f 565 563 567
f 567 563 566
f 564 565 568
f 565 567 569
f 565 569 568
f 566 553 570
f 570 553 554
f 570 554 571
f 566 570 572
f 566 572 567
f 570 571 573
f 570 573 572
f 573 571 574
f 567 572 575
f 567 575 569
f 573 574 576
s 0
f 579 577 580
s 1
f 573 576 581
f 573 581 582
f 573 582 572
f 572 582 575
f 575 582 569
f 583 582 578
f 582 583 569
f 569 583 584
f 584 583 585
f 569 584 586
f 569 586 568
f 584 585 587
f 587 585 588
f 586 584 589
f 586 589 568
f 584 587 590
f 590 587 588
f 584 590 589
f 590 588 591
f 590 591 592
f 590 592 589
f 592 591 593
f 594 568 589
f 594 589 592
f 568 594 564
f 592 593 595
f 592 595 594
f 595 593 596
f 564 594 597
f 597 594 595
f 564 597 562
f 595 596 598
f 595 598 597
f 598 596 599
f 599 596 600
f 597 598 601
f 597 601 562
f 601 598 599
f 562 601 560
f 599 600 602
f 560 601 603
f 603 601 599
f 560 603 559
f 599 602 604
f 599 604 603
f 604 602 605
f 559 603 606
f 606 603 604
f 559 606 545
f 604 605 607
f 604 607 606
f 607 605 608
f 545 606 609
f 609 606 607
f 545 609 538
f 607 608 610
f 607 610 609
f 610 608 611
f 538 609 612
f 612 609 610
f 538 612 539
f 610 611 613
f 610 613 612
f 613 611 614
f 539 612 615
f 615 612 613
f 613 614 616
f 613 616 615
f 616 614 617
f 539 615 618
f 539 618 619
f 619 618 620
f 618 615 621
f 621 615 616
f 620 618 622
f 622 618 621
f 620 622 623
f 621 616 624
f 624 616 617
f 624 617 625
f 621 624 626
f 621 626 622
f 624 625 627
f 624 627 626
f 627 625 628
f 622 626 629
f 622 629 623
f 626 627 630
f 626 630 629
f 627 628 631
f 627 631 630
f 631 628 632
f 623 629 633
f 633 629 630
f 623 633 634
f 630 631 635
f 630 635 633
f 631 632 636
f 631 636 635
f 636 632 637
f 634 633 638
f 634 638 639
f 639 638 640
f 638 633 641
f 641 633 635
f 640 638 642
f 642 638 641
f 640 642 643
f 643 642 644
f 644 642 641
f 643 644 645
f 641 635 646
f 641 646 644
f 646 635 636
f 644 646 645
f 646 636 647
f 647 636 637
f 645 646 648
f 648 646 647
f 645 648 649
f 647 637 650
f 649 648 651
f 651 648 647
f 649 651 652
f 652 651 653
f 651 647 654
f 651 654 653
f 654 647 650
f 653 654 655
f 655 654 650
f 655 650 656
f 657 658 659
f 659 658 660
f 660 658 661
f 657 659 662
f 660 661 663
f 663 661 664
f 663 664 665
f 665 664 666
f 663 665 667
f 663 667 668
f 663 668 660
f 668 667 669
f 660 668 670
f 660 670 659
f 668 669 671
f 668 671 670
f 671 669 672
f 672 669 673
f 672 673 674
f 671 672 675
f 675 672 674
f 670 671 676
f 676 671 675
f 677 659 670
f 676 675 678
f 659 677 662
f 670 676 679
f 679 676 678
f 670 679 677
f 678 675 680
f 678 680 679
f 680 675 674
f 677 679 681
f 677 681 662
f 679 680 682
f 679 682 681
f 662 681 683
f 683 681 682
f 662 683 684
f 662 684 657
f 657 684 685
f 684 683 686
f 685 684 687
f 687 684 686
f 685 687 688
f 683 682 689
f 683 689 686
f 689 682 690
f 690 682 680
f 686 689 691
f 691 689 690
f 690 680 692
f 690 692 691
f 692 680 674
f 686 691 693
f 693 691 692
f 692 674 694
f 692 694 693
f 694 674 695
f 694 695 696
f 694 696 693
f 686 693 697
f 697 693 696
f 686 697 687
f 697 696 698
f 687 697 699
f 699 697 698
f 687 699 688
f 699 698 700
f 688 699 701
f 701 699 700
f 701 700 702
f 703 704 705
f 704 703 706
f 704 706 707
f 703 705 708
f 707 706 709
f 707 709 710
f 710 709 711
f 710 711 712
f 711 709 713
f 713 709 714
f 714 709 706
f 713 714 715
f 716 706 703
f 706 716 714
f 715 714 717
f 717 714 716
f 715 717 718
f 715 718 719
f 719 718 720
f 718 717 721
f 718 721 720
f 717 716 722
f 717 722 721
f 721 722 723
f 722 716 724
f 722 724 723
f 721 723 725
f 721 725 720
f 725 723 724
f 726 716 703
f 716 726 724
f 726 703 708
f 724 726 727
f 727 726 708
f 725 724 728
f 728 724 727
f 727 708 729
f 727 729 728
f 729 708 730
f 730 708 705
f 730 705 731
f 729 730 732
f 730 731 733
f 730 733 732
f 733 731 734
f 735 728 729
f 735 729 732
f 728 735 736
f 728 736 725
f 735 732 737
f 735 737 736
f 725 736 738
f 738 736 737
f 725 738 720
f 737 732 739
f 737 739 738
f 720 738 740
f 740 738 739
f 720 740 741
f 741 740 742
f 742 740 739
f 739 732 743
f 739 743 742
f 743 732 733
f 742 743 744
f 743 733 745
f 743 745 744
f 745 733 734
f 744 745 746
f 745 734 747
f 745 747 746
f 746 747 748
f 749 750 751
f 751 750 752
f 749 751 753
f 751 752 754
f 751 754 753
f 749 753 755
f 750 749 756
f 752 750 757
f 757 750 756
f 756 749 758
f 752 757 759
f 758 749 760
f 760 749 755
f 756 758 761
f 757 756 762
f 762 756 761
f 757 762 763
f 757 763 759
f 763 762 764
f 759 763 765
f 764 762 766
f 766 762 761
f 763 764 767
f 763 767 765
f 764 766 768
f 764 768 769
f 766 761 770
f 767 764 771
f 771 764 769
f 767 771 772
f 771 769 773
f 771 773 772
f 769 768 774
f 775 768 766
f 768 775 774
f 775 766 776
f 776 766 770
f 773 769 777
f 777 769 774
f 776 770 778
f 773 777 779
f 775 776 780
f 781 774 775
f 781 775 780
f 780 776 782
f 782 776 778
f 780 782 783
f 783 782 778
f 781 780 784
f 784 780 783
f 785 333 330
f 785 330 332
f 786 326 333
f 326 786 787
f 333 785 788
f 333 788 786
f 787 786 789
f 789 786 788
f 787 789 790
f 787 790 791
f 789 788 792
f 788 785 793
f 788 793 792
f 793 785 794
f 794 785 332
f 790 789 795
f 795 789 792
f 794 332 796
f 792 793 797
f 793 794 798
f 793 798 797
f 798 794 213
f 213 794 796
f 795 792 799
f 799 792 797
f 795 799 237
f 797 798 224
f 799 797 230
f 230 797 224
f 799 230 233
f 799 233 237
f 795 237 800
f 795 800 790
f 224 798 216
f 216 798 213
f 790 800 801
f 790 801 791
f 800 237 802
f 791 801 803
f 791 803 804
f 801 800 805
f 805 800 802
f 803 801 806
f 806 801 805
f 804 803 807
f 807 803 806
f 804 807 808
f 802 237 236
f 807 806 809
f 808 807 810
f 810 807 809
f 808 810 811
f 808 811 812
f 810 809 813
f 809 806 814
f 809 814 813
f 814 806 815
f 815 806 805
f 811 810 816
f 816 810 813
f 811 816 817
f 815 805 818
f 818 805 802
f 816 813 819
f 818 802 820
f 821 813 814
f 813 821 819
f 822 814 815
f 814 822 821
f 823 815 818
f 815 823 822
f 823 818 824
f 824 818 820
f 820 802 236
f 823 824 825
f 823 825 822
f 826 827 755
f 826 755 753
f 827 826 828
f 827 828 829
f 826 753 830
f 831 832 829
f 832 831 833
f 830 753 754
f 826 830 520
f 826 520 828
f 830 754 834
f 830 834 835
f 830 835 520
f 834 754 836
f 520 835 515
f 835 834 498
f 498 834 836
f 835 498 515
f 836 754 837
f 837 754 752
f 836 837 838
f 837 752 839
f 837 839 838
f 839 752 759
f 839 759 840
f 840 759 765
f 839 840 841
f 839 841 838
f 836 838 495
f 836 495 498
f 840 765 842
f 840 842 843
f 840 843 841
f 842 765 844
f 838 841 845
f 842 844 846
f 842 846 843
f 844 765 847
f 847 765 767
f 846 844 848
f 847 767 849
f 844 847 850
f 850 847 849
f 844 850 848
f 849 767 772
f 850 849 851
f 851 849 772
f 848 850 852
f 852 850 851
f 853 846 848
f 851 772 854
f 854 772 855
f 855 772 773
f 855 773 779
f 848 852 856
f 848 856 853
f 855 779 812
f 857 846 853
f 846 857 843
f 812 779 808
f 857 853 858
f 853 856 859
f 853 859 858
f 857 858 860
f 843 857 861
f 861 857 860
f 843 861 862
f 843 862 841
f 862 861 863
f 863 861 860
f 841 862 864
f 841 864 845
f 862 863 865
f 862 865 864
f 845 864 866
f 866 864 865
f 845 866 867
f 866 865 868
f 866 868 867
f 865 863 869
f 865 869 868
f 869 863 870
f 870 863 860
f 845 867 871
f 845 871 838
f 867 868 872
f 867 872 871
f 838 871 495
f 872 868 873
f 495 871 490
f 874 868 869
f 868 874 873
f 871 872 488
f 871 488 490
f 872 873 485
f 872 485 488
f 874 869 875
f 875 869 870
f 873 874 876
f 485 873 484
f 484 873 876
f 876 874 877
f 877 874 875
f 484 876 878
f 877 875 879
f 878 876 880
f 880 876 877
f 484 878 478
f 880 877 881
f 881 877 879
f 878 880 882
f 878 882 478
f 880 881 883
f 880 883 882
f 883 881 884
f 882 883 885
f 884 881 886
f 886 881 879
f 883 884 887
f 883 887 885
f 882 885 888
f 882 888 478
f 885 887 889
f 888 885 890
f 890 885 889
f 478 888 476
f 888 890 891
f 888 891 476
f 891 890 892
f 892 890 893
f 476 891 473
f 892 893 894
f 894 893 895
f 891 892 896
f 891 896 473
f 894 895 897
f 896 892 898
f 898 892 894
f 896 898 899
f 896 899 473
f 898 894 900
f 900 894 897
f 899 898 901
f 901 898 900
f 902 897 895
f 473 899 468
f 899 901 466
f 899 466 468
f 901 900 461
f 462 900 897
f 900 462 461
f 901 461 464
f 901 464 466
f 903 904 905
f 906 907 908
f 904 903 909
f 904 909 910
f 910 909 911
f 903 905 912
f 912 905 913
f 911 909 914
f 911 914 915
f 915 914 916
f 914 909 917
f 917 909 903
f 916 914 918
f 918 914 917
f 916 918 919
f 917 903 920
f 920 903 912
f 918 917 921
f 921 917 920
f 919 918 922
f 922 918 921
f 919 922 923
f 923 922 924
f 924 922 921
f 924 921 925
f 925 921 920
f 924 925 210
f 925 920 926
f 926 920 912
f 925 926 210
f 926 912 927
f 927 912 913
f 210 926 928
f 926 927 929
f 926 929 928
f 927 913 930
f 927 930 929
f 930 913 931
f 931 913 932
f 931 932 933
f 930 931 934
f 934 931 933
f 933 932 935
f 930 934 936
f 930 936 929
f 934 933 937
f 933 935 938
f 933 938 937
f 929 936 939
f 929 939 928
f 936 934 940
f 940 934 937
f 939 936 941
f 941 936 940
f 937 938 942
f 942 938 943
f 937 942 944
f 937 944 940
f 944 942 945
f 943 938 946
f 946 938 935
f 943 946 947
f 947 946 948
f 948 946 949
f 946 935 950
f 946 950 949
f 950 935 951
f 952 944 945
f 952 945 953
f 944 952 954
f 944 954 940
f 952 953 955
f 952 955 954
f 955 953 956
f 954 955 957
f 955 956 958
f 958 956 949
f 958 949 950
f 955 958 959
f 958 950 960
f 958 960 959
f 960 950 951
f 960 951 907
f 959 960 961
f 961 960 907
f 959 961 962
f 959 962 963
f 961 907 964
f 964 907 906
f 962 961 965
f 965 961 964
f 962 965 966
f 962 966 954
f 965 964 967
f 967 964 968
f 965 967 969
f 965 969 966
f 969 967 970
f 969 970 971
f 971 970 972
f 966 969 973
f 973 969 971
f 971 972 974
f 974 972 975
f 971 974 226
f 226 974 976
f 973 971 220
f 220 971 226
f 966 973 977
f 977 973 219
f 219 973 220
f 966 977 978
f 966 978 954
f 954 978 940
f 940 978 979
f 940 979 941
f 978 977 980
f 978 980 979
f 979 980 941
f 980 977 219
f 941 980 981
f 941 981 939
f 980 219 982
f 980 982 981
f 939 981 983
f 939 983 928
f 981 982 984
f 981 984 983
f 982 219 214
f 928 983 985
f 928 985 210
f 983 984 986
f 983 986 985
f 984 982 211
f 211 982 214
f 986 984 796
f 796 984 211
f 985 986 987
f 987 986 796
f 987 796 332
f 987 332 206
f 796 211 213
f 987 206 208
f 987 208 985
f 985 208 210
f 988 774 781
f 774 988 777
f 989 781 784
f 781 989 988
f 990 783 778
f 777 988 991
f 777 991 779
f 991 988 992
f 992 988 989
f 779 991 808
f 991 992 804
f 991 804 808
f 992 989 993
f 804 992 994
f 994 992 993
f 804 994 791
f 994 993 787
f 994 787 791
f 993 989 325
f 787 993 326
f 326 993 325
f 325 989 995
f 995 989 784
f 995 784 996
f 996 784 783
f 325 995 308
f 995 996 304
f 995 304 308
f 996 783 997
f 997 783 990
f 304 996 301
f 301 996 997
f 997 990 998
f 998 990 778
f 301 997 300
f 300 997 998
f 998 778 999
f 999 778 770
f 300 998 1000
f 1000 998 999
f 999 770 1001
f 1001 770 761
f 999 1001 1002
f 999 1002 1000
f 1001 761 1003
f 1003 761 758
f 1002 1001 1004
f 1004 1001 1003
f 1000 1002 1005
f 1005 1002 1004
f 1003 758 1006
f 1006 758 760
f 1004 1003 1007
f 1007 1003 1006
f 1004 1007 1008
f 1004 1008 1005
f 1007 1006 1009
f 1007 1009 1008
f 1006 760 1010
f 1009 1006 1011
f 1011 1006 1010
f 1009 1011 1012
f 1010 760 755
f 1008 1009 1013
f 1013 1009 1012
f 1008 1013 1014
f 1008 1014 1005
f 1014 1013 1015
f 1005 1014 1016
f 1013 1012 1017
f 1013 1017 1015
f 1014 1015 1018
f 1014 1018 1016
f 1005 1016 1019
f 1005 1019 1000
f 1000 1019 295
f 1000 295 300
f 1019 1016 1020
f 1016 1018 1021
f 1016 1021 1020
f 1019 1020 1022
f 1019 1022 295
f 1020 1021 446
f 1022 1020 448
f 448 1020 446
f 295 1022 296
f 296 1022 448
f 1023 1021 1018
f 1021 1023 446
f 1023 1018 1024
f 1024 1018 1025
f 1025 1018 1015
f 1023 1024 1026
f 446 1023 445
f 445 1023 1026
f 1026 1024 1027
f 1027 1024 1025
f 445 1026 447
f 1025 1015 1028
f 1028 1015 1017
f 1025 1028 1029
f 1026 1027 452
f 1026 452 447
f 1027 1025 1030
f 1030 1025 1029
f 452 1027 455
f 1027 1030 1031
f 1027 1031 455
f 1030 1029 1032
f 1030 1032 1031
f 455 1031 457
f 1031 1032 1033
f 1031 1033 457
f 1033 1032 1034
f 1032 1029 1035
f 1032 1035 1034
f 1035 1029 1036
f 1036 1029 1028
f 1035 1036 1037
f 1036 1028 1038
f 1038 1028 1017
f 1036 1038 1039
f 1036 1039 1037
f 1038 1017 1040
f 1040 1017 1012
f 1039 1038 1041
f 1041 1038 1040
f 1039 1041 1042
f 1041 1040 1043
f 1041 1043 1042
f 1040 1012 1044
f 1040 1044 1043
f 1044 1012 1045
f 1045 1012 1011
f 1044 1045 1046
f 1045 1011 1047
f 1045 1047 1046
f 1047 1011 1010
f 1043 1044 1048
f 1048 1044 1046
f 1043 1048 1049
f 1043 1049 1050
f 1043 1050 1042
f 1049 1048 1051
f 1050 1049 1052
f 1052 1049 1051
f 1050 1052 1053
f 1050 1053 1042
f 1054 1048 1046
f 1048 1054 1051
f 1054 1046 1055
f 1051 1054 1056
f 1056 1054 1055
f 1055 1046 1057
f 1057 1046 1047
f 1056 1055 1058
f 1057 1047 1059
f 1059 1047 1010
f 1055 1057 1060
f 1055 1060 1058
f 1057 1059 1061
f 1057 1061 1060
f 1059 1010 1062
f 1059 1062 1061
f 1062 1010 755
f 1060 1061 832
f 1061 1062 1063
f 1061 1063 832
f 1062 755 827
f 1062 827 1063
f 832 1063 829
f 829 1063 827
f 1060 832 833
f 1060 833 1058
f 1064 1065 1066
f 1066 1065 1067
f 1064 1066 1068
f 1068 1066 1067
f 1069 1070 1064
f 1069 1064 1068
f 1071 1072 1070
f 1071 1070 1069
f 1073 1056 1072
f 1073 1072 1071
f 1056 1073 1051
f 1071 1069 1074
f 1074 1069 1068
f 1073 1071 1075
f 1075 1071 1074
f 1051 1073 1076
f 1076 1073 1075
f 1051 1076 1052
f 1077 1068 1067
f 1068 1077 1074
f 1077 1067 1078
f 1075 1074 1079
f 1079 1074 1077
f 1076 1075 1080
f 1080 1075 1079
f 1081 1052 1076
f 1081 1076 1080
f 1052 1081 1053
f 1081 1080 1082
f 1081 1082 1053
f 1080 1079 1083
f 1080 1083 1082
f 1084 1079 1077
f 1084 1077 1078
f 1083 1079 1085
f 1085 1079 1084
f 1086 530 529
f 1086 529 533
f 1087 519 530
f 519 1087 520
f 520 1087 828
f 1087 530 1088
f 1088 530 1086
f 828 1087 1089
f 1089 1087 1088
f 828 1089 1090
f 828 1090 829
f 1089 1088 1091
f 1091 1088 1086
f 1089 1091 1090
f 829 1090 1092
f 829 1092 831
f 1090 1091 1093
f 1090 1093 1092
f 1091 1086 1094
f 1091 1094 1093
f 1094 1086 1095
f 1095 1086 533
f 831 1092 1096
f 1096 1092 1093
f 1093 1094 1097
f 1093 1097 1096
f 1094 1095 1098
f 1094 1098 1097
f 1095 533 1099
f 1099 533 532
f 1098 1095 1100
f 1100 1095 1099
f 1099 532 1101
f 1101 532 531
f 1100 1099 1102
f 1102 1099 1101
f 1098 1100 1103
f 1102 1101 1104
f 1104 1101 531
f 1100 1102 1105
f 1100 1105 1103
f 1102 1104 1106
f 1102 1106 1105
f 1104 531 1107
f 1106 1104 1108
f 1108 1104 1107
f 1107 531 1109
f 1109 531 513
f 1109 513 511
f 1109 511 480
f 1107 1109 1110
f 1110 1109 480
f 1108 1107 1111
f 1111 1107 1110
f 1108 1111 1112
f 1110 480 1113
f 1113 480 474
f 1111 1110 1114
f 1114 1110 1113
f 1111 1114 1115
f 1113 474 1116
f 1113 1116 1114
f 1116 474 469
f 1115 1114 1117
f 1117 1114 1116
f 1115 1117 1118
f 1116 469 1119
f 1116 1119 1117
f 1119 469 465
f 1118 1117 1120
f 1120 1117 1119
f 1118 1120 1121
f 1119 465 1122
f 1119 1122 1120
f 1122 465 1123
f 1123 465 463
f 1120 1122 1124
f 1123 463 1125
f 1125 463 460
f 1122 1123 1126
f 1122 1126 1124
f 1126 1123 1127
f 1127 1123 1125
f 1126 1127 1128
f 1128 1127 1129
f 1126 1128 1130
f 1126 1130 1124
f 1130 1128 1131
f 1130 1131 1132
f 1130 1132 1124
f 1132 1131 1133
f 1129 1127 1134
f 1134 1127 1125
f 1129 1134 1135
f 1135 1134 1136
f 1135 1136 1137
f 1134 1125 1138
f 1134 1138 1136
f 1136 1138 1139
f 1137 1136 1140
f 1140 1136 1139
f 1137 1140 1141
f 1141 1140 1142
f 1140 1139 1143
f 1140 1143 1142
f 1142 1143 1133
f 1133 1143 1132
f 1144 1082 1083
f 1144 1083 1085
f 1145 1084 1078
f 1145 1078 1146
f 1147 1085 1084
f 1147 1084 1145
f 1085 1147 1148
f 1085 1148 1144
f 1147 1145 1149
f 1147 1149 1148
f 1145 1146 1150
f 1145 1150 1149
f 1150 1146 1151
f 1148 1149 1152
f 1148 1152 1144
f 1149 1150 1153
f 1149 1153 1152
f 1150 1151 1154
f 1150 1154 1153
f 1154 1151 1155
f 1144 1152 1156
f 1152 1153 1157
f 1152 1157 1156
f 1144 1156 1158
f 1144 1158 1082
f 1082 1158 1159
f 1082 1159 1053
f 1158 1156 1160
f 1156 1157 1161
f 1156 1161 1160
f 1053 1159 1162
f 1053 1162 1042
f 1159 1158 1163
f 1163 1158 1160
f 1162 1159 1164
f 1164 1159 1163
f 1042 1162 1165
f 1042 1165 1039
f 1162 1164 1166
f 1162 1166 1165
f 1039 1165 1037
f 1037 1165 1166
f 1164 1163 1167
f 1164 1167 1166
f 1167 1163 1168
f 1168 1163 1160
f 1166 1167 1169
f 1168 1160 1170
f 1170 1160 1161
f 1167 1168 1171
f 1167 1171 1169
f 1168 1170 1172
f 1168 1172 1171
f 1166 1169 1173
f 1166 1173 1037
f 1037 1173 1174
f 1037 1174 1035
f 1035 1174 1034
f 1174 1173 1175
f 1175 1173 1169
f 1034 1174 1176
f 1176 1174 1175
f 1175 1169 1177
f 1177 1169 1171
f 1175 1177 1178
f 1175 1178 1176
f 1177 1171 1179
f 1179 1171 1172
f 924 209 923
f 923 209 319
f 209 924 210
f 923 319 1180
f 1180 319 317
f 1180 317 1181
f 1181 317 318
f 1181 318 1182
f 1182 318 433
f 1182 433 434
f 1181 1182 1183
f 1181 1183 1180
f 1182 434 1184
f 1182 1184 1183
f 1184 434 1185
f 1185 434 426
f 1180 1183 1186
f 1180 1186 923
f 1183 1184 1187
f 1183 1187 1186
f 1187 1184 1188
f 1188 1184 1185
f 1186 1187 1189
f 923 1186 919
f 919 1186 1189
f 1188 1185 1190
f 1187 1188 1191
f 1187 1191 1189
f 1188 1190 1192
f 1188 1192 1191
f 1190 1185 1193
f 1190 1193 1192
f 1193 1185 1194
f 1194 1185 426
f 1194 426 428
f 1194 428 1195
f 1194 1195 1193
f 1195 428 427
f 1193 1195 1196
f 1193 1196 1192
f 1195 427 1197
f 1197 427 429
f 1195 1197 1198
f 1195 1198 1196
f 1197 429 1199
f 1199 429 1200
f 1198 1197 1201
f 1201 1197 1199
f 1198 1201 1202
f 1198 1202 1203
f 1201 1199 1204
f 1202 1201 1205
f 1205 1201 1204
f 1202 1205 1206
f 1204 1199 1207
f 1202 1206 1208
f 1207 1199 1209
f 1209 1199 1200
f 1204 1207 1210
f 1210 1207 1209
f 1209 1200 1211
f 1211 1200 1212
f 1209 1211 1213
f 1209 1213 1210
f 1213 1211 1214
f 1213 1214 1215
f 1215 1214 1216
f 1213 1215 1217
f 1213 1217 1210
f 1210 1217 1218
f 1210 1218 1219
f 1210 1219 1204
f 1219 1218 1220
f 1219 1220 1221
f 1204 1219 1222
f 1222 1219 1221
f 1204 1222 1205
f 1221 1220 1223
f 1205 1222 1224
f 1205 1224 1206
f 1222 1221 1225
f 1222 1225 1224
f 1206 1224 1226
f 1206 1226 1227
f 1226 1224 1228
f 1206 1227 1208
f 1228 1224 1225
f 1208 1227 1229
f 1226 1228 1230
f 1230 1228 1231
f 1231 1228 1232
f 1232 1228 1233
f 1233 1228 1225
f 1232 1233 1234
f 1208 1229 1235
f 1235 1229 1236
f 1208 1235 1196
f 1208 1196 1237
f 1235 1236 1238
f 1235 1238 1196
f 1238 1236 1234
f 1196 1238 1192
f 1238 1234 1239
f 1238 1239 1192
f 1239 1234 1233
f 1192 1239 1240
f 1239 1233 1241
f 1239 1241 1240
f 1241 1233 1225
f 1192 1240 1191
f 1191 1240 1242
f 1191 1242 1189
f 1240 1241 1243
f 1240 1243 1242
f 1241 1225 1244
f 1241 1244 1243
f 1242 1243 1245
f 1245 1243 1244
f 1189 1242 1246
f 1246 1242 1245
f 1189 1246 919
f 1244 1225 1247
f 1247 1225 1221
f 1245 1244 1248
f 1248 1244 1247
f 1246 1245 916
f 1246 916 919
f 1245 1248 915
f 1245 915 916
f 1247 1221 1249
f 1249 1221 1223
f 1249 1223 1250
f 1247 1249 1251
f 1247 1251 1248
f 1249 1250 1252
f 1249 1252 1251
f 1248 1251 911
f 1248 911 915
f 1251 1252 910
f 1251 910 911
f 1252 1250 1253
f 1253 1250 1254
f 910 1252 1255
f 1255 1252 1253
f 1253 1254 1256
f 1256 1254 1257
f 1255 1253 1258
f 1258 1253 1256
f 910 1255 904
f 1256 1257 1259
f 1259 1257 1260
f 1259 1260 908
f 908 1260 1261
f 1255 1258 1262
f 1255 1262 904
f 1258 1256 935
f 1256 1259 951
f 1256 951 935
f 951 1259 907
f 907 1259 908
f 1262 1258 932
f 932 1258 935
f 1262 932 913
f 904 1262 905
f 905 1262 913
f 1263 1143 1139
f 1143 1263 1264
f 1265 1132 1143
f 1265 1143 1264
f 1132 1265 1266
f 1132 1266 1124
f 1124 1266 1120
f 1120 1266 1121
f 1266 1265 1267
f 1267 1265 1264
f 1266 1267 1121
f 1267 1264 1268
f 1121 1267 1269
f 1121 1269 1270
f 1267 1268 1271
f 1270 1269 1272
f 1270 1272 1273
f 1269 1267 1274
f 1274 1267 1271
f 1271 1268 1275
f 1275 1268 1276
f 1273 1272 1112
f 1273 1112 1277
f 1278 1272 1269
f 1272 1278 1112
f 1279 1269 1274
f 1269 1279 1278
f 1279 1274 1280
f 1112 1278 1281
f 1280 1274 1282
f 1282 1274 1271
f 1279 1280 1283
f 1282 1271 1284
f 1284 1271 1275
f 1284 1275 1285
f 1282 1284 1286
f 1285 1275 1287
f 1282 1286 1288
f 1287 1275 1289
f 1289 1275 1276
f 1289 1276 1290
f 1287 1289 1291
f 1291 1289 1290
f 1287 1291 1292
f 1291 1290 1293
f 1292 1291 1294
f 1291 1293 1295
f 1291 1295 1294
f 1295 1293 1296
f 1294 1295 1297
f 1297 1295 1296
f 1294 1297 1298
f 1297 1296 1299
f 1298 1297 1300
f 1300 1297 1299
f 1298 1300 1288
f 1288 1300 1282
f 1300 1299 1301
f 1282 1300 1302
f 1302 1300 1301
f 1282 1302 1280
f 1302 1301 1303
f 1280 1302 1283
f 1283 1302 1303
f 1283 1303 1304
f 1283 1304 1305
f 1283 1305 1279
f 1279 1305 1278
f 1305 1304 1306
f 1278 1305 1307
f 1307 1305 1306
f 1278 1307 1281
f 1307 1306 1308
f 1281 1307 1309
f 1309 1307 1308
f 1281 1309 1310
f 1281 1310 1112
f 1112 1310 1108
f 1108 1310 1106
f 1106 1310 1311
f 1311 1310 1309
f 1106 1311 1105
f 1311 1309 1312
f 1312 1309 1308
f 1105 1311 1313
f 1313 1311 1312
f 1105 1313 1103
f 1313 1312 1314
f 1313 1314 1103
f 1312 1308 1315
f 1312 1315 1314
f 1315 1308 1316
f 1103 1314 1317
f 1103 1317 1318
f 1103 1318 1098
f 1098 1318 1097
f 1097 1318 1319
f 1097 1319 1096
f 1318 1317 1320
f 1318 1320 1319
f 1321 1317 1314
f 1317 1321 1320
f 1321 1314 1322
f 1322 1314 1315
f 1320 1321 1323
f 1319 1320 1324
f 1324 1320 1323
f 1321 1322 1325
f 1321 1325 1323
f 1322 1315 1326
f 1325 1322 1327
f 1327 1322 1326
f 1326 1315 1316
f 1325 1327 1328
f 1325 1328 1323
f 1327 1326 1329
f 1326 1316 1330
f 1326 1330 1329
f 1330 1316 1331
f 1327 1329 1332
f 1327 1332 1328
f 1332 1329 1333
f 1329 1330 1334
f 1329 1334 1333
f 1334 1330 1335
f 1335 1330 1331
f 1333 1334 1336
f 1336 1334 1337
f 1337 1334 1335
f 1333 1336 1338
f 1338 1336 1337
f 1339 1332 1333
f 1333 1338 1340
f 1333 1340 1339
f 1332 1339 1341
f 1332 1341 1328
f 1339 1340 1342
f 1339 1342 1341
f 1340 1338 1343
f 1340 1343 1342
f 1344 1338 1337
f 1338 1344 1343
f 1328 1341 1345
f 1345 1341 1342
f 1328 1345 1346
f 1328 1346 1323
f 1345 1342 1347
f 1347 1342 1348
f 1348 1342 1343
f 1348 1343 1349
f 1345 1347 1350
f 1345 1350 1346
f 1350 1347 1351
f 1352 1323 1346
f 1352 1346 1350
f 1323 1352 1324
f 1350 1351 1353
f 1350 1353 1352
f 1353 1351 1065
f 1324 1352 1354
f 1354 1352 1353
f 1324 1354 1355
f 1324 1355 1319
f 1319 1355 1096
f 1354 1353 1356
f 1356 1353 1065
f 1355 1354 1357
f 1357 1354 1356
f 1096 1355 1358
f 1358 1355 1357
f 1096 1358 831
f 831 1358 833
f 833 1358 1359
f 1359 1358 1357
f 833 1359 1058
f 1357 1356 1070
f 1357 1070 1359
f 1058 1359 1072
f 1072 1359 1070
f 1058 1072 1056
f 1070 1356 1064
f 1064 1356 1065
f 1360 1361 1362
f 1360 1362 1363
f 1361 1360 1364
f 1364 1360 1365
f 1362 1361 1366
f 1361 1364 1367
f 1361 1367 1366
f 1364 1365 1368
f 1368 1365 1369
f 1368 1369 1370
f 1370 1369 1371
f 1368 1370 1372
f 1364 1368 1373
f 1373 1368 1372
f 1364 1373 1367
f 1373 1372 1374
f 1373 1374 1375
f 1373 1375 1367
f 1375 1374 1376
f 1367 1375 1377
f 1367 1377 1366
f 1375 1376 1378
f 1375 1378 1377
f 1378 1376 1379
f 1378 1379 1380
f 1380 1379 1381
f 1377 1378 1382
f 1382 1378 1380
f 1383 1366 1377
f 1383 1377 1382
f 1380 1381 1384
f 1384 1381 1385
f 1382 1380 1386
f 1386 1380 1384
f 1383 1382 1387
f 1387 1382 1386
f 1384 1385 1388
f 1388 1385 1389
f 1386 1384 1390
f 1390 1384 1388
f 1387 1386 1391
f 1391 1386 1390
f 1383 1387 1392
f 1392 1387 1391
f 1383 1392 1393
f 1383 1393 1366
f 1392 1391 1394
f 1366 1393 1395
f 1366 1395 1362
f 1393 1392 1396
f 1396 1392 1394
f 1395 1393 1397
f 1397 1393 1396
f 1362 1395 1398
f 1362 1398 1363
f 1363 1398 1399
f 1398 1395 1400
f 1400 1395 1397
f 1399 1398 1401
f 1401 1398 1400
f 1399 1401 1402
f 1402 1401 1403
f 1402 1403 1404
f 1404 1403 1405
f 1403 1401 1406
f 1406 1401 1400
f 1405 1403 1407
f 1405 1407 1408
f 1403 1406 1409
f 1403 1409 1407
f 1406 1400 1410
f 1410 1400 1397
f 1406 1410 1411
f 1406 1411 1409
f 1410 1397 1412
f 1412 1397 1396
f 1411 1410 1413
f 1413 1410 1412
f 1412 1396 1394
f 1413 1412 1414
f 1414 1412 1394
f 1411 1413 1415
f 1413 1414 1416
f 1413 1416 1415
f 1411 1415 1417
f 1411 1417 1409
f 1417 1415 1418
f 1418 1415 1416
f 1409 1417 1419
f 1420 1414 1394
f 1419 1417 1421
f 1421 1417 1418
f 1409 1419 1422
f 1409 1422 1407
f 1407 1422 1408
f 1422 1419 1423
f 1423 1419 1421
f 1408 1422 1424
f 1424 1422 1423
f 1408 1424 1425
f 1423 1421 1426
f 1425 1424 1427
f 1426 1421 1428
f 1428 1421 1418
f 1424 1423 1429
f 1429 1423 1426
f 1424 1429 1427
f 1425 1427 1430
f 1429 1426 1431
f 1431 1426 1428
f 1427 1429 1432
f 1432 1429 1431
f 1433 1434 1435
f 1435 1434 1436
f 1435 1436 1437
f 1433 1435 1438
f 1433 1438 1439
f 1435 1437 1440
f 1435 1440 1438
f 1440 1437 1441
f 1440 1441 1442
f 1438 1440 1443
f 1443 1440 1442
f 1438 1443 1439
f 1442 1441 1444
f 1442 1444 1443
f 1439 1443 1445
f 1445 1443 1444
f 1439 1445 1446
f 1439 1446 859
f 859 1446 858
f 1445 1444 1447
f 1447 1444 1448
f 1446 1445 1449
f 1449 1445 1447
f 858 1446 1450
f 1450 1446 1449
f 858 1450 860
f 1447 1448 1451
f 1451 1448 1452
f 1449 1447 1453
f 1453 1447 1451
f 1450 1449 1454
f 1454 1449 1453
f 860 1450 1455
f 1455 1450 1454
f 860 1455 870
f 1454 1453 1456
f 870 1455 1457
f 870 1457 875
f 875 1457 879
f 1455 1454 1458
f 1455 1458 1457
f 1458 1454 1456
f 879 1457 1459
f 1459 1457 1458
f 879 1459 1460
f 1459 1458 1461
f 1461 1458 1456
f 1459 1461 1460
f 879 1460 886
f 1461 1456 1462
f 886 1460 1463
f 886 1463 884
f 1460 1461 1464
f 1464 1461 1462
f 1463 1460 1465
f 1465 1460 1464
f 884 1463 1466
f 884 1466 887
f 1463 1465 1467
f 1463 1467 1466
f 887 1466 1468
f 887 1468 889
f 1468 1466 1469
f 1469 1466 1467
f 889 1468 1470
f 1470 1468 1469
f 1471 1472 889
f 1471 889 1473
f 1473 889 1470
f 1471 1473 1474
f 1474 1473 1475
f 1475 1473 1470
f 1474 1475 902
f 1476 1470 1469
f 1475 1470 1477
f 1477 1470 1476
f 1476 1469 1478
f 1478 1469 1467
f 1476 1478 1479
f 1476 1479 1480
f 1476 1480 1477
f 1480 1479 1481
f 1475 1477 1482
f 1477 1480 1483
f 1477 1483 1482
f 1480 1481 1484
f 1480 1484 1483
f 1484 1481 1485
f 1482 1483 1486
f 1486 1483 1484
f 1484 1485 1487
f 1484 1487 1486
f 1487 1485 1488
f 1489 1475 1482
f 1475 1489 902
f 1487 1488 1490
f 1490 1488 1491
f 1487 1490 1492
f 1487 1492 1493
f 1487 1493 1486
f 1492 1490 1494
f 1486 1493 1495
f 1486 1495 1496
f 1490 1491 1497
f 1490 1497 1494
f 1497 1491 1498
f 1494 1497 1499
f 1499 1497 1498
f 1494 1499 1500
f 1499 1498 1501
f 1500 1499 1502
f 1499 1501 1503
f 1499 1503 1502
f 1503 1501 1504
f 1502 1503 1505
f 1505 1503 1504
f 1502 1505 1506
f 1506 1505 1496
f 1505 1504 1507
f 1496 1505 1508
f 1508 1505 1507
f 1496 1508 1486
f 1486 1508 1482
f 1482 1508 1489
f 1489 1508 1507
f 1489 1507 1509
f 1489 1509 1510
f 1489 1510 1511
f 1489 1511 902
f 902 1511 897
f 1510 1509 1512
f 1512 1509 1513
f 1511 1510 1514
f 1514 1510 1512
f 897 1511 1515
f 1515 1511 1514
f 897 1515 462
f 1512 1513 1516
f 462 1515 1517
f 1514 1512 1518
f 462 1517 460
f 1514 1518 1519
f 1518 1512 1520
f 1514 1519 1521
f 1514 1521 1515
f 1515 1521 1517
f 1521 1519 1522
f 1521 1522 1517
f 1520 1512 1523
f 1523 1512 1516
f 1520 1523 1524
f 1524 1523 1525
f 1517 1522 1526
f 1517 1526 460
f 1526 1522 1527
f 460 1526 1125
f 1525 1523 1528
f 1528 1523 1516
f 1525 1528 1529
f 1528 1516 1138
f 1530 1527 1529
f 1530 1529 1528
f 1527 1530 1526
f 1530 1528 1138
f 1526 1530 1125
f 1125 1530 1138
f 1531 66 64
f 66 1531 70
f 1532 64 65
f 64 1532 1531
f 1532 65 1533
f 70 1531 1534
f 1534 1531 1532
f 1532 1533 1535
f 1532 1535 1534
f 1535 1533 1536
f 1535 1536 1537
f 1537 1536 1538
f 1537 1538 1539
f 1535 1537 1540
f 1535 1540 1534
f 1537 1539 1541
f 1541 1539 1542
f 1540 1537 1543
f 1543 1537 1541
f 1534 1540 1544
f 1534 1544 70
f 1541 1542 1545
f 1541 1545 1543
f 1545 1542 1546
f 1546 1542 1547
f 1545 1546 1548
f 1545 1548 1543
f 1548 1546 1549
f 1543 1548 1550
f 1548 1549 1551
f 1548 1551 1550
f 1551 1549 1552
f 1551 1552 1553
f 1553 1552 1554
f 1553 1554 1555
f 1555 1554 1556
f 1553 1555 1557
f 1557 1555 1558
f 1551 1553 1559
f 1559 1553 1557
f 1551 1559 1550
f 1557 1558 1560
f 1550 1559 1561
f 1561 1559 1557
f 1557 1560 1562
f 1557 1562 1561
f 1562 1560 1563
f 1550 1561 1564
f 1561 1562 1565
f 1561 1565 1564
f 1562 1563 1566
f 1562 1566 1565
f 1566 1563 1567
f 1565 1566 1568
f 1566 1567 1569
f 1566 1569 1568
f 1569 1567 1570
f 1570 1567 1571
f 1570 1571 1572
f 1572 1571 1573
f 1570 1572 1574
f 1569 1570 1575
f 1575 1570 1574
f 1569 1575 1568
f 1575 1574 1576
f 1576 1574 1577
f 1576 1577 1578
f 1575 1576 1579
f 1575 1579 1568
f 1576 1578 1580
f 1576 1580 1579
f 1580 1578 1581
f 1580 1581 1582
f 1580 1582 1583
f 1580 1583 1584
f 1580 1584 1579
f 1584 1583 1585
f 1584 1585 1586
f 1586 1585 1587
f 1579 1584 1588
f 1588 1584 1586
f 1579 1588 1589
f 1579 1589 1568
f 1586 1587 1590
f 1588 1586 1591
f 1591 1586 1590
f 1590 1587 1592
f 1588 1591 1593
f 1588 1593 1589
f 1591 1590 1594
f 1591 1594 1593
f 1590 1592 1595
f 1595 1592 1596
f 1596 1592 1597
f 1590 1595 1598
f 1590 1598 1594
f 1595 1596 1599
f 1595 1599 1598
f 1599 1596 1600
f 1594 1598 1601
f 1601 1598 1599
f 1599 1600 1602
f 1599 1602 1601
f 1602 1600 1603
f 1602 1603 1604
f 1594 1601 1605
f 1594 1605 1593
f 1601 1602 1606
f 1601 1606 1605
f 1606 1602 1607
f 1605 1606 1608
f 1608 1606 1607
f 1593 1605 1609
f 1609 1605 1608
f 1610 1602 1604
f 1602 1610 1607
f 1610 1604 1611
f 1611 1604 1612
f 1611 1612 1613
f 1613 1612 1614
f 1611 1613 1615
f 1610 1611 1616
f 1616 1611 1615
f 1610 1616 1607
f 1616 1615 1617
f 1616 1617 1618
f 1616 1618 1607
f 1618 1617 1619
f 1607 1618 1620
f 1607 1620 1608
f 1608 1620 1621
f 1608 1621 1609
f 1622 1623 1624
f 1624 1623 1625
f 1622 1624 1626
f 1625 1623 1627
f 1625 1627 1628
f 1622 1626 1629
f 1629 1626 1630
f 1628 1627 1631
f 1629 1630 1632
f 1632 1630 1633
f 1622 1629 57
f 1628 1631 1634
f 1629 1632 55
f 1629 55 57
f 1632 1633 1635
f 55 1632 1636
f 1636 1632 1635
f 55 1636 50
f 1635 1633 1637
f 1637 1633 1638
f 1637 1638 1639
f 1639 1638 1640
f 1640 1638 1641
f 1637 1639 1642
f 1642 1639 1640
f 1637 1642 1635
f 1640 1641 1643
f 1644 1636 1635
f 1636 1644 50
f 1635 1642 1645
f 1644 1635 1646
f 1646 1635 1645
f 50 1644 40
f 40 1644 1646
f 1646 1645 37
f 1646 37 40
f 1645 1642 1647
f 1647 1642 1640
f 37 1645 1648
f 1648 1645 1647
f 1647 1640 1649
f 1649 1640 1643
f 1647 1649 1650
f 1647 1650 1648
f 1649 1643 1651
f 1649 1651 1650
f 1650 1651 1648
f 1651 1643 35
f 1648 1651 1652
f 1652 1651 35
f 1648 1652 38
f 1648 38 37
f 1652 35 34
f 1652 34 38
f 1653 1654 1655
f 1653 1655 1656
f 1654 1653 1657
f 1653 1656 1658
f 1657 1653 1659
f 1653 1658 1660
f 1653 1660 1659
f 1660 1658 1661
f 1660 1661 1662
f 1657 1659 1663
f 1660 1662 1664
f 1660 1664 1659
f 1659 1664 1663
f 1664 1662 1665
f 1664 1665 1666
f 1664 1666 1663
f 1666 1665 1667
f 1663 1666 1668
f 1668 1666 1667
f 1663 1668 1669
f 1668 1667 1670
f 1669 1668 1671
f 1668 1670 1672
f 1668 1672 1671
f 1672 1670 1673
f 1671 1672 1674
f 1672 1673 1675
f 1672 1675 1674
f 1671 1674 1676
f 1676 1674 1675
f 1671 1676 1677
f 1675 1673 1678
f 1678 1673 1679
f 1678 1679 1680
f 1678 1680 1681
f 1678 1681 1682
f 1678 1682 1675
f 1682 1681 1683
f 1684 1676 1675
f 1684 1675 1682
f 1676 1684 1685
f 1676 1685 1677
f 1684 1682 1686
f 1684 1686 1685
f 1682 1683 1687
f 1682 1687 1686
f 1688 1689 1690
f 1691 1692 1693
f 1691 1693 1694
f 1691 1694 1695
f 1694 1693 1696
f 1694 1696 1697
f 1697 1696 1698
f 1697 1698 1699
f 1694 1697 1700
f 1694 1700 1701
f 1694 1701 1695
f 1695 1701 1702
f 1702 1701 1703
f 1703 1701 1704
f 1703 1704 1705
f 1705 1704 1706
f 1703 1705 1707
f 1703 1707 1708
f 1703 1708 1702
f 1708 1707 1709
f 1702 1708 1710
f 1702 1710 1711
f 1711 1710 1712
f 1710 1708 1713
f 1713 1708 1709
f 1712 1710 1714
f 1714 1710 1713
f 1713 1709 1715
f 1712 1714 1716
f 1712 1716 1717
f 1717 1716 1718
f 1714 1713 1719
f 1714 1719 1716
f 1719 1713 1715
f 1715 1709 1720
f 1718 1716 1721
f 1721 1716 1719
f 1718 1721 1722
f 1721 1719 1723
f 1721 1723 1722
f 1723 1719 1715
f 1715 1720 1724
f 1715 1724 1723
f 1724 1720 1725
f 1722 1723 1726
f 1722 1726 1727
f 1723 1724 1728
f 1723 1728 1726
f 1724 1725 1729
f 1724 1729 1728
f 1729 1725 1730
f 1727 1726 1731
f 1726 1728 1732
f 1726 1732 1731
f 1728 1729 1733
f 1728 1733 1732
f 1729 1730 1734
f 1729 1734 1733
f 1732 1733 1735
f 1732 1735 1731
f 1735 1733 1734
f 1731 1735 1736
f 1731 1736 1737
f 1735 1734 1436
f 1735 1436 1736
f 1734 1730 1437
f 1734 1437 1436
f 1437 1730 1441
f 1736 1436 1738
f 1736 1738 1737
f 1737 1738 1739
f 1737 1739 1740
f 1740 1739 1741
f 1740 1741 1742
f 1739 1738 1743
f 1739 1743 1741
f 1738 1436 1434
f 1738 1434 1743
f 1742 1741 1744
f 1742 1744 1745
f 1741 1743 1746
f 1741 1746 1744
f 1743 1434 1747
f 1743 1747 1746
f 1745 1744 1748
f 1748 1744 1746
f 1745 1748 854
f 854 1748 851
f 851 1748 1749
f 1749 1748 1746
f 851 1749 852
f 1749 1746 1750
f 1749 1750 852
f 1750 1746 1747
f 852 1750 856
f 856 1750 1751
f 1751 1750 1747
f 856 1751 859
f 1751 1747 1433
f 1433 1747 1434
f 859 1751 1439
f 1439 1751 1433
f 824 820 247
f 820 236 240
f 820 240 247
f 253 825 824
f 824 247 250
f 824 250 253
f 1752 822 825
f 1752 825 253
f 822 1752 1753
f 822 1753 1754
f 822 1754 821
f 1753 1752 1755
f 1754 1753 1756
f 1756 1753 1755
f 821 1754 1757
f 1754 1756 1758
f 1754 1758 1757
f 821 1757 819
f 1758 1756 1759
f 1758 1759 1757
f 819 1757 1760
f 1760 1757 1759
f 819 1760 1761
f 1760 1759 1762
f 1760 1762 1761
f 1759 1756 1763
f 1759 1763 1762
f 1763 1756 1764
f 1764 1756 1755
f 1762 1763 1765
f 1762 1765 1766
f 1762 1766 1761
f 1765 1763 1767
f 1763 1764 1768
f 1763 1768 1767
f 1768 1764 1769
f 1770 1771 1768
f 1770 1768 1769
f 1770 1769 1772
f 1772 1769 1773
f 1773 1769 1775
f 1769 1764 1776
f 1769 1776 1775
f 1775 1776 1777
f 1776 1764 1755
f 1776 1755 1777
f 1778 1774 1779
f 1778 1779 1780
f 1778 1780 1781
f 1781 1780 1782
f 1781 1782 1767
f 1767 1782 1783
f 1777 1755 259
f 1777 259 262
f 259 1755 256
f 256 1755 1752
f 256 1752 253
f 1767 1783 1784
f 1767 1784 1765
f 1765 1784 1766
f 1784 1783 1785
f 1785 1783 1786
f 1766 1784 1787
f 1787 1784 1785
f 1766 1787 1788
f 1785 1786 1669
f 1787 1785 1789
f 1789 1785 1669
f 1669 1786 1663
f 1787 1789 1790
f 1787 1790 1788
f 1663 1786 1657
f 1790 1789 1677
f 1789 1669 1671
f 1789 1671 1677
f 1788 1790 1791
f 1791 1790 1677
f 1792 1766 1788
f 1766 1792 1761
f 1792 1788 1793
f 1793 1788 1791
f 1761 1792 1794
f 1792 1793 1795
f 1792 1795 1794
f 1795 1793 1796
f 1796 1793 1791
f 1761 1794 1797
f 1761 1797 819
f 819 1797 816
f 816 1797 817
f 1797 1794 1798
f 1797 1798 817
f 1798 1794 1799
f 1799 1794 1795
f 817 1798 1800
f 1800 1798 1799
f 1799 1795 1801
f 1801 1795 1796
f 1799 1801 1802
f 1799 1802 1800
f 1801 1796 1803
f 817 1800 1804
f 1802 1801 1805
f 1805 1801 1803
f 817 1804 1806
f 817 1806 811
f 811 1806 812
f 1806 1804 1807
f 812 1806 1808
f 1808 1806 1807
f 812 1808 855
f 855 1808 1745
f 1745 1808 1807
f 855 1745 854
f 1807 1804 1809
f 1809 1804 1800
f 1745 1807 1742
f 1807 1809 1740
f 1807 1740 1742
f 1809 1800 1810
f 1810 1800 1802
f 1809 1810 1811
f 1809 1811 1740
f 1810 1802 1812
f 1810 1812 1811
f 1812 1802 1805
f 1740 1811 1737
f 1811 1812 1813
f 1811 1813 1737
f 1812 1805 1814
f 1812 1814 1813
f 1814 1805 1815
f 1815 1805 1803
f 1813 1814 1727
f 1814 1815 1816
f 1814 1816 1727
f 1813 1727 1731
f 1813 1731 1737
f 1727 1816 1722
f 1815 1803 1817
f 1816 1815 1818
f 1818 1815 1817
f 1816 1818 1718
f 1816 1718 1722
f 1818 1817 1819
f 1718 1818 1717
f 1717 1818 1819
f 1820 1817 1803
f 1820 1803 1796
f 1817 1820 1821
f 1817 1821 1819
f 1820 1796 1822
f 1822 1796 1791
f 1821 1820 1823
f 1823 1820 1822
f 1822 1791 1824
f 1822 1824 1823
f 1821 1823 1825
f 1826 1819 1821
f 1826 1821 1825
f 1825 1823 1827
f 1825 1827 1826
f 1823 1824 1828
f 1823 1828 1827
f 1829 1824 1791
f 1830 1819 1826
f 1829 1791 1677
f 1826 1827 1831
f 1826 1831 1830
f 1831 1827 1832
f 1824 1829 1833
f 1830 1831 1834
f 1834 1831 1835
f 1835 1831 1832
f 1830 1834 1836
f 1836 1834 1835
f 1837 1819 1830
f 1819 1837 1717
f 1830 1836 1838
f 1830 1838 1837
f 1836 1835 1839
f 1836 1839 1838
f 1840 1835 1832
f 1717 1837 1841
f 1841 1837 1838
f 1717 1841 1712
f 1841 1838 1842
f 1842 1838 1839
f 1841 1842 1712
f 1843 1839 1835
f 1843 1835 1840
f 1842 1839 1844
f 1839 1843 1845
f 1839 1845 1844
f 1842 1844 1711
f 1842 1711 1712
f 1844 1845 1846
f 1845 1843 1847
f 1711 1844 1848
f 1848 1844 1846
f 1846 1845 1849
f 1849 1845 1847
f 1848 1846 1850
f 1846 1849 1851
f 1846 1851 1850
f 1711 1848 1852
f 1851 1849 1853
f 1848 1850 1854
f 1848 1854 1852
f 1850 1851 1690
f 1711 1852 1702
f 1854 1850 1855
f 1855 1850 1690
f 1852 1854 1695
f 1852 1695 1702
f 1854 1855 1691
f 1854 1691 1695
f 1855 1690 1689
f 1855 1689 1692
f 1855 1692 1691
f 1856 1687 1683
f 1857 1677 1685
f 1857 1685 1686
f 1677 1857 1829
f 1687 1856 1858
f 1858 1856 1859
f 1687 1858 1860
f 1860 1858 1861
f 1862 1686 1687
f 1686 1862 1857
f 1862 1687 1860
f 1860 1861 1863
f 1864 1829 1857
f 1864 1857 1862
f 1829 1864 1833
f 1864 1862 1865
f 1865 1862 1860
f 1864 1865 1833
f 1860 1863 1866
f 1860 1866 1865
f 1866 1863 1867
f 1868 1869 1867
f 1866 1867 1870
f 1870 1867 1869
f 1865 1866 1871
f 1871 1866 1870
f 1872 1833 1865
f 1872 1865 1871
f 1870 1869 1873
f 1870 1873 1871
f 1873 1869 1874
f 1872 1871 1875
f 1875 1871 1873
f 1833 1872 1876
f 1876 1872 1875
f 1873 1874 1877
f 1873 1877 1875
f 1877 1874 1878
f 1877 1878 1879
f 1879 1878 1880
f 1879 1880 1881
f 1881 1880 1882
f 1879 1881 1883
f 1877 1879 1884
f 1877 1884 1875
f 1884 1879 1883
f 1885 1876 1875
f 1885 1875 1884
f 1884 1883 1886
f 1886 1883 1887
f 1886 1887 1888
f 1886 1888 1889
f 1886 1889 1890
f 1886 1890 1884
f 1890 1889 1891
f 1885 1884 1892
f 1892 1884 1890
f 1890 1891 1893
f 1893 1891 1894
f 1892 1890 1895
f 1895 1890 1893
f 1885 1892 1896
f 1896 1892 1895
f 1893 1894 1897
f 1897 1894 1898
f 1895 1893 1899
f 1899 1893 1897
f 1897 1898 1900
f 1897 1900 1899
f 1900 1898 1901
f 1900 1901 1902
f 1902 1901 1903
f 1900 1902 1904
f 1904 1902 1905
f 1899 1900 1906
f 1906 1900 1904
f 1904 1905 1907
f 1907 1905 1908
f 1906 1904 1909
f 1909 1904 1907
f 1899 1906 1910
f 1910 1906 1909
f 1907 1908 1911
f 1911 1908 1912
f 1909 1907 1913
f 1913 1907 1911
f 1910 1909 1914
f 1914 1909 1913
f 1899 1910 1915
f 1899 1915 1895
f 1895 1915 1896
f 1915 1910 1916
f 1916 1910 1914
f 1896 1915 1917
f 1917 1915 1916
f 1896 1917 1918
f 1896 1918 1885
f 1885 1918 1876
f 1876 1918 1919
f 1919 1918 1917
f 1876 1919 1833
f 1833 1919 1824
f 1824 1919 1828
f 1828 1919 1917
f 1828 1917 1916
f 1828 1916 1914
f 1828 1914 1827
f 1827 1914 1832
f 1832 1914 1920
f 1920 1914 1913
f 1920 1913 1911
f 1832 1920 1840
f 1920 1911 1921
f 1920 1921 1840
f 1921 1911 1922
f 1921 1922 1840
f 1922 1911 1923
f 1922 1923 1924
f 1840 1922 1925
f 1840 1925 1843
f 1843 1925 1847
f 1925 1922 1926
f 1925 1926 1847
f 1922 1924 1927
f 1922 1927 1926
f 1927 1924 1928
f 1927 1928 1929
f 1926 1927 1930
f 1930 1927 1929
f 1926 1930 1847
f 1930 1929 1931
f 1847 1930 1932
f 1932 1930 1931
f 1847 1932 1849
f 1932 1931 1933
f 1849 1932 1853
f 1853 1932 1933
f 1853 1933 1934
f 1853 1934 1935
f 1853 1935 1851
f 1851 1935 1690
f 1690 1935 1688
f 1688 1935 1934
f 1688 1934 1936
f 1937 1938 1939
f 1937 1939 1940
f 1940 1939 1941
f 1941 1939 1942
f 1942 1939 1943
f 1943 1939 1938
f 1942 1943 1944
f 1943 1938 1945
f 1945 1938 1946
f 1944 1943 1947
f 1947 1943 1945
f 1944 1947 1948
f 1945 1946 1949
f 1949 1946 1950
f 1947 1945 1951
f 1951 1945 1949
f 1948 1947 1952
f 1952 1947 1951
f 1948 1952 1953
f 1952 1951 1954
f 1952 1954 1953
f 1954 1951 1949
f 1953 1954 1955
f 1954 1949 1956
f 1954 1956 1955
f 1956 1949 1950
f 1955 1956 1957
f 1956 1950 1958
f 1956 1958 1957
f 1957 1958 1959
f 1958 1950 1960
f 1959 1958 1961
f 1961 1958 1960
f 1959 1961 1962
f 1959 1962 1963
f 1963 1962 1964
f 1964 1962 1965
f 1965 1962 1966
f 1966 1962 1961
f 1965 1966 1967
f 1961 1960 1968
f 1961 1968 1966
f 1967 1966 1969
f 1969 1966 1968
f 1967 1969 1970
f 1970 1969 1971
f 1970 1971 1972
f 1969 1968 1973
f 1969 1973 1971
f 1974 1968 1960
f 1968 1974 1973
f 1974 1960 1975
f 1974 1975 1976
f 1976 1975 1977
f 1973 1974 1978
f 1978 1974 1976
f 1979 1971 1973
f 1979 1973 1978
f 1971 1979 1980
f 1976 1977 1981
f 1976 1981 1978
f 1979 1978 1982
f 1982 1978 1981
f 1979 1982 1980
f 1981 1977 1983
f 1983 1977 1984
f 1982 1981 1985
f 1985 1981 1983
f 1983 1984 1986
f 1983 1986 1985
f 1986 1984 1987
f 1982 1985 1988
f 1982 1988 1980
f 1985 1986 1989
f 1985 1989 1988
f 1986 1987 1990
f 1986 1990 1989
f 1987 1984 1331
f 1331 1984 1335
f 1988 1989 1991
f 1991 1989 1992
f 1992 1989 1990
f 1988 1991 1993
f 1988 1993 1980
f 1992 1990 1994
f 1980 1993 1995
f 1994 1990 1996
f 1996 1990 1987
f 1996 1987 1331
f 1994 1996 1306
f 1980 1995 1997
f 1980 1997 1971
f 1997 1995 1998
f 1971 1997 1972
f 1972 1997 1998
f 1972 1998 1999
f 1306 1996 2000
f 2000 1996 1331
f 1306 2000 1308
f 2000 1331 1316
f 2000 1316 1308
f 2001 2002 2003
f 2003 2002 2004
f 2001 2003 2005
f 2005 2003 2004
f 2002 2001 2006
f 2006 2001 2007
f 2002 2006 2008
f 2006 2007 2009
f 2006 2009 2010
f 2006 2010 2008
f 2009 2007 2011
f 2008 2010 2012
f 2002 2008 2013
f 2002 2013 2004
f 2008 2012 2014
f 2008 2014 2013
f 2014 2012 2015
f 2004 2013 2016
f 2016 2013 2014
f 2014 2015 2017
f 2014 2017 2016
f 2017 2015 2018
f 2017 2018 2019
f 2017 2019 2020
f 2017 2020 2016
f 2021 2022 2023
f 2022 2021 2024
f 2025 2026 2027
f 2026 2025 2028
f 2028 2025 2029
f 2029 2025 2030
f 2029 2030 2031
f 2025 2027 2032
f 2025 2032 2030
f 2033 2027 2024
f 2027 2033 2032
f 2031 2030 2034
f 2034 2030 2032
f 2031 2034 2035
f 2034 2032 2036
f 2034 2036 2035
f 2036 2032 2033
f 2033 2024 2037
f 2033 2037 2036
f 2037 2024 2038
f 2037 2038 2036
f 2038 2024 2021
f 2035 2036 2039
f 2039 2036 2038
f 2035 2039 2040
f 2038 2021 2041
f 2038 2041 2039
f 2040 2039 2042
f 2042 2039 2041
f 2040 2042 2043
f 2043 2042 2041
f 2041 2021 2044
f 2044 2021 2023
f 2043 2041 2045
f 2045 2041 2044
f 2043 2045 2046
f 2043 2046 2047
f 2047 2046 2048
f 2046 2045 2049
f 2048 2046 2050
f 2044 2023 2051
f 2051 2023 2052
f 2045 2044 2053
f 2054 2055 2052
f 2052 2055 2056
f 2052 2056 2051
f 2056 2055 2057
f 2044 2051 2058
f 2058 2051 2056
f 2056 2057 2059
f 2056 2059 2058
f 2059 2057 2060
f 2044 2058 2061
f 2044 2061 2053
f 2058 2059 2062
f 2058 2062 2061
f 2059 2060 2063
f 2059 2063 2062
f 2064 2065 2060
f 2060 2065 2063
f 2063 2065 2066
f 2062 2063 2067
f 2062 2067 2061
f 2063 2066 2068
f 2063 2068 2067
f 2068 2066 2069
f 2068 2069 2070
f 2068 2070 2067
f 2070 2069 2071
f 2061 2067 2072
f 2061 2072 2053
f 2067 2070 2073
f 2067 2073 2072
f 2070 2071 2074
f 2070 2074 2073
f 2074 2071 2075
f 2053 2072 2076
f 2053 2076 2045
f 2072 2073 2077
f 2072 2077 2076
f 2045 2076 2049
f 2077 2073 2078
f 2078 2073 2074
f 2076 2077 2079
f 2076 2079 2049
f 2077 2078 2080
f 2077 2080 2079
f 2078 2074 2081
f 2078 2081 2080
f 2082 2074 2075
f 2074 2082 2081
f 2082 2075 2083
f 2082 2083 2084
f 2082 2084 2085
f 2082 2085 2081
f 2081 2085 2086
f 2086 2085 2087
f 2086 2087 2088
f 2088 2087 2089
f 2086 2088 2090
f 2086 2090 2091
f 2086 2091 2081
f 2091 2090 2092
f 2081 2091 2093
f 2081 2093 2080
f 2091 2092 2094
f 2091 2094 2093
f 2094 2092 2095
f 2080 2093 2096
f 2080 2096 2079
f 2079 2096 2049
f 2049 2096 2097
f 2049 2097 2046
f 2096 2093 2098
f 2096 2098 2097
f 2046 2097 2050
f 2098 2093 2099
f 2099 2093 2094
f 2097 2098 2100
f 2100 2098 2099
f 2050 2097 2101
f 2101 2097 2100
f 2099 2094 2102
f 2102 2094 2095
f 2102 2095 2103
f 2103 2095 2104
f 2099 2102 2105
f 2105 2102 2103
f 2099 2105 2100
f 2105 2103 2106
f 2105 2106 2107
f 2105 2107 2100
f 2107 2106 2108
f 2107 2108 2109
f 2100 2107 2110
f 2100 2110 2101
f 2107 2109 2111
f 2107 2111 2110
f 2112 2113 2109
f 2109 2113 2111
f 2111 2113 2114
f 2101 2110 2115
f 2111 2114 2116
f 2101 2115 2050
f 2116 2114 2117
f 2118 2110 2111
f 2110 2118 2115
f 2118 2111 2116
f 2050 2115 2119
f 2050 2119 2048
f 2115 2118 2120
f 2115 2120 2119
f 2118 2116 2121
f 2118 2121 2120
f 2121 2116 2122
f 2120 2121 2123
f 2120 2123 2119
f 2123 2121 2122
f 2124 2048 2119
f 2048 2124 2125
f 2119 2123 2126
f 2123 2122 2127
f 2123 2127 2126
f 2125 2124 2128
f 2124 2119 2129
f 2124 2129 2128
f 2129 2119 2126
f 2125 2128 2130
f 2127 2122 2131
f 2127 2131 2126
f 2131 2122 2132
f 2131 2132 2133
f 2132 2122 2134
f 2131 2133 2135
f 2131 2135 2126
f 2134 2122 2116
f 2132 2134 2136
f 2134 2116 2117
f 2136 2134 2137
f 2137 2134 2117
f 2135 2133 2138
f 2135 2138 2139
f 2139 2138 2140
f 2135 2139 2141
f 2139 2140 2142
f 2139 2142 2141
f 2142 2140 2143
f 2142 2143 2144
f 2144 2143 2145
f 2144 2145 2146
f 2142 2144 2147
f 2142 2147 2141
f 2144 2146 2148
f 2144 2148 2147
f 2148 2146 2149
f 2148 2149 2150
f 2148 2150 2151
f 2148 2151 2152
f 2148 2152 2147
f 2147 2152 2141
f 2141 2152 2153
f 2141 2153 2154
f 2141 2154 2135
f 2135 2154 2126
f 2126 2154 2129
f 2154 2153 2155
f 2154 2155 2129
f 2155 2153 2156
f 2129 2155 2128
f 2128 2155 2157
f 2157 2155 2156
f 2128 2157 2130
f 2157 2156 2158
f 2158 2156 2159
f 2130 2157 2160
f 2160 2157 2158
f 2158 2159 2161
f 2161 2159 2162
f 2161 2162 2163
f 2163 2162 2164
f 2163 2164 2165
f 2160 2158 2167
f 2130 2160 2168
f 2168 2160 2167
f 2130 2168 1176
f 2167 2158 2169
f 1176 2168 2170
f 1176 2170 1034
f 2168 2167 2171
f 2168 2171 2170
f 1034 2170 2172
f 2172 2170 2171
f 1034 2172 1033
f 2172 2171 2173
f 1033 2172 2174
f 2174 2172 2173
f 2173 2171 2175
f 2173 2175 2174
f 2175 2171 2167
f 1033 2174 457
f 2175 2167 2176
f 2176 2167 2169
f 2174 2175 2177
f 2174 2177 457
f 2175 2176 2178
f 2175 2178 2177
f 2176 2169 2179
f 2180 2181 2169
f 2169 2181 2179
f 2179 2181 2182
f 2179 2182 2166
f 2179 2166 2183
f 2176 2179 2184
f 2184 2179 2183
f 2176 2184 2178
f 2184 2183 2185
f 2184 2185 2178
f 2178 2185 2186
f 2186 2185 2187
f 2177 2178 459
f 2177 459 457
f 2178 2186 2188
f 2178 2188 459
f 2186 2187 2189
f 2189 2187 2190
f 2188 2186 2191
f 2191 2186 2189
f 2189 2190 2192
f 2192 2190 2193
f 2192 2193 2194
f 2189 2192 2195
f 2189 2195 2191
f 2192 2194 2196
f 2192 2196 2195
f 2196 2194 2197
f 2197 2194 2198
f 2195 2196 2199
f 2197 2198 2200
f 2200 2198 2201
f 2197 2200 2202
f 2196 2197 2203
f 2196 2203 2199
f 2203 2197 2202
f 2195 2199 2204
f 2204 2199 2203
f 2203 2202 2205
f 2203 2205 2204
f 2205 2202 2206
f 2195 2204 2207
f 2195 2207 2191
f 2204 2205 2208
f 2204 2208 2207
f 2205 2206 2209
f 2205 2209 2208
f 2209 2206 2210
f 2209 2210 2211
f 2209 2211 2208
f 2211 2210 2212
f 2211 2212 334
f 2213 2191 2207
f 2191 2213 2188
f 2214 2207 2208
f 2207 2214 2213
f 2188 2213 350
f 2188 350 459
f 2213 2214 345
f 2213 345 350
f 2214 2208 2215
f 2215 2208 2211
f 345 2214 343
f 343 2214 2215
f 2215 2211 2216
f 2216 2211 334
f 343 2215 341
f 341 2215 2216
f 2216 334 336
f 2216 336 341
f 2217 2218 2219
f 2219 2218 2220
f 2217 2219 2221
f 2217 2221 2222
f 2219 2220 2223
f 2223 2220 2224
f 2223 2224 2225
f 2223 2225 2226
f 2219 2223 2227
f 2219 2227 2221
f 2223 2226 2228
f 2223 2228 2227
f 2228 2226 2229
f 2229 2226 2230
f 2227 2228 2231
f 2231 2228 2229
f 2229 2230 2232
f 2229 2232 2231
f 2232 2230 2233
f 2232 2233 2234
f 2232 2234 2235
f 2232 2235 2236
f 2232 2236 2237
f 2232 2237 2231
f 2237 2236 2238
f 2239 2227 2231
f 2227 2239 2221
f 2231 2237 2240
f 2231 2240 2239
f 2237 2238 2241
f 2237 2241 2240
f 2241 2238 2242
f 2239 2240 2243
f 2239 2243 2221
f 2240 2241 2244
f 2240 2244 2243
f 2221 2243 2245
f 2221 2245 2222
f 2222 2245 2246
f 2246 2245 2243
f 2222 2246 2247
f 2244 2241 2248
f 2248 2241 2242
f 2249 2243 2244
f 2243 2249 2246
f 2244 2248 2250
f 2244 2250 2249
f 2247 2246 2251
f 2247 2251 2252
f 2252 2251 2253
f 2251 2246 2254
f 2254 2246 2249
f 2249 2250 2255
f 2249 2255 2254
f 2255 2250 2248
f 2253 2251 2256
f 2253 2256 2257
f 2251 2254 2258
f 2251 2258 2256
f 2254 2255 2259
f 2254 2259 2258
f 2255 2248 2260
f 2255 2260 2259
f 2260 2248 2242
f 2260 2242 2261
f 2260 2261 2262
f 2260 2262 2259
f 2262 2261 2263
f 2264 2258 2259
f 2264 2259 2262
f 2258 2264 2265
f 2258 2265 2256
f 2262 2263 2266
f 2266 2263 2267
f 2266 2267 2268
f 2268 2267 2269
f 2262 2266 2270
f 2262 2270 2264
f 2266 2268 2271
f 2266 2271 2270
f 2271 2268 2272
f 2271 2272 2273
f 2270 2271 2274
f 2274 2271 2273
f 2264 2270 2275
f 2275 2270 2274
f 2264 2275 2265
f 2274 2273 2276
f 2274 2276 2275
f 2276 2273 2277
f 2276 2277 2278
f 2278 2277 2279
f 2275 2276 2280
f 2280 2276 2278
f 2275 2280 2265
f 2280 2278 2281
f 2265 2280 2282
f 2282 2280 2281
f 2265 2282 2256
f 2282 2281 2283
f 2256 2282 2257
f 2257 2282 2283
f 2284 2285 2286
f 2285 2284 2287
f 2284 2286 2288
f 2287 2284 2289
f 2287 2289 2290
f 2290 2289 2291
f 2291 2289 2292
f 2288 2286 2293
f 2289 2284 2294
f 2294 2284 2288
f 2292 2289 2295
f 2295 2289 2294
f 2292 2295 2296
f 2292 2296 2297
f 2295 2294 2298
f 2295 2298 2296
f 2297 2296 2299
f 2299 2296 2298
f 2297 2299 2300
f 2300 2299 2301
f 2301 2299 2302
f 2302 2299 2303
f 2303 2299 2304
f 2304 2299 2298
f 2303 2304 2305
f 2305 2304 2306
f 2305 2306 2307
f 2304 2298 2308
f 2304 2308 2306
f 2308 2298 2309
f 2309 2298 2294
f 2309 2294 2288
f 2308 2309 2310
f 2310 2309 2288
f 2306 2308 2311
f 2311 2308 2310
f 2310 2288 2312
f 2312 2288 2293
f 2312 2293 2313
f 2312 2313 2310
f 2313 2293 2314
f 2311 2310 2315
f 2315 2310 2313
f 2311 2315 2316
f 2317 2306 2311
f 2317 2311 2316
f 2306 2317 2307
f 2313 2314 2318
f 2318 2314 2319
f 2318 2319 2320
f 2307 2317 2321
f 2307 2321 2322
f 2317 2316 2323
f 2317 2323 2321
f 2323 2316 2315
f 2322 2321 2324
f 2322 2324 2325
f 2321 2323 2326
f 2321 2326 2324
f 2323 2315 2327
f 2323 2327 2326
f 2327 2315 2313
f 2327 2313 2318
f 2325 2324 2328
f 2325 2328 2329
f 2329 2328 2330
f 2329 2330 2331
f 2330 2328 2332
f 2330 2332 2333
f 2333 2332 2334
f 2332 2328 2335
f 2335 2328 2324
f 2334 2332 2336
f 2336 2332 2335
f 2334 2336 2337
f 2334 2337 2338
f 2336 2335 2339
f 2336 2339 2337
f 2335 2324 2340
f 2335 2340 2339
f 2340 2324 2326
f 2338 2337 2341
f 2338 2341 2342
f 2341 2337 2343
f 2343 2337 2339
f 2341 2343 2344
f 2339 2340 2345
f 2339 2345 2343
f 2344 2343 2346
f 2346 2343 2345
f 2344 2346 2347
f 2347 2346 2348
f 2348 2346 2349
f 2349 2346 2345
f 2348 2349 2320
f 2320 2349 2318
f 2349 2345 2350
f 2349 2350 2318
f 2350 2345 2340
f 2318 2350 2327
f 2350 2340 2326
f 2350 2326 2327
f 2351 2352 2353
f 2354 2355 2351
f 2355 2354 2356
f 2354 2351 2353
f 2353 2352 2357
f 2356 2354 2358
f 2353 2357 2359
f 2359 2357 2360
f 2359 2360 2361
f 2354 2353 2362
f 2354 2362 2358
f 2353 2359 2363
f 2353 2363 2362
f 2359 2361 2364
f 2359 2364 2363
f 2364 2361 2365
f 2364 2365 2366
f 2366 2365 2367
f 2363 2364 2368
f 2368 2364 2366
f 2369 2362 2363
f 2369 2363 2368
f 2362 2369 2370
f 2362 2370 2358
f 2366 2367 2371
f 2371 2367 2372
f 2368 2366 2373
f 2373 2366 2371
f 2369 2368 2374
f 2374 2368 2373
f 2371 2372 2375
f 2371 2375 2373
f 2373 2375 2374
f 2375 2372 2376
f 2369 2374 2377
f 2369 2377 2370
f 2374 2375 2378
f 2378 2375 2376
f 2374 2378 2377
f 2378 2376 2379
f 2378 2379 2380
f 2378 2380 2377
f 2380 2379 2381
f 2382 2370 2377
f 2382 2377 2380
f 2380 2381 2383
f 2380 2383 2382
f 2383 2381 2384
f 2384 2381 2385
f 2384 2385 2386
f 2384 2386 2387
f 2388 2370 2382
f 2384 2387 2389
f 2384 2389 2383
f 2389 2387 2390
f 2370 2388 2358
f 2383 2389 2391
f 2383 2391 2382
f 2389 2390 2392
f 2389 2392 2391
f 2392 2390 2393
f 2382 2391 2394
f 2382 2394 2388
f 2392 2393 2395
f 2391 2392 2396
f 2391 2396 2394
f 2396 2392 2395
f 2395 2393 2397
f 2394 2396 2398
f 2399 2400 2397
f 2397 2400 2401
f 2397 2401 2395
f 2401 2400 2402
f 2401 2402 2403
f 2401 2403 2395
f 2403 2402 2404
f 2405 2396 2395
f 2405 2395 2403
f 2396 2405 2398
f 2403 2404 2406
f 2405 2403 2407
f 2405 2407 2398
f 2407 2403 2406
f 2406 2404 2408
f 2406 2408 2409
f 2409 2408 2410
f 2407 2406 2411
f 2411 2406 2409
f 2398 2407 2412
f 2412 2407 2411
f 2398 2412 2413
f 2398 2413 2394
f 2394 2413 2388
f 2413 2412 2414
f 2413 2414 2388
f 2412 2411 2415
f 2412 2415 2414
f 2415 2411 2416
f 2416 2411 2409
f 2414 2415 2417
f 2417 2415 2416
f 2388 2414 2418
f 2388 2418 2358
f 2358 2418 2356
f 2356 2418 2419
f 2418 2414 2420
f 2418 2420 2419
f 2420 2414 2417
f 2419 2420 2421
f 2421 2420 2422
f 2422 2420 2417
f 2421 2422 2423
f 2423 2422 2424
f 2423 2424 2425
f 2425 2424 2426
f 2424 2422 2427
f 2427 2422 2417
f 2426 2424 2428
f 2428 2424 2427
f 2426 2428 1465
f 1465 2428 1467
f 1467 2428 2429
f 2429 2428 2427
f 1467 2429 1478
f 1478 2429 2430
f 2430 2429 2427
f 1478 2430 2431
f 2432 2427 2417
f 2427 2432 2430
f 2432 2417 2416
f 2431 2430 2433
f 2433 2430 2432
f 2433 2432 2416
f 2431 2433 2410
f 2433 2416 2409
f 2433 2409 2410
f 2434 2435 2436
f 2434 2436 2437
f 2438 2439 2435
f 2438 2435 2434
f 2440 2441 2439
f 2440 2439 2438
f 2441 2440 2442
f 2441 2442 2443
f 2434 2437 2444
f 2434 2444 2438
f 2444 2437 2445
f 2445 2437 2446
f 2438 2444 2447
f 2443 2442 2448
f 2443 2448 2449
f 2445 2446 2450
f 2450 2446 2451
f 2444 2445 2452
f 2444 2452 2447
f 2445 2450 2453
f 2445 2453 2452
f 2450 2451 2454
f 2454 2451 2455
f 2454 2455 2456
f 2454 2456 2457
f 2450 2454 2458
f 2458 2454 2457
f 2450 2458 2453
f 2458 2457 2459
f 2458 2459 2460
f 2453 2458 2461
f 2461 2458 2460
f 2453 2461 2462
f 2453 2462 2452
f 2461 2460 2463
f 2463 2460 2464
f 2462 2461 2465
f 2465 2461 2463
f 2452 2462 2466
f 2466 2462 2465
f 2452 2466 2447
f 2463 2464 2467
f 2463 2467 2465
f 2467 2464 2468
f 2466 2465 2469
f 2447 2466 2470
f 2470 2466 2469
f 2447 2470 2438
f 2438 2470 2440
f 2440 2470 2471
f 2471 2470 2469
f 2440 2471 2442
f 2442 2471 2472
f 2472 2471 2469
f 2442 2472 2448
f 2473 2469 2465
f 2473 2465 2467
f 2472 2469 2474
f 2474 2469 2473
f 2448 2472 2475
f 2472 2474 2476
f 2472 2476 2475
f 2448 2475 2477
f 2476 2474 2478
f 2478 2474 2473
f 2448 2477 2449
f 2479 2473 2467
f 2473 2479 2478
f 2479 2467 2468
f 2479 2468 2480
f 2479 2480 2481
f 2479 2481 2478
f 2481 2480 2482
f 2478 2481 2483
f 2478 2483 2476
f 2481 2482 2484
f 2481 2484 2483
f 2484 2482 2485
f 2476 2483 2486
f 2476 2486 2475
f 2483 2484 2487
f 2483 2487 2486
f 2484 2485 2488
f 2484 2488 2487
f 2488 2485 2489
f 2475 2486 2490
f 2488 2489 2491
f 2491 2489 2492
f 2487 2488 2493
f 2493 2488 2491
f 2494 2486 2487
f 2494 2487 2493
f 2486 2494 2490
f 2477 2475 2490
f 2491 2492 2495
f 2495 2492 2496
f 2491 2495 2497
f 2495 2496 2498
f 2498 2496 2499
f 2498 2499 2500
f 2498 2500 2501
f 2495 2498 2502
f 2502 2498 2501
f 2495 2502 2497
f 2502 2501 2503
f 2502 2503 2504
f 2502 2504 2497
f 2504 2503 2505
f 2504 2505 2506
f 2506 2505 2507
f 2506 2507 2508
f 2497 2504 2509
f 2509 2504 2506
f 2506 2508 2510
f 2510 2508 2511
f 2509 2506 2512
f 2506 2510 2513
f 2506 2513 2512
f 2510 2511 2514
f 2514 2511 2515
f 2513 2510 2516
f 2516 2510 2514
f 2512 2513 2517
f 2517 2513 2516
f 2514 2515 2518
f 2514 2518 2516
f 2518 2515 2519
f 2512 2517 2520
f 2512 2520 2509
f 2517 2516 2521
f 2509 2520 2522
f 2509 2522 2497
f 2520 2517 2523
f 2523 2517 2521
f 2522 2520 2524
f 2524 2520 2523
f 2497 2522 2525
f 2497 2525 2491
f 2491 2525 2493
f 2525 2522 2526
f 2525 2526 2493
f 2526 2522 2524
f 2493 2526 2494
f 2494 2526 2527
f 2527 2526 2524
f 2494 2527 2490
f 2528 2524 2523
f 2524 2528 2527
f 2490 2527 2529
f 2529 2527 2528
f 2490 2529 2477
f 2528 2523 2530
f 2530 2523 2521
f 2531 2532 2533
f 2531 2533 2534
f 2534 2533 2535
f 2535 2533 2536
f 2531 2534 2537
f 2537 2534 2535
f 2531 2537 2538
f 2537 2535 2539
f 2538 2537 2540
f 2540 2537 2539
f 2538 2540 2541
f 2540 2539 2542
f 2542 2539 2543
f 2541 2540 2544
f 2544 2540 2542
f 2541 2544 2545
f 2541 2545 2546
f 2547 2548 2546
f 2547 2546 2549
f 2549 2546 2545
f 2549 2545 2550
f 2545 2544 2551
f 2545 2551 2550
f 2551 2544 2542
f 2550 2551 2552
f 2552 2551 2553
f 2553 2551 2542
f 2552 2553 2554
f 2554 2553 2555
f 2555 2553 2556
f 2553 2542 2557
f 2553 2557 2556
f 2557 2542 2543
f 2556 2557 2558
f 2558 2557 2543
f 2559 2560 2561
f 2559 2561 2562
f 2559 2562 2563
f 2559 2563 2564
f 2562 2561 2565
f 2562 2565 2563
f 2565 2561 2566
f 2563 2565 2567
f 2565 2566 2568
f 2565 2568 2567
f 2568 2566 2569
f 2567 2568 2570
f 2567 2570 2571
f 2568 2569 2572
f 2568 2572 2570
f 2572 2569 2573
f 2573 2569 2574
f 2570 2572 2575
f 2575 2572 2573
f 2573 2574 2576
f 2576 2574 2577
f 2577 2574 2578
f 2573 2576 2579
f 2573 2579 2575
f 2575 2579 2580
f 2575 2580 2581
f 2575 2581 2570
f 2581 2580 2582
f 2581 2582 2583
f 2581 2583 2584
f 2570 2581 2585
f 2585 2581 2584
f 2570 2585 2571
f 2585 2584 2586
f 2585 2586 2571
f 2587 1178 1177
f 2587 1177 1179
f 1176 1178 2130
f 1178 2587 2125
f 1178 2125 2130
f 2125 2587 2048
f 2048 2587 1179
f 2588 1179 1172
f 1179 2588 2047
f 1179 2047 2048
f 2588 1172 2589
f 2589 1172 1170
f 2047 2588 2043
f 2589 1170 2590
f 2590 1170 1161
f 2588 2589 2040
f 2588 2040 2043
f 2589 2590 2035
f 2589 2035 2040
f 2590 1161 2591
f 2591 1161 1157
f 2590 2591 2031
f 2590 2031 2035
f 2591 1157 2592
f 2592 1157 1153
f 2591 2592 2593
f 2591 2593 2031
f 2592 1153 2594
f 2592 2594 2593
f 2594 1153 1154
f 2031 2593 2029
f 2594 1154 2595
f 2595 1154 1155
f 2593 2594 2596
f 2596 2594 2595
f 2593 2596 2029
f 2595 1155 2597
f 2597 1155 2598
f 2596 2595 2599
f 2599 2595 2597
f 2596 2599 2029
f 2597 2598 2600
f 2600 2598 2601
f 2600 2601 2602
f 2602 2601 2603
f 2600 2602 2604
f 2597 2600 2605
f 2597 2605 2599
f 2605 2600 2604
f 2599 2605 2028
f 2599 2028 2029
f 2605 2604 2606
f 2606 2604 2607
f 2607 2604 2608
f 2605 2606 2609
f 2605 2609 2028
f 2607 2608 2610
f 2611 2612 2610
f 2610 2612 2613
f 2610 2613 2607
f 2607 2613 2614
f 2607 2614 2615
f 2607 2615 2606
f 2615 2614 2616
f 2617 2609 2606
f 2617 2606 2615
f 2615 2616 2618
f 2615 2618 2617
f 2618 2616 2619
f 2609 2617 2620
f 2609 2620 2028
f 2617 2618 2621
f 2617 2621 2620
f 2618 2619 2622
f 2618 2622 2621
f 2622 2619 2623
f 2620 2621 2624
f 2621 2622 2625
f 2621 2625 2624
f 2622 2623 2626
f 2622 2626 2625
f 2626 2623 2627
f 2627 2623 2628
f 2626 2627 2629
f 2626 2629 2625
f 2629 2627 2630
f 2631 2624 2625
f 2631 2625 2629
f 2629 2630 2632
f 2629 2632 2631
f 2632 2630 2633
f 2631 2632 2634
f 2632 2633 2635
f 2632 2635 2634
f 2635 2633 2636
f 2637 2624 2631
f 2637 2631 2634
f 2624 2637 2026
f 2624 2026 2620
f 2620 2026 2028
f 2635 2636 2638
f 2638 2636 2639
f 2638 2639 2640
f 2635 2638 2641
f 2635 2641 2634
f 2638 2640 2642
f 2638 2642 2641
f 2642 2640 2643
f 2634 2641 2644
f 2644 2641 2642
f 2642 2643 2052
f 2634 2644 2645
f 2634 2645 2637
f 2644 2642 2022
f 2644 2022 2645
f 2637 2645 2027
f 2637 2027 2026
f 2642 2052 2646
f 2642 2646 2022
f 2645 2022 2024
f 2645 2024 2027
f 2022 2646 2023
f 2023 2646 2052
f 2647 2648 2649
f 2649 2648 2650
f 2650 2648 2651
f 2649 2650 2652
f 2651 2648 2653
f 2653 2648 2647
f 2651 2653 2654
f 2654 2653 2655
f 2649 2652 2656
f 2656 2652 2657
f 2655 2653 2658
f 2658 2653 2647
f 2655 2658 2659
f 2656 2657 2660
f 2659 2658 2661
f 2659 2661 2662
f 2662 2661 2663
f 2661 2658 2664
f 2664 2658 2647
f 2661 2664 2663
f 2656 2660 2665
f 2665 2660 2666
f 2664 2647 2667
f 2667 2647 2649
f 2667 2649 2656
f 2664 2667 2668
f 2667 2656 2669
f 2669 2656 2665
f 2667 2669 2668
f 2670 2663 2664
f 2668 2669 2671
f 2668 2671 2672
f 2671 2669 2673
f 2663 2670 2674
f 2675 2673 2674
f 2673 2669 2676
f 2676 2669 2665
f 2673 2676 2674
f 2663 2674 2677
f 2663 2677 2678
f 2678 2677 2679
f 2679 2677 2680
f 2680 2677 2674
f 2679 2680 2681
f 2674 2676 2682
f 2674 2682 2680
f 2683 2676 2665
f 2676 2683 2682
f 2683 2665 2666
f 2683 2666 2684
f 2685 2681 2684
f 2682 2683 2686
f 2686 2683 2684
f 2682 2686 2680
f 2686 2684 2681
f 2686 2681 2680
f 2687 2688 2689
f 2688 2687 2690
f 2688 2690 2691
f 2690 2687 2692
f 2688 2691 2693
f 2688 2693 2689
f 2693 2691 2694
f 2693 2694 2695
f 2692 2687 2696
f 2692 2696 2697
f 2693 2695 2698
f 2693 2698 2689
f 2698 2695 2699
f 2697 2696 2700
f 2698 2699 2701
f 2701 2699 2702
f 2689 2698 2703
f 2703 2698 2701
f 2701 2702 2704
f 2701 2704 2703
f 2700 2696 2705
f 2700 2705 2706
f 2689 2703 2707
f 2689 2707 2687
f 2687 2707 2696
f 2707 2703 2708
f 2696 2707 2709
f 2709 2707 2708
f 2696 2709 2705
f 2710 2706 2705
f 2706 2710 2711
f 2705 2709 2712
f 2705 2712 2710
f 2709 2708 2713
f 2713 2708 2715
f 2703 2704 2714
f 2709 2713 2716
f 2709 2716 2712
f 2714 2704 2717
f 2712 2716 2717
f 2717 2716 2718
f 2719 2710 2712
f 2719 2712 2717
f 2710 2719 2720
f 2710 2720 2711
f 2711 2720 2721
f 2711 2721 2722
f 2720 2719 2723
f 2720 2723 2721
f 2723 2719 2717
f 2721 2723 2724
f 2723 2717 2725
f 2723 2725 2724
f 2725 2717 2704
f 2724 2725 2726
f 2726 2725 2704
f 2727 2728 2729
f 2728 2727 2730
f 2727 2729 2731
f 2727 2731 2730
f 2729 2728 2732
f 2730 2731 2733
f 2728 2730 2734
f 2733 2731 2735
f 2728 2734 2736
f 2728 2736 2732
f 2732 2736 2737
f 2732 2737 2738
f 2737 2736 2739
f 2732 2738 2740
f 2740 2738 2741
f 2732 2740 2729
f 2740 2741 2742
f 2739 2736 2743
f 2743 2736 2734
f 2739 2743 2744
f 2744 2743 2745
f 2740 2742 2746
f 2740 2746 2729
f 2746 2742 2747
f 2743 2734 2748
f 2743 2748 2745
f 2748 2734 2730
f 2745 2748 2749
f 2748 2730 2750
f 2748 2750 2749
f 2749 2750 2751
f 2750 2730 2733
f 2750 2733 2751
f 2752 2746 2747
f 2752 2747 2753
f 2746 2752 2754
f 2746 2754 2729
f 2729 2754 2755
f 2729 2755 2731
f 2731 2755 2735
f 2755 2754 2756
f 2756 2754 2752
f 2755 2756 2735
f 2757 2733 2735
f 2757 2735 2758
f 2757 2758 2759
f 2758 2735 2760
f 2758 2760 2759
f 2760 2735 2756
f 2759 2760 2761
f 2762 2756 2752
f 2756 2762 2760
f 2760 2762 2761
f 2762 2752 2753
f 2762 2753 2761
f 2761 2753 2763
f 2764 2765 2766
f 2765 2764 2767
f 2765 2767 2768
f 2767 2764 2769
f 2765 2768 2770
f 2765 2770 2771
f 2765 2771 2766
f 2771 2770 2772
f 2769 2764 2773
f 2769 2773 2774
f 2775 2764 2766
f 2764 2775 2773
f 2774 2773 2776
f 2774 2776 2777
f 2777 2776 2778
f 2776 2773 2779
f 2779 2773 2775
f 2778 2776 2780
f 2780 2776 2779
f 2778 2780 2781
f 2781 2780 2782
f 2781 2782 2783
f 2780 2779 2784
f 2780 2784 2782
f 2783 2782 2785
f 2783 2785 2786
f 2786 2785 2787
f 2785 2782 2788
f 2788 2782 2784
f 2785 2788 2787
f 2789 2784 2779
f 2784 2789 2788
f 2789 2779 2775
f 2788 2789 2790
f 2788 2790 2787
f 2791 968 964
f 2791 964 906
f 2791 906 908
f 968 2791 2792
f 968 2792 2793
f 2791 908 2794
f 2791 2794 2792
f 2794 908 1261
f 2792 2794 2795
f 2794 1261 2796
f 2794 2796 2795
f 2795 2796 2797
f 2798 1456 1453
f 2798 1453 1451
f 1456 2798 2799
f 2798 1451 2800
f 2798 2800 2799
f 2800 1451 1452
f 1456 2799 1462
f 2800 1452 2801
f 2801 1452 2802
f 2799 2800 2803
f 2803 2800 2801
f 1462 2799 2804
f 1462 2804 1464
f 2799 2803 2805
f 2799 2805 2804
f 2803 2801 2806
f 2803 2806 2805
f 1464 2804 2426
f 1464 2426 1465
f 2804 2805 2425
f 2804 2425 2426
f 2805 2806 2807
f 2805 2807 2425
f 2808 2806 2801
f 2806 2808 2807
f 2808 2801 2809
f 2809 2801 2802
f 2809 2802 2810
f 2807 2808 2811
f 2811 2808 2809
f 2807 2811 2812
f 2809 2810 2813
f 2813 2810 2814
f 2813 2814 2815
f 2807 2812 2423
f 2807 2423 2425
f 2812 2811 2421
f 2812 2421 2423
f 2813 2815 2816
f 2816 2815 2817
f 2813 2816 2818
f 2813 2818 2809
f 2819 2811 2809
f 2819 2809 2818
f 2811 2819 2421
f 2816 2817 2351
f 2351 2817 2352
f 2818 2816 2355
f 2355 2816 2351
f 2819 2818 2356
f 2356 2818 2355
f 2421 2819 2419
f 2419 2819 2356
f 2820 2821 2822
f 2821 2820 2823
f 2821 2823 2824
f 2820 2822 2825
f 2825 2822 2826
f 2825 2826 2827
f 2827 2826 2828
f 2830 2831 2829
f 2829 2831 2832
f 2832 2831 2833
f 2834 2832 2827
f 2832 2833 2835
f 2832 2835 2827
f 2835 2833 2836
f 2836 2833 2837
f 2836 2837 2838
f 2835 2836 2839
f 2839 2836 2838
f 2827 2835 2840
f 2840 2835 2839
f 2827 2840 2841
f 2827 2841 2825
f 2840 2839 2842
f 2840 2842 2841
f 2825 2841 2843
f 2843 2841 2842
f 2825 2843 2820
f 2842 2839 2844
f 2842 2844 2843
f 2844 2839 2838
f 2843 2844 2845
f 2820 2843 2846
f 2846 2843 2845
f 2820 2846 2823
f 2845 2844 2847
f 2845 2847 2846
f 2847 2844 2838
f 2823 2846 2848
f 2848 2846 2847
f 2823 2848 2849
f 2823 2849 2824
f 2824 2849 2850
f 2850 2849 2851
f 2851 2849 2852
f 2852 2849 2848
f 2851 2852 2853
f 2853 2852 2854
f 2852 2848 2855
f 2852 2855 2854
f 2855 2848 2847
f 2854 2855 2856
f 2855 2847 2857
f 2855 2857 2856
f 2857 2847 2838
f 2856 2857 2858
f 2858 2857 2838
f 2859 2860 2861
f 2861 2860 2862
f 2862 2860 2863
f 2859 2861 2864
f 2859 2864 2865
f 2865 2864 2866
f 2865 2866 2867
f 2869 2870 2868
f 2869 2868 2871
f 2869 2871 2872
f 2873 2866 2871
f 2872 2871 2874
f 2874 2871 2866
f 2872 2874 2875
f 2872 2875 2876
f 2876 2875 2877
f 2875 2874 2878
f 2875 2878 2877
f 2874 2866 2879
f 2874 2879 2878
f 2879 2866 2880
f 2880 2866 2864
f 2878 2879 2881
f 2881 2879 2880
f 2880 2864 2882
f 2880 2882 2881
f 2882 2864 2861
f 2878 2881 2883
f 2878 2883 2877
f 2883 2881 2882
f 2883 2882 2884
f 2882 2861 2885
f 2882 2885 2884
f 2885 2861 2862
f 2883 2884 2886
f 2883 2886 2877
f 2886 2884 2885
f 2877 2886 2887
f 2877 2887 2888
f 2888 2887 2889
f 2889 2887 2890
f 2890 2887 2886
f 2889 2890 2891
f 2886 2885 2892
f 2886 2892 2890
f 2892 2885 2862
f 2891 2890 2893
f 2893 2890 2892
f 2891 2893 2894
f 2894 2893 2895
f 2893 2892 2896
f 2893 2896 2895
f 2896 2892 2862
f 2895 2896 2897
f 2896 2862 2863
f 2896 2863 2897
f 2898 2899 2900
f 2899 2898 2901
f 2898 2900 2902
f 2902 2900 2903
f 2901 2898 2904
f 2901 2904 2905
f 2902 2903 2906
f 2906 2903 2907
f 2905 2904 2908
f 2905 2908 2909
f 2904 2898 2910
f 2904 2910 2908
f 2909 2908 2911
f 2909 2911 2912
f 2912 2911 2913
f 2911 2908 2914
f 2914 2908 2910
f 2913 2911 2915
f 2915 2911 2914
f 2913 2915 2916
f 2914 2910 2917
f 2914 2917 2915
f 2916 2915 2918
f 2918 2915 2917
f 2916 2918 2919
f 2919 2918 2920
f 2920 2918 2917
f 2917 2910 2921
f 2920 2917 2922
f 2922 2917 2921
f 2921 2910 2923
f 2921 2923 2922
f 2923 2910 2898
f 2920 2922 2924
f 2924 2922 2923
f 2920 2924 2925
f 2923 2898 2926
f 2923 2926 2924
f 2924 2926 2925
f 2926 2898 2902
f 2920 2925 2927
f 2926 2902 2928
f 2926 2928 2925
f 2928 2902 2906
f 2927 2925 2929
f 2927 2929 2930
f 2929 2925 2931
f 2929 2931 2930
f 2931 2925 2928
f 2930 2931 2932
f 2928 2906 2933
f 2928 2933 2931
f 2931 2933 2932
f 2933 2906 2907
f 2932 2933 2934
f 2934 2933 2907
f 2935 2936 2937
f 2937 2936 2938
f 2935 2937 2939
f 2935 2939 2940
f 2940 2939 2941
f 2940 2941 2942
f 2942 2941 2943
f 2942 2943 2944
f 2944 2943 2945
f 2943 2941 2946
f 2946 2941 2939
f 2945 2943 2947
f 2947 2943 2946
f 2945 2947 2948
f 2948 2947 2949
f 2948 2949 2950
f 2949 2947 2951
f 2949 2951 2950
f 2951 2947 2946
f 2950 2951 2952
f 2953 2946 2939
f 2946 2953 2951
f 2953 2939 2937
f 2951 2953 2954
f 2951 2954 2952
f 2953 2937 2955
f 2953 2955 2954
f 2952 2954 2956
f 2956 2954 2955
f 2956 2955 2957
f 2952 2956 2958
f 2958 2956 2957
f 2957 2955 2959
f 2959 2955 2937
f 2957 2959 2958
f 2952 2958 2960
f 2952 2960 2961
f 2961 2960 2962
f 2962 2960 2963
f 2963 2960 2958
f 2962 2963 2964
f 2958 2959 2965
f 2958 2965 2963
f 2964 2963 2966
f 2966 2963 2965
f 2964 2966 2967
f 2967 2966 2968
f 2966 2965 2969
f 2966 2969 2968
f 2969 2965 2959
f 2968 2969 2970
f 2969 2959 2971
f 2969 2971 2970
f 2971 2959 2937
f 2970 2971 2938
f 2938 2971 2937
f 2972 2973 2974
f 2974 2973 2975
f 2972 2974 2976
f 2972 2976 2977
f 2974 2975 2978
f 2978 2975 2979
f 2977 2976 2980
f 2977 2980 2981
f 2976 2974 2982
f 2981 2980 2983
f 2981 2983 2984
f 2984 2983 2985
f 2980 2976 2986
f 2980 2986 2983
f 2986 2976 2982
f 2985 2983 2987
f 2987 2983 2986
f 2985 2987 2988
f 2986 2982 2989
f 2986 2989 2987
f 2988 2987 2990
f 2990 2987 2989
f 2988 2990 2991
f 2991 2990 2992
f 2992 2990 2989
f 2989 2982 2993
f 2992 2989 2994
f 2994 2989 2993
f 2993 2982 2995
f 2993 2995 2994
f 2995 2982 2974
f 2995 2974 2978
f 2994 2995 2996
f 2996 2995 2978
f 2994 2996 2997
f 2994 2997 2998
f 2998 2997 2996
f 2994 2998 2992
f 2996 2978 2999
f 2996 2999 2998
f 2999 2978 3000
f 3000 2978 2979
f 3000 2979 3001
f 3000 3001 2999
f 3001 2979 3002
f 3001 3002 3003
f 3003 3002 3004
f 2999 3001 3005
f 3005 3001 3003
f 2999 3005 2998
f 3005 3003 3006
f 2998 3005 3007
f 3007 3005 3006
f 2998 3007 2992
f 3007 3006 3008
f 3007 3008 2992
f 3009 3010 3011
f 3010 3009 3012
f 3009 3011 3013
f 3009 3013 3012
f 3013 3011 3014
f 3013 3014 3015
f 3014 3011 3016
f 3014 3016 3015
f 3017 3011 3010
f 3016 3011 3018
f 3018 3011 3017
f 3016 3018 3019
f 3018 3017 3020
f 3018 3020 3021
f 3018 3021 3019
f 3020 3017 3022
f 3019 3021 3023
f 3022 3017 3024
f 3016 3019 3025
f 3016 3025 3015
f 3019 3023 3026
f 3019 3026 3025
f 3026 3023 3027
f 3026 3027 3028
f 3025 3026 3029
f 3029 3026 3028
f 3025 3029 3015
f 3029 3028 3030
f 3029 3030 3031
f 3029 3031 3015
f 3031 3030 3032
f 3031 3032 3033
f 3031 3033 3015
f 3015 3033 3013
f 3013 3033 3012
f 3012 3033 3034
f 3034 3033 3035
f 3034 3035 3036
f 3034 3036 3037
f 3034 3037 3012
f 3037 3036 3038
f 3012 3037 3039
f 3012 3039 3010
f 3037 3038 3040
f 3037 3040 3039
f 3040 3038 3041
f 3040 3041 3042
f 3040 3042 3043
f 3040 3043 3039
f 3043 3042 3044
f 3045 3010 3039
f 3045 3039 3043
f 3045 3043 3044
f 3010 3045 3017
f 3045 3044 3024
f 3045 3024 3017
f 3046 3047 3048
f 3047 3046 3049
f 3046 3048 3050
f 3050 3048 3051
f 3049 3046 3052
f 3050 3051 3053
f 3053 3051 3054
f 3049 3052 3055
f 3053 3054 3056
f 3056 3054 3057
f 3056 3057 3058
f 3053 3056 3059
f 3053 3059 3050
f 3056 3058 3060
f 3056 3060 3059
f 3060 3058 3061
f 3050 3059 3062
f 3050 3062 3046
f 3059 3060 3063
f 3059 3063 3062
f 3060 3061 3064
f 3060 3064 3063
f 3064 3061 3065
f 3064 3065 3066
f 3064 3066 3063
f 3062 3063 3067
f 3068 3046 3062
f 3068 3062 3067
f 3046 3068 3052
f 3067 3063 3069
f 3069 3063 3066
f 3067 3069 3068
f 3052 3068 3070
f 3070 3068 3069
f 3070 3069 3071
f 3071 3069 3072
f 3071 3072 3070
f 3072 3069 3066
f 3052 3070 3073
f 3073 3070 3072
f 3052 3073 3074
f 3052 3074 3055
f 3055 3074 3075
f 3075 3074 3073
f 3055 3075 3076
f 3076 3075 3077
f 3076 3077 3078
f 3075 3073 3079
f 3075 3079 3077
f 3079 3073 3072
f 3077 3079 3080
f 3079 3072 3081
f 3079 3081 3080
f 3081 3072 3066
f 3080 3081 3082
f 3082 3081 3066
f 3083 3084 3085
f 3085 3084 3086
f 3083 3085 3087
f 3087 3085 3086
f 3083 3087 3088
f 3088 3087 3089
f 3083 3088 3090
f 3090 3088 3089
f 3091 3084 3083
f 3083 3090 3092
f 3083 3092 3091
f 3091 3092 3093
f 3091 3093 3094
f 3093 3092 3095
f 3091 3094 3096
f 3095 3092 3097
f 3097 3092 3090
f 3095 3097 3098
f 3091 3096 3099
f 3091 3099 3084
f 3099 3096 3100
f 3097 3090 3101
f 3101 3090 3089
f 3098 3097 3102
f 3102 3097 3101
f 3098 3102 3103
f 3103 3102 3104
f 3102 3101 3105
f 3102 3105 3104
f 3105 3101 3089
f 3104 3105 3106
f 3106 3105 3107
f 3107 3105 3089
f 3106 3107 3108
f 3108 3107 3109
f 3109 3107 3089
f 3109 3089 3087
f 3109 3087 3086
f 3109 3086 3110
f 3109 3110 3111
f 3111 3110 3112
f 3112 3110 3113
f 3113 3110 3086
f 3112 3113 3114
f 3113 3086 3115
f 3115 3086 3084
f 3115 3084 3099
f 3114 3113 3116
f 3116 3113 3115
f 3114 3116 3117
f 3117 3116 3118
f 3116 3115 3119
f 3116 3119 3118
f 3119 3115 3099
f 3118 3119 3100
f 3100 3119 3099
f 3120 3121 3122
f 3121 3120 3123
f 3120 3122 3124
f 3124 3122 3125
f 3123 3120 3126
f 3123 3126 3127
f 3120 3124 3128
f 3124 3125 3129
f 3124 3129 3128
f 3129 3125 3130
f 3120 3128 3131
f 3120 3131 3126
f 3128 3129 3132
f 3133 3127 3126
f 3127 3133 3134
f 3133 3126 3135
f 3135 3126 3131
f 3134 3133 3136
f 3134 3136 3137
f 3134 3137 3138
f 3136 3133 3139
f 3139 3133 3135
f 3137 3136 3140
f 3140 3136 3139
f 3137 3140 3141
f 3139 3135 3142
f 3139 3142 3140
f 3141 3140 3143
f 3143 3140 3142
f 3141 3143 3144
f 3144 3143 3145
f 3145 3143 3142
f 3142 3135 3146
f 3146 3135 3131
f 3142 3146 3147
f 3147 3146 3131
f 3142 3147 3145
f 3147 3131 3148
f 3148 3131 3128
f 3145 3147 3149
f 3149 3147 3148
f 3148 3128 3132
f 3148 3132 3149
f 3145 3149 3150
f 3145 3150 3151
f 3151 3150 3152
f 3150 3149 3153
f 3150 3153 3152
f 3153 3149 3132
f 3152 3153 3154
f 3153 3132 3155
f 3153 3155 3154
f 3155 3132 3129
f 3155 3129 3130
f 3155 3130 3154
f 3154 3130 3156
f 3157 3158 3159
f 3159 3158 3160
f 3157 3159 3161
f 3157 3161 3162
f 3159 3160 3163
f 3163 3160 3164
f 3162 3161 3165
f 3162 3165 3166
f 3161 3159 3167
f 3161 3167 3165
f 3159 3163 3168
f 3159 3168 3167
f 3163 3164 3169
f 3169 3164 3170
f 3163 3169 3171
f 3163 3171 3168
f 3169 3170 3172
f 3172 3170 3173
f 3173 3170 3174
f 3169 3172 3175
f 3169 3175 3171
f 3172 3173 3176
f 3172 3176 3175
f 3176 3173 3177
f 3171 3175 3178
f 3178 3175 3176
f 3179 3168 3171
f 3179 3171 3178
f 3176 3177 3180
f 3176 3180 3178
f 3180 3177 3181
f 3180 3181 3182
f 3180 3182 3178
f 3179 3178 3183
f 3179 3183 3168
f 3183 3178 3182
f 3168 3183 3184
f 3168 3184 3167
f 3183 3182 3185
f 3183 3185 3184
f 3167 3184 3186
f 3186 3184 3185
f 3167 3186 3165
f 3185 3182 3187
f 3187 3182 3188
f 3187 3188 3189
f 3185 3187 3190
f 3190 3187 3189
f 3185 3190 3186
f 3190 3189 3191
f 3192 3165 3186
f 3192 3186 3190
f 3192 3190 3191
f 3165 3192 3166
f 3166 3192 3191
f 3166 3191 3193
f 3194 3195 3196
f 3194 3196 3197
f 3197 3196 3198
f 3197 3198 3194
f 3195 3194 3199
f 3194 3198 3200
f 3194 3200 3201
f 3194 3201 3199
f 3200 3198 3202
f 3199 3201 3203
f 3203 3201 3204
f 3199 3203 3205
f 3204 3201 3206
f 3199 3205 3207
f 3199 3207 3195
f 3207 3205 3208
f 3206 3201 3209
f 3209 3201 3200
f 3206 3209 3210
f 3209 3200 3202
f 3210 3209 3211
f 3211 3209 3202
f 3211 3202 3212
f 3207 3208 3213
f 3207 3213 3195
f 3213 3208 3214
f 3212 3202 3215
f 3212 3215 3216
f 3215 3202 3198
f 3216 3215 3217
f 3217 3215 3198
f 3213 3214 3218
f 3217 3198 3196
f 3219 3195 3213
f 3195 3219 3196
f 3219 3213 3218
f 3196 3219 3220
f 3219 3218 3221
f 3219 3221 3220
f 3196 3220 3222
f 3196 3222 3217
f 3222 3220 3221
f 3217 3222 3223
f 3217 3223 3224
f 3224 3223 3225
f 3223 3222 3226
f 3223 3226 3225
f 3226 3222 3221
f 3225 3226 3227
f 3227 3226 3221
f 3227 3221 3218
f 3227 3218 3228
f 3225 3227 3229
f 3227 3228 3230
f 3227 3230 3229
f 3229 3230 3231
f 3232 3233 3234
f 3235 3236 3233
f 3236 3235 3237
f 3233 3236 3234
f 3232 3234 3238
f 3236 3237 3239
f 3234 3236 3240
f 3240 3236 3239
f 3234 3240 3241
f 3240 3239 3242
f 3242 3239 3243
f 3234 3241 3244
f 3234 3244 3238
f 3244 3241 3245
f 3244 3245 3246
f 3238 3244 3247
f 3247 3244 3246
f 3247 3246 3248
f 3238 3247 3249
f 3247 3248 3250
f 3247 3250 3249
f 3250 3248 3251
f 3250 3251 3252
f 3250 3252 3249
f 3252 3251 3243
f 3249 3252 3253
f 3252 3243 3254
f 3254 3243 3239
f 3249 3253 3255
f 3252 3254 3256
f 3252 3256 3253
f 3254 3239 3257
f 3254 3257 3256
f 3257 3239 3237
f 3253 3256 3258
f 3258 3256 3259
f 3253 3258 3260
f 3259 3256 3261
f 3261 3256 3257
f 3259 3261 3262
f 3262 3261 3263
f 3253 3260 3264
f 3253 3264 3255
f 3264 3260 3265
f 3255 3264 3266
f 3266 3264 3265
f 3255 3266 3267
f 3266 3265 3268
f 3266 3268 3267
f 3268 3265 3269
f 3268 3269 3270
f 3267 3268 3271
f 3271 3268 3270
f 3267 3271 3272
f 3270 3269 3273
f 3272 3271 3274
f 3272 3274 3275
f 3271 3270 3276
f 3271 3276 3274
f 3275 3274 3277
f 3270 3273 3278
f 3278 3273 3263
f 3278 3263 3261
f 3270 3278 3279
f 3270 3279 3276
f 3278 3261 3280
f 3278 3280 3279
f 3280 3261 3257
f 3280 3257 3281
f 3276 3279 3282
f 3282 3279 3283
f 3276 3282 3284
f 3283 3279 3285
f 3285 3279 3280
f 3283 3285 3286
f 3286 3285 3287
f 3276 3284 3288
f 3276 3288 3274
f 3288 3284 3289
f 3287 3285 3290
f 3287 3290 3291
f 3274 3288 3292
f 3292 3288 3289
f 3274 3292 3293
f 3274 3293 3277
f 3292 3289 3294
f 3292 3294 3293
f 3277 3293 3295
f 3295 3293 3294
f 3294 3289 3296
f 3294 3296 3291
f 3294 3291 3297
f 3294 3297 3295
f 3298 3299 3300
f 3298 3300 3301
f 3301 3300 3302
f 3301 3302 3298
f 3300 3299 3303
f 3300 3303 3304
f 3303 3299 3305
f 3303 3305 3306
f 3303 3306 3307
f 3303 3307 3304
f 3306 3305 3308
f 3304 3307 3309
f 3304 3309 3310
f 3308 3305 3311
f 3311 3305 3299
f 3308 3311 3312
f 3312 3311 3313
f 3311 3299 3314
f 3311 3314 3313
f 3314 3299 3298
f 3304 3310 3315
f 3315 3310 3316
f 3315 3316 3317
f 3304 3315 3318
f 3304 3318 3300
f 3315 3317 3319
f 3315 3319 3318
f 3319 3317 3320
f 3300 3318 3302
f 3302 3318 3319
f 3319 3320 3321
f 3319 3321 3302
f 3321 3320 3322
f 3321 3322 3323
f 3321 3323 3302
f 3302 3323 3298
f 3324 3314 3298
f 3298 3323 3325
f 3298 3325 3324
f 3314 3324 3326
f 3326 3324 3325
f 3314 3326 3313
f 3325 3323 3327
f 3327 3323 3328
f 3327 3328 3329
f 3325 3327 3330
f 3325 3330 3326
f 3330 3327 3329
f 3313 3326 3331
f 3331 3326 3330
f 3331 3330 3329
f 3313 3331 3332
f 3331 3329 3333
f 3332 3331 3334
f 3334 3331 3333
f 3334 3333 3335
f 3336 1430 1427
f 3336 1427 1432
f 1430 3336 3337
f 3337 3336 3338
f 3338 3336 3339
f 3339 3336 1432
f 3339 1432 3340
f 3340 1432 3341
f 3341 1432 1431
f 3341 1431 3342
f 3342 1431 1428
f 3341 3342 3343
f 3343 3342 3344
f 3344 3342 1428
f 3343 3344 3345
f 3344 1428 3346
f 3345 3344 3347
f 3347 3344 3346
f 3345 3347 3348
f 3346 1428 1418
f 3348 3347 3349
f 3348 3349 3350
f 3347 3346 3351
f 3347 3351 3349
f 3346 1418 3352
f 3346 3352 3351
f 3352 1418 1416
f 3351 3352 3353
f 3353 3352 1416
f 3349 3351 3354
f 3354 3351 3353
f 3355 3350 3349
f 3355 3349 3354
f 3350 3355 3356
f 3353 1416 3357
f 3357 1416 1414
f 3354 3353 3358
f 3358 3353 3357
f 3355 3354 3359
f 3359 3354 3358
f 3356 3355 3360
f 3360 3355 3359
f 3356 3360 3361
f 3357 1414 1420
f 3361 3360 3362
f 3361 3362 3363
f 3360 3359 3364
f 3360 3364 3362
f 3364 3359 3365
f 3365 3359 3358
f 3366 3358 3357
f 3358 3366 3365
f 3366 3357 1420
f 3367 3363 3362
f 3363 3367 3368
f 3367 3362 3369
f 3368 3367 3370
f 3368 3370 3371
f 3371 3370 3372
f 3372 3370 3373
f 3370 3367 3374
f 3370 3374 3373
f 3374 3367 3369
f 3373 3374 3375
f 3375 3374 3376
f 3376 3374 3369
f 3375 3376 3377
f 3378 3369 3362
f 3378 3362 3364
f 3376 3369 3379
f 3377 3376 3380
f 3380 3376 3379
f 3377 3380 3381
f 3381 3380 3382
f 3378 3364 3383
f 3383 3364 3365
f 3384 3369 3378
f 3384 3378 3383
f 3369 3384 3379
f 3383 3365 3385
f 3385 3365 3366
f 3384 3383 3386
f 3386 3383 3385
f 3379 3384 3387
f 3387 3384 3386
f 3379 3387 3388
f 3379 3388 3380
f 3385 3366 3389
f 3389 3366 1420
f 3386 3385 3390
f 3390 3385 3389
f 3387 3386 3391
f 3391 3386 3390
f 3392 3388 3387
f 3392 3387 3391
f 3388 3392 3393
f 3388 3393 3380
f 3393 3392 3394
f 3380 3393 3395
f 3395 3393 3394
f 3380 3395 3382
f 3382 3395 3396
f 3396 3395 3397
f 3397 3395 3394
f 3396 3397 3398
f 3398 3397 3399
f 3399 3397 3394
f 3398 3399 3400
f 3401 3394 3392
f 3401 3392 3391
f 3399 3394 3402
f 3402 3394 3401
f 3400 3399 3403
f 3403 3399 3402
f 3400 3403 3404
f 3400 3404 3405
f 3405 3404 3406
f 3406 3404 3407
f 3404 3403 3408
f 3408 3403 3402
f 3407 3404 3409
f 3409 3404 3408
f 3407 3409 3410
f 3408 3402 3411
f 3411 3402 3401
f 3409 3408 3412
f 3412 3408 3411
f 3410 3409 3413
f 3413 3409 3412
f 3410 3413 3414
f 3411 3401 3415
f 3415 3401 3391
f 3415 3391 3390
f 3411 3415 3416
f 3411 3416 3412
f 3415 3390 3417
f 3415 3417 3416
f 3417 3390 3389
f 3412 3416 3418
f 3412 3418 3413
f 3416 3417 3419
f 3416 3419 3418
f 3417 3389 3420
f 3417 3420 3419
f 3420 3389 1420
f 3421 3414 3413
f 3421 3413 3418
f 3414 3421 3422
f 3418 3419 3423
f 3418 3423 3421
f 3422 3421 3424
f 3424 3421 3423
f 3422 3424 1389
f 1389 3424 1388
f 1388 3424 3425
f 3425 3424 3423
f 1388 3425 1390
f 3426 3423 3419
f 3423 3426 3425
f 3426 3419 3420
f 1390 3425 3427
f 3427 3425 3426
f 1390 3427 1391
f 3426 3420 3428
f 3426 3428 3427
f 3427 3428 1391
f 3428 3420 1420
f 1391 3428 1394
f 1394 3428 1420
f 3429 3430 3431
f 3430 3429 3432
f 3431 3430 3433
f 3430 3432 3434
f 3430 3434 3433
f 3433 3434 3435
f 3433 3435 3436
f 3435 3434 3437
f 3433 3436 3438
f 3433 3438 3431
f 3438 3436 3439
f 3438 3439 3440
f 3437 3434 3441
f 3437 3441 3442
f 3441 3434 3432
f 3442 3441 3443
f 3438 3440 3444
f 3438 3444 3431
f 3444 3440 3445
f 3443 3441 3446
f 3446 3441 3432
f 3443 3446 3447
f 3447 3446 3448
f 3448 3446 3432
f 3447 3448 3449
f 3449 3448 3450
f 3448 3432 3451
f 3448 3451 3450
f 3451 3432 3429
f 3451 3429 3452
f 3451 3452 3450
f 3452 3429 3431
f 3452 3431 3453
f 3450 3452 3454
f 3454 3452 3453
f 3453 3431 3455
f 3453 3455 3454
f 3455 3431 3444
f 3450 3454 3456
f 3450 3456 3457
f 3457 3456 3458
f 3458 3456 3459
f 3459 3456 3454
f 3458 3459 3460
f 3461 3454 3455
f 3454 3461 3459
f 3460 3459 3462
f 3462 3459 3461
f 3460 3462 3463
f 3463 3462 3464
f 3462 3461 3465
f 3462 3465 3464
f 3465 3461 3455
f 3465 3455 3444
f 3464 3465 3445
f 3445 3465 3444
f 3466 3467 3468
f 3468 3467 3469
f 3467 3466 3470
f 3467 3470 3471
f 3467 3471 3469
f 3471 3470 3472
f 3471 3472 3473
f 3472 3470 3474
f 3471 3473 3475
f 3471 3475 3469
f 3475 3473 3476
f 3475 3476 3477
f 3474 3470 3478
f 3474 3478 3479
f 3478 3470 3466
f 3479 3478 3480
f 3475 3477 3481
f 3475 3481 3469
f 3481 3477 3482
f 3480 3478 3483
f 3483 3478 3466
f 3480 3483 3484
f 3481 3482 3485
f 3481 3485 3469
f 3485 3482 3486
f 3485 3486 3487
f 3469 3485 3488
f 3488 3485 3487
f 3469 3488 3468
f 3468 3488 3489
f 3489 3488 3487
f 3468 3489 3466
f 3466 3489 3490
f 3489 3487 3491
f 3489 3491 3490
f 3466 3490 3492
f 3492 3490 3491
f 3466 3492 3483
f 3491 3487 3493
f 3493 3487 3494
f 3493 3494 3495
f 3493 3495 3496
f 3493 3496 3491
f 3496 3495 3497
f 3492 3491 3498
f 3498 3491 3496
f 3499 3483 3492
f 3499 3492 3498
f 3483 3499 3484
f 3484 3499 3500
f 3499 3498 3501
f 3499 3501 3500
f 3501 3498 3496
f 3501 3496 3497
f 3500 3501 3502
f 3502 3501 3497
f 3503 3504 3505
f 3505 3504 3506
f 3503 3505 3507
f 3503 3507 3508
f 3505 3506 3509
f 3509 3506 3510
f 3508 3507 3511
f 3508 3511 3512
f 3507 3505 3513
f 3507 3513 3511
f 3512 3511 3514
f 3512 3514 3515
f 3515 3514 3516
f 3516 3514 3517
f 3514 3511 3518
f 3518 3511 3513
f 3517 3514 3519
f 3519 3514 3518
f 3517 3519 3520
f 3520 3519 3518
f 3517 3520 3521
f 3521 3520 3522
f 3520 3518 3523
f 3520 3523 3522
f 3523 3518 3524
f 3524 3518 3513
f 3523 3524 3522
f 3524 3513 3525
f 3525 3513 3505
f 3524 3525 3526
f 3524 3526 3522
f 3526 3525 3527
f 3526 3527 3522
f 3525 3505 3528
f 3525 3528 3527
f 3528 3505 3509
f 3522 3527 3529
f 3529 3527 3528
f 3522 3529 3530
f 3522 3530 3531
f 3531 3530 3532
f 3532 3530 3533
f 3533 3530 3529
f 3532 3533 3534
f 3529 3528 3535
f 3529 3535 3533
f 3535 3528 3509
f 3535 3509 3536
f 3535 3536 3533
f 3536 3509 3510
f 3536 3510 3537
f 3533 3536 3538
f 3538 3536 3537
f 3533 3538 3534
f 3538 3537 3539
f 3538 3539 3534
f 3540 3541 3542
f 3541 3540 3543
f 3540 3542 3544
f 3544 3542 3545
f 3544 3545 3546
f 3546 3545 3547
f 3544 3546 3548
f 3544 3548 3540
f 3546 3547 3549
f 3549 3547 3550
f 3549 3550 3551
f 3549 3551 3552
f 3546 3549 3553
f 3546 3553 3548
f 3549 3552 3554
f 3549 3554 3553
f 3554 3552 3555
f 3554 3555 3553
f 3555 3552 3556
f 3553 3555 3557
f 3555 3556 3558
f 3555 3558 3557
f 3553 3557 3559
f 3553 3559 3548
f 3559 3557 3558
f 3548 3559 3560
f 3548 3560 3540
f 3560 3559 3561
f 3561 3559 3558
f 3560 3561 3562
f 3562 3561 3558
f 3560 3562 3563
f 3560 3563 3540
f 3562 3558 3564
f 3562 3564 3563
f 3564 3558 3565
f 3565 3558 3566
f 3565 3566 3567
f 3565 3567 3568
f 3565 3568 3564
f 3568 3567 3569
f 3563 3564 3570
f 3570 3564 3568
f 3571 3540 3563
f 3571 3563 3570
f 3540 3571 3543
f 3543 3571 3572
f 3571 3570 3573
f 3571 3573 3572
f 3573 3570 3568
f 3572 3573 3574
f 3573 3568 3575
f 3573 3575 3574
f 3575 3568 3569
f 3574 3575 3576
f 3576 3575 3569
f 3577 3578 3579
f 3577 3579 3580
f 3577 3580 3581
f 3578 3577 3582
f 3582 3577 3581
f 3578 3582 3583
f 3578 3583 3584
f 3583 3582 3585
f 3578 3584 3586
f 3578 3586 3579
f 3586 3584 3587
f 3587 3584 3588
f 3586 3587 3589
f 3588 3584 3590
f 3590 3584 3583
f 3590 3583 3585
f 3588 3590 3591
f 3591 3590 3592
f 3592 3590 3585
f 3592 3585 3593
f 3586 3589 3594
f 3594 3589 3595
f 3586 3594 3579
f 3594 3595 3596
f 3593 3585 3597
f 3597 3585 3582
f 3593 3597 3598
f 3597 3582 3581
f 3597 3581 3598
f 3594 3596 3599
f 3594 3599 3579
f 3599 3596 3600
f 3599 3600 3601
f 3601 3600 3602
f 3579 3599 3603
f 3603 3599 3601
f 3579 3603 3604
f 3579 3604 3580
f 3601 3602 3605
f 3603 3601 3606
f 3603 3606 3604
f 3606 3601 3605
f 3580 3604 3607
f 3607 3604 3606
f 3580 3607 3581
f 3608 3609 3605
f 3605 3609 3610
f 3606 3605 3611
f 3611 3605 3610
f 3606 3611 3607
f 3611 3610 3612
f 3581 3607 3613
f 3613 3607 3611
f 3613 3611 3612
f 3581 3613 3614
f 3614 3613 3612
f 3615 3616 3617
f 3615 3617 3618
f 3618 3617 3619
f 3617 3616 3620
f 3617 3620 3619
f 3620 3616 3621
f 3620 3621 3622
f 3621 3616 3623
f 3619 3620 3624
f 3624 3620 3622
f 3619 3624 3625
f 3625 3624 3626
f 3626 3624 3622
f 3626 3622 3627
f 3628 3622 3621
f 3622 3628 3627
f 3628 3621 3623
f 3627 3628 3629
f 3629 3628 3630
f 3630 3628 3623
f 3630 3623 3631
f 3631 3623 3632
f 3632 3623 3616
f 3631 3632 3633
f 3632 3616 3615
f 3633 3632 3634
f 3634 3632 3615
f 3633 3634 3635
f 3635 3634 3636
f 3636 3634 3637
f 3637 3634 3615
f 3636 3637 3638
f 3638 3637 3639
f 3638 3639 3640
f 3637 3615 3641
f 3637 3641 3639
f 3640 3639 3642
f 3641 3615 3643
f 3643 3615 3618
f 3639 3641 3644
f 3644 3641 3643
f 3639 3644 3642
f 3643 3618 3645
f 3643 3645 3644
f 3645 3618 3619
f 3642 3644 3646
f 3646 3644 3645
f 3647 3648 3642
f 3647 3642 3649
f 3649 3642 3646
f 3649 3646 3650
f 3645 3619 3651
f 3645 3651 3646
f 3646 3651 3650
f 3651 3619 3652
f 3651 3652 3650
f 3653 3654 3655
f 3653 3655 3656
f 3653 3656 3657
f 3655 3654 3658
f 3653 3657 3659
f 3659 3657 3660
f 3654 3653 3661
f 3661 3653 3659
f 3658 3654 3662
f 3658 3662 3663
f 3659 3660 3664
f 3664 3660 3665
f 3659 3664 3666
f 3659 3666 3661
f 3663 3662 3667
f 3663 3667 3668
f 3668 3667 3669
f 3669 3667 3670
f 3666 3664 3671
f 3664 3665 3672
f 3664 3672 3671
f 3672 3665 3673
f 3672 3673 3674
f 3672 3674 3675
f 3672 3675 3671
f 3675 3674 3676
f 3666 3671 3677
f 3677 3671 3675
f 3675 3676 3678
f 3675 3678 3677
f 3678 3676 3679
f 3666 3677 3680
f 3678 3679 3681
f 3678 3681 3677
f 3666 3680 3661
f 3680 3677 3682
f 3680 3682 3661
f 3682 3677 3681
f 3661 3682 3683
f 3682 3681 3684
f 3682 3684 3683
f 3661 3683 3685
f 3685 3683 3684
f 3661 3685 3654
f 3654 3685 3662
f 3662 3685 3686
f 3686 3685 3684
f 3662 3686 3667
f 3687 3684 3681
f 3687 3681 3688
f 3687 3688 3670
f 3684 3687 3689
f 3684 3689 3686
f 3689 3687 3670
f 3686 3689 3667
f 3667 3689 3670
f 3690 3691 3692
f 3691 3690 3693
f 3692 3691 3694
f 3694 3691 3695
f 3692 3694 3696
f 3695 3691 3697
f 3697 3691 3693
f 3695 3697 3698
f 3698 3697 3699
f 3699 3697 3700
f 3700 3697 3693
f 3699 3700 3701
f 3701 3700 3702
f 3702 3700 3703
f 3703 3700 3693
f 3702 3703 3704
f 3704 3703 3705
f 3704 3705 3706
f 3706 3705 3707
f 3705 3703 3708
f 3708 3703 3693
f 3705 3708 3707
f 3708 3693 3709
f 3709 3693 3690
f 3707 3708 3710
f 3710 3708 3709
f 3709 3690 3711
f 3709 3711 3710
f 3711 3690 3692
f 3711 3692 3712
f 3712 3692 3696
f 3712 3696 3713
f 3711 3712 3714
f 3710 3711 3715
f 3715 3711 3714
f 3714 3712 3716
f 3716 3712 3713
f 3715 3714 3717
f 3717 3714 3716
f 3710 3715 3718
f 3718 3715 3717
f 3710 3718 3707
f 3716 3713 3719
f 3716 3719 3717
f 3719 3713 3720
f 3719 3720 3721
f 3721 3720 3722
f 3717 3719 3723
f 3723 3719 3721
f 3717 3723 3718
f 3723 3721 3724
f 3725 3707 3718
f 3725 3718 3723
f 3725 3723 3724
f 3707 3725 3726
f 3726 3725 3724
f 3727 3728 3729
f 3729 3728 3730
f 3728 3727 3731
f 3728 3731 3732
f 3731 3727 3733
f 3728 3732 3734
f 3728 3734 3730
f 3734 3732 3735
f 3734 3735 3736
f 3734 3736 3737
f 3734 3737 3730
f 3737 3736 3738
f 3737 3738 3739
f 3737 3739 3740
f 3737 3740 3730
f 3740 3739 3741
f 3740 3741 3742
f 3742 3741 3743
f 3742 3743 3744
f 3740 3742 3745
f 3740 3745 3730
f 3745 3742 3744
f 3730 3745 3746
f 3730 3746 3729
f 3745 3744 3747
f 3745 3747 3746
f 3729 3746 3748
f 3748 3746 3747
f 3729 3748 3727
f 3747 3744 3749
f 3727 3748 3750
f 3727 3750 3733
f 3733 3750 3751
f 3748 3747 3752
f 3752 3747 3749
f 3750 3748 3753
f 3753 3748 3752
f 3751 3750 3754
f 3754 3750 3753
f 3753 3752 3755
f 3753 3755 3754
f 3755 3752 3749
f 3751 3754 3756
f 3756 3754 3755
f 3751 3756 3757
f 3757 3756 3758
f 3757 3758 3759
f 3756 3755 3760
f 3756 3760 3758
f 3760 3755 3749
f 3758 3760 3761
f 3760 3749 3762
f 3760 3762 3761
f 3762 3749 3744
f 3761 3762 3763
f 3763 3762 3744
f 3764 1349 3765
f 3765 1349 1343
f 3764 3765 3766
f 3765 1343 3767
f 3766 3765 3768
f 3768 3765 3767
f 3766 3768 3769
f 3767 1343 1344
f 3769 3768 3770
f 3769 3770 3771
f 3768 3767 3772
f 3768 3772 3770
f 3767 1344 3773
f 3767 3773 3772
f 3771 3770 1937
f 3771 1937 1940
f 3770 3772 3774
f 3774 3772 3773
f 3770 3774 1937
f 3773 1344 3775
f 3775 1344 1337
f 3774 3773 3776
f 3775 1337 3777
f 3777 1337 1335
f 3773 3775 3778
f 3778 3775 3777
f 3773 3778 3776
f 3777 1335 1984
f 3774 3776 3779
f 3774 3779 1937
f 3778 3777 1977
f 1977 3777 1984
f 3776 3778 1975
f 1975 3778 1977
f 3779 3776 3780
f 3780 3776 1975
f 1937 3779 1938
f 3780 1975 1960
f 3779 3780 1946
f 3779 1946 1938
f 1946 3780 1950
f 1950 3780 1960
f 3781 3782 3783
f 3781 3783 3784
f 3782 3781 3785
f 3784 3783 3786
f 3786 3783 3787
f 3786 3787 3788
f 3788 3787 3789
f 3788 3789 3790
f 3790 3789 3791
f 3791 3789 3792
f 3789 3787 3793
f 3789 3793 3792
f 3794 3787 3783
f 3787 3794 3793
f 3792 3793 3795
f 3795 3793 3794
f 3792 3795 3796
f 3796 3795 3797
f 3795 3794 3798
f 3795 3798 3797
f 3794 3783 3799
f 3794 3799 3798
f 3799 3783 3782
f 3798 3799 3800
f 3798 3800 3801
f 3800 3799 3802
f 3802 3799 3782
f 3800 3802 3803
f 3803 3797 3798
f 3803 3802 3804
f 3797 3803 3805
f 3805 3803 3804
f 3797 3805 3806
f 3804 3802 3807
f 3807 3802 3782
f 3804 3807 3805
f 3806 3805 3808
f 3806 3808 3809
f 3805 3807 3810
f 3805 3810 3808
f 3807 3782 3811
f 3807 3811 3810
f 3811 3782 3785
f 3811 3785 3812
f 3811 3812 3813
f 3811 3813 3810
f 3813 3812 3814
f 3815 3808 3810
f 3815 3810 3813
f 3808 3815 3809
f 3813 3814 3816
f 3813 3816 3815
f 3815 3816 3809
f 3816 3814 3817
f 3809 3816 3818
f 3818 3816 3817
f 3819 3820 3821
f 3819 3821 3822
f 3821 3820 3823
f 3819 3822 3824
f 3819 3824 3825
f 3825 3824 3826
f 3825 3826 3827
f 3827 3826 3828
f 3827 3828 3829
f 3827 3829 3830
f 3825 3827 3831
f 3831 3827 3830
f 3819 3825 3832
f 3832 3825 3831
f 3831 3830 3833
f 3831 3833 3832
f 3833 3830 3834
f 3833 3834 3835
f 3832 3833 3836
f 3836 3833 3835
f 3819 3832 3837
f 3837 3832 3836
f 3819 3837 3820
f 3837 3836 3838
f 3838 3836 3839
f 3837 3838 3840
f 3837 3840 3820
f 3840 3838 3841
f 3836 3835 3841
f 3840 3841 3842
f 3841 3835 3843
f 3841 3843 3842
f 3843 3835 3844
f 3840 3842 3845
f 3845 3842 3843
f 3840 3845 3820
f 3843 3844 3846
f 3846 3844 3847
f 3845 3843 3848
f 3848 3843 3846
f 3820 3845 3849
f 3849 3845 3848
f 3820 3849 3823
f 3823 3849 3850
f 3850 3849 3851
f 3851 3849 3848
f 3850 3851 3852
f 3848 3846 3853
f 3848 3853 3851
f 3853 3846 3847
f 3852 3851 3854
f 3854 3851 3853
f 3854 3853 3847
f 3852 3854 3855
f 3854 3847 3856
f 3854 3856 3855
f 3857 3858 3859
f 3858 3857 3860
f 3857 3859 3861
f 3861 3859 3862
f 3860 3857 3863
f 3861 3862 3864
f 3860 3863 3865
f 3864 3862 3866
f 3857 3861 3867
f 3857 3867 3863
f 3865 3863 3868
f 3865 3868 3869
f 3868 3863 3870
f 3870 3863 3867
f 3869 3868 3871
f 3870 3867 3872
f 3869 3871 3873
f 3869 3873 3874
f 3873 3871 3875
f 3868 3870 3876
f 3868 3876 3871
f 3870 3872 3877
f 3870 3877 3876
f 3871 3876 3878
f 3871 3878 3875
f 3878 3876 3877
f 3875 3878 3879
f 3879 3878 3877
f 3875 3879 3880
f 3880 3879 3881
f 3881 3879 3877
f 3882 3877 3872
f 3877 3882 3881
f 3882 3872 3867
f 3882 3867 3883
f 3883 3867 3861
f 3883 3861 3864
f 3882 3883 3884
f 3881 3882 3885
f 3885 3882 3884
f 3884 3883 3886
f 3884 3886 3885
f 3886 3883 3864
f 3881 3885 3887
f 3887 3885 3886
f 3881 3887 3888
f 3888 3887 3889
f 3887 3886 3890
f 3887 3890 3889
f 3890 3886 3864
f 3889 3890 3891
f 3891 3890 3864
f 3889 3891 3892
f 3891 3864 3866
f 3892 3891 3893
f 3893 3891 3866
f 3894 3895 3896
f 3896 3895 3897
f 3894 3896 3898
f 3894 3898 3899
f 3896 3897 3900
f 3900 3897 3901
f 3898 3896 3902
f 3902 3896 3900
f 3899 3898 3903
f 3899 3903 3904
f 3900 3901 3905
f 3905 3901 3906
f 3900 3905 3907
f 3900 3907 3902
f 3902 3907 3908
f 3909 3898 3902
f 3898 3909 3903
f 3902 3908 3910
f 3902 3910 3909
f 3908 3907 3911
f 3908 3911 3910
f 3909 3910 3912
f 3903 3909 3913
f 3913 3909 3912
f 3912 3910 3914
f 3912 3914 3913
f 3914 3910 3915
f 3915 3910 3911
f 3913 3914 3916
f 3916 3914 3915
f 3916 3915 3917
f 3916 3917 3918
f 3913 3916 3919
f 3919 3916 3918
f 3913 3919 3903
f 3919 3918 3920
f 3919 3920 3903
f 3920 3918 3921
f 3903 3920 3904
f 3920 3921 3922
f 3920 3922 3904
f 3923 3915 3911
f 3915 3923 3924
f 3924 3923 3925
f 3923 3911 3926
f 3923 3926 3925
f 3926 3911 3927
f 3927 3911 3907
f 3927 3907 3905
f 3926 3927 3928
f 3926 3928 3925
f 3928 3927 3905
f 3925 3928 3929
f 3928 3905 3906
f 3928 3906 3929
f 3929 3906 3930
f 3931 3932 3933
f 3933 3932 3934
f 3931 3933 3935
f 3935 3933 3934
f 3932 3931 3936
f 3934 3932 3937
f 3937 3932 3938
f 3938 3932 3936
f 3938 3936 3939
f 3938 3939 3940
f 3939 3936 3941
f 3938 3940 3942
f 3938 3942 3937
f 3942 3940 3943
f 3942 3943 3944
f 3937 3942 3945
f 3945 3942 3944
f 3937 3945 3934
f 3945 3944 3946
f 3945 3946 3947
f 3945 3947 3934
f 3947 3946 3948
f 3947 3948 3949
f 3947 3949 3934
f 3934 3949 3935
f 3950 3951 3952
f 3951 3950 3953
f 3952 3951 3954
f 3951 3953 3955
f 3951 3955 3954
f 3954 3955 3956
f 3954 3956 3957
f 3956 3955 3958
f 3954 3957 3959
f 3958 3955 3960
f 3960 3955 3953
f 3958 3960 3961
f 3961 3960 3962
f 3954 3959 3963
f 3954 3963 3952
f 3963 3959 3964
f 3962 3960 3965
f 3965 3960 3953
f 3962 3965 3966
f 3963 3964 3967
f 3963 3967 3952
f 3967 3964 3968
f 3965 3953 3969
f 3966 3965 3970
f 3970 3965 3969
f 3966 3970 3971
f 3969 3953 3950
f 3971 3970 3972
f 3972 3970 3969
f 3969 3950 3973
f 3969 3973 3972
f 3973 3950 3952
f 3973 3952 3974
f 3974 3952 3967
f 3973 3974 3975
f 3972 3973 3976
f 3974 3967 3978
f 3978 3967 3968
f 3978 3968 3979
f 3975 3974 3980
f 3980 3974 3978
f 3975 3980 3976
f 3981 3977 3982
f 3978 3979 3983
f 3978 3983 3980
f 3983 3979 3984
f 3983 3984 3985
f 3980 3983 3986
f 3986 3983 3985
f 3980 3986 3976
f 3986 3985 3987
f 3976 3986 3988
f 3988 3986 3987
f 3976 3988 3972
f 3988 3987 3989
f 3988 3989 3972
f 3990 3991 3992
f 3992 3991 3993
f 3991 3990 3994
f 3993 3991 3995
f 3995 3991 3994
f 3993 3995 3996
f 3995 3994 3997
f 3995 3997 3998
f 3995 3998 3996
f 3997 3994 3999
f 3996 3998 4000
f 3999 3994 4001
f 3996 4000 4002
f 4001 3994 4003
f 4003 3994 3990
f 4001 4003 4004
f 3996 4002 4005
f 3996 4005 3993
f 4005 4002 4006
f 4004 4003 4007
f 4007 4003 3990
f 4004 4007 4008
f 4005 4006 4009
f 4009 4006 4010
f 3993 4005 4011
f 4011 4005 4009
f 3993 4011 3992
f 4009 4010 4012
f 4009 4012 4011
f 3992 4011 4013
f 4013 4011 4012
f 3992 4013 3990
f 3990 4013 4014
f 3990 4014 4007
f 4014 4013 4015
f 4013 4012 4016
f 4014 4015 4018
f 4018 4015 4016
f 4007 4014 4019
f 4019 4014 4018
f 4007 4019 4008
f 4008 4019 4020
f 4021 4017 4022
f 4020 4019 4023
f 4023 4019 4018
f 4020 4023 4024
f 4024 4023 4025
f 4023 4018 4026
f 4023 4026 4025
f 4026 4018 4016
f 4025 4026 4027
f 4026 4016 4028
f 4026 4028 4027
f 4028 4016 4012
f 4027 4028 4029
f 4029 4028 4012
f 4030 4031 4032
f 4032 4031 4033
f 4033 4031 4034
f 4032 4033 4035
f 4032 4035 4036
f 4034 4031 4037
f 4034 4037 4038
f 4038 4037 4039
f 4037 4031 4040
f 4037 4040 4039
f 4040 4031 4030
f 4032 4036 4041
f 4041 4036 4042
f 4041 4042 4043
f 4043 4042 4044
f 4043 4044 4045
f 4045 4044 4046
s 0
f 4048 4047 4049
s 1
f 4045 4046 4050
f 4043 4045 4051
f 4051 4045 4050
f 4052 4041 4043
f 4052 4043 4051
f 4041 4052 4053
f 4041 4053 4032
f 4052 4051 4054
f 4052 4054 4053
f 4051 4050 4055
f 4051 4055 4054
f 4055 4050 4056
f 4055 4056 4057
f 4055 4057 4054
f 4053 4054 4058
f 4059 4032 4053
f 4059 4053 4058
f 4032 4059 4030
f 4058 4054 4060
f 4060 4054 4057
f 4058 4060 4059
f 4030 4059 4061
f 4061 4059 4060
f 4030 4061 4062
f 4062 4061 4060
f 4062 4060 4057
f 4030 4062 4040
f 4062 4057 4063
f 4063 4057 4064
f 4063 4064 4065
f 4062 4063 4066
f 4062 4066 4040
f 4066 4063 4065
f 4040 4066 4039
f 4066 4065 4067
f 4066 4067 4039
f 4039 4067 4068
f 4068 4067 4069
f 4070 4071 4072
f 4071 4070 4073
f 4071 4073 4074
f 4073 4070 4075
f 4075 4070 4076
f 4071 4074 4077
f 4077 4074 4078
f 4077 4078 4079
f 4071 4077 4080
f 4080 4077 4079
f 4071 4080 4072
f 4076 4070 4081
f 4076 4081 4082
f 4083 4070 4072
f 4081 4070 4084
f 4084 4070 4083
f 4082 4081 4085
f 4082 4085 4086
f 4081 4084 4087
f 4081 4087 4085
f 4084 4083 4088
f 4087 4084 4089
f 4089 4084 4088
f 4085 4087 4090
f 4090 4087 4089
f 4091 4086 4085
f 4091 4085 4090
f 4086 4091 4092
s 0
f 4094 4093 4095
s 1
f 4092 4091 4096
f 4096 4091 4090
f 4096 4090 4097
f 4097 4090 4089
f 4096 4097 4098
f 4098 4097 4099
f 4099 4097 4089
f 4099 4089 4100
f 4100 4089 4088
f 4100 4088 4083
f 4100 4083 4101
f 4101 4083 4072
f 4100 4101 4102
f 4102 4101 4072
f 4100 4102 4099
f 4102 4072 4080
f 4099 4102 4103
f 4099 4103 4104
f 4104 4103 4105
f 4103 4102 4106
f 4103 4106 4105
f 4106 4102 4080
f 4105 4106 4107
f 4106 4080 4079
f 4106 4079 4107
f 4107 4079 4108
f 4107 4108 4109
f 4110 4111 4112
f 4111 4110 4113
f 4111 4113 4114
f 4111 4114 4115
f 4111 4115 4116
f 4116 4115 4117
f 4116 4117 4118
f 4118 4117 4119
f 4113 4110 4120
f 4120 4110 4121
f 4113 4120 4122
f 4122 4120 4123
f 4120 4121 4124
f 4120 4124 4123
f 4123 4124 4125
f 4118 4119 4126
f 4126 4119 4125
f 4125 4124 4127
f 4125 4127 4126
f 4127 4124 4128
f 4127 4128 4129
f 4127 4129 4126
f 4118 4126 4130
f 4118 4130 4131
f 4126 4129 4132
f 4131 4130 4133
f 4132 4129 4134
f 4130 4126 4135
f 4130 4135 4133
f 4135 4126 4132
f 4133 4135 4136
f 4136 4135 4132
f 4133 4136 4137
f 4133 4137 4138
f 4138 4137 4139
f 4139 4137 4140
f 4140 4137 4141
f 4141 4137 4136
f 4141 4136 4142
f 4142 4136 4132
f 4141 4142 4143
f 4144 4132 4134
f 4132 4144 4142
f 4144 4134 4145
f 4143 4142 4146
f 4143 4146 4147
f 4142 4144 4148
f 4142 4148 4146
f 4144 4145 4149
f 4144 4149 4148
f 4149 4145 4150
f 4149 4150 4151
f 4149 4151 4148
f 4151 4150 4152
f 4146 4148 4153
f 4153 4148 4151
f 4146 4153 4147
f 4151 4152 4154
f 4151 4154 4153
f 4155 4156 4157
f 4156 4155 4158
f 4155 4157 4159
f 4155 4159 4158
f 4159 4157 4160
f 4159 4160 4161
f 4160 4157 4162
f 4160 4162 4161
f 4162 4157 4163
f 4164 4157 4156
f 4157 4164 4163
f 4163 4164 4165
f 4165 4164 4166
f 4163 4165 4167
f 4166 4164 4168
f 4168 4164 4156
f 4166 4168 4169
f 4168 4156 4170
f 4170 4156 4158
f 4169 4168 4171
f 4171 4168 4170
f 4169 4171 4172
f 4170 4158 4173
f 4170 4173 4171
f 4172 4171 4174
f 4174 4171 4173
f 4172 4174 4175
f 4175 4174 4176
f 4176 4174 4177
f 4177 4174 4173
f 4177 4173 4178
f 4178 4173 4179
f 4179 4173 4158
f 4178 4179 4180
f 4180 4179 4181
f 4181 4179 4158
f 4181 4158 4159
f 4181 4159 4161
f 4181 4161 4182
f 4181 4182 4183
f 4183 4182 4184
f 4182 4161 4185
f 4182 4185 4184
f 4185 4161 4186
f 4186 4161 4162
f 4186 4162 4163
f 4186 4163 4187
f 4186 4187 4185
f 4187 4163 4167
f 4187 4167 4188
f 4187 4188 4189
f 4187 4189 4185
f 4185 4189 4184
f 4184 4189 4190
f 4190 4189 4191
f 4190 4191 4192
f 4193 4194 4195
f 4193 4195 4196
f 4196 4195 4197
f 4194 4193 4198
f 4197 4195 4199
f 4197 4199 4200
f 4195 4194 4201
f 4195 4201 4199
f 4194 4198 4202
f 4202 4198 4203
f 4194 4202 4204
f 4194 4204 4201
f 4202 4203 4205
f 4205 4203 4206
f 4205 4206 4207
f 4205 4207 4208
f 4202 4205 4209
f 4202 4209 4204
f 4205 4208 4210
f 4205 4210 4209
f 4204 4209 4211
f 4211 4209 4210
f 4210 4208 4212
f 4210 4212 4211
f 4212 4208 4213
f 4204 4211 4214
f 4204 4214 4201
f 4212 4213 4215
f 4212 4215 4211
f 4214 4211 4216
f 4216 4211 4215
f 4214 4216 4201
f 4217 4218 4219
f 4220 4221 4218
f 4220 4218 4217
f 4221 4220 4222
f 4221 4222 4223
f 4222 4220 4224
f 4221 4223 4225
f 4221 4225 4226
f 4225 4223 4227
f 4224 4220 4228
f 4224 4228 4229
f 4229 4228 4230
f 4225 4227 4231
f 4231 4227 4232
f 4231 4232 4233
f 4228 4220 4234
f 4235 4233 4230
f 4235 4230 4228
f 4231 4233 4236
f 4236 4233 4235
f 4237 4225 4231
f 4225 4237 4226
f 4237 4231 4238
f 4238 4231 4236
f 4226 4237 4239
f 4237 4238 4240
f 4237 4240 4239
f 4226 4239 4241
f 4241 4239 4242
f 4242 4239 4243
f 4243 4239 4244
f 4241 4242 4246
f 4247 4248 4245
f 4239 4240 4249
f 4241 4246 4250
f 4241 4250 4251
f 4251 4250 4252
f 4252 4250 4253
f 4250 4246 4254
f 4250 4254 4253
f 4254 4246 4255
f 4254 4255 4256
f 4253 4254 4257
f 4253 4257 4258
f 4253 4258 4259
f 4259 4258 4260
f 4258 4257 4261
f 4259 4260 4262
f 4261 4257 4263
f 4263 4257 4264
f 4259 4262 4265
f 4259 4265 4266
f 4266 4265 4267
f 4265 4262 4268
f 4268 4262 4269
f 4268 4269 4270
f 4268 4270 4271
f 4267 4265 4272
f 4267 4272 4273
f 4265 4268 4274
f 4265 4274 4275
f 4265 4275 4272
f 4274 4268 4276
f 4276 4268 4277
f 4272 4275 4278
f 4272 4278 4279
f 4279 4278 4280
f 4279 4280 4281
f 4277 4268 3238
f 4277 3238 4282
f 4281 4282 3249
f 4281 3249 4279
f 3249 4282 3238
f 4283 4272 4279
f 3238 4268 3232
f 3232 4268 4271
f 3232 4271 4257
f 4283 4279 3255
f 3255 4279 3249
f 4272 4283 4284
f 4272 4284 4273
f 4273 4284 4285
f 4273 4285 4286
f 4284 4283 4287
f 4284 4287 4285
f 4285 4287 4288
f 4287 4283 4289
f 4289 4283 4290
f 4285 4288 4291
f 4290 4283 4292
f 4285 4291 4293
f 4285 4293 4286
f 4292 4283 3267
f 3267 4283 3255
f 4292 3267 3272
f 4293 4291 3272
f 4292 3272 4294
f 3272 4291 4295
f 3272 4295 4294
f 4296 4286 4293
f 4286 4296 4297
f 4293 3272 4298
f 4293 4298 4299
f 4293 4299 4296
f 4298 3272 3275
f 4296 4299 4300
f 4296 4300 4301
f 4297 4296 4302
f 4302 4296 4301
f 4297 4302 4303
f 4302 4301 4304
f 4304 4301 4305
f 4304 4305 4306
f 4302 4304 4307
f 4302 4307 4303
f 4303 4307 4308
f 4307 4304 4309
f 4303 4308 4310
f 4304 4306 3295
f 4304 3295 4309
f 3295 4306 3277
f 4309 3295 4311
f 4303 4310 4312
f 4303 4312 4313
f 4313 4312 4314
f 4312 4310 4315
f 4315 4310 4316
f 4314 4312 4317
f 4315 4316 4318
f 4318 4316 4319
f 4312 4315 4320
f 4312 4320 4317
f 4320 4315 4321
f 4321 4315 4318
f 4317 4320 4322
f 4322 4320 4323
f 4323 4320 4321
f 4317 4322 4324
f 4317 4324 4314
f 4324 4322 4323
f 4314 4324 4325
f 4314 4325 4326
f 4326 4325 4327
f 4325 4324 4328
f 4328 4324 4323
f 4327 4325 4329
f 4329 4325 4328
f 4327 4329 4330
f 4330 4329 4331
f 4330 4331 4332
f 4329 4328 4333
f 4329 4333 4331
f 4328 4323 4334
f 4328 4334 4333
f 4334 4323 4335
f 4335 4323 4321
f 4332 4331 4336
f 4332 4336 4337
f 4337 4336 4338
f 4336 4331 4339
f 4339 4331 4333
f 4338 4336 4340
f 4340 4336 4339
f 4338 4340 4341
f 4339 4333 4342
f 4342 4333 4334
f 4340 4339 4343
f 4343 4339 4342
f 4341 4340 4344
f 4344 4340 4343
f 4341 4344 4345
f 4342 4334 4346
f 4346 4334 4335
f 4343 4342 4347
f 4347 4342 4346
f 4344 4343 4348
f 4348 4343 4347
f 4345 4344 4349
f 4349 4344 4348
f 4345 4349 4350
f 4350 4349 4351
f 4350 4351 4352
f 4349 4348 4353
f 4349 4353 4351
f 4348 4347 4354
f 4348 4354 4353
f 4352 4351 4355
f 4352 4355 4356
f 4351 4353 4357
f 4357 4353 4358
f 4358 4353 4354
f 4351 4357 4359
f 4351 4359 4355
f 4357 4358 4360
f 4360 4358 4354
f 4357 4360 4359
f 4360 4354 4361
f 4359 4360 4362
f 4362 4360 4361
f 4359 4362 4363
f 4363 4362 4364
f 4359 4363 4365
f 4359 4365 4355
f 4365 4363 4366
f 4365 4366 4367
f 4364 4362 4368
f 4368 4362 4361
f 4364 4368 4369
f 4355 4365 4370
f 4355 4370 4356
f 4356 4370 4371
f 4356 4371 4372
f 4370 4365 4373
f 4370 4373 4371
f 4372 4371 4374
f 4372 4374 4375
f 4371 4373 4376
f 4371 4376 4374
f 4373 4365 4377
f 4377 4365 4367
f 4373 4377 4378
f 4373 4378 4376
f 4377 4367 4379
f 4379 4367 4380
f 4378 4377 4381
f 4381 4377 4379
f 4378 4381 4382
f 4381 4379 4383
f 4378 4382 4384
f 4383 4379 4385
f 4378 4384 4386
f 4378 4386 4376
f 4386 4384 4387
f 4385 4379 4388
f 4388 4379 4380
f 4385 4388 4389
f 4388 4380 4390
f 4386 4387 4391
f 4391 4387 4392
f 4393 4392 4389
f 4392 4393 4391
f 4389 4388 4394
f 4389 4394 4393
f 4394 4388 4395
f 4386 4391 4396
f 4386 4396 4397
f 4386 4397 4376
f 4396 4391 4398
f 4397 4396 4399
f 4398 4391 4400
f 4397 4399 4401
f 4400 4391 4402
f 4376 4397 4403
f 4376 4403 4374
f 4397 4401 4404
f 4397 4404 4403
f 4404 4401 4405
f 4405 4401 4406
f 4405 4406 4407
f 4405 4407 4402
f 4374 4403 4408
f 4374 4408 4375
f 4375 4408 4409
f 4410 4403 4404
f 4410 4404 4405
f 4408 4403 4411
f 4411 4403 4410
f 4409 4408 4412
f 4412 4408 4411
f 4409 4412 4413
f 4414 4405 4402
f 4414 4402 4391
f 4413 4412 4415
f 4413 4415 4416
f 4412 4411 4417
f 4412 4417 4415
f 4417 4411 4418
f 4418 4411 4410
f 4415 4417 4419
f 4416 4415 4420
f 4420 4415 4419
f 4416 4420 4421
f 4421 4420 4422
f 4422 4420 4423
f 4423 4420 4424
f 4419 4417 4425
f 4425 4417 4418
f 4420 4419 4426
f 4426 4419 4425
f 4424 4420 4427
f 4427 4420 4426
f 4424 4427 4428
f 4424 4428 4429
f 4429 4428 4430
f 4430 4428 4431
f 4428 4427 4432
f 4432 4427 4426
f 4431 4428 4433
f 4433 4428 4432
f 4431 4433 4434
f 4434 4433 4435
f 4432 4426 4436
f 4436 4426 4425
f 4433 4432 4437
f 4435 4433 4438
f 4438 4433 4437
f 4435 4438 4439
f 4439 4438 4440
f 4439 4440 4441
f 4441 4440 4442
f 4440 4438 4443
f 4443 4438 4437
f 4442 4440 4444
f 4440 4443 4445
f 4445 4443 4437
f 4440 4445 4444
f 4446 4154 4152
f 4447 4147 4153
f 4447 4153 4154
f 4154 4446 4448
f 4154 4448 4447
f 4448 4446 4449
f 4449 4446 4450
f 4449 4450 4451
f 4449 4451 4452
f 4449 4452 4453
f 4449 4453 4448
f 4453 4452 4454
f 4455 4447 4448
f 4455 4448 4453
f 4453 4454 4456
f 4453 4456 4455
f 4456 4454 4457
f 4447 4455 4458
f 4447 4458 4147
f 4147 4458 4459
f 4459 4458 4460
f 4458 4455 4461
f 4461 4455 4456
f 4458 4461 4460
f 4456 4457 4462
f 4456 4462 4461
f 4462 4457 4463
f 4460 4461 4464
f 4464 4461 4462
f 4462 4463 4465
f 4462 4465 4464
f 4465 4463 4466
f 4460 4464 4467
f 4460 4467 4468
f 4464 4465 4469
f 4464 4469 4467
f 4465 4466 4470
f 4465 4470 4469
f 4470 4466 4471
f 4468 4467 4472
f 4472 4467 4469
f 4468 4472 4473
f 4469 4470 4474
f 4474 4470 4471
f 4469 4474 4472
f 4474 4471 4475
f 4474 4475 4476
f 4474 4476 4472
f 4476 4475 4477
f 4478 4473 4472
f 4478 4472 4476
f 4473 4478 4479
f 4473 4479 4480
f 4480 4479 4481
f 4481 4479 4482
f 4482 4479 4483
f 4483 4479 4478
f 4482 4483 4484
f 4478 4476 4485
f 4478 4485 4483
f 4485 4476 4486
f 4486 4476 4477
f 4483 4485 4487
f 4487 4485 4486
f 4484 4483 4488
f 4488 4483 4487
f 4484 4488 4489
f 4489 4488 4490
f 4488 4487 4491
f 4488 4491 4490
f 4491 4487 4486
f 4490 4491 4492
f 4491 4486 4493
f 4491 4493 4494
f 4491 4494 4492
f 4493 4486 4495
f 4492 4494 4496
f 4490 4492 4497
f 4492 4496 4498
f 4498 4496 4499
f 4498 4499 4500
f 4492 4498 4501
f 4492 4501 4497
f 4498 4500 4502
f 4497 4501 4503
f 4497 4503 4504
f 4497 4504 4505
f 4497 4505 4506
f 4506 4505 4507
f 4507 4505 4508
f 4507 4508 4509
f 4503 4501 4510
f 4503 4510 4511
f 4511 4510 4512
f 4510 4501 4513
f 4513 4501 4498
f 4513 4498 4502
f 4507 4509 4514
f 4507 4514 4515
f 4515 4514 4516
f 4516 4514 4517
f 4514 4509 4518
f 4514 4518 4517
f 4518 4509 4519
f 4518 4519 4512
f 4518 4512 4520
f 4518 4520 4517
f 4520 4512 4510
f 4517 4520 4521
f 4521 4520 4510
f 4521 4510 4513
f 4517 4521 4522
f 4522 4521 4523
f 4522 4523 4524
f 4523 4521 4525
f 4522 4524 4526
f 4525 4521 4527
f 4522 4526 4528
f 4528 4526 4529
f 4528 4529 4530
f 4527 4521 4531
f 4531 4521 4513
f 4527 4531 4532
f 4532 4531 4530
f 4531 4513 4502
f 4528 4530 4533
f 4533 4530 4531
f 4528 4533 4534
f 4533 4531 4535
f 4533 4535 4534
f 4535 4531 4502
f 4534 4535 4536
f 4536 4535 4537
f 4537 4535 4502
f 4537 4502 4538
f 4538 4502 4500
f 4538 4500 4539
f 4538 4539 4540
f 4537 4538 4541
f 4541 4538 4540
f 4537 4541 4542
f 4541 4540 4495
f 4542 4541 4543
f 4543 4541 4495
f 4542 4543 4477
f 4543 4495 4486
f 4543 4486 4477
f 4544 4545 4546
f 4546 4545 4547
f 4547 4545 4548
f 4546 4547 4549
f 4548 4545 4550
f 4546 4549 4551
f 4551 4549 4552
f 4550 4545 4553
f 4553 4545 4544
f 4548 4550 4554
f 4548 4554 4555
f 4555 4554 4556
f 4555 4556 4557
f 4556 4554 4558
f 4554 4550 4559
f 4554 4559 4558
f 4559 4550 4553
f 4559 4553 4560
f 4560 4553 4544
f 4558 4559 4561
f 4561 4559 4560
f 4558 4561 4562
f 4562 4561 4563
f 4563 4561 4560
f 4560 4544 4564
f 4563 4560 4565
f 4565 4560 4564
f 4564 4544 4566
f 4564 4566 4565
f 4566 4544 4546
f 4565 4566 4567
f 4563 4565 4568
f 4568 4565 4567
f 4563 4568 4569
f 4567 4566 4570
f 4570 4566 4546
f 4567 4570 4568
f 4570 4546 4551
f 4569 4568 4571
f 4569 4571 4572
f 4568 4570 4573
f 4573 4570 4551
f 4571 4568 4574
f 4571 4574 4572
f 4574 4568 4573
f 4573 4551 4575
f 4573 4575 4574
f 4575 4551 4552
f 4575 4552 4576
f 4574 4575 4577
f 4574 4577 4572
f 4577 4575 4576
f 4572 4577 4578
f 4577 4576 4579
f 4578 4577 4580
f 4580 4577 4579
f 4581 4582 4583
f 4582 4581 4584
f 4582 4584 4585
f 4584 4581 4586
f 4582 4585 4587
f 4586 4581 4588
f 4586 4588 4589
f 4582 4587 4590
f 4582 4590 4583
f 4587 4585 4591
f 4591 4585 4592
f 4591 4592 4593
f 4593 4592 4594
f 4591 4593 4595
f 4587 4591 4596
f 4596 4591 4595
f 4587 4596 4590
f 4596 4595 4597
f 4597 4595 4598
f 4590 4596 4599
f 4599 4596 4597
f 4590 4599 4583
f 4597 4598 4600
f 4597 4600 4599
f 4583 4599 4601
f 4599 4600 4602
f 4599 4602 4601
f 4583 4601 4603
f 4603 4601 4602
f 4583 4603 4581
f 4603 4602 4604
f 4581 4603 4605
f 4605 4603 4604
f 4581 4605 4588
f 4604 4602 4606
f 4606 4602 4600
f 4604 4606 4605
f 4606 4600 4607
f 4606 4607 4608
f 4608 4607 4609
f 4605 4606 4610
f 4605 4610 4588
f 4606 4608 4611
f 4606 4611 4610
f 4611 4608 4609
f 4588 4610 4612
f 4612 4610 4611
f 4588 4612 4589
f 4589 4612 4613
f 4612 4611 4614
f 4612 4614 4613
f 4614 4611 4609
f 4613 4614 4615
f 4614 4609 4616
f 4615 4614 4617
f 4617 4614 4616
f 4618 4619 4620
f 4618 4620 4621
f 4620 4619 4622
f 4620 4622 4623
f 4619 4618 4624
f 4623 4622 4625
f 4623 4625 4626
f 4626 4625 4627
f 4626 4627 4628
f 4627 4625 4629
f 4629 4625 4630
f 4630 4625 4622
f 4629 4630 4631
f 4632 4622 4619
f 4622 4632 4630
f 4632 4619 4624
f 4631 4630 4633
f 4633 4630 4632
f 4631 4633 4634
f 4633 4632 4635
f 4635 4632 4624
f 4634 4633 4636
f 4636 4633 4635
f 4634 4636 4637
f 4637 4636 4638
f 4637 4638 4639
f 4636 4635 4640
f 4636 4640 4638
f 4639 4638 4641
f 4639 4641 4642
f 4638 4640 4643
f 4638 4643 4641
f 4640 4635 4644
f 4644 4635 4624
f 4643 4640 4645
f 4645 4640 4644
f 4642 4641 4646
f 4642 4646 4647
f 4641 4643 4648
f 4641 4648 4646
f 4643 4645 4649
f 4643 4649 4648
f 4645 4644 4650
f 4645 4650 4649
f 4650 4644 4651
f 4651 4644 4624
f 4649 4650 2449
f 4650 4651 4652
f 4650 4652 2449
f 4651 4624 4653
f 4653 4624 4618
f 4652 4651 4654
f 4654 4651 4653
f 4652 4654 2443
f 4652 2443 2449
f 4653 4618 4655
f 4655 4618 4621
f 4655 4621 4656
f 4653 4655 4657
f 4653 4657 4654
f 4655 4656 4658
f 4655 4658 4657
f 4658 4656 4659
f 4658 4659 2435
f 2435 4659 4660
f 2435 4660 2436
f 4654 4657 2441
f 4654 2441 2443
f 4657 4658 2439
f 4657 2439 2441
f 2439 4658 2435
f 4661 4662 4663
f 4661 4663 4664
f 4661 4664 4665
f 4663 4662 4666
f 4666 4662 4667
f 4666 4667 4668
f 4666 4668 4669
f 4669 4668 4670
f 4663 4666 4671
f 4671 4666 4669
f 4672 4664 4663
f 4663 4671 4673
f 4663 4673 4672
f 4674 4675 4670
f 4670 4675 4676
f 4670 4676 4669
f 4676 4675 4677
f 4678 4671 4669
f 4678 4669 4676
f 4671 4678 4679
f 4671 4679 4673
f 4678 4676 4680
f 4680 4676 4677
f 4679 4678 4681
f 4681 4678 4680
f 4673 4679 4682
f 4682 4679 4681
f 4673 4682 4683
f 4673 4683 4672
f 4680 4677 4684
f 4680 4684 4681
f 4684 4677 4685
f 4682 4681 4686
f 4684 4685 4686
f 4684 4686 4681
f 4682 4686 4687
f 4687 4672 4683
f 4687 4683 4688
f 4687 4686 4689
f 4689 4686 4690
f 4689 4690 4691
f 4689 4691 4692
f 4689 4692 4687
f 4692 4691 4693
s 0
f 4695 4696 4694
s 1
f 4687 4692 4698
f 4687 4698 4672
f 4692 4693 4699
f 4692 4699 4698
f 4699 4693 4700
f 4699 4697 4665
f 4672 4698 4701
f 4701 4698 4699
f 4701 4699 4665
f 4672 4701 4664
f 4664 4701 4665
f 4702 4703 4704
f 4702 4704 4705
f 4705 4704 4706
f 4703 4702 4707
f 4703 4707 4708
f 4708 4707 4709
f 4709 4707 4710
f 4709 4710 4711
f 4707 4702 4712
f 4707 4712 4710
f 4713 4702 4705
f 4714 4715 4711
f 4714 4711 4716
f 4716 4711 4710
f 4714 4716 4717
f 4716 4710 4718
f 4718 4710 4712
f 4717 4716 4719
f 4719 4716 4718
f 4717 4719 4720
f 4717 4720 4721
f 4721 4720 4722
f 4720 4719 4723
f 4723 4719 4718
f 4720 4723 4722
f 4724 4718 4712
f 4718 4724 4723
f 4724 4712 4725
f 4725 4712 4702
f 4723 4724 4726
f 4723 4726 4722
f 4726 4724 4725
f 4726 4725 4727
f 4725 4702 4713
f 4725 4713 4727
f 4722 4726 4728
f 4727 4713 4728
f 4727 4728 4729
f 4722 4728 4730
f 4722 4730 4731
f 4731 4730 4732
f 4732 4730 4733
f 4733 4730 4728
f 4732 4733 4734
f 4736 4728 4713
f 4728 4736 4733
s 0
f 4737 4739 4735
s 1
f 4736 4713 4740
f 4740 4713 4705
f 4740 4705 4706
f 4741 4706 4738
f 4706 4741 4740
f 4740 4741 4736
f 4736 4741 4733
f 4733 4741 4734
f 4734 4741 4742
f 4743 4744 4745
f 4746 4747 4748
f 4748 4747 4749
f 4750 4746 4751
f 4751 4746 4748
f 4752 4744 4750
f 4752 4750 4751
f 4753 4745 4744
f 4753 4744 4752
f 4745 4753 4754
f 4745 4754 4755
f 4745 4755 4756
f 4756 4755 4757
f 4755 4754 4758
f 4758 4754 4753
f 4757 4755 4759
f 4759 4755 4758
f 4757 4759 4760
f 4760 4759 4761
f 4761 4759 4762
f 4762 4759 4758
f 4761 4762 4321
f 4321 4762 4335
f 4335 4762 4763
f 4763 4762 4758
f 4335 4763 4346
f 4764 4758 4753
f 4764 4753 4752
f 4763 4758 4765
f 4765 4758 4764
f 4346 4763 4766
f 4766 4763 4765
f 4346 4766 4347
f 4347 4766 4354
f 4354 4766 4361
f 4361 4766 4765
f 4361 4765 4767
f 4767 4765 4764
f 4361 4767 4368
f 4768 4764 4752
f 4764 4768 4767
f 4768 4752 4751
f 4368 4767 4769
f 4769 4767 4768
f 4768 4751 4770
f 4768 4770 4769
f 4770 4751 4771
f 4769 4770 4772
f 4772 4770 4773
f 4773 4770 4771
f 4769 4772 4774
f 4769 4774 4368
f 4774 4772 4775
f 4773 4771 4776
f 4774 4775 4777
f 4776 4771 4778
f 4774 4777 4779
f 4771 4751 4748
f 4779 4777 4780
f 4780 4777 4781
f 4774 4779 4782
f 4774 4782 4368
f 4782 4779 4780
f 4368 4782 4369
f 4780 4781 4783
f 4369 4782 4784
f 4784 4782 4390
f 4390 4782 4785
f 4785 4782 4780
f 4390 4785 4388
f 4780 4783 4786
f 4780 4786 4785
f 4786 4783 4778
f 4388 4785 4787
f 4787 4785 4786
f 4388 4787 4395
f 4786 4778 4788
f 4788 4778 4771
f 4788 4771 4748
f 4786 4788 4789
f 4786 4789 4787
f 4789 4788 4748
f 4787 4789 4790
f 4787 4790 4395
f 4395 4790 4791
f 4790 4789 4792
f 4395 4791 4793
f 4789 4748 4794
f 4789 4794 4792
f 4794 4748 4749
f 4792 4794 4795
f 4794 4749 4796
f 4795 4794 4797
f 4797 4794 4796
f 4797 4796 4798
f 4798 4796 4799
f 4798 4799 4800
f 4800 4799 4801
f 4800 4801 4793
f 4802 4395 4793
f 4802 4793 4801
f 4395 4802 4394
f 4394 4802 4393
f 4393 4802 4801
f 4393 4801 4799
f 4393 4799 4803
f 4803 4799 4804
f 4393 4803 4391
f 4803 4804 4805
f 4391 4803 4414
f 4414 4803 4805
f 4806 4807 4808
f 4807 4806 4809
f 4806 4808 4810
f 4806 4810 4811
f 4806 4811 4809
f 4811 4810 4812
f 4812 4810 4808
f 4809 4811 4813
f 4811 4812 4814
f 4811 4814 4815
f 4812 4808 4817
f 4812 4817 4814
f 4809 4813 4818
f 4818 4813 4819
f 4809 4818 4820
f 4809 4820 4807
f 4818 4819 4821
f 4818 4821 4820
f 4821 4819 4822
f 4807 4820 4823
f 4807 4823 4808
f 4820 4821 4824
f 4820 4824 4823
f 4821 4822 4825
f 4821 4825 4824
f 4825 4822 4826
f 4825 4826 4824
f 4826 4822 4827
f 4824 4826 4828
f 4824 4828 4823
f 4823 4828 4829
f 4823 4829 4830
f 4823 4830 4808
f 4830 4829 4831
f 4808 4830 4817
f 4830 4831 4832
f 4830 4832 4817
f 4832 4831 4833
f 4832 4833 4834
f 4834 4833 4835
f 4817 4832 4836
f 4836 4832 4834
f 4817 4836 4814
f 4834 4835 4837
f 4814 4836 4838
f 4834 4837 4839
f 4839 4837 4840
f 4839 4840 4841
f 4839 4841 4842
f 4834 4839 4843
f 4834 4843 4836
f 4843 4839 4842
f 4836 4843 4838
f 4843 4842 4816
f 4843 4816 4838
f 4838 4816 4844
f 4845 4846 4847
f 4847 4846 4848
f 4845 4847 4849
f 4849 4847 4850
f 4850 4847 4848
f 4849 4850 4851
f 4849 4851 4845
f 4850 4848 4852
f 4851 4850 4853
f 4853 4850 4854
f 4845 4851 4856
f 4856 4851 4853
f 4852 4848 4857
f 4852 4857 4858
f 4857 4848 4859
f 4859 4848 4846
f 4858 4857 4860
f 4860 4857 4859
f 4858 4860 4861
f 4859 4846 4862
f 4862 4846 4845
f 4860 4859 4863
f 4863 4859 4862
f 4861 4860 4864
f 4864 4860 4863
f 4861 4864 4865
f 4865 4864 4863
f 4861 4865 4866
f 4865 4863 4867
f 4867 4863 4862
f 4867 4862 4868
f 4869 4862 4845
f 4862 4869 4868
f 4869 4845 4856
f 4868 4869 4870
f 4870 4869 4871
f 4871 4869 4856
f 4870 4871 4872
f 4871 4856 4873
f 4873 4856 4853
f 4872 4871 4874
f 4874 4871 4873
f 4873 4853 4875
f 4872 4874 4876
f 4876 4874 4877
f 4873 4875 4878
f 4873 4878 4874
f 4878 4875 4855
f 4855 4875 4879
f 4878 4855 4880
f 4874 4878 4881
f 4874 4881 4877
f 4881 4878 4880
f 4877 4881 4882
f 4881 4880 4883
f 4881 4883 4882
f 4884 4885 4886
f 4884 4886 4887
f 4887 4886 4888
f 4885 4884 4889
f 4888 4886 4890
f 4888 4890 4891
f 4886 4885 4892
f 4886 4892 4890
f 4885 4889 4893
f 4893 4889 4894
f 4885 4893 4895
f 4885 4895 4892
f 4893 4894 4896
f 4896 4894 4897
f 4896 4897 4898
f 4893 4896 4899
f 4893 4899 4895
f 4896 4898 4900
f 4896 4900 4899
f 4900 4898 4901
f 4895 4899 4902
f 4895 4902 4892
f 4899 4900 4903
f 4899 4903 4902
f 4900 4901 4904
f 4900 4904 4903
f 4904 4901 4905
f 4904 4905 4906
f 4906 4905 4907
f 4903 4904 4908
f 4908 4904 4906
f 4903 4908 4902
f 4908 4906 4907
f 4908 4907 4909
f 4902 4908 4910
f 4902 4910 4911
f 4902 4911 4892
f 4910 4908 4912
f 4912 4908 4909
f 4910 4912 4911
f 4912 4909 4913
f 4913 4909 4914
f 4911 4912 4915
f 4915 4912 4913
f 4913 4914 4916
f 4916 4914 4917
f 4916 4917 4918
f 4916 4918 4913
f 4918 4917 4919
f 4915 4913 4920
f 4920 4913 4918
f 4918 4919 4921
f 4918 4921 4920
f 4921 4919 4922
f 4915 4920 4923
f 4915 4923 4911
f 4920 4921 4924
f 4920 4924 4923
f 4921 4922 4925
f 4921 4925 4924
f 4925 4922 4926
f 4925 4926 4927
f 4911 4923 4928
f 4928 4923 4924
f 4911 4928 4892
f 4892 4928 4890
f 4925 4927 4929
f 4925 4929 4924
f 4924 4929 4928
f 4928 4929 4890
f 4929 4927 4891
f 4929 4891 4890
f 4930 4931 4932
f 4930 4932 4933
f 4930 4933 4934
f 4932 4931 4935
f 4930 4934 4936
f 4936 4934 4937
f 4931 4930 4938
f 4938 4930 4936
f 4935 4931 4939
f 4935 4939 4940
f 4939 4931 4941
f 4941 4931 4938
f 4940 4939 4942
f 4940 4942 4943
f 4943 4942 4944
f 4942 4939 4945
f 4945 4939 4941
f 4944 4942 4946
f 4946 4942 4945
f 4944 4946 4947
f 4945 4941 4948
f 4948 4941 4938
f 4946 4945 4949
f 4949 4945 4948
f 4947 4946 4950
f 4950 4946 4949
f 4947 4950 4951
f 4951 4950 4952
f 4951 4952 4953
f 4950 4949 4954
f 4950 4954 4952
f 4952 4954 4953
f 4954 4949 4948
f 4953 4954 4955
f 4954 4948 4956
f 4955 4954 4957
f 4957 4954 4956
f 4956 4948 4958
f 4956 4958 4957
f 4958 4948 4938
f 4955 4957 4959
f 4955 4959 4960
f 4957 4958 4961
f 4957 4961 4959
f 4960 4959 4962
f 4960 4962 4963
f 4963 4962 4964
f 4964 4962 4959
f 4963 4964 4965
f 4959 4961 4966
f 4959 4966 4964
f 4965 4964 4967
f 4967 4964 4966
f 4965 4967 4968
f 4966 4961 4969
f 4969 4961 4958
f 4967 4966 4970
f 4970 4966 4969
f 4968 4967 4971
f 4971 4967 4970
f 4968 4971 4972
f 4972 4971 4973
f 4969 4958 4974
f 4969 4974 4970
f 4974 4958 4938
f 4974 4938 4936
f 4973 4971 4975
f 4975 4971 4970
f 4975 4970 4974
f 4975 4974 4936
f 4973 4975 4937
f 4937 4975 4936
f 4976 4977 4978
f 4976 4978 4979
f 4978 4977 4980
f 4978 4980 4979
f 4980 4977 4981
f 4981 4977 4982
f 4979 4980 4983
f 4983 4980 4981
f 4979 4983 4984
f 4979 4984 4985
f 4985 4984 4986
f 4986 4984 4987
f 4987 4984 4983
f 4986 4987 4988
f 4983 4981 4989
f 4983 4989 4987
f 4988 4987 4990
f 4990 4987 4989
f 4988 4990 4991
f 4989 4981 4992
f 4989 4992 4990
f 4992 4981 4982
f 4992 4982 4993
f 4990 4992 4994
f 4990 4994 4991
f 4994 4992 4993
f 4991 4994 4995
f 4994 4993 4996
f 4994 4996 4995
f 4997 291 293
f 4998 292 245
f 292 4998 293
f 4998 245 4999
f 4999 245 242
f 4999 242 244
f 4997 293 5000
f 5000 293 4998
f 4997 5000 5001
f 4997 5001 5002
f 5000 4998 5003
f 5003 4998 4999
f 5000 5003 5001
f 5002 5001 5004
f 5003 4999 5005
f 5005 4999 244
f 5001 5003 5006
f 5006 5003 5005
f 5004 5001 5007
f 5007 5001 5006
f 5004 5007 5008
f 5004 5008 5009
f 5007 5006 5010
f 5007 5010 5008
f 5009 5008 5011
f 5010 5006 5012
f 5012 5006 5005
f 5011 5008 5013
f 5011 5013 5014
f 5014 5013 5015
f 5013 5008 5016
f 5013 5016 5015
f 5016 5008 5010
f 5015 5016 5017
f 5016 5010 5018
f 5018 5010 5012
f 5017 5016 5019
f 5019 5016 5018
f 5017 5019 5020
f 5020 5019 5021
f 5020 5021 5022
f 5019 5018 5023
f 5019 5023 5021
f 5018 5012 5024
f 5018 5024 5023
f 5022 5021 5025
f 5022 5025 5026
f 5021 5023 5027
f 5021 5027 5025
f 5027 5023 5024
f 5026 5025 5028
f 5026 5028 5029
f 5029 5028 976
f 5025 5027 5030
f 5025 5030 5028
f 5027 5024 5031
f 5027 5031 5030
f 976 5028 5032
f 976 5032 226
f 226 5032 225
f 5032 5028 5033
f 5032 5033 225
f 5033 5028 5030
f 225 5033 231
f 5033 5030 5034
f 5033 5034 231
f 5034 5030 5031
f 231 5034 238
f 5034 5031 5035
f 5034 5035 238
f 5035 5031 5024
f 238 5035 241
f 5035 5024 5036
f 5035 5036 241
f 5036 5024 5012
f 241 5036 244
f 5036 5012 5005
f 5036 5005 244
f 5037 4313 4314
f 4313 5037 5038
f 5037 4314 4326
f 4313 5038 5039
f 5039 5038 5040
f 5040 5038 5041
f 4313 5039 4303
f 5040 5041 5042
f 5042 5041 5043
f 5039 5040 4297
f 5039 4297 4303
f 5040 5042 4286
f 5040 4286 4297
f 5042 5043 5044
f 5044 5043 5045
f 5042 5044 4273
f 5042 4273 4286
f 5044 5045 5046
f 5046 5045 5047
f 5044 5046 4267
f 5044 4267 4273
f 5046 5047 5048
f 5048 5047 5049
f 4267 5046 4266
f 4266 5046 5048
f 5048 5049 5050
f 5050 5049 5051
f 5050 5051 5052
f 5050 5052 5053
f 5050 5053 5054
f 4266 5048 5055
f 5055 5048 5050
f 4266 5055 4259
f 5055 5050 5056
f 5055 5056 4259
f 5050 5054 5057
f 5050 5057 5056
f 5057 5054 5058
f 5058 5054 5059
f 5058 5059 5060
f 5058 5060 5061
f 5057 5058 4252
f 5057 4252 5056
f 5058 5061 5062
f 5058 5062 4252
f 5062 5061 5063
f 5062 5063 5064
f 5056 4252 4253
f 5056 4253 4259
f 4252 5062 4251
f 5062 5064 5065
f 5062 5065 4251
f 5065 5064 5066
f 5065 5066 5067
f 5067 5066 5068
f 5067 5068 5069
f 5065 5067 5070
f 5065 5070 4251
f 5067 5069 5071
f 5071 5069 5072
f 5070 5067 5073
f 5070 5073 4251
f 5073 5067 5071
f 5071 5072 5074
f 5071 5074 5075
f 5073 5071 5076
f 5076 5071 5075
f 4251 5073 4241
f 5076 5075 4218
f 4218 5075 5077
f 5073 5076 4226
f 5073 4226 4241
f 4218 5077 4219
f 5076 4218 4221
f 5076 4221 4226
f 5078 5079 5080
f 5080 5079 5081
f 5081 5079 5082
f 5082 5079 5083
f 5080 5081 5084
f 5084 5081 5085
f 5080 5084 5086
f 5080 5086 5078
f 5084 5085 5087
f 5087 5085 5088
f 5086 5084 5089
f 5089 5084 5087
f 5078 5086 5090
f 5090 5086 5089
f 5089 5087 5091
f 5091 5087 5092
f 5092 5087 5093
f 5093 5087 5094
f 5093 5094 5095
f 5091 5092 5096
f 5091 5096 5089
f 5096 5092 5097
f 5089 5096 5098
f 5098 5096 5097
f 5089 5098 5090
f 5098 5097 5099
f 5090 5098 5100
f 5100 5098 5099
f 5090 5100 5078
f 5078 5100 5101
f 5100 5099 5102
f 5100 5102 5101
f 5102 5099 5103
f 5103 5099 5104
f 5103 5104 5105
f 5103 5105 5106
f 5103 5106 5102
f 5106 5105 5107
f 5101 5102 5108
f 5108 5102 5106
f 5109 5078 5101
f 5109 5101 5108
f 5078 5109 5079
f 5110 5111 5107
f 5107 5111 5112
f 5107 5112 5106
f 5106 5112 5108
f 5079 5109 5113
f 5113 5109 5108
f 5079 5113 5083
f 5083 5113 5114
f 5113 5108 5115
f 5115 5108 5112
f 5113 5115 5114
f 5115 5112 5116
f 5115 5116 5114
f 5117 5118 5119
f 5118 5117 5120
f 5118 5120 5121
f 5118 5121 5122
f 5120 5117 5123
f 5120 5123 5124
f 5123 5117 5125
f 5125 5117 5119
f 5124 5123 5126
f 5124 5126 5127
f 5123 5125 5128
f 5123 5128 5126
f 5125 5119 5129
f 5125 5129 5128
f 5126 5128 5130
f 5126 5130 5131
f 5126 5131 5132
f 5126 5132 5133
f 5133 5132 5134
f 5131 5130 5135
f 5135 5130 5128
f 5131 5135 5136
f 5135 5128 5137
f 5135 5137 5136
f 5137 5128 5129
f 5136 5137 5138
f 5137 5129 5139
f 5137 5139 5138
f 5139 5129 5119
f 5138 5139 5140
f 5139 5119 5141
f 5139 5141 5140
f 5141 5119 5142
f 5142 5119 5118
f 5140 5141 5143
f 5143 5141 5142
f 5138 5140 5144
f 5138 5144 5145
f 5145 5144 5146
f 5144 5140 5147
f 5144 5147 5146
f 5147 5140 5143
f 5146 5147 5148
f 5149 5150 5148
f 5149 5148 5151
f 5151 5148 5147
f 5151 5147 5143
f 5151 5143 5152
f 5151 5152 5153
f 5153 5152 5154
f 5152 5143 5155
f 5152 5155 5154
f 5155 5143 5142
f 5154 5155 5122
f 5155 5142 5118
f 5155 5118 5122
f 5156 5157 5158
f 5158 5157 5159
f 5159 5157 5160
f 5159 5160 5161
f 5156 5158 5162
f 5156 5162 5163
f 5158 5159 5164
f 5159 5161 5165
f 5159 5165 5164
f 5165 5161 5166
f 5166 5161 5167
f 5165 5166 5168
f 5165 5168 5164
f 5168 5166 5169
f 5158 5164 5170
f 5158 5170 5162
f 5168 5169 5171
f 5171 5169 5172
f 5164 5168 5173
f 5173 5168 5171
f 5171 5172 5174
f 5171 5174 5173
f 5175 5170 5164
f 5175 5164 5173
f 5176 5162 5170
f 5176 5170 5175
f 5175 5173 5177
f 5175 5177 5176
f 5177 5173 5174
f 5162 5176 5178
f 5162 5178 5163
f 5176 5177 5179
f 5176 5179 5178
f 5179 5177 5180
f 5163 5178 5181
f 5181 5178 5179
f 5163 5181 5182
f 5182 5181 5183
f 5181 5179 5184
f 5184 5179 5180
f 5181 5184 5183
f 5185 5180 5177
f 5180 5185 5184
f 5185 5177 5174
f 5185 5174 5186
f 5186 5174 5187
f 5184 5185 5188
f 5188 5185 5186
f 5188 5186 5187
f 5184 5188 5183
f 5188 5187 5189
f 5188 5189 5183
f 5183 5189 5190
f 5191 5182 5183
f 5191 5183 5190
f 5191 5190 5192
f 5193 5194 5195
f 5194 5193 5196
f 5194 5196 5197
f 5197 5196 5198
f 5193 5195 5199
f 5199 5195 5200
f 5196 5193 5201
f 5198 5196 5202
f 5202 5196 5201
f 5198 5202 5203
f 5198 5203 5204
f 5203 5202 5205
f 5205 5202 5201
f 5203 5205 5206
f 5207 5201 5193
f 5207 5193 5199
f 5206 5205 5208
f 5206 5208 5209
f 5205 5201 5210
f 5205 5210 5208
f 5209 5208 5211
f 5211 5208 5210
f 5212 5201 5207
f 5201 5212 5210
f 5212 5207 5213
f 5213 5207 5199
f 5210 5212 5214
f 5210 5214 5211
f 5214 5212 5213
f 5213 5199 5215
f 5215 5199 5200
f 5214 5213 5216
f 5216 5213 5215
f 5215 5200 5217
f 5215 5217 5216
f 5217 5200 5218
f 5214 5216 5219
f 5217 5218 5220
f 5216 5217 5221
f 5216 5221 5219
f 5221 5217 5220
f 5214 5219 5222
f 5222 5219 5221
f 5214 5222 5211
f 5220 5218 5223
f 5211 5222 5224
f 5211 5224 5225
f 5222 5221 5226
f 5222 5226 5224
f 5224 5226 5225
f 5226 5221 5220
f 5225 5226 5227
f 5227 5226 5220
f 5227 5220 5228
f 5228 5220 5223
f 5228 5223 5229
f 5230 5231 5232
f 5232 5231 5233
f 5233 5231 5234
f 5230 5232 5235
f 5230 5235 5236
f 5232 5233 5237
f 5233 5234 5238
f 5238 5234 5239
f 5238 5239 5240
f 5233 5238 5241
f 5233 5241 5237
f 5238 5240 5242
f 5238 5242 5241
f 5242 5240 5243
f 5243 5240 5244
f 5242 5243 5245
f 5241 5242 5246
f 5246 5242 5245
f 5246 5245 5247
f 5247 5245 5248
f 5241 5246 5249
f 5249 5246 5247
f 5249 5247 5248
f 5241 5249 5237
f 5249 5248 5250
f 5237 5249 5251
f 5251 5249 5252
f 5251 5252 5237
f 5252 5249 5250
f 5237 5252 5253
f 5237 5253 5232
f 5232 5253 5235
f 5253 5252 5254
f 5253 5254 5235
f 5254 5252 5255
f 5235 5254 5256
f 5235 5256 5236
f 5254 5255 5257
f 5254 5257 5256
f 5255 5252 5258
f 5255 5258 5257
f 5258 5252 5250
f 5258 5250 5259
f 5259 5250 5260
f 5257 5258 5261
f 5261 5258 5259
f 5261 5259 5260
f 5257 5261 5256
f 5261 5260 5262
f 5256 5261 5263
f 5263 5261 5262
f 5256 5263 5236
f 5263 5262 5264
f 5236 5263 5265
f 5265 5263 5264
f 5265 5264 5266
f 5267 5268 5269
f 5268 5267 5270
f 5268 5270 5271
f 5267 5269 5272
f 5272 5269 5273
f 5270 5267 5274
f 5271 5270 5275
f 5271 5275 5276
f 5276 5275 5277
f 5275 5270 5278
f 5278 5270 5274
f 5277 5275 5279
f 5279 5275 5278
f 5277 5279 5280
f 5277 5280 5281
f 5280 5279 5282
f 5282 5279 5278
f 5280 5282 5283
f 5283 5282 5284
f 5283 5284 5285
f 5282 5278 5286
f 5282 5286 5284
f 5284 5286 5285
f 5286 5278 5274
f 5285 5286 5287
f 5286 5274 5288
f 5287 5286 5289
f 5289 5286 5288
f 5288 5274 5290
f 5288 5290 5289
f 5290 5274 5267
f 5290 5267 5272
f 5287 5289 5291
f 5287 5291 5292
f 5289 5290 5293
f 5293 5290 5272
f 5289 5293 5294
f 5289 5294 5291
f 5293 5272 5295
f 5292 5291 5296
f 5294 5293 5297
f 5294 5297 5291
f 5297 5293 5295
f 5295 5272 5273
f 5292 5296 5298
f 5298 5296 5291
f 5298 5291 5297
f 5298 5297 5295
f 5292 5298 5299
f 5295 5273 5300
f 5295 5300 5298
f 5298 5300 5299
f 5300 5273 5301
f 5299 5300 5302
f 5302 5300 5301
f 5302 5301 5303
f 5304 4201 4216
f 5305 4216 4215
f 4216 5305 5304
f 4201 5304 5306
f 5306 5304 5305
f 4201 5306 4199
f 5305 4215 5307
f 5307 4215 5308
f 5307 5308 5309
f 5307 5309 5310
f 5307 5310 5305
f 5310 5309 5311
f 5306 5305 5312
f 5312 5305 5310
f 5313 4199 5306
f 5313 5306 5312
f 4199 5313 4200
f 4200 5313 5314
f 5313 5312 5315
f 5313 5315 5314
f 5315 5312 5310
f 5315 5310 5311
f 5314 5315 5316
f 5316 5315 5311
f 5317 3935 3949
f 5317 3949 5318
f 5317 5318 5319
f 5319 5318 5320
f 5319 5320 5321
f 5319 5321 5317
f 5321 5320 5322
f 3935 5317 5323
f 3935 5323 3931
f 5317 5321 5324
f 5317 5324 5323
f 5321 5322 5325
f 5321 5325 5324
f 5325 5322 5326
f 5326 5322 5327
f 5325 5326 5328
f 5325 5328 5324
f 5328 5326 5329
f 5330 5323 5324
f 5330 5324 5328
f 5323 5330 3931
f 5328 5329 5331
f 5328 5331 5330
f 5330 5331 3931
f 5331 5329 5332
f 3931 5331 5333
f 5333 5331 5332
f 3931 5333 3936
f 5333 5332 5334
f 3936 5333 3941
f 3941 5333 5334
f 3290 3297 3291
f 5335 3295 3297
f 3295 5335 4311
f 3297 3290 5336
f 3297 5336 5335
f 4311 5335 5337
f 4311 5337 5338
f 5338 5337 4319
f 5337 5335 5339
f 5339 5335 5336
f 4319 5337 4318
f 5337 5339 5340
f 4318 5337 5341
f 5341 5337 5340
f 5340 5339 5342
f 5340 5342 5341
f 5342 5339 5343
f 5341 5342 5344
f 5343 5339 5345
f 5345 5339 5336
f 5341 5344 5346
f 5345 5336 5347
f 5341 5346 5348
f 5341 5348 4318
f 5348 5346 5349
f 5349 5346 5350
f 4318 5348 4761
f 5349 5350 5351
f 4318 4761 4321
f 5351 5350 5352
f 5351 5352 5347
f 5348 5349 4760
f 5348 4760 4761
f 5349 5351 5353
f 5349 5353 4760
f 5351 5347 5354
f 5354 5347 5336
f 5354 5336 3290
f 5351 5354 5355
f 5355 5354 3290
f 5351 5355 5353
f 5355 3290 3285
f 5355 3285 3280
f 5355 3280 5356
f 5356 3280 3281
f 5356 3281 5357
f 5355 5356 5358
f 5358 5356 5357
f 5355 5358 5353
f 5358 5357 5359
f 5353 5358 5360
f 5360 5358 5359
f 5353 5360 4757
f 5353 4757 4760
f 5361 5362 5363
f 5363 5362 5364
f 5365 5366 5361
f 5366 5365 4542
f 5365 5361 5363
f 5363 5364 5367
f 4542 5365 4537
f 5365 5363 4536
f 5365 4536 4537
f 5363 5367 5368
f 5363 5368 4536
f 5368 5367 5369
f 5369 5367 5370
f 4536 5368 4534
f 4534 5368 5369
f 5369 5370 5371
f 5371 5370 5372
f 5369 5371 5373
f 5369 5373 4534
f 5371 5372 5374
f 5374 5372 5375
f 5374 5375 5376
f 5376 5375 5377
f 5371 5374 5378
f 5371 5378 5373
f 5374 5376 5379
f 5374 5379 5378
f 5379 5376 5380
f 5379 5380 5381
f 5379 5381 5382
f 5379 5382 5383
f 5383 5382 5384
f 5378 5379 5385
f 5385 5379 5383
f 5378 5385 5386
f 5378 5386 5373
f 5386 5385 5387
f 5383 5384 5388
f 5388 5384 5389
f 5385 5383 5390
f 5390 5383 5388
f 5385 5390 5387
f 5373 5386 5391
f 5391 5386 5387
f 5387 5390 5392
f 5392 5390 5388
f 5391 5387 5393
f 5393 5387 5394
f 5394 5387 5392
f 5391 5393 5395
f 5394 5392 5396
f 5396 5392 5397
f 5391 5395 5398
f 5391 5398 5399
f 5399 5398 5400
f 5373 5391 4528
f 5373 4528 4534
f 4528 5391 5401
f 5401 5391 5399
f 5399 5400 5402
f 5402 5400 5403
f 5402 5403 5397
f 5401 5399 5404
f 5401 5404 5405
f 5404 5399 5406
f 5406 5399 5402
f 5405 5404 5407
f 5407 5404 5406
f 5407 5406 5408
f 5408 5406 5409
f 5401 5405 4522
f 5401 4522 4528
f 4522 5405 5410
f 5409 5406 5411
f 4522 5410 5412
f 5412 5410 5413
f 5412 5413 5414
f 5414 5413 5415
f 5414 5415 5416
f 5409 5411 5416
f 5416 5415 5417
f 5416 5417 5409
f 5414 5416 5418
f 5414 5418 4516
f 5414 4516 5412
f 5418 5416 5419
f 5419 5416 5411
f 5412 4516 4517
f 5412 4517 4522
f 5419 5411 5420
f 5421 5411 5406
f 5411 5421 5420
f 5421 5406 5402
f 5419 5420 5422
f 5419 5422 5423
f 5420 5421 5424
f 5420 5424 5425
f 5420 5425 5422
f 5424 5421 5426
f 5422 5425 5427
f 5422 5427 5428
f 5423 5422 5429
f 5429 5422 5428
f 5426 5421 5430
f 5430 5421 5402
f 5426 5430 5431
f 5426 5431 5432
f 5430 5402 5433
f 5430 5433 5431
f 5433 5402 5397
f 5432 5431 5434
f 5434 5431 5433
f 5433 5397 5392
f 5432 5434 5435
f 5433 5392 5436
f 5436 5392 5388
f 5434 5433 5437
f 5437 5433 5436
f 5435 5434 5438
f 5438 5434 5437
f 5435 5438 5439
f 5439 5438 5428
f 5428 5438 5429
f 5436 5388 5440
f 5436 5440 5441
f 5436 5441 5442
f 5436 5442 5437
f 5437 5442 5443
f 5440 5388 5444
f 5444 5388 5389
f 5440 5444 5445
f 5444 5389 5446
f 5445 5444 5447
f 5437 5443 5448
f 5448 5443 5449
f 5450 5438 5437
f 5450 5437 5448
f 5438 5450 5429
f 5447 5444 5451
f 5451 5444 5446
f 5451 5446 5452
f 5452 5446 5453
f 5447 5451 5454
f 5447 5454 5455
f 5455 5454 5449
f 5454 5451 5456
f 5449 5454 5448
f 5454 5456 5457
f 5454 5457 5448
f 5452 5453 5458
f 5452 5458 5459
f 5459 5458 5460
f 5460 5458 5461
f 5461 5458 5453
f 5461 5453 5462
f 5448 5457 5463
f 5463 5457 5464
f 5464 5457 5465
f 5448 5463 5466
f 5464 5465 5467
f 5448 5466 5450
f 5464 5467 5468
f 5464 5468 5463
f 5463 5468 5469
f 5463 5469 5466
f 5466 5469 5470
f 5466 5470 5471
f 5466 5471 5450
f 5450 5471 5472
f 5473 5468 5467
f 5450 5472 5429
f 5429 5472 5474
f 5429 5474 5423
f 5474 5472 5475
f 5423 5474 5476
f 5474 5475 5477
f 5476 5474 5478
f 5478 5474 5477
f 5478 5477 5473
f 5478 5473 5467
f 5476 5478 5479
f 5479 5478 5467
f 5480 5481 5482
f 5481 5480 5483
f 5481 5483 5484
f 5480 5482 5485
f 5484 5483 5486
f 5485 5482 5487
f 5480 5485 5488
f 5480 5488 5483
f 5486 5483 5489
f 5486 5489 5490
f 5489 5483 5491
f 5491 5483 5488
f 5490 5489 5492
f 5489 5491 5493
f 5489 5493 5492
f 5491 5488 5494
f 5491 5494 5493
f 5492 5493 5495
f 5490 5492 5496
f 5490 5496 5497
f 5497 5496 5498
f 5498 5496 5499
f 5496 5492 5500
f 5496 5500 5499
f 5500 5492 5495
f 5499 5500 5501
f 5502 5495 5493
f 5495 5502 5500
f 5501 5500 5503
f 5503 5500 5502
f 5501 5503 5504
f 5504 5503 5505
f 5504 5505 5506
f 5505 5503 5507
f 5505 5507 5506
f 5507 5503 5502
f 5506 5507 5508
f 5509 5502 5493
f 5502 5509 5507
f 5509 5493 5494
f 5507 5509 5510
f 5510 5509 5494
f 5507 5510 5511
f 5507 5511 5508
f 5511 5510 5494
f 5508 5511 5512
f 5508 5512 5513
f 5511 5494 5514
f 5511 5514 5512
f 5513 5512 5515
f 5513 5515 5516
f 5515 5512 5517
f 5515 5517 5516
f 5517 5512 5518
f 5518 5512 5514
f 5516 5517 5519
f 5519 5517 5518
f 5516 5519 5520
f 5518 5514 5521
f 5521 5514 5494
f 5521 5494 5488
f 5518 5521 5522
f 5522 5521 5488
f 5518 5522 5519
f 5522 5488 5485
f 5523 5520 5519
f 5523 5519 5522
f 5523 5522 5485
f 5520 5523 5524
f 5523 5485 5487
f 5523 5487 5524
f 5524 5487 5525
f 5526 5527 5528
f 5528 5527 5529
f 5529 5527 5530
f 5526 5528 5531
f 5529 5530 5532
f 5526 5531 5533
f 5528 5529 5534
f 5528 5534 5531
f 5529 5532 5535
f 5535 5532 5536
f 5529 5535 5537
f 5529 5537 5534
f 5537 5535 5538
f 5534 5537 5539
f 5539 5537 5538
f 5535 5536 5540
f 5535 5540 5538
f 5540 5536 5541
f 5541 5536 5542
f 5541 5542 5543
f 5541 5543 5544
f 5541 5544 5545
f 5541 5545 5540
f 5545 5544 5546
f 5547 5538 5540
f 5547 5540 5545
f 5538 5547 5548
f 5548 5547 5545
f 5545 5546 5549
f 5545 5549 5548
f 5549 5546 5550
f 5549 5550 5551
f 5551 5550 5552
f 5549 5551 5553
f 5553 5551 5552
f 5549 5553 5548
f 5553 5552 5554
f 5555 5538 5548
f 5555 5548 5553
f 5538 5555 5539
f 5555 5553 5556
f 5555 5556 5539
f 5556 5553 5557
f 5556 5557 5539
f 5557 5553 5554
f 5557 5554 5558
f 5558 5554 5559
f 5539 5557 5560
f 5560 5557 5558
f 5558 5559 5561
f 5561 5559 5562
f 5558 5561 5563
f 5563 5561 5562
f 5560 5558 5564
f 5564 5558 5563
f 5539 5560 5565
f 5565 5560 5564
f 5539 5565 5534
f 5563 5562 5566
f 5563 5566 5564
f 5566 5562 5567
f 5565 5564 5568
f 5565 5568 5534
f 5568 5564 5566
f 5534 5568 5531
f 5566 5567 5569
f 5566 5569 5568
f 5568 5569 5531
f 5569 5567 5570
f 5531 5569 5533
f 5533 5569 5570
f 5533 5570 5571
f 5572 5573 5574
f 5574 5573 5575
f 5575 5573 5576
f 5574 5575 5577
f 5576 5573 5578
f 5578 5573 5579
f 5579 5573 5572
f 5578 5579 5580
f 5574 5577 4993
f 4993 5577 4996
f 5572 5574 4982
f 4982 5574 4993
f 5580 5579 5581
f 5580 5581 5582
f 5583 5579 5572
f 5579 5583 5581
f 5572 4982 4977
f 5572 4977 5583
f 5582 5581 5584
f 5582 5584 5585
f 5585 5584 5586
f 5584 5581 5587
f 5587 5581 5583
f 5586 5584 5588
f 5588 5584 5587
f 5586 5588 5589
f 5587 5583 5590
f 5590 5583 4977
f 5588 5587 5591
f 5591 5587 5590
f 5589 5588 5592
f 5592 5588 5591
f 5589 5592 5593
f 5593 5592 5594
f 5593 5594 5595
f 5592 5591 5596
f 5592 5596 5594
f 5594 5596 5595
f 5596 5591 5590
f 5595 5596 4979
f 5596 5590 4976
f 5596 4976 4979
f 4976 5590 4977
f 5597 5598 5599
f 5599 5598 5600
f 5601 5602 5603
f 5602 5601 3281
f 5604 5600 5603
f 5603 5602 5605
f 5603 5605 5604
f 5605 5602 3237
f 5602 3281 3257
f 5602 3257 3237
f 5600 5604 5606
f 5600 5606 5599
f 5604 5605 5607
f 5606 5604 5608
f 5608 5604 5609
f 5609 5604 5607
f 5606 5608 5610
f 5607 5605 5611
f 5611 5605 3237
f 5608 5609 5612
f 5608 5612 5610
f 5609 5607 5613
f 5607 5611 5614
f 5607 5614 5613
f 5611 3237 5615
f 5612 5609 5616
f 5609 5613 5617
f 5609 5617 5616
f 5617 5613 5618
f 5616 5617 5619
f 5619 5617 5620
f 5620 5617 5618
f 5616 5619 5621
f 5616 5621 5622
f 5620 5618 5623
f 5616 5622 5624
f 5616 5624 5612
f 5624 5622 5625
f 5625 5622 5626
f 5612 5624 5627
f 5623 5618 5628
f 5628 5618 4236
f 5623 5628 5629
f 5623 5629 5630
f 5628 4236 4235
f 5628 4235 5629
f 4236 5618 5631
f 4236 5631 4238
f 5631 5618 5613
f 5630 5629 5632
f 5630 5632 5633
f 5633 5632 5626
f 5626 5632 5625
f 5632 5629 5634
f 5632 5634 5625
f 5634 5629 4235
f 5631 5613 5635
f 5631 5635 5636
f 5635 5613 5614
f 5631 5636 5637
f 5635 5614 5638
f 5638 5614 5639
f 5631 5637 5640
f 5631 5640 4238
f 5640 5637 5641
f 4238 5640 4240
f 5640 5641 5642
f 5640 5642 4240
f 5642 5641 5643
f 5642 5643 4240
f 5643 5641 5644
f 5643 5644 5645
f 4240 5643 5646
f 4240 5646 4249
f 4249 5646 5647
f 5643 5645 5648
f 5643 5648 5646
f 5648 5645 5639
f 5647 5646 4256
f 5648 5639 5649
f 5649 5639 5614
f 5649 5614 5611
f 4256 5646 5650
f 5646 5648 5651
f 5651 5648 5649
f 5646 5651 5650
f 5649 5611 5652
f 5649 5652 5651
f 4256 5650 4254
f 5652 5611 5615
f 5651 5652 5653
f 5653 5652 5615
f 5653 5615 5654
f 5651 5653 5655
f 5654 5615 5656
f 5651 5655 5657
f 5651 5657 5650
f 5657 5655 5658
f 5657 5658 5659
f 5657 5659 5650
f 5659 5658 5660
f 5659 5660 5661
f 5615 3235 5656
f 5656 3235 5662
f 3235 5615 3237
f 5650 5659 5663
f 5650 5663 4254
f 4254 5663 4257
f 4257 5663 3232
f 5663 5659 5664
f 5664 5659 5661
f 5663 5664 3232
f 5664 5661 5662
f 5664 5662 3233
f 5664 3233 3232
f 3233 5662 3235
f 5665 4442 4444
f 5665 4444 5666
f 5666 4444 5667
f 5668 4444 4445
f 4444 5668 5667
f 5669 4445 4437
f 5667 5668 5670
f 5667 5670 5671
f 5668 4445 5672
f 5672 4445 5669
f 5671 5670 5459
f 5670 5668 5673
f 5673 5668 5672
f 5459 5670 5452
f 5670 5673 5674
f 5670 5674 5452
f 5674 5673 5675
f 5675 5673 5676
f 5674 5675 5677
f 5676 5673 5678
f 5678 5673 5672
f 5676 5678 5679
f 5679 5678 5680
f 5679 5680 5681
f 5674 5677 5456
f 5456 5677 5682
f 5456 5682 5683
f 5681 5680 5684
f 5674 5456 5451
f 5674 5451 5452
f 5456 5683 5457
f 5457 5683 5684
f 5684 5680 5465
f 5684 5465 5457
f 5685 5680 5678
f 5685 5678 5672
f 5680 5685 5686
f 5680 5686 5465
f 5685 5672 5687
f 5686 5685 5688
f 5688 5685 5687
f 5687 5672 5669
f 5687 5669 5689
f 5687 5689 5690
f 5687 5690 5691
f 5689 5669 5693
f 5694 5695 5692
f 5688 5687 5696
f 5693 5669 5697
f 5697 5669 4437
f 5697 4437 4432
f 5697 4432 4436
f 5693 5697 5698
f 5698 5697 4436
f 5693 5698 5699
f 5699 5698 5700
f 5700 5698 5701
f 5698 4436 5702
f 5702 4436 5703
f 5703 4436 4425
f 5703 4425 5704
f 5704 4425 5705
f 5702 5703 5706
f 5702 5706 5707
f 5702 5707 5708
f 5705 4425 4418
f 5709 5698 5702
f 5698 5709 5701
f 5709 5702 5710
f 5710 5702 5711
f 5705 4418 5712
f 5705 5712 5713
f 5713 5712 5714
f 5714 5712 5711
f 5711 5712 5710
f 5712 4418 5715
f 5715 4418 5716
f 5712 5715 5717
f 5716 4418 4410
f 5712 5717 5718
f 5716 4410 5719
f 5719 4410 5720
f 5719 5720 5721
f 5720 4410 4405
f 5721 5720 5722
f 5712 5718 5723
f 5712 5723 5710
f 5723 5718 5724
f 5725 5724 5722
f 5725 5722 5720
f 5724 5725 5723
f 5726 5720 4405
f 5720 5726 5725
f 5726 4405 4414
f 5727 5710 5723
f 5726 4414 5728
f 5728 4414 4805
f 5726 5728 5729
f 5729 5728 5730
f 5730 5728 4805
f 5729 5730 5731
f 5730 4805 5732
f 5729 5731 5733
f 5729 5733 5726
f 5733 5731 5734
f 5726 5733 5725
f 5732 4805 4804
f 5732 4804 5735
f 5733 5734 5736
f 5736 5734 5737
f 5725 5733 5738
f 5738 5733 5736
f 5736 5737 5739
f 5739 5737 5740
f 5739 5740 5741
f 5742 5741 5735
f 5741 5742 5739
f 5742 5735 4804
f 5736 5739 5743
f 5739 5742 4749
f 5739 4749 5743
f 5742 4804 4796
f 5742 4796 4749
f 4796 4804 4799
f 5736 5743 5744
f 5736 5744 5738
f 5738 5744 5745
f 5738 5745 5746
f 5745 5744 5747
f 5747 5744 5743
f 5745 5747 5748
f 5748 5747 5749
f 5738 5746 5750
f 5738 5750 5725
f 5750 5746 5751
f 5725 5750 5752
f 5752 5750 5751
f 5725 5752 5723
f 5752 5751 5753
f 5723 5752 5754
f 5754 5752 5753
f 5754 5753 5755
f 5754 5755 5756
f 5723 5754 5727
f 5727 5754 5756
f 5727 5756 5749
f 5727 5749 5757
f 5757 5749 5747
f 5727 5757 5758
f 5727 5758 5710
f 5757 5747 5759
f 5759 5747 5743
f 5758 5757 5760
f 5760 5757 5759
f 5710 5758 5761
f 5758 5760 5762
f 5758 5762 5761
f 5710 5761 5709
f 5762 5760 5763
f 5761 5762 5764
f 5763 5760 5765
f 5765 5760 5759
f 5763 5765 5766
f 5766 5765 5767
f 5709 5761 5768
f 5768 5761 5764
f 5768 5764 5769
f 5768 5769 5770
f 5709 5768 5701
f 5768 5770 5771
f 5768 5771 5701
f 5771 5770 5772
f 5771 5772 5773
f 5771 5773 5701
f 5773 5772 5767
f 5774 5767 5765
f 5767 5774 5773
f 5774 5765 5775
f 5775 5765 5759
f 5773 5774 5776
f 5776 5774 5775
f 5777 5701 5773
f 5701 5777 5700
f 5700 5777 5778
f 5778 5777 5696
f 5696 5777 5688
f 5773 5776 5779
f 5773 5779 5777
f 5779 5776 5780
f 5688 5777 5781
f 5781 5777 5779
f 5779 5780 5782
f 5779 5782 5781
f 5781 5782 5783
f 5781 5783 5784
f 5688 5781 5785
f 5785 5781 5784
f 5786 5780 5776
f 5688 5785 5787
f 5787 5785 5784
f 5688 5787 5686
f 5787 5784 5788
f 5780 5786 5789
f 5686 5787 5790
f 5790 5787 5788
f 5790 5788 5791
f 5686 5790 5465
f 5790 5791 5792
f 5789 5786 5792
f 5776 5775 5786
f 5790 5792 5479
f 5479 5792 5786
f 5465 5790 5467
f 5467 5790 5479
f 5786 5775 5793
f 5786 5793 5479
f 5793 5775 5794
f 5794 5775 5759
f 5479 5793 5476
f 5793 5794 5795
f 5793 5795 5476
f 5794 5759 5796
f 5796 5759 5743
f 5794 5796 5797
f 5794 5797 5795
f 5796 5743 5798
f 5797 5796 5799
f 5799 5796 5798
f 5797 5799 5800
f 5798 5743 4749
f 5795 5797 5801
f 5801 5797 5800
f 5795 5801 5802
f 5798 4749 4747
f 5795 5802 5803
f 5795 5803 5476
f 5802 5801 5804
f 5798 4747 5805
f 5803 5802 5806
f 5476 5803 5423
f 5423 5803 5806
f 5806 5802 5807
f 5807 5802 5804
f 5806 5807 5808
f 5798 5805 5809
f 5798 5809 5799
f 5799 5809 5810
f 5799 5810 5800
f 5810 5809 5811
f 5811 5809 5812
f 5812 5809 5805
f 5810 5811 5813
f 5811 5812 5814
f 5811 5814 5813
f 5810 5813 5815
f 5810 5815 5800
f 5813 5814 5816
f 5814 5812 5817
f 5814 5817 5816
f 5815 5813 5818
f 5818 5813 5816
f 5815 5818 5819
f 5818 5816 5820
f 5818 5820 5819
f 5821 5800 5815
f 5821 5815 5819
f 5800 5821 5822
f 5800 5822 5801
f 5801 5822 5804
f 5822 5821 5823
f 5822 5823 5804
f 5821 5819 5824
f 5821 5824 5823
f 5824 5819 5825
f 5825 5819 5826
f 5826 5819 5820
f 5827 5828 5829
f 5830 5828 5831
f 5831 5828 5827
f 5827 5829 5832
f 5832 5829 5833
f 5831 5827 5834
f 5831 5834 5835
f 5835 5834 5836
f 5836 5834 5837
f 5832 5833 5838
f 5838 5833 5839
f 5827 5832 5840
f 5827 5840 5834
f 5832 5838 5841
f 5832 5841 5840
f 5837 5834 5842
f 5837 5842 5843
f 5834 5840 5844
f 5834 5844 5842
f 5843 5842 5845
f 5843 5845 5846
f 5842 5844 5847
f 5842 5847 5845
f 5844 5840 5848
f 5848 5840 5841
f 5847 5844 5849
f 5849 5844 5848
f 5848 5841 5850
f 5848 5850 5849
f 5847 5849 5851
f 5847 5851 5845
f 5849 5850 5852
f 5849 5852 5853
f 5849 5853 5851
f 5852 5850 5854
f 5851 5853 5855
f 5851 5855 5856
f 5854 5850 5857
f 5857 5850 5858
f 5857 5858 5859
f 5851 5856 5860
f 5861 5845 5851
f 5861 5851 5860
f 5845 5861 5862
f 5862 5861 5863
f 5863 5861 5864
f 5845 5862 5865
f 5845 5865 5846
f 5865 5862 5866
f 5846 5865 5867
f 5865 5866 5868
f 5864 5861 5869
f 5869 5861 5860
f 5864 5869 5870
f 5867 5865 4234
f 4234 5865 5868
f 5867 4234 4217
f 4217 4234 4220
f 5867 4217 5871
f 4234 5868 5872
f 5872 5868 5873
f 4234 5872 4228
f 4228 5872 4235
f 5872 5873 5874
f 4235 5872 5634
f 5634 5872 5874
f 5634 5874 5870
f 5634 5870 5869
f 5634 5869 5625
f 5625 5869 5875
f 5625 5875 5624
f 5624 5875 5876
f 5876 5875 5877
f 5877 5875 5878
f 5624 5876 5627
f 5627 5876 5879
f 5627 5879 5880
f 5878 5875 5881
f 5881 5875 5869
f 5878 5881 5882
f 5881 5869 5860
f 5882 5881 5883
f 5883 5881 5860
f 5882 5883 5884
f 5627 5880 5885
f 5885 5880 5886
f 5887 5886 5884
f 5886 5887 5885
f 5884 5883 5888
f 5888 5883 5860
f 5884 5888 5887
f 5888 5860 5889
f 5888 5889 5887
f 5889 5860 5856
f 5889 5856 5890
f 5889 5890 5859
f 5889 5859 5858
f 5887 5889 5891
f 5891 5889 5858
f 5892 5885 5887
f 5892 5887 5891
f 5885 5892 5893
f 5885 5893 5627
f 5627 5893 5612
f 5612 5893 5610
f 5893 5892 5894
f 5892 5891 5895
f 5892 5895 5894
f 5895 5891 5896
f 5896 5891 5897
f 5894 5895 5898
f 5894 5898 5899
f 5897 5891 5900
f 5900 5891 5858
f 5897 5900 5901
f 5900 5858 5902
f 5900 5902 5901
f 5902 5858 5850
f 5894 5899 5903
f 5903 5899 5904
f 5894 5903 5905
f 5894 5905 5893
f 5903 5904 5906
f 5906 5904 5907
f 5903 5906 5908
f 5903 5908 5905
f 5906 5907 5909
f 5909 5907 5901
f 5909 5901 5902
f 5908 5906 5910
f 5910 5906 5909
f 5905 5908 5911
f 5912 5902 5850
f 5902 5912 5909
f 5912 5850 5841
f 5913 5893 5905
f 5893 5913 5610
f 5913 5905 5914
f 5914 5905 5911
f 5610 5913 5915
f 5915 5913 5914
f 5610 5915 5916
f 5610 5916 5606
f 5606 5916 5599
f 5916 5915 5917
f 5599 5916 5918
f 5918 5916 5917
f 5915 5914 5919
f 5915 5919 5917
f 5919 5914 5920
f 5917 5919 5921
f 5921 5919 5920
f 5599 5918 5922
f 5599 5922 5597
f 5922 5918 5923
f 5924 5918 5917
f 5918 5924 5923
f 5917 5921 5925
f 5917 5925 5924
f 5597 5922 5926
f 5597 5926 5927
f 5927 5926 5823
f 5928 5922 5923
f 5928 5923 5924
f 5922 5928 5926
f 5823 5926 5929
f 5929 5926 5928
f 5823 5929 5804
f 5928 5924 5930
f 5929 5928 5931
f 5804 5929 5932
f 5932 5929 5931
f 5804 5932 5807
f 5931 5928 5933
f 5931 5933 5932
f 5933 5928 5930
f 5934 5935 5936
f 5935 5934 5937
f 5934 5936 5938
f 5934 5938 5937
f 5936 5935 5939
f 5936 5939 5940
f 5939 5935 5941
f 5939 5941 5942
f 5939 5942 5940
f 5942 5941 5943
f 5940 5942 5944
f 5941 5935 5945
f 5945 5935 5937
f 5943 5941 5946
f 5946 5941 5945
f 5943 5946 5947
f 5945 5937 5948
f 5945 5948 5946
f 5947 5946 5949
f 5949 5946 5948
f 5947 5949 5950
f 5950 5949 5951
f 5951 5949 5952
f 5952 5949 5948
f 5952 5948 5953
f 5953 5948 5954
f 5954 5948 5937
f 5953 5954 5955
f 5955 5954 5956
f 5956 5954 5937
f 5956 5937 5938
f 5956 5938 5957
f 5956 5957 5958
f 5957 5938 5959
f 5958 5957 5960
f 5958 5960 5961
f 5957 5959 5962
f 5957 5962 5960
f 5959 5938 5963
f 5959 5963 5962
f 5963 5938 5936
f 5963 5936 5940
f 5963 5940 5962
f 5964 5961 5960
f 5964 5960 5962
f 5962 5940 5965
f 5962 5965 5964
f 5965 5940 5944
f 5965 5944 5966
f 5964 5965 5967
f 5964 5967 5961
f 5967 5965 5966
f 5961 5967 5968
f 5967 5966 5969
f 5967 5969 5968
f 5968 5969 5970
f 5971 5972 5973
f 5973 5972 5974
f 5971 5973 5975
f 5975 5973 5974
f 5972 5971 5976
f 5976 5971 5977
f 5972 5976 5978
f 5976 5977 5979
f 5976 5979 5978
f 5978 5979 5980
f 5979 5977 5981
f 5978 5980 5982
f 5972 5978 5983
f 5983 5978 5982
f 5972 5983 5974
f 5982 5980 5984
f 5983 5982 5985
f 5983 5985 5974
f 5982 5984 5986
f 5982 5986 5985
f 5986 5984 5987
f 5986 5987 5988
f 5986 5988 5989
f 5986 5989 5985
f 5985 5989 5990
f 5985 5990 5991
f 5985 5991 5974
f 5991 5990 5992
f 5991 5992 5993
f 5991 5993 5974
f 5974 5993 5975
f 5975 5993 5994
f 5994 5993 5995
f 5975 5994 5996
f 5994 5995 5997
f 5997 5995 5998
f 5996 5994 5999
f 5999 5994 5997
f 5975 5996 6000
f 6000 5996 5999
f 5975 6000 5971
f 5971 6000 5977
f 5977 6000 5999
f 5997 5998 6001
f 5997 6001 5999
f 5977 5999 6002
f 6002 5999 6001
f 5977 6002 5981
f 5981 6002 6003
f 6002 6001 6004
f 6002 6004 6003
f 6004 6001 5998
f 6003 6004 6005
f 6004 5998 6006
f 6004 6006 6005
f 6005 6006 6007
f 6008 6009 5871
f 6008 5871 6010
f 6010 5871 4217
f 6008 6010 6011
f 6010 4217 4219
f 6010 4219 6011
f 6012 5807 5932
f 6012 5932 5933
f 6013 5930 5924
f 5930 6013 5933
f 6013 5924 5925
f 5933 6013 6014
f 5933 6014 6012
f 6013 5925 6015
f 6013 6015 6014
f 6012 5808 5807
f 6015 5925 6016
f 6016 5925 5921
f 6016 5921 6017
f 6017 5921 5920
f 6016 6017 6018
f 6016 6018 6015
f 6017 5920 6019
f 6017 6019 6018
f 6019 5920 6020
f 6019 6020 6018
f 6020 5920 6021
f 6021 5920 5914
f 6018 6020 6022
f 6021 5914 5911
f 6020 6021 6023
f 6020 6023 6022
f 6018 6022 6024
f 6018 6024 6015
f 6022 6023 6025
f 6024 6022 6026
f 6026 6022 6025
f 6025 6023 6027
f 6027 6023 6021
f 6015 6024 6028
f 6024 6026 6029
f 6024 6029 6028
f 6026 6025 6030
f 6029 6026 6031
f 6031 6026 6030
f 6030 6025 6032
f 6032 6025 6027
f 6031 6030 6033
f 6030 6032 6034
f 6030 6034 6033
f 6029 6031 6035
f 6034 6032 6036
f 6031 6033 6037
f 6031 6037 6035
f 6029 6035 6038
f 6029 6038 6028
f 6038 6035 6039
f 6039 6035 6037
f 6040 5824 5825
f 5824 5927 5823
f 5927 5824 6040
f 6041 5825 5826
f 5825 6041 6040
f 6042 5826 5820
f 5826 6042 6041
f 6041 6042 6043
f 6040 6041 6044
f 6044 6041 6043
f 6045 5927 6040
f 6045 6040 6044
f 6044 6043 6046
f 6044 6046 6045
f 6043 6042 6047
f 6043 6047 6046
f 6048 6042 5820
f 6042 6048 6047
f 6048 5820 6049
f 6049 5820 5816
f 6049 5816 6050
f 6048 6049 6051
f 6050 5816 5817
f 6047 6048 6052
f 6052 6048 6051
f 6051 6049 6053
f 6053 6049 6050
f 6051 6053 6054
f 6052 6051 6055
f 6055 6051 6054
f 6054 6053 6056
f 6054 6056 6055
f 6057 6028 6038
f 6057 6038 6058
f 6058 6038 6039
f 6028 6057 6059
f 6059 6057 6058
f 6028 6059 6060
f 6028 6060 6015
f 6015 6060 6014
f 6060 6059 6061
f 6060 6061 6014
f 6061 6059 6058
f 6014 6061 6012
f 6012 6061 6062
f 6062 6061 6058
f 6012 6062 5808
f 6062 6058 6063
f 6062 6063 5808
f 6063 6058 6039
f 5808 6063 6064
f 5808 6064 5806
f 6064 6063 5418
f 5806 6064 5419
f 5419 6064 5418
f 6063 6039 4515
f 6063 4515 5418
f 5806 5419 5423
f 4515 6039 6065
f 6065 6039 6037
f 6065 6037 6066
f 4515 6065 4506
f 5418 4515 4516
f 4506 6065 6067
f 6067 6065 6066
f 4515 4506 4507
f 6067 6066 6068
f 6068 6066 6069
f 6069 6066 6070
f 6067 6068 4490
f 4490 6068 4489
f 4506 6067 4497
f 4497 6067 4490
f 6070 6066 6071
f 6071 6066 6037
f 6070 6071 4473
f 6070 4473 4480
f 6071 6037 6072
f 6071 6072 4473
f 6072 6037 6033
f 6072 6033 6073
f 6073 6033 6034
f 6072 6073 4468
f 6072 4468 4473
f 6073 6034 6074
f 6074 6034 6036
f 6073 6074 6075
f 6073 6075 4468
f 6074 6036 6076
f 6075 6074 4459
f 4459 6074 6076
f 4468 6075 4460
f 4460 6075 4459
f 4459 6076 4147
f 6076 6036 4143
f 6076 4143 4147
f 4143 6036 6077
f 6077 6036 6032
f 6077 6032 6027
f 4143 6077 4141
f 6077 6027 6078
f 6077 6078 4141
f 6078 6027 6079
f 4141 6078 6080
f 6080 6078 6079
f 6080 6079 6081
f 6081 6079 6082
f 4141 6080 4140
f 6079 6027 6083
f 6083 6027 6021
f 6082 6079 6084
f 6084 6079 6083
f 6083 6021 5911
f 6082 6084 6085
f 6082 6085 6086
f 6084 6083 6087
f 6087 6083 5911
f 6084 6087 6088
f 6084 6088 6085
f 6086 6085 4131
f 6086 4131 6089
f 6089 4131 4133
f 6089 4133 4138
f 4131 6085 4118
f 6088 6087 6090
f 6088 6090 6091
f 6088 6091 6092
f 6090 6087 6093
f 6093 6087 5911
f 6090 6093 6094
f 6094 6093 6095
f 6093 5911 6096
f 6093 6096 6095
f 6096 5911 5908
f 6096 5908 5910
f 6095 6096 6097
f 6097 6096 5910
f 6095 6097 6098
f 6098 6097 6099
f 6097 5910 6100
f 6097 6100 6099
f 6100 5910 6101
f 6099 6100 6102
f 6102 6100 6101
f 6099 6102 6103
f 6103 6102 6092
f 6101 5910 5909
f 6092 6102 6104
f 6092 6104 6088
f 6104 6102 4112
f 4112 6102 6101
f 6088 6104 4116
f 6088 4116 6085
f 6104 4112 4111
f 6104 4111 4116
f 6085 4116 4118
f 6105 6101 5909
f 6105 5909 6106
f 6101 6105 6107
f 6106 5909 6108
f 6101 6107 6109
f 6108 5909 5912
f 6108 5912 6110
f 6110 5912 6111
f 6101 6109 6112
f 6112 6109 6113
f 6112 6113 6111
f 6101 6112 4112
f 6111 5912 6114
f 6111 6114 6112
f 6114 5912 6115
f 6115 5912 5841
f 6115 5841 5838
f 4112 6112 4110
f 6112 6114 6116
f 6116 6114 6115
f 6112 6116 4110
f 6115 5838 6117
f 6117 5838 5839
f 6116 6115 6118
f 6118 6115 6117
f 6117 5839 6119
f 6117 6119 6118
f 6119 5839 6120
f 6116 6118 4121
f 6116 4121 4110
f 6119 6120 6121
f 6118 6119 6122
f 6118 6122 4121
f 6119 6121 6123
f 6119 6123 6122
f 6123 6121 6124
f 6124 6121 6125
f 6125 6121 6126
f 6125 6126 6127
f 6127 6126 6128
f 6127 6128 6129
f 6127 6129 6125
f 6129 6128 6130
f 6124 6125 6131
f 6131 6125 6129
f 6124 6131 6132
f 6132 6131 6129
f 6124 6132 6123
f 6129 6130 6133
f 6129 6133 6132
f 6133 6130 6134
f 6123 6132 6135
f 6135 6132 6133
f 6123 6135 6122
f 6122 6135 4128
f 4128 6135 6133
f 6122 4128 4121
f 6133 6134 6136
f 6133 6136 4128
f 6136 6134 6137
f 6136 6137 4128
f 6137 6134 6138
f 6137 6138 6139
f 4128 6137 4129
f 6137 6139 6140
f 6137 6140 4129
f 4121 4128 4124
f 6140 6139 6141
f 6141 6139 6142
f 6140 6141 6143
f 6141 6142 6144
f 6144 6142 6145
f 6143 6141 6146
f 6146 6141 6144
f 6140 6143 6147
f 6147 6143 6146
f 6140 6147 4134
f 6140 4134 4129
f 6144 6145 6148
f 6148 6145 6149
f 6148 6149 6150
f 6150 6149 6151
f 6148 6150 6152
f 6148 6152 6144
f 6152 6150 6153
f 6144 6152 6154
f 6144 6154 6146
f 6152 6153 6155
f 6152 6155 6154
f 6155 6153 6156
f 6155 6156 6157
f 6155 6157 6158
f 6155 6158 6154
f 6158 6157 6159
f 6158 6159 6160
f 6154 6158 6161
f 6154 6161 6146
f 6158 6160 6162
f 6158 6162 6161
f 6162 6160 6163
f 6146 6161 6164
f 6146 6164 6147
f 6161 6162 6165
f 6165 6162 6163
f 6164 6161 6166
f 6166 6161 6165
f 6147 6164 4145
f 6164 6166 6167
f 6164 6167 4145
f 6147 4145 4134
f 6165 6163 6168
f 6168 6163 6170
f 6170 6163 6171
f 6165 6168 6172
f 6165 6172 6166
f 6166 6172 6167
f 6173 6169 6174
f 6176 6172 6175
f 6176 6175 6177
f 6167 6172 6178
f 6178 6172 6176
f 6176 6177 6179
f 6176 6179 6178
f 6179 6177 6180
f 6167 6178 6181
f 6181 6178 6179
f 6167 6181 4150
f 6167 4150 4145
f 6181 6179 6182
f 6179 6180 6183
f 6179 6183 6182
f 6183 6180 6184
f 6184 6180 6185
f 6182 6183 4450
f 4450 6183 6184
f 6181 6182 4152
f 6181 4152 4150
f 6184 6185 6186
f 4152 6182 4446
f 4446 6182 4450
f 6186 6185 6187
f 4450 6184 6188
f 6188 6184 6186
f 6186 6187 6189
f 6189 6187 6190
f 6189 6190 6191
f 6189 6191 6192
f 6192 6191 6193
f 6186 6189 6194
f 6194 6189 6192
f 6188 6186 6195
f 6195 6186 6194
f 6188 6195 4451
f 6188 4451 4450
f 6053 6050 6056
f 6196 6052 6055
f 6196 6055 6056
f 6197 6047 6052
f 6197 6052 6196
f 6056 6050 6198
f 6056 6198 6196
f 6198 6050 6199
f 6199 6050 5817
f 6196 6198 6200
f 6198 6199 6201
f 6198 6201 6200
f 6196 6200 6202
f 6196 6202 6197
f 6200 6201 6203
f 6204 6047 6197
f 6047 6204 6046
f 6204 6197 6205
f 6046 6204 6206
f 6206 6204 6205
f 6205 6197 6207
f 6207 6197 6202
f 6206 6205 6208
f 6046 6206 6209
f 6205 6207 6210
f 6205 6210 6208
f 6046 6209 6045
f 6210 6207 6211
f 6211 6207 6202
f 6206 6208 6212
f 6206 6212 6209
f 6208 6210 6213
f 6213 6210 6211
f 6045 6209 5597
f 6045 5597 5927
f 6208 6213 5601
f 6208 5601 6212
f 6213 6211 5357
f 5601 6213 3281
f 3281 6213 5357
f 6212 5601 5603
f 6209 6212 5598
f 6209 5598 5597
f 5598 6212 5600
f 5600 6212 5603
f 6214 6215 6216
f 6215 6214 6217
f 6214 6216 6218
f 6218 6216 6219
f 6217 6214 6220
f 6220 6214 6218
f 6221 6217 4454
f 6221 4454 4452
f 6217 6220 4457
f 6217 4457 4454
f 6218 6219 6222
f 6222 6219 6223
s 0
f 6225 6227 6224
s 1
f 6222 6223 6228
f 6218 6222 6229
f 6229 6222 6228
f 6218 6229 6230
f 6218 6230 6220
f 6229 6228 6231
f 6229 6231 6230
f 6232 6228 6226
f 6220 6230 4463
f 6220 4463 4457
f 4463 6230 4466
f 4466 6230 6231
f 6231 6228 6233
f 6233 6228 6232
f 4466 6231 4471
f 6232 6226 6234
f 6234 6226 6235
f 6234 6235 6236
f 6232 6234 6237
f 6237 6234 6238
f 6232 6237 6239
f 6232 6239 6233
f 6237 6238 6240
f 6237 6240 6239
f 6240 6238 6241
f 6240 6241 6242
f 6243 6231 6233
f 6243 6233 6239
f 6231 6243 4471
f 6243 6239 6244
f 6240 6242 6245
f 6245 6242 6246
f 6245 6246 6247
f 6248 6239 6240
f 6248 6240 6245
f 6239 6248 6244
f 6245 6247 6249
f 6245 6249 6248
f 6249 6247 6250
f 6248 6249 6251
f 6248 6251 6244
f 6249 6250 6252
f 6249 6252 6251
f 6253 6254 6255
f 6255 6254 6256
f 6256 6254 6257
f 6255 6256 6258
f 6257 6254 6259
f 6256 6257 6260
f 6260 6257 6259
f 6259 6254 6261
f 6261 6254 6253
f 6259 6261 6262
f 6262 6261 6263
f 6259 6262 6264
f 6259 6264 6260
f 6264 6262 6265
f 6263 6261 6266
f 6266 6261 6253
f 6263 6266 6267
f 6264 6265 6268
f 6268 6265 6269
f 6264 6268 6270
f 6264 6270 6260
f 6268 6269 6271
f 6271 6269 6272
f 6271 6272 6273
f 6273 6272 6274
f 6271 6273 6275
f 6268 6271 6276
f 6276 6271 6275
f 6268 6276 6270
f 6276 6275 6277
f 6278 6260 6270
f 6260 6278 6256
f 6270 6276 6279
f 6270 6279 6278
f 6256 6278 6258
f 6278 6279 6280
f 6278 6280 6258
f 6280 6279 6281
f 6280 6281 6258
f 6279 6276 6282
f 6282 6276 6277
f 6279 6282 6281
f 6282 6277 6283
f 6282 6283 6281
f 6283 6277 6284
f 6283 6284 6281
f 6281 6284 6285
f 6281 6285 6258
f 6258 6285 6286
f 6286 6285 6287
f 6258 6286 6289
f 6258 6289 6255
f 6255 6289 6290
f 6290 6289 6286
f 6255 6290 6253
f 6253 6290 6291
f 6253 6291 6266
f 6290 6286 6292
f 6290 6292 6291
f 6292 6286 6293
f 6293 6286 6294
f 6292 6293 6295
f 6295 6293 6288
f 6292 6295 6291
f 6291 6295 6296
f 6297 6266 6291
f 6297 6291 6296
f 6266 6297 6267
f 6297 6296 6298
f 6267 6297 6299
f 6299 6297 6298
f 6299 6298 6300
f 6301 6302 6303
f 6303 6302 6304
f 6301 6303 6305
f 6302 6301 6306
f 6302 6306 6307
f 6302 6307 6308
f 6302 6308 6304
f 6307 6306 6309
f 6307 6309 6308
f 6304 6308 6310
f 6304 6310 6311
f 6310 6308 6312
f 6312 6308 6309
f 6310 6312 6313
f 6304 6311 6314
f 6304 6314 6303
f 6314 6311 6315
f 6303 6314 6316
f 6314 6315 6317
f 6314 6317 6316
f 6317 6315 6318
f 6317 6318 6319
f 6319 6318 6320
f 6317 6319 6321
f 6317 6321 6316
f 6316 6321 6322
f 6305 6303 6316
f 6316 6322 6323
f 6316 6323 6305
f 6323 6322 6324
f 6324 6322 6325
f 6323 6324 6327
f 6323 6327 6305
f 6327 6324 6328
f 6329 6327 6326
f 6305 6327 6330
f 6305 6330 6301
f 6330 6327 6331
f 6330 6331 6301
f 6331 6327 6329
f 6301 6331 6306
f 6331 6329 6332
f 6332 6329 6333
f 6306 6331 6334
f 6306 6334 6309
f 6334 6331 6335
f 6335 6331 6332
f 6332 6333 6336
f 6336 6333 6337
f 6335 6332 6338
f 6335 6338 6334
f 6332 6336 6339
f 6332 6339 6338
f 6339 6336 6337
f 6339 6337 6340
f 6339 6340 6338
f 6340 6337 6341
f 6334 6338 6342
f 6334 6342 6309
f 6342 6338 6340
f 6309 6342 6312
f 6340 6341 6343
f 6312 6342 6344
f 6344 6342 6340
f 6312 6344 6313
f 6344 6340 6343
f 6313 6344 6345
f 6345 6344 6343
f 6343 6341 6346
f 6345 6343 6347
f 6347 6343 6346
f 6347 6346 6348
f 6349 2529 2528
f 6349 2528 2530
f 6350 2477 2529
f 6350 2529 6349
f 2477 6350 6351
f 2477 6351 2449
f 2449 6351 4649
f 4649 6351 6352
f 4649 6352 4648
f 6351 6350 6353
f 6351 6353 6352
f 4648 6352 6354
f 6354 6352 6353
f 4648 6354 4646
f 6353 6350 6355
f 6355 6350 6349
f 6354 6353 6356
f 6356 6353 6355
f 4646 6354 6357
f 6357 6354 6356
f 4646 6357 4647
f 4647 6357 6358
f 6358 6357 6359
f 6359 6357 6356
f 6358 6359 6360
f 6356 6355 6361
f 6356 6361 6359
f 6360 6359 6362
f 6362 6359 6361
f 6360 6362 6363
f 6361 6355 6364
f 6364 6355 6349
f 6364 6349 2530
f 6361 6364 6365
f 6361 6365 6362
f 6364 2530 6366
f 6364 6366 6365
f 6366 2530 2521
f 6367 6363 6362
f 6367 6362 6365
f 6363 6367 6368
f 6368 6367 6369
f 6368 6369 6370
f 6370 6369 6371
f 6371 6369 2519
f 6367 6365 6372
f 6367 6372 6369
f 6372 6365 6366
f 2519 6369 6373
f 6373 6369 6372
f 2519 6373 2518
f 6372 6366 6374
f 6372 6374 6373
f 6373 6374 2518
f 6374 6366 2521
f 2518 6374 2516
f 2516 6374 2521
f 6375 2789 2775
f 2789 6375 2790
f 6375 2775 2766
f 6376 2787 2790
f 6376 2790 6375
f 2787 6376 6377
f 6377 6376 6375
f 2787 6377 6378
f 2787 6378 6379
f 6377 6375 6380
f 6377 6380 6378
f 6379 6378 6381
f 6379 6381 6382
f 6382 6381 6383
f 6383 6381 6378
f 6382 6383 6384
f 6378 6380 6385
f 6378 6385 6383
f 6384 6383 6386
f 6386 6383 6385
f 6384 6386 6387
f 6385 6380 6388
f 6385 6388 6386
f 6387 6386 6389
f 6389 6386 6388
f 6387 6389 6390
f 6390 6389 6391
f 6391 6389 6392
f 6392 6389 6388
f 6391 6392 2772
f 2772 6392 2771
f 6392 6388 6393
f 6392 6393 2771
f 6393 6388 6380
f 2771 6393 2766
f 6393 6380 6375
f 6393 6375 2766
f 6394 5359 5357
f 6394 5357 6211
f 6394 6211 6202
f 5359 6394 6395
f 5359 6395 5360
f 6394 6202 6396
f 6394 6396 6395
f 6396 6202 6200
f 6396 6200 6203
f 6395 6396 6397
f 6397 6396 6203
f 5360 6395 4756
f 4756 6395 6397
f 5360 4756 4757
f 6397 6203 6398
f 4756 6397 4745
f 4745 6397 6398
f 6398 6203 6399
f 6399 6203 6201
f 6399 6201 6400
f 6399 6400 6398
f 6400 6201 6199
f 6398 6400 4743
f 6398 4743 4745
f 6400 6199 6401
f 6400 6401 4743
f 6401 6199 5817
f 6401 5817 6402
f 6402 5817 5812
f 6402 5812 5805
f 6401 6402 6403
f 6401 6403 4743
f 6402 5805 6404
f 6402 6404 6403
f 6404 5805 4746
f 4746 5805 4747
f 6403 6404 4750
f 4750 6404 4746
f 4743 6403 4744
f 4744 6403 4750
f 6405 6406 6407
f 6407 6406 6408
f 6408 6406 6409
f 6405 6407 6410
f 6405 6410 6411
f 6405 6411 6412
f 6410 6407 6413
f 6413 6407 6408
f 6411 6410 6414
f 6414 6410 6413
f 6411 6414 6415
f 6416 6408 6409
f 6416 6409 6417
f 6416 6417 6418
f 6413 6408 6419
f 6419 6408 6416
f 6415 6414 6420
f 6415 6420 6421
f 6422 6414 6413
f 6414 6422 6420
f 6413 6419 6423
f 6413 6423 6422
f 6420 6422 6424
f 6424 6422 6423
f 6421 6420 6425
f 6425 6420 6424
f 6421 6425 6426
f 6426 6425 6427
f 6427 6425 6424
f 6424 6423 6428
f 6424 6428 6429
f 6429 6428 6423
f 6424 6429 6427
f 6430 6423 6419
f 6423 6430 6429
f 6430 6419 6431
f 6431 6419 6416
f 6430 6431 6432
f 6432 6431 6416
f 6429 6430 6433
f 6433 6430 6432
f 6429 6433 6434
f 6432 6416 6435
f 6435 6416 6418
f 6435 6418 6436
f 6435 6436 6437
f 6435 6437 6432
f 6437 6436 6438
f 6433 6432 6439
f 6439 6432 6437
f 6437 6438 6440
f 6437 6440 6439
f 6440 6438 6441
f 6440 6441 6442
f 6440 6442 6443
f 6440 6443 6444
f 6440 6444 6439
f 6444 6443 6445
f 6446 6433 6439
f 6446 6439 6444
f 6433 6446 6434
f 6444 6445 6447
f 6444 6447 6446
f 6434 6446 6448
f 6448 6446 6447
f 6434 6448 6429
f 6429 6448 6427
f 6448 6447 6449
f 6448 6449 6427
f 6449 6447 6445
f 6427 6449 6450
f 6450 6449 6445
f 6451 6452 6453
f 6452 6451 6454
f 6452 6454 6455
f 6451 6453 6456
f 6456 6453 6457
f 6457 6453 6458
f 6451 6456 6459
f 6451 6459 6454
f 6456 6457 6460
f 6456 6460 6459
f 6460 6457 6461
f 6462 6455 6454
f 6455 6462 6463
f 6463 6462 6464
f 6454 6459 6465
f 6454 6465 6462
f 6464 6462 6466
f 6464 6466 6467
f 6462 6465 6468
f 6467 6466 6469
f 6466 6462 6470
f 6470 6462 6468
f 6466 6470 6469
f 6467 6469 6471
f 6468 6465 6472
f 6468 6472 6470
f 6472 6465 6473
f 6473 6465 6459
f 6471 6469 6474
f 6471 6474 6475
f 6475 6474 6476
f 6476 6474 6477
f 6474 6469 6478
f 6478 6469 6470
f 6477 6474 6479
f 6479 6474 6478
f 6477 6479 6480
f 6478 6470 6481
f 6481 6470 6472
f 6479 6478 6482
f 6482 6478 6481
f 6480 6479 6483
f 6483 6479 6482
f 6480 6483 6484
f 6480 6484 6485
f 6485 6484 6486
f 6484 6483 6487
f 6487 6483 6482
f 6484 6487 6486
f 6488 6482 6481
f 6482 6488 6487
f 6488 6481 6489
f 6488 6489 6487
f 6489 6481 6472
f 6487 6489 6486
f 6489 6472 6473
f 6489 6473 6490
f 6489 6490 6491
f 6491 6490 6473
f 6489 6491 6486
f 6491 6473 6492
f 6492 6473 6459
f 6492 6459 6460
f 6492 6460 6493
f 6492 6493 6491
f 6493 6460 6461
f 6493 6461 6494
f 6491 6493 6495
f 6491 6495 6486
f 6495 6493 6494
f 6486 6495 6496
f 6496 6495 6494
f 6497 6192 6193
f 6497 6193 6498
f 6497 6498 6499
f 6192 6497 6500
f 6192 6500 6194
f 6497 6499 6501
f 6497 6501 6500
f 6501 6499 6502
f 6194 6500 6503
f 6194 6503 6195
f 6500 6501 6504
f 6500 6504 6503
f 6501 6502 6505
f 6501 6505 6504
f 6505 6502 6506
f 6505 6506 6507
f 6505 6507 6508
f 6505 6508 6504
f 6508 6507 6509
f 6510 6503 6504
f 6510 6504 6508
f 6511 6195 6503
f 6511 6503 6510
f 6195 6511 4451
f 6508 6509 6215
f 6215 6509 6216
f 6510 6508 6512
f 6512 6508 6215
f 6511 6510 6221
f 6221 6510 6512
f 4451 6511 4452
f 4452 6511 6221
f 6512 6215 6217
f 6512 6217 6221
f 6513 2016 2020
f 2016 6513 6514
f 2016 6514 2004
f 6514 6513 6515
f 6514 6515 6516
f 6514 6516 2004
f 2004 6516 2005
f 2005 6516 6517
f 2005 6517 6518
f 2005 6518 6519
f 6519 6518 6517
f 2005 6519 2001
f 2001 6519 2007
f 6519 6517 6520
f 6519 6520 2007
f 6521 6517 6516
f 6521 6516 6522
f 6521 6522 6523
f 6517 6521 6524
f 6517 6524 6520
f 6524 6521 6523
f 2007 6520 6525
f 6525 6520 6524
f 2007 6525 2011
f 2011 6525 6526
f 6526 6525 6527
f 6527 6525 6524
f 6527 6524 6523
f 6527 6523 6528
f 6527 6528 6529
f 6529 6528 6530
f 6531 6532 6533
f 6531 6533 6534
f 6531 6534 6535
f 6532 6531 6536
f 6536 6531 6535
f 6535 6534 6537
f 6537 6534 6533
f 6533 6532 6538
f 6538 6532 6539
f 6533 6538 6540
f 6539 6532 6541
f 6541 6532 6536
f 6539 6541 6542
f 6542 6541 6543
f 6543 6541 6536
f 6542 6543 6544
f 6544 6543 6545
f 6545 6543 6546
f 6546 6543 6547
f 6547 6543 6536
f 6546 6547 6548
f 6548 6547 6536
f 6548 6536 6535
f 6549 6533 6540
f 6533 6549 6537
f 6550 6535 6537
f 6550 6537 6549
f 6535 6550 6551
f 6549 6540 6552
f 6549 6552 6550
f 6552 6540 6553
f 6551 6550 6554
f 6554 6550 6552
f 6551 6554 6555
f 6552 6553 6556
f 6552 6556 6554
f 6554 6556 6555
f 6556 6553 6557
f 6556 6557 6555
f 6555 6557 6558
f 6559 6560 6561
f 6559 6561 6562
f 6562 6561 6563
f 6561 6560 6564
f 6561 6564 6563
f 6562 6563 6565
f 6562 6565 6559
f 6563 6564 6566
f 6566 6564 6567
f 6566 6567 6568
f 6568 6567 6569
f 6569 6567 6564
f 6568 6569 6570
f 6570 6569 6571
f 6571 6569 6572
f 6569 6564 6573
f 6569 6573 6572
f 6573 6564 6560
f 6572 6573 6574
f 6574 6573 6560
f 6574 6560 6575
f 6575 6560 6559
f 6575 6559 6576
f 6576 6559 6577
f 6577 6559 6565
f 6576 6577 6578
f 6577 6565 6579
f 6577 6579 6578
f 6579 6565 6563
f 6576 6578 6580
f 6579 6563 6581
f 6579 6581 6582
f 6579 6582 6578
f 6582 6581 6583
f 6580 6578 6584
f 6584 6578 6582
f 6584 6582 6583
f 6580 6584 6585
f 6585 6584 6583
f 6585 6583 6586
f 6587 6252 6250
f 6587 6250 6588
f 6252 6587 6589
f 6252 6589 6251
f 6251 6589 6590
f 6251 6590 6591
f 6251 6591 6244
f 6591 6590 6592
f 6244 6591 6593
f 6591 6592 6594
f 6591 6594 6593
f 6244 6593 6595
f 6595 6593 6594
f 6244 6595 6243
f 6243 6595 4471
f 6594 6592 6596
f 6596 6592 6597
f 6596 6597 6598
f 6595 6594 4475
f 6595 4475 4471
f 6594 6596 4477
f 6594 4477 4475
f 6596 6598 6599
f 6599 6598 6600
f 6596 6599 4542
f 4542 6599 6600
f 6596 4542 4477
f 6600 6598 6601
f 6600 6601 6602
f 6602 6601 6603
f 6602 6603 6604
f 6604 6603 6605
f 6604 6605 6606
f 6604 6606 6602
f 6606 6605 5362
f 6602 6606 6607
f 6600 6602 6608
f 6608 6602 6607
f 6607 6606 6609
f 6607 6609 6608
f 6609 6606 5362
f 6600 6608 5366
f 6600 5366 4542
f 6608 6609 5361
f 5361 6609 5362
f 6608 5361 5366
f 6610 6611 6612
f 6612 6611 6613
f 6610 6612 6614
f 6610 6614 6615
f 6610 6615 6616
f 6614 6612 6617
f 6615 6614 6618
f 6618 6614 6617
f 6612 6613 6619
f 6612 6619 6617
f 6619 6613 6620
f 6620 6613 6621
f 6617 6619 6622
f 6622 6619 6620
f 6620 6621 6623
f 6623 6621 6624
f 6622 6620 6625
f 6625 6620 6623
f 6623 6624 6626
f 6626 6624 6627
f 6623 6626 6625
f 6625 6626 6628
f 6629 6617 6622
f 6629 6622 6625
f 6625 6628 6630
f 6625 6630 6629
f 6630 6628 6631
f 6617 6629 6632
f 6617 6632 6618
f 6630 6631 6633
f 6633 6631 6634
f 6629 6630 6635
f 6635 6630 6633
f 6632 6629 6636
f 6636 6629 6635
f 6618 6632 6637
f 6637 6632 6636
f 6633 6634 166
f 166 6634 165
f 6635 6633 168
f 168 6633 166
f 6636 6635 170
f 170 6635 168
f 6637 6636 6638
f 6638 6636 170
f 6637 6638 6639
f 6637 6639 6618
f 6638 170 6640
f 6638 6640 6641
f 6638 6641 6639
f 6640 170 160
f 6641 6640 6642
f 6642 6640 160
f 6641 6642 6643
f 6641 6643 6639
f 6644 6618 6639
f 6618 6644 6615
f 6644 6639 6645
f 6615 6644 6646
f 6646 6644 6645
f 6615 6646 6616
f 6616 6646 6647
f 6647 6646 6648
f 6648 6646 6645
f 6647 6648 6649
f 6649 6648 6650
f 6650 6648 6645
f 6649 6650 6651
f 6651 6650 6652
f 6651 6652 6653
f 6652 6650 6654
f 6654 6650 6645
f 6652 6654 6655
f 6655 6654 6656
f 6654 6645 6657
f 6657 6645 6639
f 6656 6654 6658
f 6658 6654 6657
f 6657 6639 6643
f 6657 6643 6658
f 6656 6658 6659
f 6659 6658 6643
f 6656 6659 6660
f 6659 6643 6661
f 6660 6659 6662
f 6662 6659 6661
f 6661 6643 6642
f 6660 6662 6663
f 6661 6642 6664
f 6664 6642 160
f 6662 6661 6665
f 6665 6661 6664
f 6663 6662 6666
f 6666 6662 6665
f 6663 6666 6667
f 6665 6664 6668
f 6668 6664 160
f 6666 6665 6669
f 6669 6665 6668
f 6667 6666 6670
f 6670 6666 6669
f 6667 6670 6671
f 6671 6670 6672
f 6671 6672 6673
f 6670 6669 6674
f 6670 6674 6672
f 6669 6668 155
f 6669 155 6674
f 155 6668 156
f 156 6668 160
f 6674 155 152
f 6675 6673 6672
f 6673 6675 6676
f 6677 6672 6674
f 6672 6677 6675
f 6677 6674 152
f 6676 6675 6678
f 6676 6678 6679
f 6675 6677 6680
f 6675 6680 6678
f 6679 6678 72
f 6679 72 71
f 6678 6680 75
f 6678 75 72
f 6680 6677 140
f 140 6677 152
f 75 6680 77
f 77 6680 140
f 6681 6682 6683
f 6683 6682 6684
f 6684 6682 6685
f 6681 6683 6686
f 6681 6686 6687
f 6683 6684 6688
f 6684 6685 6689
f 6689 6685 6690
f 6689 6690 6691
f 6691 6690 6692
f 6684 6689 6693
f 6693 6689 6691
f 6684 6693 6688
f 6693 6691 6694
f 6693 6694 6695
f 6693 6695 6696
f 6693 6696 6688
f 6696 6695 6697
f 6696 6697 6688
f 6697 6695 6698
f 6699 6683 6688
f 6683 6699 6686
f 6688 6697 6700
f 6688 6700 6699
f 6686 6699 6701
f 6701 6699 6700
f 6700 6697 6702
f 6702 6697 6698
f 6700 6702 6701
f 6701 6702 6703
f 6702 6698 6704
f 6702 6704 6703
f 6704 6698 6705
f 6701 6703 6706
f 6706 6703 6704
f 6707 6686 6701
f 6707 6701 6706
f 6686 6707 6687
f 6706 6704 6708
f 6706 6708 6707
f 6709 6704 6705
f 6687 6707 6710
f 6710 6707 6708
f 6687 6710 6711
f 6709 6705 6712
f 6709 6712 6704
f 6704 6712 6708
f 6712 6705 6713
f 6710 6708 6714
f 6710 6714 6711
f 6714 6708 6712
f 6714 6712 6713
f 6711 6714 6715
f 6714 6713 6716
f 6714 6716 6715
f 6715 6716 6717
f 6718 6719 6720
f 6719 6718 6721
f 6719 6721 6722
f 6718 6720 6723
f 6723 6720 6724
f 6721 6718 6725
f 6718 6723 6726
f 6718 6726 6725
f 6722 6721 6727
f 6722 6727 6728
f 6728 6727 6729
f 6728 6729 6730
f 6727 6721 6731
f 6727 6731 6729
f 6731 6721 6725
f 6729 6731 6732
f 6732 6731 6733
f 6731 6725 6734
f 6731 6734 6733
f 6733 6734 6735
f 6735 6734 6725
f 6733 6735 6736
f 6735 6725 6737
f 6737 6725 6726
f 6736 6735 6738
f 6738 6735 6737
f 6737 6726 6739
f 6737 6739 6738
f 6739 6726 6723
f 6738 6739 6740
f 6736 6738 6741
f 6741 6738 6740
f 6736 6741 6742
f 6740 6739 6743
f 6740 6743 6741
f 6739 6723 6744
f 6739 6744 6743
f 6744 6723 6724
f 6742 6741 6745
f 6742 6745 6746
f 6746 6745 6741
f 6742 6746 6747
f 6748 6741 6743
f 6741 6748 6746
f 6748 6743 6744
f 6747 6746 6749
f 6749 6746 6748
f 6747 6749 6750
f 6748 6744 6751
f 6748 6751 6749
f 6751 6744 6724
f 6751 6724 6752
f 6751 6752 6749
f 6749 6752 6753
f 6749 6753 6750
f 6750 6753 6754
f 6755 6756 6757
f 6756 6755 652
f 6755 6757 6758
f 652 6755 649
f 6755 6758 645
f 6755 645 649
f 6758 6757 6759
f 6759 6757 6760
f 6758 6759 643
f 6758 643 645
f 6759 6760 6761
f 6761 6760 6762
f 6759 6761 6763
f 6759 6763 643
f 6761 6762 6764
f 6764 6762 6765
f 6763 6761 6766
f 6766 6761 6764
f 643 6763 640
f 640 6763 6766
f 6764 6765 6767
f 6764 6767 6766
f 6767 6765 6768
f 6767 6768 6769
f 6769 6768 6770
f 6767 6769 6771
f 6767 6771 6766
f 6771 6769 6772
f 6771 6772 6773
f 6766 6771 6774
f 6766 6774 640
f 6771 6773 6775
f 6771 6775 6774
f 6775 6773 6776
f 6774 6775 6777
f 6777 6775 6776
f 6774 6777 640
f 6776 6773 6778
f 6776 6778 6779
f 6779 6778 6780
f 6777 6776 6781
f 6781 6776 6779
f 640 6777 639
f 6777 6781 6782
f 6777 6782 639
f 6779 6780 6783
f 6783 6780 6784
f 6781 6779 6785
f 6785 6779 6783
f 6782 6781 6786
f 6786 6781 6785
f 639 6782 634
f 6782 6786 623
f 6782 623 634
f 6786 6785 6787
f 6786 6787 623
f 6785 6783 6788
f 6785 6788 6787
f 6789 6783 6784
f 6783 6789 6788
f 6789 6784 6790
f 6789 6790 6791
f 6791 6790 6792
f 6788 6789 6793
f 6793 6789 6791
f 6794 6787 6788
f 6794 6788 6793
f 6787 6794 620
f 6787 620 623
f 6791 6792 6795
f 6795 6792 6796
f 6793 6791 6797
f 6797 6791 6795
f 6794 6793 6798
f 6798 6793 6797
f 619 620 6794
f 619 6794 6798
f 6795 6796 6799
f 6799 6796 6800
f 6797 6795 6801
f 6801 6795 6799
f 6798 6797 536
f 536 6797 6801
f 619 6798 6802
f 6799 6800 544
f 544 6800 547
f 6801 6799 542
f 542 6799 544
f 6802 6798 535
f 535 6798 536
f 619 6802 539
f 539 6802 535
f 6801 542 537
f 6801 537 536
f 6803 27 33
f 6804 32 31
f 32 6804 33
f 6803 33 6805
f 6805 33 6804
f 6803 6805 6806
f 6806 6805 6807
f 6806 6807 6808
f 6808 6807 6809
f 6807 6805 6810
f 6810 6805 6804
f 6809 6807 6811
f 6809 6811 6812
f 6807 6810 6813
f 6807 6813 6811
f 6810 6804 6814
f 6814 6804 31
f 6812 6811 6815
f 6815 6811 6813
f 6812 6815 6816
f 6812 6816 6817
f 6816 6815 6818
f 6818 6815 6813
f 6816 6818 6819
f 6814 31 6820
f 6820 31 30
f 6819 6818 6821
f 6819 6821 6822
f 6818 6813 6823
f 6818 6823 6821
f 6822 6821 6824
f 6822 6824 6825
f 6825 6824 6826
f 6825 6826 6827
f 6826 6824 6828
f 6826 6828 6829
f 6824 6821 6830
f 6830 6821 6823
f 6824 6830 6828
f 6829 6828 6831
f 6830 6823 6832
f 6830 6832 6828
f 6831 6828 6833
f 6833 6828 6832
f 6831 6833 6834
f 6832 6823 6835
f 6834 6833 6836
f 6833 6832 6837
f 6833 6837 6836
f 6837 6832 6835
f 6834 6836 6838
f 6836 6837 6839
f 6838 6836 6840
f 6840 6836 6839
f 6838 6840 6841
f 6838 6841 6842
f 6842 6841 6843
f 6842 6843 6844
f 6843 6841 6845
f 6841 6840 6846
f 6841 6846 6845
f 6846 6840 6839
f 6845 6846 6847
f 6845 6847 6848
f 6848 6847 6849
f 6847 6846 6850
f 6850 6846 6839
f 6849 6847 6851
f 6851 6847 6850
f 6849 6851 6852
f 6852 6851 6853
f 6853 6851 6854
f 6854 6851 6855
f 6855 6851 6850
f 6854 6855 6856
f 6856 6855 6857
f 6856 6857 6858
f 6855 6850 6859
f 6855 6859 6857
f 6858 6857 6860
f 6858 6860 6861
f 6857 6859 6862
f 6857 6862 6860
f 6859 6850 6863
f 6863 6850 6839
f 6862 6859 6864
f 6864 6859 6863
f 6860 6862 6865
f 6865 6862 6864
f 6863 6839 6866
f 6866 6839 6837
f 6863 6866 6867
f 6863 6867 6864
f 6866 6837 6835
f 6866 6835 6868
f 6866 6868 6867
f 6868 6835 6869
f 6864 6867 6870
f 6869 6835 6871
f 6871 6835 6823
f 6871 6823 6813
f 6871 6813 6810
f 6871 6810 6814
f 6871 6814 6869
f 6869 6814 6820
f 6869 6820 6872
f 6869 6872 6868
f 6872 6820 6873
f 6873 6820 30
f 6868 6872 6874
f 6868 6874 6867
f 6873 30 6875
f 6875 30 25
f 6875 25 17
f 6872 6873 6876
f 6872 6876 6874
f 6873 6875 6877
f 6873 6877 6876
f 6875 17 6878
f 6878 17 15
f 6877 6875 6879
f 6879 6875 6878
f 6878 15 6880
f 6878 6880 6879
f 6880 15 173
f 6880 173 172
f 6880 172 6881
f 6880 6881 6879
f 6881 172 176
f 6882 6877 6879
f 6882 6879 6881
f 6881 176 6883
f 6881 6883 6882
f 6883 176 180
f 6877 6882 6884
f 6877 6884 6876
f 6882 6883 6885
f 6882 6885 6884
f 6883 180 6886
f 6883 6886 6885
f 6876 6884 6887
f 6876 6887 6874
f 6884 6885 6888
f 6884 6888 6887
f 6874 6887 6889
f 6874 6889 6867
f 6867 6889 6870
f 6889 6887 6890
f 6890 6887 6888
f 6870 6889 6891
f 6891 6889 6890
f 6870 6891 6892
f 6870 6892 6864
f 6891 6890 6893
f 6893 6890 6888
f 6892 6891 6894
f 6894 6891 6893
f 6864 6892 6895
f 6864 6895 6865
f 6893 6888 6896
f 6896 6888 6885
f 6896 6885 6897
f 6897 6885 6886
f 6893 6896 6898
f 6896 6897 6899
f 6896 6899 6898
f 6897 6886 6900
f 6897 6900 6899
f 6900 6886 6901
f 6901 6886 180
f 6893 6898 6902
f 6893 6902 6894
f 6898 6899 6903
f 6902 6898 6904
f 6904 6898 6903
f 6903 6899 6905
f 6905 6899 6900
f 6904 6903 6906
f 6906 6903 6907
f 6907 6903 6905
f 6904 6906 6908
f 6907 6905 6909
f 6905 6900 6910
f 6905 6910 6909
f 6910 6900 6901
f 6909 6910 6911
f 6911 6910 6912
f 6912 6910 6901
f 6911 6912 6913
f 6912 6901 6914
f 6914 6901 180
f 6914 180 177
f 6913 6912 6915
f 6915 6912 6914
f 6913 6915 6916
f 6915 6914 6917
f 6917 6914 6918
f 6915 6917 6919
f 6915 6919 6916
f 6916 6919 6920
f 6921 6892 6894
f 6892 6921 6922
f 6892 6922 6895
f 6921 6894 6923
f 6923 6894 6902
f 6922 6921 6924
f 6924 6921 6923
f 6923 6902 6925
f 6925 6902 6904
f 6925 6904 6908
f 6923 6925 6926
f 6926 6925 6908
f 6923 6926 6924
f 6926 6908 6927
f 6928 6922 6924
f 6928 6924 6926
f 6926 6927 6929
f 6926 6929 6928
f 6929 6927 6930
f 6922 6928 6931
f 6922 6931 6895
f 6928 6929 6932
f 6929 6930 6933
f 6929 6933 6932
f 6933 6930 6934
f 6933 6934 6935
f 6935 6934 6936
f 6933 6935 6937
f 6933 6937 6932
f 6928 6932 6938
f 6938 6932 6937
f 6928 6938 6931
f 6938 6937 6939
f 6938 6939 6940
f 6931 6938 6941
f 6931 6941 6895
f 6895 6941 6865
f 6938 6940 6942
f 6938 6942 6941
f 6942 6940 6943
f 6865 6941 6944
f 6944 6941 6942
f 6865 6944 6860
f 6944 6942 6945
f 6944 6945 6860
f 6945 6942 6943
f 6860 6945 6861
f 6861 6945 6943
f 6861 6943 6946
f 6947 1620 1618
f 1620 6947 1621
f 6948 1618 1619
f 1618 6948 6947
f 6948 1619 6949
f 6949 1619 6950
f 6947 6948 6951
f 6951 6948 6949
f 1621 6947 6952
f 6952 6947 6951
f 1621 6952 1609
f 6949 6950 6953
f 6953 6950 6954
f 6951 6949 6955
f 6955 6949 6953
f 6952 6951 6956
f 6956 6951 6955
f 1609 6952 6957
f 6957 6952 6956
f 1609 6957 6958
f 1609 6958 1593
f 1593 6958 6959
f 1593 6959 1589
f 6958 6957 6960
f 6958 6960 6959
f 6957 6956 6961
f 6957 6961 6960
f 1589 6959 6962
f 1589 6962 1568
f 1568 6962 1565
f 1565 6962 1564
f 6962 6959 6963
f 6962 6963 1564
f 6964 6959 6960
f 6959 6964 6963
f 6965 6960 6961
f 6960 6965 6964
f 6965 6961 6966
f 6966 6961 6956
f 6964 6965 6967
f 6963 6964 6968
f 6968 6964 6967
f 6963 6968 6969
f 6963 6969 1564
f 6966 6956 6970
f 6970 6956 6955
f 6971 6965 6966
f 6965 6971 6967
f 6966 6970 6972
f 6966 6972 6971
f 6970 6955 6973
f 6973 6955 6953
f 6970 6973 6974
f 6970 6974 6972
f 6973 6953 6975
f 6975 6953 6954
f 6975 6954 6976
f 6973 6975 6977
f 6973 6977 6974
f 6975 6976 6978
f 6975 6978 6977
f 6978 6976 6979
f 6974 6977 6980
f 6974 6980 6972
f 6977 6978 6981
f 6977 6981 6980
f 6978 6979 6982
f 6978 6982 6981
f 6982 6979 6983
f 6980 6981 1631
f 6972 6980 6984
f 6984 6980 1631
f 1631 6981 1634
f 1634 6981 6982
f 6984 1631 1627
f 6982 6983 6985
f 6982 6985 1634
f 6985 6983 6986
f 1634 6985 6987
f 1634 6987 6988
f 6987 6985 6989
f 6989 6985 6986
f 6989 6986 6990
f 6991 6984 1627
f 6991 1627 1623
f 6984 6991 6992
f 6984 6992 6972
f 6972 6992 6971
f 6991 1623 6993
f 6993 1623 1622
f 6993 1622 57
f 6991 6993 6994
f 6991 6994 6992
f 6993 57 6995
f 6993 6995 6994
f 6995 57 58
f 6995 58 69
f 6995 69 6994
f 6992 6994 6996
f 6992 6996 6971
f 6996 6994 69
f 6971 6996 6967
f 6996 69 6997
f 6996 6997 6967
f 6997 69 68
f 6967 6997 6968
f 6997 68 6998
f 6997 6998 6968
f 6998 68 70
f 6968 6998 6969
f 6998 70 1544
f 6998 1544 6969
f 6969 1544 6999
f 6999 1544 1540
f 6969 6999 1564
f 6999 1540 1543
f 1564 6999 1550
f 1550 6999 1543